assessment_id,employee_id,competency_id,instrument_id,instrument_version,raw_score,max_score,taken_at,proctored,duration_minutes
ASM-0000051,E-0001,communication,INST-communication,v1,33,100,2025-01-18T00:00:00.000Z,true,87
ASM-0000053,E-0001,execution,INST-execution,v1,77,100,2025-03-01T00:00:00.000Z,true,89
ASM-0000055,E-0001,collaboration,INST-collaboration,v1,30,100,2025-02-20T00:00:00.000Z,true,50
ASM-0000057,E-0001,problem_solving,INST-problem_solving,v1,43,100,2025-03-12T00:00:00.000Z,true,88
ASM-0000059,E-0001,system_design,INST-system_design,v1,33,100,2025-01-15T00:00:00.000Z,false,42
ASM-0000088,E-0001,communication,INST-communication,v1,35,100,2025-07-18T00:00:00.000Z,true,75
ASM-0000090,E-0001,execution,INST-execution,v1,57,100,2025-08-05T00:00:00.000Z,true,63
ASM-0000092,E-0001,collaboration,INST-collaboration,v1,25,100,2025-07-20T00:00:00.000Z,false,42
ASM-0000094,E-0001,problem_solving,INST-problem_solving,v1,33,100,2025-08-20T00:00:00.000Z,true,79
ASM-0000096,E-0001,system_design,INST-system_design,v1,23,100,2025-07-25T00:00:00.000Z,true,84
ASM-0000130,E-0001,communication,INST-communication,v2,64,100,2026-03-28T00:00:00.000Z,true,50
ASM-0000132,E-0001,execution,INST-execution,v2,48,100,2026-03-23T00:00:00.000Z,true,89
ASM-0000134,E-0001,collaboration,INST-collaboration,v2,31,100,2026-03-20T00:00:00.000Z,false,27
ASM-0000136,E-0001,problem_solving,INST-problem_solving,v2,39,100,2026-03-12T00:00:00.000Z,true,76
ASM-0000166,E-0001,communication,INST-communication,v2,73,100,2026-07-16T00:00:00.000Z,true,78
ASM-0000168,E-0001,execution,INST-execution,v2,44,100,2026-08-06T00:00:00.000Z,false,27
ASM-0000170,E-0001,collaboration,INST-collaboration,v2,16,100,2026-09-14T00:00:00.000Z,true,37
ASM-0000172,E-0001,problem_solving,INST-problem_solving,v2,26,100,2026-07-31T00:00:00.000Z,false,59
ASM-0000174,E-0001,system_design,INST-system_design,v2,56,100,2026-09-05T00:00:00.000Z,false,71
ASM-0000229,E-0002,communication,INST-communication,v1,35,100,2025-02-03T00:00:00.000Z,true,22
ASM-0000231,E-0002,execution,INST-execution,v1,17,100,2025-02-05T00:00:00.000Z,true,73
ASM-0000233,E-0002,collaboration,INST-collaboration,v1,41,100,2025-03-17T00:00:00.000Z,true,65
ASM-0000235,E-0002,problem_solving,INST-problem_solving,v1,54,100,2025-03-06T00:00:00.000Z,false,27
ASM-0000237,E-0002,negotiation,INST-negotiation,v1,76,100,2025-03-13T00:00:00.000Z,true,73
ASM-0000261,E-0002,communication,INST-communication,v1,20,100,2025-08-11T00:00:00.000Z,true,82
ASM-0000263,E-0002,collaboration,INST-collaboration,v1,43,100,2025-07-30T00:00:00.000Z,true,34
ASM-0000265,E-0002,problem_solving,INST-problem_solving,v1,61,100,2025-08-04T00:00:00.000Z,true,57
ASM-0000267,E-0002,negotiation,INST-negotiation,v1,73,100,2025-09-18T00:00:00.000Z,true,37
ASM-0000296,E-0002,communication,INST-communication,v2,44,100,2026-03-20T00:00:00.000Z,true,36
ASM-0000298,E-0002,execution,INST-execution,v2,44,100,2026-03-05T00:00:00.000Z,true,32
ASM-0000300,E-0002,collaboration,INST-collaboration,v2,30,100,2026-01-17T00:00:00.000Z,false,54
ASM-0000302,E-0002,problem_solving,INST-problem_solving,v2,33,100,2026-03-25T00:00:00.000Z,true,44
ASM-0000322,E-0002,execution,INST-execution,v2,52,100,2026-09-06T00:00:00.000Z,true,79
ASM-0000324,E-0002,collaboration,INST-collaboration,v2,29,100,2026-09-01T00:00:00.000Z,true,21
ASM-0000326,E-0002,problem_solving,INST-problem_solving,v2,7,100,2026-07-11T00:00:00.000Z,true,32
ASM-0000328,E-0002,negotiation,INST-negotiation,v2,36,100,2026-07-17T00:00:00.000Z,true,47
ASM-0000368,E-0003,communication,INST-communication,v1,67,100,2025-02-19T00:00:00.000Z,true,59
ASM-0000370,E-0003,execution,INST-execution,v1,63,100,2025-03-03T00:00:00.000Z,true,33
ASM-0000372,E-0003,collaboration,INST-collaboration,v1,22,100,2025-02-21T00:00:00.000Z,false,22
ASM-0000374,E-0003,problem_solving,INST-problem_solving,v1,29,100,2025-03-20T00:00:00.000Z,true,23
ASM-0000376,E-0003,campaign_strategy,INST-campaign_strategy,v1,60,100,2025-03-07T00:00:00.000Z,true,66
ASM-0000378,E-0003,content_quality,INST-content_quality,v1,30,100,2025-03-31T00:00:00.000Z,false,20
ASM-0000415,E-0003,communication,INST-communication,v1,55,100,2025-07-13T00:00:00.000Z,true,40
ASM-0000417,E-0003,problem_solving,INST-problem_solving,v1,34,100,2025-08-12T00:00:00.000Z,true,24
ASM-0000419,E-0003,content_quality,INST-content_quality,v1,44,100,2025-08-08T00:00:00.000Z,true,45
ASM-0000451,E-0003,communication,INST-communication,v2,68,100,2026-02-27T00:00:00.000Z,false,61
ASM-0000453,E-0003,execution,INST-execution,v2,61,100,2026-02-24T00:00:00.000Z,true,46
ASM-0000455,E-0003,problem_solving,INST-problem_solving,v2,52,100,2026-02-07T00:00:00.000Z,true,52
ASM-0000457,E-0003,campaign_strategy,INST-campaign_strategy,v2,43,100,2026-02-03T00:00:00.000Z,true,69
ASM-0000459,E-0003,content_quality,INST-content_quality,v2,75,100,2026-02-19T00:00:00.000Z,false,67
ASM-0000483,E-0003,communication,INST-communication,v2,74,100,2026-09-23T00:00:00.000Z,true,56
ASM-0000485,E-0003,problem_solving,INST-problem_solving,v2,62,100,2026-07-16T00:00:00.000Z,true,70
ASM-0000487,E-0003,content_quality,INST-content_quality,v2,82,100,2026-09-16T00:00:00.000Z,true,27
ASM-0000531,E-0004,communication,INST-communication,v1,83,100,2025-03-16T00:00:00.000Z,false,78
ASM-0000533,E-0004,execution,INST-execution,v1,83,100,2025-02-04T00:00:00.000Z,true,56
ASM-0000535,E-0004,collaboration,INST-collaboration,v1,78,100,2025-02-10T00:00:00.000Z,true,61
ASM-0000537,E-0004,roadmap_prioritization,INST-roadmap_prioritization,v1,28,100,2025-02-25T00:00:00.000Z,true,73
ASM-0000539,E-0004,stakeholder_alignment,INST-stakeholder_alignment,v1,40,100,2025-02-07T00:00:00.000Z,true,81
ASM-0000568,E-0004,execution,INST-execution,v1,84,100,2025-09-24T00:00:00.000Z,true,81
ASM-0000570,E-0004,problem_solving,INST-problem_solving,v1,38,100,2025-09-30T00:00:00.000Z,true,84
ASM-0000572,E-0004,roadmap_prioritization,INST-roadmap_prioritization,v1,30,100,2025-08-06T00:00:00.000Z,true,57
ASM-0000574,E-0004,stakeholder_alignment,INST-stakeholder_alignment,v1,59,100,2025-07-23T00:00:00.000Z,true,83
ASM-0000595,E-0004,communication,INST-communication,v2,51,100,2026-01-24T00:00:00.000Z,true,61
ASM-0000597,E-0004,execution,INST-execution,v2,70,100,2026-03-01T00:00:00.000Z,true,85
ASM-0000599,E-0004,collaboration,INST-collaboration,v2,47,100,2026-03-15T00:00:00.000Z,true,21
ASM-0000601,E-0004,problem_solving,INST-problem_solving,v2,19,100,2026-01-10T00:00:00.000Z,true,82
ASM-0000603,E-0004,roadmap_prioritization,INST-roadmap_prioritization,v2,4,100,2026-02-28T00:00:00.000Z,false,83
ASM-0000605,E-0004,stakeholder_alignment,INST-stakeholder_alignment,v2,68,100,2026-02-01T00:00:00.000Z,false,58
ASM-0000645,E-0004,communication,INST-communication,v2,49,100,2026-07-04T00:00:00.000Z,true,48
ASM-0000647,E-0004,execution,INST-execution,v2,54,100,2026-09-13T00:00:00.000Z,true,89
ASM-0000649,E-0004,collaboration,INST-collaboration,v2,34,100,2026-08-18T00:00:00.000Z,true,41
ASM-0000651,E-0004,problem_solving,INST-problem_solving,v2,31,100,2026-08-15T00:00:00.000Z,true,74
ASM-0000653,E-0004,roadmap_prioritization,INST-roadmap_prioritization,v2,20,100,2026-08-29T00:00:00.000Z,true,33
ASM-0000655,E-0004,stakeholder_alignment,INST-stakeholder_alignment,v2,69,100,2026-07-22T00:00:00.000Z,false,86
ASM-0000691,E-0005,communication,INST-communication,v1,29,100,2025-01-29T00:00:00.000Z,true,35
ASM-0000693,E-0005,execution,INST-execution,v1,33,100,2025-01-04T00:00:00.000Z,false,60
ASM-0000695,E-0005,collaboration,INST-collaboration,v1,28,100,2025-02-13T00:00:00.000Z,true,75
ASM-0000697,E-0005,problem_solving,INST-problem_solving,v1,36,100,2025-03-10T00:00:00.000Z,true,29
ASM-0000723,E-0005,collaboration,INST-collaboration,v1,43,100,2025-08-29T00:00:00.000Z,false,48
ASM-0000725,E-0005,problem_solving,INST-problem_solving,v1,43,100,2025-09-19T00:00:00.000Z,true,56
ASM-0000727,E-0005,visual_craft,INST-visual_craft,v1,63,100,2025-07-12T00:00:00.000Z,true,42
ASM-0000729,E-0005,ux_research,INST-ux_research,v1,11,100,2025-09-14T00:00:00.000Z,true,61
ASM-0000741,E-0005,communication,INST-communication,v2,44,100,2026-01-26T00:00:00.000Z,false,63
ASM-0000743,E-0005,collaboration,INST-collaboration,v2,45,100,2026-01-16T00:00:00.000Z,false,36
ASM-0000745,E-0005,problem_solving,INST-problem_solving,v2,38,100,2026-02-05T00:00:00.000Z,true,59
ASM-0000747,E-0005,visual_craft,INST-visual_craft,v2,31,100,2026-01-21T00:00:00.000Z,false,83
ASM-0000749,E-0005,ux_research,INST-ux_research,v2,38,100,2026-03-09T00:00:00.000Z,true,46
ASM-0000759,E-0005,communication,INST-communication,v2,21,100,2026-09-05T00:00:00.000Z,true,70
ASM-0000761,E-0005,visual_craft,INST-visual_craft,v2,26,100,2026-09-14T00:00:00.000Z,true,55
ASM-0000763,E-0005,ux_research,INST-ux_research,v2,19,100,2026-07-20T00:00:00.000Z,true,54
ASM-0000808,E-0006,communication,INST-communication,v1,24,100,2025-01-16T00:00:00.000Z,true,36
ASM-0000810,E-0006,execution,INST-execution,v1,25,100,2025-02-05T00:00:00.000Z,false,57
ASM-0000812,E-0006,collaboration,INST-collaboration,v1,33,100,2025-01-23T00:00:00.000Z,true,83
ASM-0000814,E-0006,problem_solving,INST-problem_solving,v1,37,100,2025-02-05T00:00:00.000Z,false,29
ASM-0000816,E-0006,financial_modeling,INST-financial_modeling,v1,32,100,2025-03-19T00:00:00.000Z,true,43
ASM-0000818,E-0006,compliance_rigor,INST-compliance_rigor,v1,28,100,2025-01-27T00:00:00.000Z,true,20
ASM-0000846,E-0006,communication,INST-communication,v1,44,100,2025-08-25T00:00:00.000Z,true,42
ASM-0000848,E-0006,execution,INST-execution,v1,51,100,2025-09-23T00:00:00.000Z,true,47
ASM-0000850,E-0006,collaboration,INST-collaboration,v1,28,100,2025-07-02T00:00:00.000Z,false,89
ASM-0000852,E-0006,problem_solving,INST-problem_solving,v1,42,100,2025-09-09T00:00:00.000Z,true,33
ASM-0000854,E-0006,financial_modeling,INST-financial_modeling,v1,22,100,2025-08-04T00:00:00.000Z,false,37
ASM-0000856,E-0006,compliance_rigor,INST-compliance_rigor,v1,48,100,2025-07-04T00:00:00.000Z,false,50
ASM-0000888,E-0006,problem_solving,INST-problem_solving,v2,45,100,2026-01-10T00:00:00.000Z,true,33
ASM-0000890,E-0006,financial_modeling,INST-financial_modeling,v2,50,100,2026-02-01T00:00:00.000Z,true,82
ASM-0000892,E-0006,compliance_rigor,INST-compliance_rigor,v2,49,100,2026-01-26T00:00:00.000Z,true,21
ASM-0000914,E-0006,communication,INST-communication,v2,33,100,2026-08-06T00:00:00.000Z,true,55
ASM-0000916,E-0006,execution,INST-execution,v2,78,100,2026-07-25T00:00:00.000Z,false,75
ASM-0000918,E-0006,collaboration,INST-collaboration,v2,14,100,2026-09-02T00:00:00.000Z,false,77
ASM-0000920,E-0006,financial_modeling,INST-financial_modeling,v2,33,100,2026-08-06T00:00:00.000Z,true,36
ASM-0000922,E-0006,compliance_rigor,INST-compliance_rigor,v2,81,100,2026-07-23T00:00:00.000Z,true,88
ASM-0000962,E-0007,communication,INST-communication,v1,41,100,2025-03-11T00:00:00.000Z,false,60
ASM-0000964,E-0007,execution,INST-execution,v1,55,100,2025-01-25T00:00:00.000Z,false,59
ASM-0000966,E-0007,collaboration,INST-collaboration,v1,41,100,2025-01-29T00:00:00.000Z,true,41
ASM-0000968,E-0007,problem_solving,INST-problem_solving,v1,91,100,2025-02-17T00:00:00.000Z,true,22
ASM-0000970,E-0007,talent_assessment,INST-talent_assessment,v1,34,100,2025-02-11T00:00:00.000Z,true,74
ASM-0000972,E-0007,policy_navigation,INST-policy_navigation,v1,43,100,2025-02-01T00:00:00.000Z,true,31
ASM-0000991,E-0007,communication,INST-communication,v1,26,100,2025-08-07T00:00:00.000Z,true,22
ASM-0000993,E-0007,execution,INST-execution,v1,30,100,2025-08-30T00:00:00.000Z,true,86
ASM-0000995,E-0007,collaboration,INST-collaboration,v1,59,100,2025-09-07T00:00:00.000Z,true,30
ASM-0000997,E-0007,problem_solving,INST-problem_solving,v1,80,100,2025-07-29T00:00:00.000Z,true,68
ASM-0000999,E-0007,talent_assessment,INST-talent_assessment,v1,29,100,2025-09-02T00:00:00.000Z,true,70
ASM-0001015,E-0007,communication,INST-communication,v2,16,100,2026-03-07T00:00:00.000Z,true,50
ASM-0001017,E-0007,execution,INST-execution,v2,47,100,2026-01-10T00:00:00.000Z,true,45
ASM-0001019,E-0007,talent_assessment,INST-talent_assessment,v2,31,100,2026-03-19T00:00:00.000Z,true,74
ASM-0001059,E-0007,communication,INST-communication,v2,19,100,2026-08-18T00:00:00.000Z,true,58
ASM-0001061,E-0007,execution,INST-execution,v2,62,100,2026-07-19T00:00:00.000Z,true,51
ASM-0001063,E-0007,collaboration,INST-collaboration,v2,78,100,2026-08-07T00:00:00.000Z,true,68
ASM-0001065,E-0007,talent_assessment,INST-talent_assessment,v2,52,100,2026-09-07T00:00:00.000Z,true,76
ASM-0001091,E-0008,communication,INST-communication,v1,15,100,2025-02-09T00:00:00.000Z,true,54
ASM-0001093,E-0008,execution,INST-execution,v1,40,100,2025-02-22T00:00:00.000Z,true,50
ASM-0001095,E-0008,collaboration,INST-collaboration,v1,52,100,2025-03-28T00:00:00.000Z,true,52
ASM-0001097,E-0008,problem_solving,INST-problem_solving,v1,28,100,2025-01-03T00:00:00.000Z,true,81
ASM-0001099,E-0008,customer_resolution,INST-customer_resolution,v1,28,100,2025-03-01T00:00:00.000Z,true,79
ASM-0001101,E-0008,troubleshooting,INST-troubleshooting,v1,21,100,2025-03-21T00:00:00.000Z,false,72
ASM-0001127,E-0008,execution,INST-execution,v1,32,100,2025-08-25T00:00:00.000Z,false,78
ASM-0001129,E-0008,problem_solving,INST-problem_solving,v1,49,100,2025-09-08T00:00:00.000Z,true,57
ASM-0001131,E-0008,customer_resolution,INST-customer_resolution,v1,29,100,2025-09-13T00:00:00.000Z,false,61
ASM-0001133,E-0008,troubleshooting,INST-troubleshooting,v1,57,100,2025-09-27T00:00:00.000Z,false,37
ASM-0001158,E-0008,communication,INST-communication,v2,36,100,2026-03-16T00:00:00.000Z,true,89
ASM-0001160,E-0008,execution,INST-execution,v2,33,100,2026-03-12T00:00:00.000Z,true,28
ASM-0001162,E-0008,collaboration,INST-collaboration,v2,58,100,2026-03-09T00:00:00.000Z,true,66
ASM-0001164,E-0008,problem_solving,INST-problem_solving,v2,58,100,2026-03-13T00:00:00.000Z,true,46
ASM-0001166,E-0008,troubleshooting,INST-troubleshooting,v2,21,100,2026-01-05T00:00:00.000Z,true,67
ASM-0001190,E-0008,communication,INST-communication,v2,45,100,2026-08-26T00:00:00.000Z,false,55
ASM-0001192,E-0008,execution,INST-execution,v2,33,100,2026-07-24T00:00:00.000Z,false,29
ASM-0001194,E-0008,collaboration,INST-collaboration,v2,66,100,2026-09-20T00:00:00.000Z,false,78
ASM-0001196,E-0008,problem_solving,INST-problem_solving,v2,78,100,2026-08-28T00:00:00.000Z,true,76
ASM-0001198,E-0008,customer_resolution,INST-customer_resolution,v2,23,100,2026-07-07T00:00:00.000Z,true,26
ASM-0001200,E-0008,troubleshooting,INST-troubleshooting,v2,32,100,2026-07-02T00:00:00.000Z,true,20
ASM-0001244,E-0009,execution,INST-execution,v1,31,100,2025-03-28T00:00:00.000Z,false,86
ASM-0001246,E-0009,collaboration,INST-collaboration,v1,30,100,2025-03-10T00:00:00.000Z,false,59
ASM-0001248,E-0009,problem_solving,INST-problem_solving,v1,30,100,2025-01-07T00:00:00.000Z,false,59
ASM-0001250,E-0009,code_quality,INST-code_quality,v1,34,100,2025-01-12T00:00:00.000Z,true,69
ASM-0001272,E-0009,execution,INST-execution,v1,14,100,2025-08-17T00:00:00.000Z,true,77
ASM-0001274,E-0009,problem_solving,INST-problem_solving,v1,36,100,2025-08-08T00:00:00.000Z,true,51
ASM-0001276,E-0009,code_quality,INST-code_quality,v1,13,100,2025-09-12T00:00:00.000Z,false,30
ASM-0001300,E-0009,execution,INST-execution,v2,33,100,2026-01-29T00:00:00.000Z,false,48
ASM-0001302,E-0009,collaboration,INST-collaboration,v2,57,100,2026-03-10T00:00:00.000Z,true,65
ASM-0001304,E-0009,problem_solving,INST-problem_solving,v2,19,100,2026-02-24T00:00:00.000Z,true,40
ASM-0001306,E-0009,code_quality,INST-code_quality,v2,41,100,2026-03-12T00:00:00.000Z,true,37
ASM-0001327,E-0009,execution,INST-execution,v2,33,100,2026-09-09T00:00:00.000Z,true,70
ASM-0001329,E-0009,collaboration,INST-collaboration,v2,70,100,2026-09-06T00:00:00.000Z,true,68
ASM-0001331,E-0009,problem_solving,INST-problem_solving,v2,30,100,2026-09-15T00:00:00.000Z,true,28
ASM-0001333,E-0009,system_design,INST-system_design,v2,17,100,2026-07-11T00:00:00.000Z,true,85
ASM-0001372,E-0010,communication,INST-communication,v1,39,100,2025-03-09T00:00:00.000Z,true,80
ASM-0001374,E-0010,execution,INST-execution,v1,43,100,2025-01-13T00:00:00.000Z,true,37
ASM-0001376,E-0010,collaboration,INST-collaboration,v1,44,100,2025-02-22T00:00:00.000Z,true,53
ASM-0001378,E-0010,problem_solving,INST-problem_solving,v1,12,100,2025-01-01T00:00:00.000Z,false,34
ASM-0001380,E-0010,negotiation,INST-negotiation,v1,31,100,2025-03-07T00:00:00.000Z,true,65
ASM-0001382,E-0010,pipeline_mgmt,INST-pipeline_mgmt,v1,34,100,2025-01-02T00:00:00.000Z,true,26
ASM-0001407,E-0010,communication,INST-communication,v1,49,100,2025-07-16T00:00:00.000Z,true,84
ASM-0001409,E-0010,execution,INST-execution,v1,37,100,2025-07-30T00:00:00.000Z,true,56
ASM-0001411,E-0010,collaboration,INST-collaboration,v1,52,100,2025-07-15T00:00:00.000Z,true,40
ASM-0001413,E-0010,problem_solving,INST-problem_solving,v1,19,100,2025-08-27T00:00:00.000Z,true,83
ASM-0001415,E-0010,negotiation,INST-negotiation,v1,47,100,2025-08-13T00:00:00.000Z,true,65
ASM-0001417,E-0010,pipeline_mgmt,INST-pipeline_mgmt,v1,46,100,2025-09-01T00:00:00.000Z,true,22
ASM-0001449,E-0010,communication,INST-communication,v2,69,100,2026-03-14T00:00:00.000Z,true,39
ASM-0001451,E-0010,execution,INST-execution,v2,45,100,2026-01-19T00:00:00.000Z,true,23
ASM-0001453,E-0010,collaboration,INST-collaboration,v2,48,100,2026-03-13T00:00:00.000Z,true,45
ASM-0001455,E-0010,problem_solving,INST-problem_solving,v2,38,100,2026-03-23T00:00:00.000Z,true,83
ASM-0001457,E-0010,pipeline_mgmt,INST-pipeline_mgmt,v2,34,100,2026-01-17T00:00:00.000Z,true,26
ASM-0001466,E-0010,communication,INST-communication,v2,64,100,2026-08-14T00:00:00.000Z,true,38
ASM-0001468,E-0010,execution,INST-execution,v2,42,100,2026-07-23T00:00:00.000Z,false,68
ASM-0001470,E-0010,collaboration,INST-collaboration,v2,48,100,2026-08-23T00:00:00.000Z,true,35
ASM-0001472,E-0010,problem_solving,INST-problem_solving,v2,42,100,2026-07-12T00:00:00.000Z,true,28
ASM-0001474,E-0010,pipeline_mgmt,INST-pipeline_mgmt,v2,35,100,2026-08-08T00:00:00.000Z,true,25
ASM-0001532,E-0011,communication,INST-communication,v1,26,100,2025-03-07T00:00:00.000Z,false,51
ASM-0001534,E-0011,execution,INST-execution,v1,42,100,2025-03-02T00:00:00.000Z,true,28
ASM-0001536,E-0011,collaboration,INST-collaboration,v1,37,100,2025-01-19T00:00:00.000Z,false,56
ASM-0001538,E-0011,campaign_strategy,INST-campaign_strategy,v1,19,100,2025-01-30T00:00:00.000Z,true,45
ASM-0001540,E-0011,content_quality,INST-content_quality,v1,42,100,2025-01-04T00:00:00.000Z,false,29
ASM-0001571,E-0011,communication,INST-communication,v1,56,100,2025-08-30T00:00:00.000Z,true,83
ASM-0001573,E-0011,execution,INST-execution,v1,44,100,2025-09-01T00:00:00.000Z,true,46
ASM-0001575,E-0011,collaboration,INST-collaboration,v1,42,100,2025-09-16T00:00:00.000Z,true,77
ASM-0001577,E-0011,campaign_strategy,INST-campaign_strategy,v1,20,100,2025-09-21T00:00:00.000Z,false,74
ASM-0001579,E-0011,content_quality,INST-content_quality,v1,49,100,2025-08-30T00:00:00.000Z,true,55
ASM-0001606,E-0011,communication,INST-communication,v2,73,100,2026-03-10T00:00:00.000Z,false,41
ASM-0001608,E-0011,execution,INST-execution,v2,26,100,2026-03-02T00:00:00.000Z,true,43
ASM-0001610,E-0011,problem_solving,INST-problem_solving,v2,38,100,2026-02-23T00:00:00.000Z,true,84
ASM-0001612,E-0011,campaign_strategy,INST-campaign_strategy,v2,42,100,2026-02-09T00:00:00.000Z,true,37
ASM-0001614,E-0011,content_quality,INST-content_quality,v2,61,100,2026-02-25T00:00:00.000Z,true,31
ASM-0001647,E-0011,communication,INST-communication,v2,97,100,2026-09-14T00:00:00.000Z,true,65
ASM-0001649,E-0011,execution,INST-execution,v2,40,100,2026-09-22T00:00:00.000Z,true,70
ASM-0001651,E-0011,collaboration,INST-collaboration,v2,85,100,2026-07-02T00:00:00.000Z,true,49
ASM-0001653,E-0011,problem_solving,INST-problem_solving,v2,47,100,2026-07-21T00:00:00.000Z,true,81
ASM-0001655,E-0011,campaign_strategy,INST-campaign_strategy,v2,72,100,2026-09-02T00:00:00.000Z,true,57
ASM-0001657,E-0011,content_quality,INST-content_quality,v2,68,100,2026-09-07T00:00:00.000Z,true,45
ASM-0001704,E-0012,communication,INST-communication,v1,48,100,2025-02-09T00:00:00.000Z,false,85
ASM-0001706,E-0012,execution,INST-execution,v1,73,100,2025-03-07T00:00:00.000Z,false,65
ASM-0001708,E-0012,collaboration,INST-collaboration,v1,80,100,2025-01-26T00:00:00.000Z,false,56
ASM-0001710,E-0012,roadmap_prioritization,INST-roadmap_prioritization,v1,78,100,2025-03-24T00:00:00.000Z,true,65
ASM-0001712,E-0012,stakeholder_alignment,INST-stakeholder_alignment,v1,86,100,2025-01-05T00:00:00.000Z,true,69
ASM-0001724,E-0012,communication,INST-communication,v1,77,100,2025-08-08T00:00:00.000Z,false,53
ASM-0001726,E-0012,roadmap_prioritization,INST-roadmap_prioritization,v1,82,100,2025-09-08T00:00:00.000Z,true,46
ASM-0001728,E-0012,stakeholder_alignment,INST-stakeholder_alignment,v1,78,100,2025-07-08T00:00:00.000Z,false,89
ASM-0001756,E-0012,communication,INST-communication,v2,47,100,2026-02-02T00:00:00.000Z,true,26
ASM-0001758,E-0012,execution,INST-execution,v2,81,100,2026-02-06T00:00:00.000Z,false,33
ASM-0001760,E-0012,collaboration,INST-collaboration,v2,76,100,2026-03-22T00:00:00.000Z,false,76
ASM-0001762,E-0012,roadmap_prioritization,INST-roadmap_prioritization,v2,67,100,2026-03-04T00:00:00.000Z,false,63
ASM-0001764,E-0012,stakeholder_alignment,INST-stakeholder_alignment,v2,51,100,2026-02-05T00:00:00.000Z,true,86
ASM-0001783,E-0012,execution,INST-execution,v2,78,100,2026-07-17T00:00:00.000Z,true,49
ASM-0001785,E-0012,collaboration,INST-collaboration,v2,70,100,2026-08-30T00:00:00.000Z,true,39
ASM-0001787,E-0012,roadmap_prioritization,INST-roadmap_prioritization,v2,73,100,2026-09-26T00:00:00.000Z,true,37
ASM-0001789,E-0012,stakeholder_alignment,INST-stakeholder_alignment,v2,53,100,2026-08-16T00:00:00.000Z,true,49
ASM-0001818,E-0013,communication,INST-communication,v1,40,100,2025-01-08T00:00:00.000Z,true,27
ASM-0001820,E-0013,execution,INST-execution,v1,30,100,2025-02-26T00:00:00.000Z,true,33
ASM-0001822,E-0013,collaboration,INST-collaboration,v1,77,100,2025-03-06T00:00:00.000Z,false,21
ASM-0001824,E-0013,problem_solving,INST-problem_solving,v1,85,100,2025-02-19T00:00:00.000Z,false,49
ASM-0001826,E-0013,visual_craft,INST-visual_craft,v1,50,100,2025-03-01T00:00:00.000Z,true,28
ASM-0001828,E-0013,ux_research,INST-ux_research,v1,51,100,2025-02-08T00:00:00.000Z,true,70
ASM-0001860,E-0013,communication,INST-communication,v1,29,100,2025-07-14T00:00:00.000Z,false,50
ASM-0001862,E-0013,execution,INST-execution,v1,33,100,2025-08-09T00:00:00.000Z,false,60
ASM-0001864,E-0013,collaboration,INST-collaboration,v1,53,100,2025-07-30T00:00:00.000Z,false,77
ASM-0001866,E-0013,problem_solving,INST-problem_solving,v1,56,100,2025-09-16T00:00:00.000Z,true,68
ASM-0001868,E-0013,visual_craft,INST-visual_craft,v1,50,100,2025-08-31T00:00:00.000Z,true,39
ASM-0001870,E-0013,ux_research,INST-ux_research,v1,47,100,2025-07-31T00:00:00.000Z,true,25
ASM-0001900,E-0013,communication,INST-communication,v2,44,100,2026-01-15T00:00:00.000Z,true,25
ASM-0001902,E-0013,execution,INST-execution,v2,73,100,2026-03-30T00:00:00.000Z,false,66
ASM-0001904,E-0013,collaboration,INST-collaboration,v2,68,100,2026-03-28T00:00:00.000Z,true,26
ASM-0001906,E-0013,ux_research,INST-ux_research,v2,42,100,2026-01-15T00:00:00.000Z,true,47
ASM-0001921,E-0013,communication,INST-communication,v2,21,100,2026-08-16T00:00:00.000Z,true,25
ASM-0001923,E-0013,execution,INST-execution,v2,81,100,2026-07-29T00:00:00.000Z,false,37
ASM-0001925,E-0013,collaboration,INST-collaboration,v2,63,100,2026-09-26T00:00:00.000Z,false,20
ASM-0001927,E-0013,visual_craft,INST-visual_craft,v2,60,100,2026-09-28T00:00:00.000Z,false,21
ASM-0001929,E-0013,ux_research,INST-ux_research,v2,33,100,2026-09-22T00:00:00.000Z,true,75
ASM-0001962,E-0014,communication,INST-communication,v1,42,100,2025-02-08T00:00:00.000Z,false,71
ASM-0001964,E-0014,execution,INST-execution,v1,32,100,2025-03-02T00:00:00.000Z,false,24
ASM-0001966,E-0014,collaboration,INST-collaboration,v1,30,100,2025-02-02T00:00:00.000Z,false,88
ASM-0001968,E-0014,problem_solving,INST-problem_solving,v1,39,100,2025-03-07T00:00:00.000Z,true,82
ASM-0001970,E-0014,financial_modeling,INST-financial_modeling,v1,58,100,2025-02-10T00:00:00.000Z,false,24
ASM-0001998,E-0014,collaboration,INST-collaboration,v1,36,100,2025-08-20T00:00:00.000Z,true,25
ASM-0002017,E-0014,communication,INST-communication,v2,56,100,2026-01-20T00:00:00.000Z,true,71
ASM-0002019,E-0014,execution,INST-execution,v2,60,100,2026-01-04T00:00:00.000Z,true,62
ASM-0002021,E-0014,collaboration,INST-collaboration,v2,37,100,2026-01-31T00:00:00.000Z,true,61
ASM-0002023,E-0014,problem_solving,INST-problem_solving,v2,70,100,2026-01-20T00:00:00.000Z,true,89
ASM-0002038,E-0014,communication,INST-communication,v2,78,100,2026-07-30T00:00:00.000Z,true,56
ASM-0002040,E-0014,collaboration,INST-collaboration,v2,31,100,2026-08-02T00:00:00.000Z,true,64
ASM-0002042,E-0014,problem_solving,INST-problem_solving,v2,91,100,2026-08-21T00:00:00.000Z,true,44
ASM-0002084,E-0015,communication,INST-communication,v1,32,100,2025-03-19T00:00:00.000Z,true,66
ASM-0002086,E-0015,execution,INST-execution,v1,22,100,2025-02-04T00:00:00.000Z,true,56
ASM-0002088,E-0015,collaboration,INST-collaboration,v1,32,100,2025-01-12T00:00:00.000Z,true,60
ASM-0002090,E-0015,problem_solving,INST-problem_solving,v1,38,100,2025-01-05T00:00:00.000Z,true,27
ASM-0002092,E-0015,talent_assessment,INST-talent_assessment,v1,79,100,2025-01-22T00:00:00.000Z,true,31
ASM-0002094,E-0015,policy_navigation,INST-policy_navigation,v1,45,100,2025-01-19T00:00:00.000Z,false,86
ASM-0002120,E-0015,communication,INST-communication,v1,27,100,2025-09-22T00:00:00.000Z,true,83
ASM-0002122,E-0015,problem_solving,INST-problem_solving,v1,38,100,2025-09-22T00:00:00.000Z,false,61
ASM-0002124,E-0015,policy_navigation,INST-policy_navigation,v1,59,100,2025-08-06T00:00:00.000Z,false,80
ASM-0002161,E-0015,communication,INST-communication,v2,30,100,2026-01-16T00:00:00.000Z,true,84
ASM-0002163,E-0015,execution,INST-execution,v2,60,100,2026-03-15T00:00:00.000Z,true,29
ASM-0002165,E-0015,collaboration,INST-collaboration,v2,19,100,2026-03-20T00:00:00.000Z,false,57
ASM-0002167,E-0015,problem_solving,INST-problem_solving,v2,66,100,2026-01-25T00:00:00.000Z,false,79
ASM-0002169,E-0015,talent_assessment,INST-talent_assessment,v2,39,100,2026-01-15T00:00:00.000Z,true,80
ASM-0002171,E-0015,policy_navigation,INST-policy_navigation,v2,60,100,2026-03-08T00:00:00.000Z,false,27
ASM-0002198,E-0015,communication,INST-communication,v2,40,100,2026-09-15T00:00:00.000Z,false,27
ASM-0002200,E-0015,execution,INST-execution,v2,77,100,2026-09-13T00:00:00.000Z,true,30
ASM-0002202,E-0015,collaboration,INST-collaboration,v2,35,100,2026-08-09T00:00:00.000Z,false,82
ASM-0002204,E-0015,problem_solving,INST-problem_solving,v2,68,100,2026-07-12T00:00:00.000Z,false,74
ASM-0002206,E-0015,talent_assessment,INST-talent_assessment,v2,47,100,2026-08-16T00:00:00.000Z,true,46
ASM-0002208,E-0015,policy_navigation,INST-policy_navigation,v2,100,100,2026-08-20T00:00:00.000Z,true,47
ASM-0002248,E-0016,communication,INST-communication,v1,27,100,2025-03-23T00:00:00.000Z,true,79
ASM-0002250,E-0016,collaboration,INST-collaboration,v1,26,100,2025-03-12T00:00:00.000Z,true,88
ASM-0002252,E-0016,problem_solving,INST-problem_solving,v1,19,100,2025-03-23T00:00:00.000Z,true,62
ASM-0002254,E-0016,customer_resolution,INST-customer_resolution,v1,42,100,2025-02-21T00:00:00.000Z,true,22
ASM-0002256,E-0016,troubleshooting,INST-troubleshooting,v1,25,100,2025-02-04T00:00:00.000Z,false,74
ASM-0002287,E-0016,communication,INST-communication,v1,32,100,2025-08-04T00:00:00.000Z,true,38
ASM-0002289,E-0016,execution,INST-execution,v1,47,100,2025-09-09T00:00:00.000Z,false,57
ASM-0002291,E-0016,collaboration,INST-collaboration,v1,33,100,2025-08-17T00:00:00.000Z,false,45
ASM-0002293,E-0016,problem_solving,INST-problem_solving,v1,10,100,2025-07-06T00:00:00.000Z,false,47
ASM-0002295,E-0016,customer_resolution,INST-customer_resolution,v1,48,100,2025-09-14T00:00:00.000Z,true,84
ASM-0002297,E-0016,troubleshooting,INST-troubleshooting,v1,32,100,2025-08-09T00:00:00.000Z,true,55
ASM-0002325,E-0016,communication,INST-communication,v2,24,100,2026-01-01T00:00:00.000Z,true,54
ASM-0002327,E-0016,execution,INST-execution,v2,46,100,2026-01-28T00:00:00.000Z,true,87
ASM-0002329,E-0016,collaboration,INST-collaboration,v2,17,100,2026-01-06T00:00:00.000Z,true,30
ASM-0002331,E-0016,problem_solving,INST-problem_solving,v2,33,100,2026-03-21T00:00:00.000Z,false,40
ASM-0002333,E-0016,customer_resolution,INST-customer_resolution,v2,45,100,2026-02-10T00:00:00.000Z,true,58
ASM-0002335,E-0016,troubleshooting,INST-troubleshooting,v2,31,100,2026-01-09T00:00:00.000Z,false,84
ASM-0002367,E-0017,execution,INST-execution,v1,50,100,2025-03-27T00:00:00.000Z,false,63
ASM-0002369,E-0017,problem_solving,INST-problem_solving,v1,25,100,2025-01-12T00:00:00.000Z,true,80
ASM-0002371,E-0017,system_design,INST-system_design,v1,32,100,2025-03-17T00:00:00.000Z,true,71
ASM-0002373,E-0017,code_quality,INST-code_quality,v1,81,100,2025-03-14T00:00:00.000Z,false,89
ASM-0002397,E-0017,communication,INST-communication,v1,29,100,2025-07-28T00:00:00.000Z,true,64
ASM-0002399,E-0017,problem_solving,INST-problem_solving,v1,27,100,2025-07-31T00:00:00.000Z,false,28
ASM-0002401,E-0017,system_design,INST-system_design,v1,49,100,2025-09-18T00:00:00.000Z,true,53
ASM-0002403,E-0017,code_quality,INST-code_quality,v1,38,100,2025-08-26T00:00:00.000Z,true,23
ASM-0002416,E-0017,communication,INST-communication,v2,30,100,2026-02-03T00:00:00.000Z,true,50
ASM-0002418,E-0017,collaboration,INST-collaboration,v2,56,100,2026-01-12T00:00:00.000Z,false,34
ASM-0002420,E-0017,problem_solving,INST-problem_solving,v2,18,100,2026-01-26T00:00:00.000Z,true,46
ASM-0002422,E-0017,system_design,INST-system_design,v2,54,100,2026-03-16T00:00:00.000Z,true,39
ASM-0002424,E-0017,code_quality,INST-code_quality,v2,32,100,2026-02-06T00:00:00.000Z,false,26
ASM-0002459,E-0017,communication,INST-communication,v2,32,100,2026-09-08T00:00:00.000Z,true,54
ASM-0002461,E-0017,collaboration,INST-collaboration,v2,55,100,2026-07-07T00:00:00.000Z,true,37
ASM-0002463,E-0017,problem_solving,INST-problem_solving,v2,2,100,2026-09-25T00:00:00.000Z,true,35
ASM-0002465,E-0017,system_design,INST-system_design,v2,81,100,2026-09-04T00:00:00.000Z,true,52
ASM-0002467,E-0017,code_quality,INST-code_quality,v2,29,100,2026-07-08T00:00:00.000Z,true,36
ASM-0002507,E-0018,communication,INST-communication,v1,35,100,2025-01-30T00:00:00.000Z,false,45
ASM-0002509,E-0018,execution,INST-execution,v1,52,100,2025-02-07T00:00:00.000Z,true,43
ASM-0002511,E-0018,collaboration,INST-collaboration,v1,65,100,2025-01-07T00:00:00.000Z,false,82
ASM-0002513,E-0018,problem_solving,INST-problem_solving,v1,17,100,2025-01-15T00:00:00.000Z,true,25
ASM-0002515,E-0018,negotiation,INST-negotiation,v1,31,100,2025-01-14T00:00:00.000Z,false,84
ASM-0002517,E-0018,pipeline_mgmt,INST-pipeline_mgmt,v1,31,100,2025-03-22T00:00:00.000Z,true,82
ASM-0002539,E-0018,communication,INST-communication,v1,47,100,2025-07-03T00:00:00.000Z,true,29
ASM-0002541,E-0018,execution,INST-execution,v1,47,100,2025-07-08T00:00:00.000Z,true,43
ASM-0002543,E-0018,negotiation,INST-negotiation,v1,25,100,2025-07-27T00:00:00.000Z,false,41
ASM-0002545,E-0018,pipeline_mgmt,INST-pipeline_mgmt,v1,27,100,2025-09-27T00:00:00.000Z,false,36
ASM-0002568,E-0018,communication,INST-communication,v2,56,100,2026-01-18T00:00:00.000Z,true,84
ASM-0002570,E-0018,execution,INST-execution,v2,52,100,2026-02-05T00:00:00.000Z,true,57
ASM-0002572,E-0018,negotiation,INST-negotiation,v2,48,100,2026-03-21T00:00:00.000Z,true,51
ASM-0002574,E-0018,pipeline_mgmt,INST-pipeline_mgmt,v2,45,100,2026-02-04T00:00:00.000Z,true,86
ASM-0002603,E-0018,communication,INST-communication,v2,74,100,2026-09-06T00:00:00.000Z,false,52
ASM-0002605,E-0018,problem_solving,INST-problem_solving,v2,71,100,2026-08-04T00:00:00.000Z,true,69
ASM-0002607,E-0018,pipeline_mgmt,INST-pipeline_mgmt,v2,81,100,2026-08-26T00:00:00.000Z,true,73
ASM-0002633,E-0019,communication,INST-communication,v1,64,100,2025-02-01T00:00:00.000Z,true,65
ASM-0002635,E-0019,execution,INST-execution,v1,37,100,2025-03-03T00:00:00.000Z,true,46
ASM-0002637,E-0019,collaboration,INST-collaboration,v1,40,100,2025-03-12T00:00:00.000Z,true,54
ASM-0002639,E-0019,problem_solving,INST-problem_solving,v1,28,100,2025-01-14T00:00:00.000Z,true,61
ASM-0002664,E-0019,collaboration,INST-collaboration,v1,34,100,2025-09-16T00:00:00.000Z,false,56
ASM-0002666,E-0019,campaign_strategy,INST-campaign_strategy,v1,37,100,2025-09-29T00:00:00.000Z,false,36
ASM-0002668,E-0019,content_quality,INST-content_quality,v1,48,100,2025-09-01T00:00:00.000Z,true,25
ASM-0002695,E-0019,execution,INST-execution,v2,39,100,2026-01-05T00:00:00.000Z,true,33
ASM-0002697,E-0019,collaboration,INST-collaboration,v2,29,100,2026-01-24T00:00:00.000Z,true,88
ASM-0002699,E-0019,problem_solving,INST-problem_solving,v2,18,100,2026-01-06T00:00:00.000Z,true,40
ASM-0002701,E-0019,campaign_strategy,INST-campaign_strategy,v2,45,100,2026-03-13T00:00:00.000Z,true,34
ASM-0002703,E-0019,content_quality,INST-content_quality,v2,56,100,2026-03-11T00:00:00.000Z,false,27
ASM-0002720,E-0019,problem_solving,INST-problem_solving,v2,20,100,2026-08-07T00:00:00.000Z,true,59
ASM-0002722,E-0019,campaign_strategy,INST-campaign_strategy,v2,42,100,2026-07-30T00:00:00.000Z,true,63
ASM-0002724,E-0019,content_quality,INST-content_quality,v2,55,100,2026-09-12T00:00:00.000Z,true,78
ASM-0002761,E-0020,communication,INST-communication,v1,32,100,2025-03-10T00:00:00.000Z,false,23
ASM-0002763,E-0020,collaboration,INST-collaboration,v1,36,100,2025-01-24T00:00:00.000Z,true,76
ASM-0002765,E-0020,problem_solving,INST-problem_solving,v1,31,100,2025-01-05T00:00:00.000Z,false,41
ASM-0002767,E-0020,roadmap_prioritization,INST-roadmap_prioritization,v1,30,100,2025-01-08T00:00:00.000Z,true,28
ASM-0002769,E-0020,stakeholder_alignment,INST-stakeholder_alignment,v1,41,100,2025-02-17T00:00:00.000Z,true,86
ASM-0002789,E-0020,communication,INST-communication,v1,27,100,2025-09-20T00:00:00.000Z,false,23
ASM-0002791,E-0020,execution,INST-execution,v1,30,100,2025-08-26T00:00:00.000Z,true,30
ASM-0002793,E-0020,collaboration,INST-collaboration,v1,34,100,2025-09-04T00:00:00.000Z,true,65
ASM-0002795,E-0020,problem_solving,INST-problem_solving,v1,32,100,2025-08-11T00:00:00.000Z,false,25
ASM-0002797,E-0020,roadmap_prioritization,INST-roadmap_prioritization,v1,47,100,2025-08-04T00:00:00.000Z,false,87
ASM-0002799,E-0020,stakeholder_alignment,INST-stakeholder_alignment,v1,44,100,2025-08-05T00:00:00.000Z,false,81
ASM-0002828,E-0020,communication,INST-communication,v2,23,100,2026-03-12T00:00:00.000Z,true,85
ASM-0002830,E-0020,execution,INST-execution,v2,33,100,2026-03-27T00:00:00.000Z,false,29
ASM-0002832,E-0020,collaboration,INST-collaboration,v2,66,100,2026-03-30T00:00:00.000Z,false,54
ASM-0002834,E-0020,roadmap_prioritization,INST-roadmap_prioritization,v2,64,100,2026-03-26T00:00:00.000Z,true,20
ASM-0002836,E-0020,stakeholder_alignment,INST-stakeholder_alignment,v2,26,100,2026-02-23T00:00:00.000Z,true,45
ASM-0002871,E-0020,communication,INST-communication,v2,39,100,2026-08-02T00:00:00.000Z,true,26
ASM-0002873,E-0020,execution,INST-execution,v2,46,100,2026-07-15T00:00:00.000Z,false,36
ASM-0002875,E-0020,collaboration,INST-collaboration,v2,73,100,2026-07-09T00:00:00.000Z,true,37
ASM-0002877,E-0020,problem_solving,INST-problem_solving,v2,23,100,2026-07-03T00:00:00.000Z,true,77
ASM-0002879,E-0020,roadmap_prioritization,INST-roadmap_prioritization,v2,70,100,2026-09-13T00:00:00.000Z,false,68
ASM-0002881,E-0020,stakeholder_alignment,INST-stakeholder_alignment,v2,54,100,2026-09-15T00:00:00.000Z,true,21
ASM-0002927,E-0021,communication,INST-communication,v1,29,100,2025-03-02T00:00:00.000Z,true,54
ASM-0002929,E-0021,execution,INST-execution,v1,33,100,2025-03-25T00:00:00.000Z,false,69
ASM-0002931,E-0021,collaboration,INST-collaboration,v1,32,100,2025-01-29T00:00:00.000Z,true,86
ASM-0002933,E-0021,visual_craft,INST-visual_craft,v1,28,100,2025-01-12T00:00:00.000Z,true,45
ASM-0002935,E-0021,ux_research,INST-ux_research,v1,37,100,2025-01-21T00:00:00.000Z,false,75
ASM-0002969,E-0021,collaboration,INST-collaboration,v1,21,100,2025-07-09T00:00:00.000Z,true,80
ASM-0002971,E-0021,problem_solving,INST-problem_solving,v1,65,100,2025-08-27T00:00:00.000Z,true,73
ASM-0002973,E-0021,visual_craft,INST-visual_craft,v1,30,100,2025-09-17T00:00:00.000Z,false,27
ASM-0002975,E-0021,ux_research,INST-ux_research,v1,44,100,2025-08-17T00:00:00.000Z,true,27
ASM-0003008,E-0021,communication,INST-communication,v2,44,100,2026-03-10T00:00:00.000Z,true,67
ASM-0003010,E-0021,collaboration,INST-collaboration,v2,25,100,2026-01-28T00:00:00.000Z,true,43
ASM-0003043,E-0021,communication,INST-communication,v2,38,100,2026-09-08T00:00:00.000Z,false,49
ASM-0003045,E-0021,collaboration,INST-collaboration,v2,28,100,2026-07-08T00:00:00.000Z,false,82
ASM-0003047,E-0021,visual_craft,INST-visual_craft,v2,59,100,2026-09-08T00:00:00.000Z,true,22
ASM-0003049,E-0021,ux_research,INST-ux_research,v2,27,100,2026-09-08T00:00:00.000Z,false,60
ASM-0003083,E-0022,communication,INST-communication,v1,39,100,2025-02-19T00:00:00.000Z,true,37
ASM-0003085,E-0022,collaboration,INST-collaboration,v1,37,100,2025-02-09T00:00:00.000Z,true,23
ASM-0003087,E-0022,problem_solving,INST-problem_solving,v1,34,100,2025-03-23T00:00:00.000Z,true,86
ASM-0003089,E-0022,financial_modeling,INST-financial_modeling,v1,49,100,2025-01-02T00:00:00.000Z,false,38
ASM-0003091,E-0022,compliance_rigor,INST-compliance_rigor,v1,31,100,2025-03-01T00:00:00.000Z,true,50
ASM-0003119,E-0022,communication,INST-communication,v1,46,100,2025-08-01T00:00:00.000Z,true,78
ASM-0003121,E-0022,execution,INST-execution,v1,37,100,2025-07-06T00:00:00.000Z,true,67
ASM-0003123,E-0022,collaboration,INST-collaboration,v1,27,100,2025-09-08T00:00:00.000Z,false,28
ASM-0003125,E-0022,problem_solving,INST-problem_solving,v1,57,100,2025-09-24T00:00:00.000Z,true,48
ASM-0003127,E-0022,financial_modeling,INST-financial_modeling,v1,53,100,2025-07-06T00:00:00.000Z,true,30
ASM-0003129,E-0022,compliance_rigor,INST-compliance_rigor,v1,36,100,2025-08-29T00:00:00.000Z,true,53
ASM-0003154,E-0022,problem_solving,INST-problem_solving,v2,61,100,2026-01-03T00:00:00.000Z,true,40
ASM-0003156,E-0022,financial_modeling,INST-financial_modeling,v2,67,100,2026-02-14T00:00:00.000Z,true,22
ASM-0003158,E-0022,compliance_rigor,INST-compliance_rigor,v2,62,100,2026-03-05T00:00:00.000Z,true,76
ASM-0003194,E-0022,communication,INST-communication,v2,77,100,2026-07-25T00:00:00.000Z,true,58
ASM-0003196,E-0022,problem_solving,INST-problem_solving,v2,85,100,2026-08-22T00:00:00.000Z,false,25
ASM-0003198,E-0022,financial_modeling,INST-financial_modeling,v2,76,100,2026-09-23T00:00:00.000Z,true,31
ASM-0003200,E-0022,compliance_rigor,INST-compliance_rigor,v2,77,100,2026-07-27T00:00:00.000Z,true,71
ASM-0003250,E-0023,communication,INST-communication,v1,91,100,2025-03-15T00:00:00.000Z,true,31
ASM-0003252,E-0023,execution,INST-execution,v1,34,100,2025-02-05T00:00:00.000Z,false,79
ASM-0003254,E-0023,collaboration,INST-collaboration,v1,88,100,2025-03-12T00:00:00.000Z,true,48
ASM-0003256,E-0023,problem_solving,INST-problem_solving,v1,32,100,2025-03-07T00:00:00.000Z,true,20
ASM-0003258,E-0023,talent_assessment,INST-talent_assessment,v1,23,100,2025-03-17T00:00:00.000Z,true,27
ASM-0003291,E-0023,execution,INST-execution,v1,45,100,2025-08-29T00:00:00.000Z,false,87
ASM-0003293,E-0023,collaboration,INST-collaboration,v1,70,100,2025-07-16T00:00:00.000Z,true,33
ASM-0003295,E-0023,problem_solving,INST-problem_solving,v1,34,100,2025-09-23T00:00:00.000Z,true,73
ASM-0003297,E-0023,talent_assessment,INST-talent_assessment,v1,42,100,2025-07-31T00:00:00.000Z,false,77
ASM-0003299,E-0023,policy_navigation,INST-policy_navigation,v1,20,100,2025-07-19T00:00:00.000Z,true,51
ASM-0003326,E-0023,execution,INST-execution,v2,45,100,2026-01-11T00:00:00.000Z,true,57
ASM-0003328,E-0023,collaboration,INST-collaboration,v2,46,100,2026-01-05T00:00:00.000Z,true,48
ASM-0003330,E-0023,problem_solving,INST-problem_solving,v2,37,100,2026-03-08T00:00:00.000Z,false,86
ASM-0003332,E-0023,policy_navigation,INST-policy_navigation,v2,33,100,2026-02-18T00:00:00.000Z,true,59
ASM-0003353,E-0023,execution,INST-execution,v2,63,100,2026-08-28T00:00:00.000Z,false,53
ASM-0003355,E-0023,collaboration,INST-collaboration,v2,27,100,2026-07-08T00:00:00.000Z,true,49
ASM-0003357,E-0023,problem_solving,INST-problem_solving,v2,41,100,2026-07-30T00:00:00.000Z,true,25
ASM-0003359,E-0023,talent_assessment,INST-talent_assessment,v2,55,100,2026-08-27T00:00:00.000Z,true,29
ASM-0003361,E-0023,policy_navigation,INST-policy_navigation,v2,13,100,2026-08-02T00:00:00.000Z,false,70
ASM-0003396,E-0024,communication,INST-communication,v1,27,100,2025-02-26T00:00:00.000Z,true,50
ASM-0003398,E-0024,execution,INST-execution,v1,44,100,2025-02-15T00:00:00.000Z,true,80
ASM-0003400,E-0024,problem_solving,INST-problem_solving,v1,84,100,2025-01-10T00:00:00.000Z,false,33
ASM-0003402,E-0024,customer_resolution,INST-customer_resolution,v1,38,100,2025-01-18T00:00:00.000Z,false,72
ASM-0003404,E-0024,troubleshooting,INST-troubleshooting,v1,12,100,2025-02-11T00:00:00.000Z,false,20
ASM-0003440,E-0024,execution,INST-execution,v1,16,100,2025-09-18T00:00:00.000Z,true,47
ASM-0003442,E-0024,collaboration,INST-collaboration,v1,55,100,2025-08-16T00:00:00.000Z,true,28
ASM-0003444,E-0024,problem_solving,INST-problem_solving,v1,57,100,2025-08-17T00:00:00.000Z,true,26
ASM-0003446,E-0024,customer_resolution,INST-customer_resolution,v1,14,100,2025-09-28T00:00:00.000Z,true,79
ASM-0003448,E-0024,troubleshooting,INST-troubleshooting,v1,26,100,2025-08-20T00:00:00.000Z,false,67
ASM-0003482,E-0024,communication,INST-communication,v2,84,100,2026-02-20T00:00:00.000Z,true,30
ASM-0003484,E-0024,execution,INST-execution,v2,38,100,2026-03-04T00:00:00.000Z,true,29
ASM-0003486,E-0024,collaboration,INST-collaboration,v2,39,100,2026-03-16T00:00:00.000Z,true,35
ASM-0003488,E-0024,problem_solving,INST-problem_solving,v2,64,100,2026-03-01T00:00:00.000Z,true,69
ASM-0003490,E-0024,customer_resolution,INST-customer_resolution,v2,18,100,2026-01-05T00:00:00.000Z,true,40
ASM-0003492,E-0024,troubleshooting,INST-troubleshooting,v2,47,100,2026-02-26T00:00:00.000Z,true,57
ASM-0003520,E-0024,execution,INST-execution,v2,43,100,2026-07-19T00:00:00.000Z,true,73
ASM-0003522,E-0024,collaboration,INST-collaboration,v2,29,100,2026-07-06T00:00:00.000Z,true,49
ASM-0003524,E-0024,problem_solving,INST-problem_solving,v2,41,100,2026-08-19T00:00:00.000Z,true,33
ASM-0003526,E-0024,customer_resolution,INST-customer_resolution,v2,28,100,2026-07-04T00:00:00.000Z,true,71
ASM-0003528,E-0024,troubleshooting,INST-troubleshooting,v2,56,100,2026-07-12T00:00:00.000Z,false,72
ASM-0003580,E-0025,communication,INST-communication,v1,68,100,2025-03-10T00:00:00.000Z,true,34
ASM-0003582,E-0025,execution,INST-execution,v1,14,100,2025-02-07T00:00:00.000Z,true,34
ASM-0003584,E-0025,collaboration,INST-collaboration,v1,28,100,2025-01-02T00:00:00.000Z,true,80
ASM-0003586,E-0025,problem_solving,INST-problem_solving,v1,23,100,2025-02-02T00:00:00.000Z,false,20
ASM-0003588,E-0025,system_design,INST-system_design,v1,26,100,2025-01-18T00:00:00.000Z,false,75
ASM-0003590,E-0025,code_quality,INST-code_quality,v1,33,100,2025-01-17T00:00:00.000Z,true,75
ASM-0003613,E-0025,execution,INST-execution,v1,25,100,2025-08-21T00:00:00.000Z,true,63
ASM-0003615,E-0025,problem_solving,INST-problem_solving,v1,34,100,2025-08-17T00:00:00.000Z,true,87
ASM-0003617,E-0025,system_design,INST-system_design,v1,22,100,2025-09-30T00:00:00.000Z,false,67
ASM-0003619,E-0025,code_quality,INST-code_quality,v1,46,100,2025-07-10T00:00:00.000Z,true,77
ASM-0003650,E-0025,communication,INST-communication,v2,58,100,2026-01-31T00:00:00.000Z,false,42
ASM-0003652,E-0025,execution,INST-execution,v2,34,100,2026-03-24T00:00:00.000Z,true,38
ASM-0003654,E-0025,collaboration,INST-collaboration,v2,29,100,2026-01-18T00:00:00.000Z,true,21
ASM-0003656,E-0025,problem_solving,INST-problem_solving,v2,27,100,2026-01-04T00:00:00.000Z,true,43
ASM-0003658,E-0025,system_design,INST-system_design,v2,42,100,2026-03-18T00:00:00.000Z,true,37
ASM-0003660,E-0025,code_quality,INST-code_quality,v2,33,100,2026-01-26T00:00:00.000Z,false,38
ASM-0003687,E-0025,communication,INST-communication,v2,78,100,2026-08-02T00:00:00.000Z,false,53
ASM-0003689,E-0025,execution,INST-execution,v2,22,100,2026-09-08T00:00:00.000Z,true,69
ASM-0003691,E-0025,collaboration,INST-collaboration,v2,42,100,2026-08-01T00:00:00.000Z,false,69
ASM-0003693,E-0025,problem_solving,INST-problem_solving,v2,18,100,2026-07-08T00:00:00.000Z,true,84
ASM-0003695,E-0025,system_design,INST-system_design,v2,61,100,2026-08-04T00:00:00.000Z,true,55
ASM-0003697,E-0025,code_quality,INST-code_quality,v2,52,100,2026-07-23T00:00:00.000Z,false,60
ASM-0003731,E-0026,execution,INST-execution,v1,31,100,2025-03-22T00:00:00.000Z,true,85
ASM-0003733,E-0026,collaboration,INST-collaboration,v1,25,100,2025-03-20T00:00:00.000Z,true,65
ASM-0003735,E-0026,problem_solving,INST-problem_solving,v1,39,100,2025-02-04T00:00:00.000Z,true,57
ASM-0003737,E-0026,pipeline_mgmt,INST-pipeline_mgmt,v1,21,100,2025-02-03T00:00:00.000Z,false,66
ASM-0003773,E-0026,execution,INST-execution,v1,45,100,2025-07-14T00:00:00.000Z,false,78
ASM-0003775,E-0026,collaboration,INST-collaboration,v1,49,100,2025-07-11T00:00:00.000Z,true,31
ASM-0003777,E-0026,problem_solving,INST-problem_solving,v1,51,100,2025-08-31T00:00:00.000Z,true,89
ASM-0003779,E-0026,negotiation,INST-negotiation,v1,64,100,2025-09-27T00:00:00.000Z,true,23
ASM-0003781,E-0026,pipeline_mgmt,INST-pipeline_mgmt,v1,33,100,2025-07-06T00:00:00.000Z,false,77
ASM-0003816,E-0026,problem_solving,INST-problem_solving,v2,47,100,2026-02-16T00:00:00.000Z,true,81
ASM-0003818,E-0026,negotiation,INST-negotiation,v2,61,100,2026-03-09T00:00:00.000Z,true,36
ASM-0003820,E-0026,pipeline_mgmt,INST-pipeline_mgmt,v2,35,100,2026-01-14T00:00:00.000Z,true,86
ASM-0003843,E-0026,execution,INST-execution,v2,85,100,2026-08-08T00:00:00.000Z,true,43
ASM-0003845,E-0026,problem_solving,INST-problem_solving,v2,50,100,2026-07-18T00:00:00.000Z,true,79
ASM-0003847,E-0026,pipeline_mgmt,INST-pipeline_mgmt,v2,27,100,2026-07-15T00:00:00.000Z,true,27
ASM-0003888,E-0027,communication,INST-communication,v1,29,100,2025-02-23T00:00:00.000Z,true,28
ASM-0003890,E-0027,execution,INST-execution,v1,31,100,2025-03-14T00:00:00.000Z,false,30
ASM-0003892,E-0027,collaboration,INST-collaboration,v1,36,100,2025-03-11T00:00:00.000Z,true,69
ASM-0003894,E-0027,problem_solving,INST-problem_solving,v1,39,100,2025-03-03T00:00:00.000Z,true,85
ASM-0003896,E-0027,campaign_strategy,INST-campaign_strategy,v1,37,100,2025-03-12T00:00:00.000Z,true,45
ASM-0003898,E-0027,content_quality,INST-content_quality,v1,62,100,2025-01-09T00:00:00.000Z,false,68
ASM-0003929,E-0027,communication,INST-communication,v1,42,100,2025-08-08T00:00:00.000Z,true,89
ASM-0003931,E-0027,execution,INST-execution,v1,14,100,2025-08-12T00:00:00.000Z,true,23
ASM-0003933,E-0027,collaboration,INST-collaboration,v1,22,100,2025-08-07T00:00:00.000Z,true,34
ASM-0003935,E-0027,problem_solving,INST-problem_solving,v1,57,100,2025-09-17T00:00:00.000Z,true,79
ASM-0003937,E-0027,campaign_strategy,INST-campaign_strategy,v1,32,100,2025-07-11T00:00:00.000Z,false,66
ASM-0003939,E-0027,content_quality,INST-content_quality,v1,44,100,2025-07-27T00:00:00.000Z,true,85
ASM-0003971,E-0027,execution,INST-execution,v2,42,100,2026-03-08T00:00:00.000Z,true,26
ASM-0003973,E-0027,collaboration,INST-collaboration,v2,41,100,2026-02-08T00:00:00.000Z,true,74
ASM-0003975,E-0027,problem_solving,INST-problem_solving,v2,73,100,2026-01-12T00:00:00.000Z,true,29
ASM-0003977,E-0027,campaign_strategy,INST-campaign_strategy,v2,62,100,2026-02-06T00:00:00.000Z,true,20
ASM-0003979,E-0027,content_quality,INST-content_quality,v2,60,100,2026-03-13T00:00:00.000Z,true,53
ASM-0004010,E-0027,communication,INST-communication,v2,27,100,2026-07-03T00:00:00.000Z,true,44
ASM-0004012,E-0027,execution,INST-execution,v2,71,100,2026-09-21T00:00:00.000Z,true,75
ASM-0004014,E-0027,problem_solving,INST-problem_solving,v2,80,100,2026-07-08T00:00:00.000Z,false,80
ASM-0004016,E-0027,campaign_strategy,INST-campaign_strategy,v2,64,100,2026-09-19T00:00:00.000Z,false,34
ASM-0004018,E-0027,content_quality,INST-content_quality,v2,61,100,2026-08-05T00:00:00.000Z,true,72
ASM-0004070,E-0028,collaboration,INST-collaboration,v1,53,100,2025-01-26T00:00:00.000Z,false,49
ASM-0004072,E-0028,roadmap_prioritization,INST-roadmap_prioritization,v1,37,100,2025-03-26T00:00:00.000Z,true,50
ASM-0004074,E-0028,stakeholder_alignment,INST-stakeholder_alignment,v1,35,100,2025-01-25T00:00:00.000Z,true,45
ASM-0004089,E-0028,execution,INST-execution,v1,40,100,2025-07-03T00:00:00.000Z,true,61
ASM-0004091,E-0028,collaboration,INST-collaboration,v1,34,100,2025-09-28T00:00:00.000Z,false,59
ASM-0004093,E-0028,roadmap_prioritization,INST-roadmap_prioritization,v1,42,100,2025-07-12T00:00:00.000Z,true,20
ASM-0004095,E-0028,stakeholder_alignment,INST-stakeholder_alignment,v1,34,100,2025-09-02T00:00:00.000Z,true,65
ASM-0004120,E-0028,execution,INST-execution,v2,59,100,2026-02-23T00:00:00.000Z,true,60
ASM-0004122,E-0028,collaboration,INST-collaboration,v2,36,100,2026-03-24T00:00:00.000Z,true,68
ASM-0004124,E-0028,stakeholder_alignment,INST-stakeholder_alignment,v2,38,100,2026-03-04T00:00:00.000Z,true,43
ASM-0004142,E-0028,execution,INST-execution,v2,75,100,2026-07-23T00:00:00.000Z,true,42
ASM-0004144,E-0028,collaboration,INST-collaboration,v2,21,100,2026-08-01T00:00:00.000Z,true,23
ASM-0004146,E-0028,roadmap_prioritization,INST-roadmap_prioritization,v2,34,100,2026-07-18T00:00:00.000Z,true,59
ASM-0004148,E-0028,stakeholder_alignment,INST-stakeholder_alignment,v2,46,100,2026-07-12T00:00:00.000Z,true,41
ASM-0004183,E-0029,communication,INST-communication,v1,30,100,2025-01-18T00:00:00.000Z,false,66
ASM-0004185,E-0029,execution,INST-execution,v1,19,100,2025-02-08T00:00:00.000Z,true,74
ASM-0004187,E-0029,collaboration,INST-collaboration,v1,15,100,2025-01-13T00:00:00.000Z,true,68
ASM-0004189,E-0029,problem_solving,INST-problem_solving,v1,22,100,2025-01-01T00:00:00.000Z,true,50
ASM-0004191,E-0029,visual_craft,INST-visual_craft,v1,19,100,2025-02-16T00:00:00.000Z,true,51
ASM-0004193,E-0029,ux_research,INST-ux_research,v1,46,100,2025-02-09T00:00:00.000Z,true,52
ASM-0004228,E-0029,communication,INST-communication,v1,51,100,2025-08-12T00:00:00.000Z,true,71
ASM-0004230,E-0029,execution,INST-execution,v1,32,100,2025-09-02T00:00:00.000Z,false,54
ASM-0004232,E-0029,collaboration,INST-collaboration,v1,27,100,2025-09-19T00:00:00.000Z,true,64
ASM-0004234,E-0029,problem_solving,INST-problem_solving,v1,49,100,2025-09-08T00:00:00.000Z,false,39
ASM-0004236,E-0029,visual_craft,INST-visual_craft,v1,39,100,2025-07-05T00:00:00.000Z,false,31
ASM-0004238,E-0029,ux_research,INST-ux_research,v1,36,100,2025-07-13T00:00:00.000Z,true,53
ASM-0004264,E-0029,communication,INST-communication,v2,43,100,2026-01-05T00:00:00.000Z,false,85
ASM-0004266,E-0029,execution,INST-execution,v2,37,100,2026-02-22T00:00:00.000Z,true,68
ASM-0004268,E-0029,collaboration,INST-collaboration,v2,37,100,2026-02-03T00:00:00.000Z,false,84
ASM-0004270,E-0029,problem_solving,INST-problem_solving,v2,59,100,2026-01-20T00:00:00.000Z,true,31
ASM-0004272,E-0029,visual_craft,INST-visual_craft,v2,51,100,2026-02-08T00:00:00.000Z,true,24
ASM-0004274,E-0029,ux_research,INST-ux_research,v2,28,100,2026-01-28T00:00:00.000Z,false,49
ASM-0004306,E-0029,communication,INST-communication,v2,73,100,2026-07-30T00:00:00.000Z,false,86
ASM-0004308,E-0029,execution,INST-execution,v2,20,100,2026-07-11T00:00:00.000Z,true,68
ASM-0004310,E-0029,visual_craft,INST-visual_craft,v2,59,100,2026-07-21T00:00:00.000Z,false,47
ASM-0004312,E-0029,ux_research,INST-ux_research,v2,36,100,2026-07-07T00:00:00.000Z,true,55
ASM-0004343,E-0030,communication,INST-communication,v1,78,100,2025-02-02T00:00:00.000Z,false,48
ASM-0004345,E-0030,execution,INST-execution,v1,59,100,2025-02-02T00:00:00.000Z,true,63
ASM-0004347,E-0030,collaboration,INST-collaboration,v1,29,100,2025-01-14T00:00:00.000Z,true,25
ASM-0004349,E-0030,financial_modeling,INST-financial_modeling,v1,49,100,2025-01-10T00:00:00.000Z,true,85
ASM-0004351,E-0030,compliance_rigor,INST-compliance_rigor,v1,58,100,2025-01-15T00:00:00.000Z,true,35
ASM-0004381,E-0030,communication,INST-communication,v1,75,100,2025-08-02T00:00:00.000Z,false,59
ASM-0004383,E-0030,execution,INST-execution,v1,58,100,2025-08-25T00:00:00.000Z,false,21
ASM-0004385,E-0030,collaboration,INST-collaboration,v1,35,100,2025-09-21T00:00:00.000Z,true,40
ASM-0004387,E-0030,problem_solving,INST-problem_solving,v1,57,100,2025-09-03T00:00:00.000Z,false,37
ASM-0004389,E-0030,financial_modeling,INST-financial_modeling,v1,72,100,2025-07-28T00:00:00.000Z,true,76
ASM-0004391,E-0030,compliance_rigor,INST-compliance_rigor,v1,61,100,2025-09-15T00:00:00.000Z,false,49
ASM-0004405,E-0030,communication,INST-communication,v2,68,100,2026-01-30T00:00:00.000Z,true,64
ASM-0004407,E-0030,collaboration,INST-collaboration,v2,61,100,2026-02-09T00:00:00.000Z,true,63
ASM-0004409,E-0030,compliance_rigor,INST-compliance_rigor,v2,59,100,2026-02-23T00:00:00.000Z,true,76
ASM-0004445,E-0030,execution,INST-execution,v2,63,100,2026-08-27T00:00:00.000Z,true,52
ASM-0004447,E-0030,collaboration,INST-collaboration,v2,79,100,2026-09-22T00:00:00.000Z,false,82
ASM-0004449,E-0030,problem_solving,INST-problem_solving,v2,64,100,2026-07-03T00:00:00.000Z,true,50
ASM-0004451,E-0030,financial_modeling,INST-financial_modeling,v2,59,100,2026-09-01T00:00:00.000Z,true,31
ASM-0004453,E-0030,compliance_rigor,INST-compliance_rigor,v2,65,100,2026-08-20T00:00:00.000Z,false,45
ASM-0004488,E-0031,communication,INST-communication,v1,44,100,2025-03-15T00:00:00.000Z,true,84
ASM-0004490,E-0031,execution,INST-execution,v1,19,100,2025-01-09T00:00:00.000Z,true,65
ASM-0004492,E-0031,collaboration,INST-collaboration,v1,21,100,2025-01-29T00:00:00.000Z,true,82
ASM-0004494,E-0031,problem_solving,INST-problem_solving,v1,53,100,2025-01-14T00:00:00.000Z,false,39
ASM-0004496,E-0031,talent_assessment,INST-talent_assessment,v1,32,100,2025-02-27T00:00:00.000Z,true,61
ASM-0004498,E-0031,policy_navigation,INST-policy_navigation,v1,56,100,2025-01-06T00:00:00.000Z,false,56
ASM-0004535,E-0031,communication,INST-communication,v1,57,100,2025-09-04T00:00:00.000Z,true,59
ASM-0004537,E-0031,collaboration,INST-collaboration,v1,30,100,2025-09-27T00:00:00.000Z,true,20
ASM-0004539,E-0031,talent_assessment,INST-talent_assessment,v1,31,100,2025-09-20T00:00:00.000Z,false,57
ASM-0004541,E-0031,policy_navigation,INST-policy_navigation,v1,53,100,2025-07-15T00:00:00.000Z,true,56
ASM-0004583,E-0031,execution,INST-execution,v2,43,100,2026-01-29T00:00:00.000Z,true,48
ASM-0004585,E-0031,collaboration,INST-collaboration,v2,40,100,2026-03-05T00:00:00.000Z,true,63
ASM-0004587,E-0031,problem_solving,INST-problem_solving,v2,42,100,2026-03-26T00:00:00.000Z,true,41
ASM-0004589,E-0031,policy_navigation,INST-policy_navigation,v2,74,100,2026-01-29T00:00:00.000Z,true,62
ASM-0004617,E-0031,communication,INST-communication,v2,58,100,2026-07-03T00:00:00.000Z,true,55
ASM-0004619,E-0031,execution,INST-execution,v2,24,100,2026-09-28T00:00:00.000Z,true,84
ASM-0004621,E-0031,collaboration,INST-collaboration,v2,48,100,2026-07-17T00:00:00.000Z,true,51
ASM-0004623,E-0031,problem_solving,INST-problem_solving,v2,36,100,2026-07-17T00:00:00.000Z,true,46
ASM-0004625,E-0031,talent_assessment,INST-talent_assessment,v2,68,100,2026-09-12T00:00:00.000Z,true,20
ASM-0004627,E-0031,policy_navigation,INST-policy_navigation,v2,43,100,2026-09-21T00:00:00.000Z,true,27
ASM-0004661,E-0032,communication,INST-communication,v1,51,100,2025-03-11T00:00:00.000Z,false,62
ASM-0004663,E-0032,execution,INST-execution,v1,34,100,2025-01-08T00:00:00.000Z,true,58
ASM-0004665,E-0032,collaboration,INST-collaboration,v1,45,100,2025-02-23T00:00:00.000Z,true,81
ASM-0004667,E-0032,problem_solving,INST-problem_solving,v1,60,100,2025-02-08T00:00:00.000Z,true,55
ASM-0004669,E-0032,customer_resolution,INST-customer_resolution,v1,74,100,2025-02-04T00:00:00.000Z,true,61
ASM-0004703,E-0032,execution,INST-execution,v1,36,100,2025-09-05T00:00:00.000Z,true,31
ASM-0004705,E-0032,collaboration,INST-collaboration,v1,68,100,2025-08-06T00:00:00.000Z,true,22
ASM-0004707,E-0032,problem_solving,INST-problem_solving,v1,42,100,2025-08-10T00:00:00.000Z,false,85
ASM-0004709,E-0032,customer_resolution,INST-customer_resolution,v1,59,100,2025-08-17T00:00:00.000Z,true,57
ASM-0004711,E-0032,troubleshooting,INST-troubleshooting,v1,69,100,2025-09-10T00:00:00.000Z,true,59
ASM-0004748,E-0032,execution,INST-execution,v2,45,100,2026-01-14T00:00:00.000Z,false,68
ASM-0004750,E-0032,collaboration,INST-collaboration,v2,47,100,2026-01-26T00:00:00.000Z,true,73
ASM-0004752,E-0032,customer_resolution,INST-customer_resolution,v2,44,100,2026-01-26T00:00:00.000Z,true,84
ASM-0004754,E-0032,troubleshooting,INST-troubleshooting,v2,68,100,2026-03-10T00:00:00.000Z,false,58
ASM-0004781,E-0032,execution,INST-execution,v2,48,100,2026-09-11T00:00:00.000Z,false,72
ASM-0004783,E-0032,problem_solving,INST-problem_solving,v2,52,100,2026-07-06T00:00:00.000Z,false,65
ASM-0004785,E-0032,customer_resolution,INST-customer_resolution,v2,47,100,2026-09-26T00:00:00.000Z,true,38
ASM-0004787,E-0032,troubleshooting,INST-troubleshooting,v2,71,100,2026-08-08T00:00:00.000Z,false,50
ASM-0004821,E-0033,communication,INST-communication,v1,44,100,2025-03-29T00:00:00.000Z,false,38
ASM-0004823,E-0033,execution,INST-execution,v1,31,100,2025-01-04T00:00:00.000Z,true,51
ASM-0004825,E-0033,collaboration,INST-collaboration,v1,35,100,2025-03-02T00:00:00.000Z,true,38
ASM-0004827,E-0033,problem_solving,INST-problem_solving,v1,29,100,2025-02-15T00:00:00.000Z,true,42
ASM-0004829,E-0033,system_design,INST-system_design,v1,20,100,2025-02-28T00:00:00.000Z,true,86
ASM-0004851,E-0033,communication,INST-communication,v1,38,100,2025-09-23T00:00:00.000Z,true,67
ASM-0004853,E-0033,execution,INST-execution,v1,34,100,2025-07-01T00:00:00.000Z,false,83
ASM-0004855,E-0033,collaboration,INST-collaboration,v1,28,100,2025-08-28T00:00:00.000Z,true,36
ASM-0004857,E-0033,problem_solving,INST-problem_solving,v1,37,100,2025-07-09T00:00:00.000Z,true,29
ASM-0004859,E-0033,code_quality,INST-code_quality,v1,30,100,2025-08-10T00:00:00.000Z,true,89
ASM-0004884,E-0033,communication,INST-communication,v2,40,100,2026-02-10T00:00:00.000Z,true,44
ASM-0004886,E-0033,execution,INST-execution,v2,45,100,2026-01-02T00:00:00.000Z,true,41
ASM-0004888,E-0033,collaboration,INST-collaboration,v2,51,100,2026-03-05T00:00:00.000Z,false,46
ASM-0004890,E-0033,problem_solving,INST-problem_solving,v2,33,100,2026-01-25T00:00:00.000Z,true,36
ASM-0004892,E-0033,system_design,INST-system_design,v2,35,100,2026-02-18T00:00:00.000Z,true,76
ASM-0004894,E-0033,code_quality,INST-code_quality,v2,25,100,2026-02-03T00:00:00.000Z,false,30
ASM-0004911,E-0033,communication,INST-communication,v2,50,100,2026-08-21T00:00:00.000Z,true,55
ASM-0004913,E-0033,execution,INST-execution,v2,23,100,2026-09-01T00:00:00.000Z,false,59
ASM-0004915,E-0033,collaboration,INST-collaboration,v2,25,100,2026-08-17T00:00:00.000Z,true,49
ASM-0004917,E-0033,system_design,INST-system_design,v2,59,100,2026-08-21T00:00:00.000Z,false,89
ASM-0004919,E-0033,code_quality,INST-code_quality,v2,35,100,2026-07-21T00:00:00.000Z,true,67
ASM-0004968,E-0034,communication,INST-communication,v1,32,100,2025-03-06T00:00:00.000Z,false,81
ASM-0004970,E-0034,execution,INST-execution,v1,64,100,2025-03-28T00:00:00.000Z,true,79
ASM-0004972,E-0034,problem_solving,INST-problem_solving,v1,18,100,2025-01-16T00:00:00.000Z,true,54
ASM-0004974,E-0034,pipeline_mgmt,INST-pipeline_mgmt,v1,65,100,2025-01-15T00:00:00.000Z,true,23
ASM-0004999,E-0034,execution,INST-execution,v1,59,100,2025-08-18T00:00:00.000Z,true,82
ASM-0005001,E-0034,problem_solving,INST-problem_solving,v1,28,100,2025-08-25T00:00:00.000Z,true,20
ASM-0005003,E-0034,pipeline_mgmt,INST-pipeline_mgmt,v1,38,100,2025-09-11T00:00:00.000Z,true,41
ASM-0005019,E-0034,communication,INST-communication,v2,3,100,2026-02-11T00:00:00.000Z,false,52
ASM-0005021,E-0034,execution,INST-execution,v2,29,100,2026-01-15T00:00:00.000Z,true,55
ASM-0005023,E-0034,problem_solving,INST-problem_solving,v2,23,100,2026-03-26T00:00:00.000Z,true,81
ASM-0005025,E-0034,pipeline_mgmt,INST-pipeline_mgmt,v2,39,100,2026-03-16T00:00:00.000Z,true,76
ASM-0005052,E-0034,communication,INST-communication,v2,1,100,2026-08-03T00:00:00.000Z,false,55
ASM-0005054,E-0034,execution,INST-execution,v2,25,100,2026-09-07T00:00:00.000Z,true,78
ASM-0005056,E-0034,problem_solving,INST-problem_solving,v2,19,100,2026-08-29T00:00:00.000Z,true,82
ASM-0005058,E-0034,pipeline_mgmt,INST-pipeline_mgmt,v2,25,100,2026-08-05T00:00:00.000Z,true,68
ASM-0005095,E-0035,communication,INST-communication,v1,44,100,2025-02-19T00:00:00.000Z,true,85
ASM-0005097,E-0035,execution,INST-execution,v1,11,100,2025-02-23T00:00:00.000Z,true,68
ASM-0005099,E-0035,collaboration,INST-collaboration,v1,23,100,2025-01-21T00:00:00.000Z,true,57
ASM-0005101,E-0035,problem_solving,INST-problem_solving,v1,54,100,2025-01-17T00:00:00.000Z,false,40
ASM-0005103,E-0035,campaign_strategy,INST-campaign_strategy,v1,58,100,2025-03-07T00:00:00.000Z,true,55
ASM-0005105,E-0035,content_quality,INST-content_quality,v1,82,100,2025-01-02T00:00:00.000Z,true,42
ASM-0005138,E-0035,communication,INST-communication,v1,44,100,2025-09-22T00:00:00.000Z,true,66
ASM-0005140,E-0035,execution,INST-execution,v1,25,100,2025-09-19T00:00:00.000Z,true,48
ASM-0005142,E-0035,collaboration,INST-collaboration,v1,18,100,2025-09-25T00:00:00.000Z,true,44
ASM-0005144,E-0035,problem_solving,INST-problem_solving,v1,64,100,2025-07-03T00:00:00.000Z,false,50
ASM-0005146,E-0035,campaign_strategy,INST-campaign_strategy,v1,36,100,2025-09-04T00:00:00.000Z,true,89
ASM-0005148,E-0035,content_quality,INST-content_quality,v1,69,100,2025-07-03T00:00:00.000Z,true,89
ASM-0005178,E-0035,communication,INST-communication,v2,55,100,2026-02-23T00:00:00.000Z,false,37
ASM-0005180,E-0035,execution,INST-execution,v2,39,100,2026-03-15T00:00:00.000Z,false,25
ASM-0005182,E-0035,collaboration,INST-collaboration,v2,48,100,2026-01-01T00:00:00.000Z,false,89
ASM-0005184,E-0035,problem_solving,INST-problem_solving,v2,59,100,2026-02-20T00:00:00.000Z,true,63
ASM-0005186,E-0035,campaign_strategy,INST-campaign_strategy,v2,62,100,2026-02-08T00:00:00.000Z,true,87
ASM-0005188,E-0035,content_quality,INST-content_quality,v2,66,100,2026-03-21T00:00:00.000Z,true,32
ASM-0005209,E-0035,communication,INST-communication,v2,57,100,2026-09-20T00:00:00.000Z,false,33
ASM-0005211,E-0035,execution,INST-execution,v2,55,100,2026-09-08T00:00:00.000Z,true,48
ASM-0005213,E-0035,collaboration,INST-collaboration,v2,59,100,2026-08-30T00:00:00.000Z,false,46
ASM-0005215,E-0035,campaign_strategy,INST-campaign_strategy,v2,54,100,2026-07-17T00:00:00.000Z,true,34
ASM-0005217,E-0035,content_quality,INST-content_quality,v2,42,100,2026-07-31T00:00:00.000Z,true,38
ASM-0005258,E-0036,communication,INST-communication,v1,35,100,2025-02-03T00:00:00.000Z,false,63
ASM-0005260,E-0036,execution,INST-execution,v1,28,100,2025-02-09T00:00:00.000Z,false,47
ASM-0005262,E-0036,collaboration,INST-collaboration,v1,70,100,2025-03-25T00:00:00.000Z,true,62
ASM-0005264,E-0036,roadmap_prioritization,INST-roadmap_prioritization,v1,25,100,2025-03-06T00:00:00.000Z,true,31
ASM-0005266,E-0036,stakeholder_alignment,INST-stakeholder_alignment,v1,15,100,2025-01-10T00:00:00.000Z,true,51
ASM-0005291,E-0036,communication,INST-communication,v1,61,100,2025-09-12T00:00:00.000Z,true,38
ASM-0005293,E-0036,execution,INST-execution,v1,49,100,2025-09-19T00:00:00.000Z,false,27
ASM-0005295,E-0036,collaboration,INST-collaboration,v1,64,100,2025-09-14T00:00:00.000Z,false,78
ASM-0005297,E-0036,roadmap_prioritization,INST-roadmap_prioritization,v1,40,100,2025-07-20T00:00:00.000Z,false,42
ASM-0005299,E-0036,stakeholder_alignment,INST-stakeholder_alignment,v1,45,100,2025-07-24T00:00:00.000Z,true,82
ASM-0005317,E-0036,execution,INST-execution,v2,60,100,2026-03-06T00:00:00.000Z,false,61
ASM-0005319,E-0036,collaboration,INST-collaboration,v2,66,100,2026-02-22T00:00:00.000Z,true,89
ASM-0005321,E-0036,roadmap_prioritization,INST-roadmap_prioritization,v2,48,100,2026-01-24T00:00:00.000Z,true,26
ASM-0005355,E-0036,communication,INST-communication,v2,71,100,2026-07-10T00:00:00.000Z,false,77
ASM-0005357,E-0036,execution,INST-execution,v2,70,100,2026-08-31T00:00:00.000Z,true,67
ASM-0005359,E-0036,collaboration,INST-collaboration,v2,50,100,2026-08-24T00:00:00.000Z,true,31
ASM-0005361,E-0036,roadmap_prioritization,INST-roadmap_prioritization,v2,58,100,2026-08-10T00:00:00.000Z,false,53
ASM-0005363,E-0036,stakeholder_alignment,INST-stakeholder_alignment,v2,66,100,2026-09-18T00:00:00.000Z,true,55
ASM-0005397,E-0037,communication,INST-communication,v1,27,100,2025-03-27T00:00:00.000Z,true,47
ASM-0005399,E-0037,execution,INST-execution,v1,19,100,2025-02-20T00:00:00.000Z,true,60
ASM-0005401,E-0037,collaboration,INST-collaboration,v1,35,100,2025-02-14T00:00:00.000Z,true,62
ASM-0005403,E-0037,problem_solving,INST-problem_solving,v1,58,100,2025-01-19T00:00:00.000Z,true,82
ASM-0005405,E-0037,visual_craft,INST-visual_craft,v1,25,100,2025-02-03T00:00:00.000Z,true,72
ASM-0005440,E-0037,execution,INST-execution,v1,44,100,2025-07-10T00:00:00.000Z,true,53
ASM-0005442,E-0037,problem_solving,INST-problem_solving,v1,42,100,2025-07-15T00:00:00.000Z,true,23
ASM-0005444,E-0037,visual_craft,INST-visual_craft,v1,21,100,2025-07-22T00:00:00.000Z,false,66
ASM-0005446,E-0037,ux_research,INST-ux_research,v1,16,100,2025-09-08T00:00:00.000Z,true,20
ASM-0005481,E-0037,communication,INST-communication,v2,19,100,2026-03-21T00:00:00.000Z,false,78
ASM-0005483,E-0037,execution,INST-execution,v2,80,100,2026-01-09T00:00:00.000Z,true,53
ASM-0005485,E-0037,collaboration,INST-collaboration,v2,28,100,2026-01-23T00:00:00.000Z,false,33
ASM-0005487,E-0037,problem_solving,INST-problem_solving,v2,33,100,2026-03-27T00:00:00.000Z,false,73
ASM-0005489,E-0037,visual_craft,INST-visual_craft,v2,33,100,2026-02-01T00:00:00.000Z,false,43
ASM-0005491,E-0037,ux_research,INST-ux_research,v2,36,100,2026-02-24T00:00:00.000Z,false,60
ASM-0005521,E-0037,communication,INST-communication,v2,2,100,2026-07-06T00:00:00.000Z,false,49
ASM-0005523,E-0037,execution,INST-execution,v2,78,100,2026-07-22T00:00:00.000Z,false,82
ASM-0005525,E-0037,collaboration,INST-collaboration,v2,39,100,2026-09-15T00:00:00.000Z,true,70
ASM-0005527,E-0037,visual_craft,INST-visual_craft,v2,47,100,2026-08-23T00:00:00.000Z,true,46
ASM-0005529,E-0037,ux_research,INST-ux_research,v2,46,100,2026-08-24T00:00:00.000Z,true,58
ASM-0005565,E-0038,communication,INST-communication,v1,46,100,2025-01-09T00:00:00.000Z,true,62
ASM-0005567,E-0038,execution,INST-execution,v1,43,100,2025-03-12T00:00:00.000Z,true,55
ASM-0005569,E-0038,collaboration,INST-collaboration,v1,65,100,2025-03-25T00:00:00.000Z,true,25
ASM-0005571,E-0038,problem_solving,INST-problem_solving,v1,55,100,2025-03-26T00:00:00.000Z,false,45
ASM-0005573,E-0038,financial_modeling,INST-financial_modeling,v1,34,100,2025-02-17T00:00:00.000Z,true,60
ASM-0005608,E-0038,communication,INST-communication,v1,62,100,2025-07-14T00:00:00.000Z,false,35
ASM-0005610,E-0038,execution,INST-execution,v1,50,100,2025-09-07T00:00:00.000Z,true,65
ASM-0005612,E-0038,collaboration,INST-collaboration,v1,47,100,2025-07-02T00:00:00.000Z,true,59
ASM-0005642,E-0038,communication,INST-communication,v2,50,100,2026-01-14T00:00:00.000Z,false,69
ASM-0005644,E-0038,execution,INST-execution,v2,68,100,2026-01-24T00:00:00.000Z,true,78
ASM-0005646,E-0038,problem_solving,INST-problem_solving,v2,75,100,2026-03-06T00:00:00.000Z,true,40
ASM-0005648,E-0038,financial_modeling,INST-financial_modeling,v2,50,100,2026-03-09T00:00:00.000Z,true,42
ASM-0005650,E-0038,compliance_rigor,INST-compliance_rigor,v2,67,100,2026-02-28T00:00:00.000Z,true,21
ASM-0005686,E-0038,communication,INST-communication,v2,69,100,2026-07-02T00:00:00.000Z,true,41
ASM-0005688,E-0038,execution,INST-execution,v2,70,100,2026-07-01T00:00:00.000Z,false,41
ASM-0005690,E-0038,problem_solving,INST-problem_solving,v2,71,100,2026-08-23T00:00:00.000Z,false,82
ASM-0005692,E-0038,financial_modeling,INST-financial_modeling,v2,75,100,2026-08-26T00:00:00.000Z,true,24
ASM-0005694,E-0038,compliance_rigor,INST-compliance_rigor,v2,48,100,2026-07-26T00:00:00.000Z,true,76
ASM-0005720,E-0039,communication,INST-communication,v1,21,100,2025-02-01T00:00:00.000Z,true,40
ASM-0005722,E-0039,execution,INST-execution,v1,31,100,2025-01-27T00:00:00.000Z,true,37
ASM-0005724,E-0039,problem_solving,INST-problem_solving,v1,44,100,2025-01-29T00:00:00.000Z,true,64
ASM-0005726,E-0039,talent_assessment,INST-talent_assessment,v1,11,100,2025-01-14T00:00:00.000Z,false,74
ASM-0005728,E-0039,policy_navigation,INST-policy_navigation,v1,74,100,2025-01-31T00:00:00.000Z,true,33
ASM-0005760,E-0039,communication,INST-communication,v1,55,100,2025-09-27T00:00:00.000Z,true,80
ASM-0005762,E-0039,execution,INST-execution,v1,22,100,2025-09-11T00:00:00.000Z,true,89
ASM-0005764,E-0039,problem_solving,INST-problem_solving,v1,28,100,2025-08-24T00:00:00.000Z,true,53
ASM-0005766,E-0039,talent_assessment,INST-talent_assessment,v1,25,100,2025-09-21T00:00:00.000Z,false,35
ASM-0005768,E-0039,policy_navigation,INST-policy_navigation,v1,53,100,2025-08-11T00:00:00.000Z,false,57
ASM-0005791,E-0039,communication,INST-communication,v2,59,100,2026-03-26T00:00:00.000Z,false,45
ASM-0005793,E-0039,execution,INST-execution,v2,28,100,2026-02-20T00:00:00.000Z,false,44
ASM-0005795,E-0039,problem_solving,INST-problem_solving,v2,19,100,2026-01-02T00:00:00.000Z,true,49
ASM-0005797,E-0039,talent_assessment,INST-talent_assessment,v2,50,100,2026-02-19T00:00:00.000Z,true,28
ASM-0005799,E-0039,policy_navigation,INST-policy_navigation,v2,45,100,2026-01-04T00:00:00.000Z,true,72
ASM-0005824,E-0039,communication,INST-communication,v2,54,100,2026-09-16T00:00:00.000Z,false,20
ASM-0005826,E-0039,execution,INST-execution,v2,27,100,2026-09-16T00:00:00.000Z,false,49
ASM-0005828,E-0039,problem_solving,INST-problem_solving,v2,34,100,2026-08-02T00:00:00.000Z,true,27
ASM-0005830,E-0039,policy_navigation,INST-policy_navigation,v2,28,100,2026-08-03T00:00:00.000Z,false,36
ASM-0005878,E-0040,communication,INST-communication,v1,40,100,2025-01-29T00:00:00.000Z,true,59
ASM-0005880,E-0040,execution,INST-execution,v1,24,100,2025-03-17T00:00:00.000Z,false,80
ASM-0005882,E-0040,collaboration,INST-collaboration,v1,60,100,2025-01-20T00:00:00.000Z,true,73
ASM-0005884,E-0040,problem_solving,INST-problem_solving,v1,28,100,2025-02-01T00:00:00.000Z,true,39
ASM-0005886,E-0040,troubleshooting,INST-troubleshooting,v1,27,100,2025-01-31T00:00:00.000Z,false,67
ASM-0005907,E-0040,communication,INST-communication,v1,41,100,2025-09-11T00:00:00.000Z,true,63
ASM-0005909,E-0040,execution,INST-execution,v1,42,100,2025-08-17T00:00:00.000Z,true,69
ASM-0005911,E-0040,collaboration,INST-collaboration,v1,71,100,2025-07-26T00:00:00.000Z,false,39
ASM-0005913,E-0040,problem_solving,INST-problem_solving,v1,27,100,2025-08-16T00:00:00.000Z,false,39
ASM-0005915,E-0040,customer_resolution,INST-customer_resolution,v1,42,100,2025-07-03T00:00:00.000Z,true,55
ASM-0005950,E-0040,execution,INST-execution,v2,55,100,2026-03-10T00:00:00.000Z,true,69
ASM-0005952,E-0040,collaboration,INST-collaboration,v2,49,100,2026-01-26T00:00:00.000Z,true,36
ASM-0005954,E-0040,problem_solving,INST-problem_solving,v2,49,100,2026-03-09T00:00:00.000Z,false,74
ASM-0005956,E-0040,customer_resolution,INST-customer_resolution,v2,62,100,2026-02-21T00:00:00.000Z,false,79
ASM-0005958,E-0040,troubleshooting,INST-troubleshooting,v2,39,100,2026-01-18T00:00:00.000Z,true,26
ASM-0005982,E-0040,communication,INST-communication,v2,95,100,2026-07-08T00:00:00.000Z,true,87
ASM-0005984,E-0040,execution,INST-execution,v2,61,100,2026-09-08T00:00:00.000Z,true,68
ASM-0005986,E-0040,problem_solving,INST-problem_solving,v2,60,100,2026-08-22T00:00:00.000Z,true,22
ASM-0005988,E-0040,customer_resolution,INST-customer_resolution,v2,64,100,2026-09-22T00:00:00.000Z,true,36
ASM-0005990,E-0040,troubleshooting,INST-troubleshooting,v2,34,100,2026-09-21T00:00:00.000Z,true,75
ASM-0006038,E-0041,communication,INST-communication,v1,24,100,2025-02-13T00:00:00.000Z,true,41
ASM-0006040,E-0041,execution,INST-execution,v1,30,100,2025-03-15T00:00:00.000Z,true,58
ASM-0006042,E-0041,collaboration,INST-collaboration,v1,29,100,2025-02-10T00:00:00.000Z,true,72
ASM-0006044,E-0041,problem_solving,INST-problem_solving,v1,28,100,2025-01-07T00:00:00.000Z,false,25
ASM-0006046,E-0041,code_quality,INST-code_quality,v1,17,100,2025-02-13T00:00:00.000Z,true,34
ASM-0006080,E-0041,communication,INST-communication,v1,39,100,2025-07-11T00:00:00.000Z,true,27
ASM-0006082,E-0041,execution,INST-execution,v1,39,100,2025-09-12T00:00:00.000Z,true,83
ASM-0006084,E-0041,collaboration,INST-collaboration,v1,25,100,2025-07-17T00:00:00.000Z,true,68
ASM-0006086,E-0041,problem_solving,INST-problem_solving,v1,22,100,2025-07-06T00:00:00.000Z,false,65
ASM-0006088,E-0041,system_design,INST-system_design,v1,38,100,2025-09-30T00:00:00.000Z,true,80
ASM-0006090,E-0041,code_quality,INST-code_quality,v1,14,100,2025-09-22T00:00:00.000Z,false,75
ASM-0006115,E-0041,communication,INST-communication,v2,46,100,2026-02-17T00:00:00.000Z,true,32
ASM-0006117,E-0041,execution,INST-execution,v2,34,100,2026-03-03T00:00:00.000Z,true,36
ASM-0006119,E-0041,problem_solving,INST-problem_solving,v2,11,100,2026-02-14T00:00:00.000Z,false,78
ASM-0006121,E-0041,system_design,INST-system_design,v2,60,100,2026-01-28T00:00:00.000Z,true,64
ASM-0006123,E-0041,code_quality,INST-code_quality,v2,18,100,2026-01-07T00:00:00.000Z,true,56
ASM-0006153,E-0041,communication,INST-communication,v2,68,100,2026-09-10T00:00:00.000Z,true,56
ASM-0006155,E-0041,execution,INST-execution,v2,38,100,2026-09-06T00:00:00.000Z,true,48
ASM-0006157,E-0041,collaboration,INST-collaboration,v2,35,100,2026-08-09T00:00:00.000Z,true,44
ASM-0006159,E-0041,problem_solving,INST-problem_solving,v2,28,100,2026-08-15T00:00:00.000Z,true,68
ASM-0006161,E-0041,system_design,INST-system_design,v2,96,100,2026-07-18T00:00:00.000Z,false,51
ASM-0006192,E-0042,communication,INST-communication,v1,32,100,2025-03-13T00:00:00.000Z,true,68
ASM-0006194,E-0042,execution,INST-execution,v1,28,100,2025-01-28T00:00:00.000Z,false,65
ASM-0006196,E-0042,collaboration,INST-collaboration,v1,25,100,2025-01-17T00:00:00.000Z,true,82
ASM-0006198,E-0042,problem_solving,INST-problem_solving,v1,26,100,2025-01-25T00:00:00.000Z,true,32
ASM-0006200,E-0042,negotiation,INST-negotiation,v1,24,100,2025-03-16T00:00:00.000Z,true,22
ASM-0006202,E-0042,pipeline_mgmt,INST-pipeline_mgmt,v1,24,100,2025-01-26T00:00:00.000Z,true,41
ASM-0006227,E-0042,communication,INST-communication,v1,31,100,2025-08-12T00:00:00.000Z,true,21
ASM-0006229,E-0042,execution,INST-execution,v1,48,100,2025-09-16T00:00:00.000Z,true,67
ASM-0006231,E-0042,collaboration,INST-collaboration,v1,64,100,2025-08-24T00:00:00.000Z,false,51
ASM-0006233,E-0042,problem_solving,INST-problem_solving,v1,25,100,2025-07-20T00:00:00.000Z,false,35
ASM-0006235,E-0042,negotiation,INST-negotiation,v1,34,100,2025-09-02T00:00:00.000Z,false,35
ASM-0006237,E-0042,pipeline_mgmt,INST-pipeline_mgmt,v1,49,100,2025-09-14T00:00:00.000Z,false,52
ASM-0006258,E-0042,execution,INST-execution,v2,68,100,2026-03-13T00:00:00.000Z,false,73
ASM-0006260,E-0042,problem_solving,INST-problem_solving,v2,42,100,2026-03-18T00:00:00.000Z,false,51
ASM-0006262,E-0042,negotiation,INST-negotiation,v2,33,100,2026-03-24T00:00:00.000Z,true,54
ASM-0006264,E-0042,pipeline_mgmt,INST-pipeline_mgmt,v2,51,100,2026-03-02T00:00:00.000Z,true,32
ASM-0006295,E-0042,communication,INST-communication,v2,37,100,2026-07-11T00:00:00.000Z,true,88
ASM-0006297,E-0042,execution,INST-execution,v2,73,100,2026-07-07T00:00:00.000Z,false,55
ASM-0006299,E-0042,collaboration,INST-collaboration,v2,72,100,2026-09-21T00:00:00.000Z,false,25
ASM-0006301,E-0042,negotiation,INST-negotiation,v2,36,100,2026-07-20T00:00:00.000Z,false,49
ASM-0006337,E-0043,communication,INST-communication,v1,11,100,2025-03-01T00:00:00.000Z,true,89
ASM-0006339,E-0043,execution,INST-execution,v1,22,100,2025-02-13T00:00:00.000Z,false,68
ASM-0006341,E-0043,collaboration,INST-collaboration,v1,43,100,2025-01-25T00:00:00.000Z,false,79
ASM-0006343,E-0043,campaign_strategy,INST-campaign_strategy,v1,26,100,2025-02-16T00:00:00.000Z,false,88
ASM-0006345,E-0043,content_quality,INST-content_quality,v1,21,100,2025-01-13T00:00:00.000Z,false,34
ASM-0006363,E-0043,execution,INST-execution,v1,21,100,2025-08-26T00:00:00.000Z,true,80
ASM-0006365,E-0043,collaboration,INST-collaboration,v1,60,100,2025-07-01T00:00:00.000Z,false,70
ASM-0006367,E-0043,campaign_strategy,INST-campaign_strategy,v1,20,100,2025-07-23T00:00:00.000Z,false,35
ASM-0006369,E-0043,content_quality,INST-content_quality,v1,20,100,2025-08-10T00:00:00.000Z,false,81
ASM-0006395,E-0043,communication,INST-communication,v2,57,100,2026-02-19T00:00:00.000Z,true,30
ASM-0006397,E-0043,execution,INST-execution,v2,54,100,2026-02-23T00:00:00.000Z,true,36
ASM-0006399,E-0043,collaboration,INST-collaboration,v2,86,100,2026-03-26T00:00:00.000Z,false,43
ASM-0006401,E-0043,campaign_strategy,INST-campaign_strategy,v2,36,100,2026-01-27T00:00:00.000Z,true,46
ASM-0006403,E-0043,content_quality,INST-content_quality,v2,63,100,2026-01-20T00:00:00.000Z,false,31
ASM-0006427,E-0043,communication,INST-communication,v2,78,100,2026-07-17T00:00:00.000Z,true,55
ASM-0006429,E-0043,execution,INST-execution,v2,63,100,2026-09-19T00:00:00.000Z,false,20
ASM-0006431,E-0043,collaboration,INST-collaboration,v2,91,100,2026-07-02T00:00:00.000Z,true,88
ASM-0006433,E-0043,campaign_strategy,INST-campaign_strategy,v2,31,100,2026-08-06T00:00:00.000Z,false,51
ASM-0006463,E-0044,communication,INST-communication,v1,87,100,2025-03-08T00:00:00.000Z,true,88
ASM-0006465,E-0044,execution,INST-execution,v1,32,100,2025-01-20T00:00:00.000Z,true,59
ASM-0006467,E-0044,collaboration,INST-collaboration,v1,38,100,2025-02-25T00:00:00.000Z,true,20
ASM-0006469,E-0044,problem_solving,INST-problem_solving,v1,35,100,2025-01-06T00:00:00.000Z,false,81
ASM-0006471,E-0044,roadmap_prioritization,INST-roadmap_prioritization,v1,31,100,2025-01-17T00:00:00.000Z,false,76
ASM-0006473,E-0044,stakeholder_alignment,INST-stakeholder_alignment,v1,13,100,2025-01-14T00:00:00.000Z,true,57
ASM-0006504,E-0044,communication,INST-communication,v1,54,100,2025-08-07T00:00:00.000Z,true,74
ASM-0006506,E-0044,collaboration,INST-collaboration,v1,37,100,2025-08-16T00:00:00.000Z,false,41
ASM-0006508,E-0044,problem_solving,INST-problem_solving,v1,21,100,2025-07-17T00:00:00.000Z,false,51
ASM-0006510,E-0044,stakeholder_alignment,INST-stakeholder_alignment,v1,39,100,2025-09-08T00:00:00.000Z,true,25
ASM-0006541,E-0044,communication,INST-communication,v2,43,100,2026-01-22T00:00:00.000Z,false,29
ASM-0006543,E-0044,execution,INST-execution,v2,71,100,2026-02-24T00:00:00.000Z,false,67
ASM-0006545,E-0044,collaboration,INST-collaboration,v2,27,100,2026-01-23T00:00:00.000Z,true,41
ASM-0006547,E-0044,problem_solving,INST-problem_solving,v2,30,100,2026-01-18T00:00:00.000Z,true,42
ASM-0006549,E-0044,roadmap_prioritization,INST-roadmap_prioritization,v2,34,100,2026-01-06T00:00:00.000Z,false,28
ASM-0006551,E-0044,stakeholder_alignment,INST-stakeholder_alignment,v2,46,100,2026-01-18T00:00:00.000Z,true,31
ASM-0006583,E-0044,execution,INST-execution,v2,91,100,2026-07-10T00:00:00.000Z,true,84
ASM-0006585,E-0044,collaboration,INST-collaboration,v2,37,100,2026-07-10T00:00:00.000Z,true,80
ASM-0006587,E-0044,problem_solving,INST-problem_solving,v2,38,100,2026-07-23T00:00:00.000Z,false,89
ASM-0006589,E-0044,roadmap_prioritization,INST-roadmap_prioritization,v2,40,100,2026-07-21T00:00:00.000Z,true,75
ASM-0006591,E-0044,stakeholder_alignment,INST-stakeholder_alignment,v2,59,100,2026-07-22T00:00:00.000Z,false,65
ASM-0006629,E-0045,communication,INST-communication,v1,40,100,2025-03-19T00:00:00.000Z,false,24
ASM-0006631,E-0045,execution,INST-execution,v1,71,100,2025-02-07T00:00:00.000Z,true,54
ASM-0006633,E-0045,collaboration,INST-collaboration,v1,55,100,2025-03-02T00:00:00.000Z,true,85
ASM-0006635,E-0045,problem_solving,INST-problem_solving,v1,38,100,2025-03-07T00:00:00.000Z,true,26
ASM-0006637,E-0045,visual_craft,INST-visual_craft,v1,66,100,2025-03-17T00:00:00.000Z,false,50
ASM-0006639,E-0045,ux_research,INST-ux_research,v1,45,100,2025-01-18T00:00:00.000Z,true,85
ASM-0006664,E-0045,communication,INST-communication,v1,52,100,2025-07-07T00:00:00.000Z,false,83
ASM-0006666,E-0045,collaboration,INST-collaboration,v1,72,100,2025-08-26T00:00:00.000Z,true,55
ASM-0006668,E-0045,problem_solving,INST-problem_solving,v1,45,100,2025-08-16T00:00:00.000Z,true,26
ASM-0006670,E-0045,visual_craft,INST-visual_craft,v1,69,100,2025-07-02T00:00:00.000Z,true,89
ASM-0006672,E-0045,ux_research,INST-ux_research,v1,49,100,2025-08-25T00:00:00.000Z,true,66
ASM-0006696,E-0045,communication,INST-communication,v2,50,100,2026-01-20T00:00:00.000Z,false,67
ASM-0006698,E-0045,execution,INST-execution,v2,83,100,2026-02-07T00:00:00.000Z,true,79
ASM-0006700,E-0045,collaboration,INST-collaboration,v2,72,100,2026-01-25T00:00:00.000Z,false,87
ASM-0006702,E-0045,problem_solving,INST-problem_solving,v2,45,100,2026-02-15T00:00:00.000Z,true,70
ASM-0006704,E-0045,visual_craft,INST-visual_craft,v2,65,100,2026-01-29T00:00:00.000Z,false,43
ASM-0006729,E-0045,communication,INST-communication,v2,74,100,2026-08-25T00:00:00.000Z,true,72
ASM-0006731,E-0045,collaboration,INST-collaboration,v2,72,100,2026-07-16T00:00:00.000Z,true,60
ASM-0006733,E-0045,problem_solving,INST-problem_solving,v2,73,100,2026-07-04T00:00:00.000Z,false,77
ASM-0006735,E-0045,visual_craft,INST-visual_craft,v2,54,100,2026-08-10T00:00:00.000Z,false,32
ASM-0006737,E-0045,ux_research,INST-ux_research,v2,78,100,2026-09-09T00:00:00.000Z,false,29
ASM-0006784,E-0046,communication,INST-communication,v1,27,100,2025-03-01T00:00:00.000Z,true,82
ASM-0006786,E-0046,execution,INST-execution,v1,43,100,2025-03-15T00:00:00.000Z,true,54
ASM-0006788,E-0046,collaboration,INST-collaboration,v1,41,100,2025-02-27T00:00:00.000Z,true,89
ASM-0006790,E-0046,problem_solving,INST-problem_solving,v1,30,100,2025-03-10T00:00:00.000Z,true,72
ASM-0006792,E-0046,financial_modeling,INST-financial_modeling,v1,80,100,2025-01-31T00:00:00.000Z,true,62
ASM-0006794,E-0046,compliance_rigor,INST-compliance_rigor,v1,74,100,2025-02-17T00:00:00.000Z,true,62
ASM-0006823,E-0046,communication,INST-communication,v1,23,100,2025-08-28T00:00:00.000Z,true,74
ASM-0006825,E-0046,execution,INST-execution,v1,40,100,2025-08-22T00:00:00.000Z,true,41
ASM-0006827,E-0046,collaboration,INST-collaboration,v1,29,100,2025-08-02T00:00:00.000Z,true,27
ASM-0006829,E-0046,financial_modeling,INST-financial_modeling,v1,60,100,2025-08-28T00:00:00.000Z,true,37
ASM-0006831,E-0046,compliance_rigor,INST-compliance_rigor,v1,53,100,2025-07-23T00:00:00.000Z,true,30
ASM-0006870,E-0046,communication,INST-communication,v2,27,100,2026-03-11T00:00:00.000Z,true,84
ASM-0006872,E-0046,execution,INST-execution,v2,33,100,2026-03-24T00:00:00.000Z,true,33
ASM-0006874,E-0046,collaboration,INST-collaboration,v2,29,100,2026-03-29T00:00:00.000Z,false,28
ASM-0006876,E-0046,problem_solving,INST-problem_solving,v2,51,100,2026-02-03T00:00:00.000Z,true,70
ASM-0006878,E-0046,financial_modeling,INST-financial_modeling,v2,47,100,2026-03-09T00:00:00.000Z,true,59
ASM-0006880,E-0046,compliance_rigor,INST-compliance_rigor,v2,39,100,2026-01-15T00:00:00.000Z,true,69
ASM-0006910,E-0046,communication,INST-communication,v2,44,100,2026-08-11T00:00:00.000Z,true,32
ASM-0006912,E-0046,execution,INST-execution,v2,42,100,2026-09-18T00:00:00.000Z,true,69
ASM-0006914,E-0046,collaboration,INST-collaboration,v2,37,100,2026-07-04T00:00:00.000Z,true,24
ASM-0006916,E-0046,problem_solving,INST-problem_solving,v2,56,100,2026-09-25T00:00:00.000Z,false,24
ASM-0006918,E-0046,financial_modeling,INST-financial_modeling,v2,29,100,2026-09-03T00:00:00.000Z,false,58
ASM-0006920,E-0046,compliance_rigor,INST-compliance_rigor,v2,34,100,2026-08-12T00:00:00.000Z,true,25
ASM-0006954,E-0047,execution,INST-execution,v1,41,100,2025-01-07T00:00:00.000Z,true,54
ASM-0006956,E-0047,collaboration,INST-collaboration,v1,42,100,2025-03-07T00:00:00.000Z,true,33
ASM-0006958,E-0047,talent_assessment,INST-talent_assessment,v1,43,100,2025-02-02T00:00:00.000Z,true,34
ASM-0006960,E-0047,policy_navigation,INST-policy_navigation,v1,52,100,2025-03-23T00:00:00.000Z,true,48
ASM-0006988,E-0047,communication,INST-communication,v1,45,100,2025-08-10T00:00:00.000Z,false,76
ASM-0006990,E-0047,execution,INST-execution,v1,9,100,2025-08-09T00:00:00.000Z,true,85
ASM-0006992,E-0047,collaboration,INST-collaboration,v1,44,100,2025-07-08T00:00:00.000Z,false,57
ASM-0006994,E-0047,problem_solving,INST-problem_solving,v1,43,100,2025-09-23T00:00:00.000Z,false,53
ASM-0006996,E-0047,talent_assessment,INST-talent_assessment,v1,45,100,2025-09-05T00:00:00.000Z,true,87
ASM-0007024,E-0047,communication,INST-communication,v2,67,100,2026-02-02T00:00:00.000Z,true,21
ASM-0007026,E-0047,execution,INST-execution,v2,34,100,2026-01-21T00:00:00.000Z,true,51
ASM-0007028,E-0047,collaboration,INST-collaboration,v2,57,100,2026-01-08T00:00:00.000Z,true,75
ASM-0007030,E-0047,problem_solving,INST-problem_solving,v2,67,100,2026-03-26T00:00:00.000Z,true,51
ASM-0007032,E-0047,talent_assessment,INST-talent_assessment,v2,37,100,2026-01-01T00:00:00.000Z,false,88
ASM-0007034,E-0047,policy_navigation,INST-policy_navigation,v2,66,100,2026-02-18T00:00:00.000Z,true,48
ASM-0007065,E-0047,communication,INST-communication,v2,47,100,2026-07-30T00:00:00.000Z,false,55
ASM-0007067,E-0047,execution,INST-execution,v2,61,100,2026-08-25T00:00:00.000Z,true,35
ASM-0007069,E-0047,talent_assessment,INST-talent_assessment,v2,54,100,2026-07-22T00:00:00.000Z,true,26
ASM-0007071,E-0047,policy_navigation,INST-policy_navigation,v2,61,100,2026-08-01T00:00:00.000Z,true,64
ASM-0007092,E-0048,communication,INST-communication,v1,83,100,2025-01-15T00:00:00.000Z,true,40
ASM-0007094,E-0048,collaboration,INST-collaboration,v1,70,100,2025-03-10T00:00:00.000Z,true,70
ASM-0007096,E-0048,problem_solving,INST-problem_solving,v1,79,100,2025-03-20T00:00:00.000Z,true,24
ASM-0007098,E-0048,customer_resolution,INST-customer_resolution,v1,37,100,2025-03-13T00:00:00.000Z,true,65
ASM-0007119,E-0048,execution,INST-execution,v1,47,100,2025-09-16T00:00:00.000Z,false,50
ASM-0007121,E-0048,collaboration,INST-collaboration,v1,50,100,2025-08-01T00:00:00.000Z,true,53
ASM-0007123,E-0048,problem_solving,INST-problem_solving,v1,58,100,2025-08-24T00:00:00.000Z,true,64
ASM-0007125,E-0048,troubleshooting,INST-troubleshooting,v1,29,100,2025-07-27T00:00:00.000Z,true,80
ASM-0007148,E-0048,communication,INST-communication,v2,51,100,2026-01-12T00:00:00.000Z,true,84
ASM-0007150,E-0048,execution,INST-execution,v2,43,100,2026-01-17T00:00:00.000Z,true,40
ASM-0007152,E-0048,customer_resolution,INST-customer_resolution,v2,36,100,2026-01-13T00:00:00.000Z,true,56
ASM-0007154,E-0048,troubleshooting,INST-troubleshooting,v2,27,100,2026-03-17T00:00:00.000Z,true,75
ASM-0007170,E-0048,communication,INST-communication,v2,31,100,2026-07-23T00:00:00.000Z,true,66
ASM-0007172,E-0048,execution,INST-execution,v2,55,100,2026-08-22T00:00:00.000Z,true,29
ASM-0007174,E-0048,collaboration,INST-collaboration,v2,42,100,2026-09-28T00:00:00.000Z,true,64
ASM-0007176,E-0048,problem_solving,INST-problem_solving,v2,20,100,2026-08-12T00:00:00.000Z,false,59
ASM-0007178,E-0048,troubleshooting,INST-troubleshooting,v2,29,100,2026-09-01T00:00:00.000Z,true,65
ASM-0007225,E-0049,communication,INST-communication,v1,14,100,2025-02-05T00:00:00.000Z,true,41
ASM-0007227,E-0049,collaboration,INST-collaboration,v1,32,100,2025-01-27T00:00:00.000Z,true,65
ASM-0007229,E-0049,problem_solving,INST-problem_solving,v1,66,100,2025-01-15T00:00:00.000Z,true,41
ASM-0007231,E-0049,system_design,INST-system_design,v1,55,100,2025-02-28T00:00:00.000Z,true,37
ASM-0007233,E-0049,code_quality,INST-code_quality,v1,52,100,2025-01-15T00:00:00.000Z,true,68
ASM-0007264,E-0049,communication,INST-communication,v1,43,100,2025-09-29T00:00:00.000Z,true,64
ASM-0007266,E-0049,execution,INST-execution,v1,41,100,2025-09-01T00:00:00.000Z,true,71
ASM-0007268,E-0049,collaboration,INST-collaboration,v1,29,100,2025-09-16T00:00:00.000Z,true,59
ASM-0007270,E-0049,problem_solving,INST-problem_solving,v1,53,100,2025-08-04T00:00:00.000Z,true,81
ASM-0007272,E-0049,code_quality,INST-code_quality,v1,40,100,2025-07-15T00:00:00.000Z,true,30
ASM-0007298,E-0049,communication,INST-communication,v2,21,100,2026-01-03T00:00:00.000Z,true,79
ASM-0007300,E-0049,execution,INST-execution,v2,45,100,2026-01-05T00:00:00.000Z,true,63
ASM-0007302,E-0049,collaboration,INST-collaboration,v2,18,100,2026-02-23T00:00:00.000Z,true,70
ASM-0007304,E-0049,problem_solving,INST-problem_solving,v2,30,100,2026-03-05T00:00:00.000Z,true,20
ASM-0007306,E-0049,code_quality,INST-code_quality,v2,48,100,2026-01-15T00:00:00.000Z,true,36
ASM-0007327,E-0049,communication,INST-communication,v2,0,100,2026-07-08T00:00:00.000Z,true,76
ASM-0007329,E-0049,execution,INST-execution,v2,30,100,2026-09-06T00:00:00.000Z,false,60
ASM-0007331,E-0049,collaboration,INST-collaboration,v2,13,100,2026-07-12T00:00:00.000Z,true,72
ASM-0007333,E-0049,problem_solving,INST-problem_solving,v2,30,100,2026-09-06T00:00:00.000Z,true,34
ASM-0007376,E-0050,execution,INST-execution,v1,74,100,2025-03-07T00:00:00.000Z,true,21
ASM-0007378,E-0050,problem_solving,INST-problem_solving,v1,90,100,2025-03-22T00:00:00.000Z,true,66
ASM-0007380,E-0050,negotiation,INST-negotiation,v1,37,100,2025-01-08T00:00:00.000Z,true,71
ASM-0007382,E-0050,pipeline_mgmt,INST-pipeline_mgmt,v1,28,100,2025-02-05T00:00:00.000Z,false,61
ASM-0007406,E-0050,communication,INST-communication,v1,47,100,2025-09-07T00:00:00.000Z,true,78
ASM-0007408,E-0050,execution,INST-execution,v1,53,100,2025-07-13T00:00:00.000Z,true,65
ASM-0007410,E-0050,collaboration,INST-collaboration,v1,39,100,2025-08-30T00:00:00.000Z,true,79
ASM-0007412,E-0050,problem_solving,INST-problem_solving,v1,53,100,2025-09-23T00:00:00.000Z,true,57
ASM-0007414,E-0050,negotiation,INST-negotiation,v1,26,100,2025-07-26T00:00:00.000Z,false,66
ASM-0007416,E-0050,pipeline_mgmt,INST-pipeline_mgmt,v1,58,100,2025-07-18T00:00:00.000Z,false,59
ASM-0007441,E-0050,communication,INST-communication,v2,20,100,2026-02-02T00:00:00.000Z,true,69
ASM-0007443,E-0050,execution,INST-execution,v2,44,100,2026-01-25T00:00:00.000Z,true,57
ASM-0007445,E-0050,collaboration,INST-collaboration,v2,39,100,2026-03-16T00:00:00.000Z,true,43
ASM-0007447,E-0050,pipeline_mgmt,INST-pipeline_mgmt,v2,59,100,2026-03-15T00:00:00.000Z,true,87
ASM-0007462,E-0050,communication,INST-communication,v2,41,100,2026-09-22T00:00:00.000Z,true,63
ASM-0007464,E-0050,collaboration,INST-collaboration,v2,26,100,2026-09-27T00:00:00.000Z,true,29
ASM-0007466,E-0050,problem_solving,INST-problem_solving,v2,56,100,2026-07-22T00:00:00.000Z,true,66
ASM-0007468,E-0050,negotiation,INST-negotiation,v2,34,100,2026-07-04T00:00:00.000Z,false,44
ASM-0007505,E-0051,execution,INST-execution,v1,48,100,2025-03-16T00:00:00.000Z,true,80
ASM-0007507,E-0051,collaboration,INST-collaboration,v1,26,100,2025-01-19T00:00:00.000Z,false,46
ASM-0007509,E-0051,campaign_strategy,INST-campaign_strategy,v1,28,100,2025-02-11T00:00:00.000Z,false,83
ASM-0007511,E-0051,content_quality,INST-content_quality,v1,12,100,2025-01-09T00:00:00.000Z,true,80
ASM-0007538,E-0051,communication,INST-communication,v1,42,100,2025-07-06T00:00:00.000Z,false,88
ASM-0007540,E-0051,execution,INST-execution,v1,49,100,2025-08-12T00:00:00.000Z,false,61
ASM-0007542,E-0051,collaboration,INST-collaboration,v1,42,100,2025-07-23T00:00:00.000Z,false,73
ASM-0007544,E-0051,campaign_strategy,INST-campaign_strategy,v1,31,100,2025-09-28T00:00:00.000Z,false,58
ASM-0007546,E-0051,content_quality,INST-content_quality,v1,30,100,2025-09-30T00:00:00.000Z,true,48
ASM-0007560,E-0051,communication,INST-communication,v2,43,100,2026-01-31T00:00:00.000Z,true,89
ASM-0007562,E-0051,execution,INST-execution,v2,51,100,2026-01-01T00:00:00.000Z,true,69
ASM-0007564,E-0051,collaboration,INST-collaboration,v2,60,100,2026-03-26T00:00:00.000Z,false,51
ASM-0007566,E-0051,problem_solving,INST-problem_solving,v2,42,100,2026-03-21T00:00:00.000Z,true,71
ASM-0007568,E-0051,campaign_strategy,INST-campaign_strategy,v2,37,100,2026-01-12T00:00:00.000Z,true,48
ASM-0007570,E-0051,content_quality,INST-content_quality,v2,45,100,2026-03-16T00:00:00.000Z,true,87
ASM-0007593,E-0051,communication,INST-communication,v2,41,100,2026-08-23T00:00:00.000Z,true,34
ASM-0007595,E-0051,collaboration,INST-collaboration,v2,62,100,2026-07-22T00:00:00.000Z,true,40
ASM-0007597,E-0051,problem_solving,INST-problem_solving,v2,42,100,2026-09-06T00:00:00.000Z,false,44
ASM-0007599,E-0051,campaign_strategy,INST-campaign_strategy,v2,74,100,2026-08-25T00:00:00.000Z,true,54
ASM-0007601,E-0051,content_quality,INST-content_quality,v2,54,100,2026-07-12T00:00:00.000Z,true,49
ASM-0007639,E-0052,communication,INST-communication,v1,20,100,2025-01-13T00:00:00.000Z,true,74
ASM-0007641,E-0052,collaboration,INST-collaboration,v1,54,100,2025-02-18T00:00:00.000Z,false,26
ASM-0007643,E-0052,roadmap_prioritization,INST-roadmap_prioritization,v1,30,100,2025-01-31T00:00:00.000Z,true,21
ASM-0007645,E-0052,stakeholder_alignment,INST-stakeholder_alignment,v1,34,100,2025-03-02T00:00:00.000Z,false,20
ASM-0007670,E-0052,communication,INST-communication,v1,8,100,2025-08-29T00:00:00.000Z,false,42
ASM-0007672,E-0052,problem_solving,INST-problem_solving,v1,57,100,2025-07-30T00:00:00.000Z,false,22
ASM-0007674,E-0052,roadmap_prioritization,INST-roadmap_prioritization,v1,57,100,2025-07-30T00:00:00.000Z,true,73
ASM-0007676,E-0052,stakeholder_alignment,INST-stakeholder_alignment,v1,60,100,2025-07-17T00:00:00.000Z,true,35
ASM-0007705,E-0052,execution,INST-execution,v2,57,100,2026-02-21T00:00:00.000Z,false,69
ASM-0007707,E-0052,collaboration,INST-collaboration,v2,59,100,2026-01-31T00:00:00.000Z,true,53
ASM-0007709,E-0052,problem_solving,INST-problem_solving,v2,53,100,2026-01-02T00:00:00.000Z,true,43
ASM-0007711,E-0052,stakeholder_alignment,INST-stakeholder_alignment,v2,54,100,2026-03-31T00:00:00.000Z,true,84
ASM-0007741,E-0052,communication,INST-communication,v2,59,100,2026-09-13T00:00:00.000Z,true,21
ASM-0007743,E-0052,execution,INST-execution,v2,67,100,2026-07-18T00:00:00.000Z,true,84
ASM-0007745,E-0052,problem_solving,INST-problem_solving,v2,70,100,2026-09-06T00:00:00.000Z,true,72
ASM-0007747,E-0052,roadmap_prioritization,INST-roadmap_prioritization,v2,88,100,2026-09-19T00:00:00.000Z,false,24
ASM-0007749,E-0052,stakeholder_alignment,INST-stakeholder_alignment,v2,68,100,2026-09-26T00:00:00.000Z,true,49
ASM-0007789,E-0053,execution,INST-execution,v1,43,100,2025-01-30T00:00:00.000Z,true,74
ASM-0007791,E-0053,collaboration,INST-collaboration,v1,42,100,2025-01-09T00:00:00.000Z,false,21
ASM-0007793,E-0053,problem_solving,INST-problem_solving,v1,39,100,2025-02-19T00:00:00.000Z,true,79
ASM-0007795,E-0053,visual_craft,INST-visual_craft,v1,17,100,2025-02-01T00:00:00.000Z,false,59
ASM-0007825,E-0053,execution,INST-execution,v1,50,100,2025-07-05T00:00:00.000Z,true,50
ASM-0007827,E-0053,collaboration,INST-collaboration,v1,43,100,2025-08-02T00:00:00.000Z,true,31
ASM-0007829,E-0053,problem_solving,INST-problem_solving,v1,54,100,2025-07-26T00:00:00.000Z,true,72
ASM-0007831,E-0053,ux_research,INST-ux_research,v1,41,100,2025-08-28T00:00:00.000Z,false,24
ASM-0007855,E-0053,communication,INST-communication,v2,30,100,2026-03-18T00:00:00.000Z,false,42
ASM-0007857,E-0053,execution,INST-execution,v2,46,100,2026-03-26T00:00:00.000Z,true,43
ASM-0007859,E-0053,collaboration,INST-collaboration,v2,59,100,2026-02-01T00:00:00.000Z,false,62
ASM-0007861,E-0053,problem_solving,INST-problem_solving,v2,57,100,2026-01-27T00:00:00.000Z,true,39
ASM-0007863,E-0053,visual_craft,INST-visual_craft,v2,59,100,2026-01-14T00:00:00.000Z,true,69
ASM-0007865,E-0053,ux_research,INST-ux_research,v2,68,100,2026-03-26T00:00:00.000Z,true,57
ASM-0007890,E-0053,communication,INST-communication,v2,31,100,2026-08-12T00:00:00.000Z,true,47
ASM-0007892,E-0053,execution,INST-execution,v2,40,100,2026-07-04T00:00:00.000Z,true,73
ASM-0007894,E-0053,collaboration,INST-collaboration,v2,71,100,2026-09-12T00:00:00.000Z,true,67
ASM-0007896,E-0053,problem_solving,INST-problem_solving,v2,76,100,2026-09-28T00:00:00.000Z,false,59
ASM-0007931,E-0054,communication,INST-communication,v1,21,100,2025-01-17T00:00:00.000Z,false,81
ASM-0007933,E-0054,execution,INST-execution,v1,30,100,2025-03-19T00:00:00.000Z,true,49
ASM-0007935,E-0054,problem_solving,INST-problem_solving,v1,42,100,2025-03-14T00:00:00.000Z,true,87
ASM-0007937,E-0054,financial_modeling,INST-financial_modeling,v1,41,100,2025-02-17T00:00:00.000Z,false,48
ASM-0007939,E-0054,compliance_rigor,INST-compliance_rigor,v1,16,100,2025-02-09T00:00:00.000Z,true,74
ASM-0007968,E-0054,communication,INST-communication,v1,21,100,2025-07-22T00:00:00.000Z,true,43
ASM-0007970,E-0054,execution,INST-execution,v1,42,100,2025-07-10T00:00:00.000Z,false,70
ASM-0007972,E-0054,collaboration,INST-collaboration,v1,34,100,2025-09-14T00:00:00.000Z,true,53
ASM-0007974,E-0054,problem_solving,INST-problem_solving,v1,48,100,2025-07-26T00:00:00.000Z,true,80
ASM-0007976,E-0054,financial_modeling,INST-financial_modeling,v1,39,100,2025-08-22T00:00:00.000Z,false,73
ASM-0007978,E-0054,compliance_rigor,INST-compliance_rigor,v1,30,100,2025-08-20T00:00:00.000Z,true,68
ASM-0008016,E-0054,execution,INST-execution,v2,59,100,2026-02-09T00:00:00.000Z,true,56
ASM-0008018,E-0054,collaboration,INST-collaboration,v2,34,100,2026-03-30T00:00:00.000Z,false,84
ASM-0008020,E-0054,financial_modeling,INST-financial_modeling,v2,46,100,2026-03-31T00:00:00.000Z,true,38
ASM-0008022,E-0054,compliance_rigor,INST-compliance_rigor,v2,19,100,2026-03-29T00:00:00.000Z,true,87
ASM-0008048,E-0054,communication,INST-communication,v2,23,100,2026-09-25T00:00:00.000Z,false,20
ASM-0008050,E-0054,execution,INST-execution,v2,82,100,2026-07-25T00:00:00.000Z,true,68
ASM-0008052,E-0054,problem_solving,INST-problem_solving,v2,30,100,2026-09-21T00:00:00.000Z,true,52
ASM-0008054,E-0054,financial_modeling,INST-financial_modeling,v2,47,100,2026-07-13T00:00:00.000Z,true,86
ASM-0008106,E-0055,communication,INST-communication,v1,40,100,2025-02-26T00:00:00.000Z,true,38
ASM-0008108,E-0055,collaboration,INST-collaboration,v1,20,100,2025-03-01T00:00:00.000Z,true,73
ASM-0008110,E-0055,problem_solving,INST-problem_solving,v1,23,100,2025-02-26T00:00:00.000Z,true,55
ASM-0008112,E-0055,talent_assessment,INST-talent_assessment,v1,24,100,2025-02-24T00:00:00.000Z,true,57
ASM-0008114,E-0055,policy_navigation,INST-policy_navigation,v1,22,100,2025-01-11T00:00:00.000Z,true,63
ASM-0008145,E-0055,communication,INST-communication,v1,43,100,2025-09-26T00:00:00.000Z,false,77
ASM-0008147,E-0055,collaboration,INST-collaboration,v1,36,100,2025-07-22T00:00:00.000Z,true,27
ASM-0008149,E-0055,problem_solving,INST-problem_solving,v1,17,100,2025-07-25T00:00:00.000Z,true,37
ASM-0008151,E-0055,talent_assessment,INST-talent_assessment,v1,48,100,2025-08-04T00:00:00.000Z,true,31
ASM-0008177,E-0055,communication,INST-communication,v2,52,100,2026-02-08T00:00:00.000Z,true,57
ASM-0008179,E-0055,execution,INST-execution,v2,30,100,2026-01-09T00:00:00.000Z,true,53
ASM-0008208,E-0055,communication,INST-communication,v2,62,100,2026-07-08T00:00:00.000Z,false,22
ASM-0008210,E-0055,execution,INST-execution,v2,9,100,2026-09-26T00:00:00.000Z,false,65
ASM-0008212,E-0055,collaboration,INST-collaboration,v2,39,100,2026-07-15T00:00:00.000Z,true,70
ASM-0008214,E-0055,problem_solving,INST-problem_solving,v2,65,100,2026-08-11T00:00:00.000Z,false,67
ASM-0008216,E-0055,talent_assessment,INST-talent_assessment,v2,73,100,2026-09-26T00:00:00.000Z,true,61
ASM-0008218,E-0055,policy_navigation,INST-policy_navigation,v2,71,100,2026-08-10T00:00:00.000Z,true,42
ASM-0008263,E-0056,execution,INST-execution,v1,27,100,2025-03-01T00:00:00.000Z,true,75
ASM-0008265,E-0056,collaboration,INST-collaboration,v1,27,100,2025-02-28T00:00:00.000Z,true,40
ASM-0008267,E-0056,problem_solving,INST-problem_solving,v1,25,100,2025-01-02T00:00:00.000Z,true,83
ASM-0008269,E-0056,customer_resolution,INST-customer_resolution,v1,28,100,2025-01-22T00:00:00.000Z,true,29
ASM-0008299,E-0056,execution,INST-execution,v1,36,100,2025-08-15T00:00:00.000Z,true,61
ASM-0008301,E-0056,collaboration,INST-collaboration,v1,30,100,2025-08-25T00:00:00.000Z,true,69
ASM-0008303,E-0056,problem_solving,INST-problem_solving,v1,16,100,2025-07-24T00:00:00.000Z,false,89
ASM-0008305,E-0056,customer_resolution,INST-customer_resolution,v1,50,100,2025-09-14T00:00:00.000Z,true,58
ASM-0008307,E-0056,troubleshooting,INST-troubleshooting,v1,34,100,2025-08-23T00:00:00.000Z,true,37
ASM-0008330,E-0056,communication,INST-communication,v2,70,100,2026-03-04T00:00:00.000Z,false,26
ASM-0008332,E-0056,execution,INST-execution,v2,62,100,2026-02-08T00:00:00.000Z,true,21
ASM-0008334,E-0056,collaboration,INST-collaboration,v2,45,100,2026-02-15T00:00:00.000Z,false,41
ASM-0008336,E-0056,problem_solving,INST-problem_solving,v2,24,100,2026-02-12T00:00:00.000Z,false,30
ASM-0008338,E-0056,troubleshooting,INST-troubleshooting,v2,33,100,2026-01-15T00:00:00.000Z,true,56
ASM-0008362,E-0057,communication,INST-communication,v1,11,100,2025-01-17T00:00:00.000Z,false,46
ASM-0008364,E-0057,execution,INST-execution,v1,32,100,2025-01-17T00:00:00.000Z,true,64
ASM-0008366,E-0057,collaboration,INST-collaboration,v1,26,100,2025-02-21T00:00:00.000Z,false,50
ASM-0008368,E-0057,problem_solving,INST-problem_solving,v1,20,100,2025-01-09T00:00:00.000Z,true,39
ASM-0008370,E-0057,system_design,INST-system_design,v1,77,100,2025-01-10T00:00:00.000Z,false,84
ASM-0008372,E-0057,code_quality,INST-code_quality,v1,41,100,2025-02-06T00:00:00.000Z,true,77
ASM-0008400,E-0057,communication,INST-communication,v1,27,100,2025-09-07T00:00:00.000Z,false,74
ASM-0008402,E-0057,execution,INST-execution,v1,20,100,2025-07-10T00:00:00.000Z,true,82
ASM-0008404,E-0057,collaboration,INST-collaboration,v1,42,100,2025-07-22T00:00:00.000Z,false,57
ASM-0008406,E-0057,problem_solving,INST-problem_solving,v1,45,100,2025-09-12T00:00:00.000Z,true,71
ASM-0008408,E-0057,system_design,INST-system_design,v1,66,100,2025-07-10T00:00:00.000Z,true,74
ASM-0008410,E-0057,code_quality,INST-code_quality,v1,43,100,2025-07-23T00:00:00.000Z,true,73
ASM-0008454,E-0057,communication,INST-communication,v2,28,100,2026-03-11T00:00:00.000Z,true,39
ASM-0008456,E-0057,collaboration,INST-collaboration,v2,36,100,2026-03-12T00:00:00.000Z,true,34
ASM-0008458,E-0057,problem_solving,INST-problem_solving,v2,65,100,2026-02-05T00:00:00.000Z,true,42
ASM-0008460,E-0057,system_design,INST-system_design,v2,57,100,2026-03-06T00:00:00.000Z,true,37
ASM-0008462,E-0057,code_quality,INST-code_quality,v2,58,100,2026-03-13T00:00:00.000Z,true,84
ASM-0008494,E-0057,communication,INST-communication,v2,18,100,2026-08-19T00:00:00.000Z,true,49
ASM-0008496,E-0057,execution,INST-execution,v2,71,100,2026-08-29T00:00:00.000Z,true,30
ASM-0008498,E-0057,collaboration,INST-collaboration,v2,34,100,2026-09-17T00:00:00.000Z,true,46
ASM-0008500,E-0057,problem_solving,INST-problem_solving,v2,81,100,2026-07-01T00:00:00.000Z,true,58
ASM-0008502,E-0057,system_design,INST-system_design,v2,16,100,2026-09-17T00:00:00.000Z,true,43
ASM-0008504,E-0057,code_quality,INST-code_quality,v2,85,100,2026-08-30T00:00:00.000Z,true,24
ASM-0008547,E-0058,communication,INST-communication,v1,68,100,2025-01-05T00:00:00.000Z,true,44
ASM-0008549,E-0058,problem_solving,INST-problem_solving,v1,74,100,2025-02-02T00:00:00.000Z,false,82
ASM-0008551,E-0058,pipeline_mgmt,INST-pipeline_mgmt,v1,67,100,2025-03-31T00:00:00.000Z,true,70
ASM-0008571,E-0058,communication,INST-communication,v1,58,100,2025-09-28T00:00:00.000Z,true,27
ASM-0008573,E-0058,execution,INST-execution,v1,73,100,2025-07-29T00:00:00.000Z,true,58
ASM-0008575,E-0058,collaboration,INST-collaboration,v1,59,100,2025-07-15T00:00:00.000Z,true,78
ASM-0008577,E-0058,problem_solving,INST-problem_solving,v1,67,100,2025-09-26T00:00:00.000Z,true,44
ASM-0008579,E-0058,negotiation,INST-negotiation,v1,58,100,2025-07-17T00:00:00.000Z,true,40
ASM-0008603,E-0058,execution,INST-execution,v2,98,100,2026-03-09T00:00:00.000Z,true,89
ASM-0008605,E-0058,problem_solving,INST-problem_solving,v2,59,100,2026-01-11T00:00:00.000Z,true,42
ASM-0008607,E-0058,negotiation,INST-negotiation,v2,44,100,2026-01-16T00:00:00.000Z,false,24
ASM-0008626,E-0058,communication,INST-communication,v2,62,100,2026-09-26T00:00:00.000Z,true,29
ASM-0008628,E-0058,execution,INST-execution,v2,76,100,2026-09-02T00:00:00.000Z,true,50
ASM-0008630,E-0058,collaboration,INST-collaboration,v2,66,100,2026-08-30T00:00:00.000Z,true,22
ASM-0008632,E-0058,problem_solving,INST-problem_solving,v2,76,100,2026-07-20T00:00:00.000Z,false,37
ASM-0008634,E-0058,negotiation,INST-negotiation,v2,37,100,2026-09-04T00:00:00.000Z,false,68
ASM-0008674,E-0059,communication,INST-communication,v1,30,100,2025-01-22T00:00:00.000Z,true,45
ASM-0008676,E-0059,execution,INST-execution,v1,25,100,2025-01-27T00:00:00.000Z,true,68
ASM-0008678,E-0059,collaboration,INST-collaboration,v1,34,100,2025-02-18T00:00:00.000Z,true,28
ASM-0008680,E-0059,problem_solving,INST-problem_solving,v1,38,100,2025-01-06T00:00:00.000Z,false,25
ASM-0008682,E-0059,campaign_strategy,INST-campaign_strategy,v1,46,100,2025-02-22T00:00:00.000Z,true,74
ASM-0008684,E-0059,content_quality,INST-content_quality,v1,33,100,2025-02-02T00:00:00.000Z,false,81
ASM-0008717,E-0059,communication,INST-communication,v1,34,100,2025-08-22T00:00:00.000Z,true,34
ASM-0008719,E-0059,execution,INST-execution,v1,46,100,2025-07-03T00:00:00.000Z,true,75
ASM-0008721,E-0059,problem_solving,INST-problem_solving,v1,49,100,2025-07-03T00:00:00.000Z,true,69
ASM-0008723,E-0059,campaign_strategy,INST-campaign_strategy,v1,34,100,2025-07-17T00:00:00.000Z,true,24
ASM-0008725,E-0059,content_quality,INST-content_quality,v1,32,100,2025-09-29T00:00:00.000Z,true,32
ASM-0008760,E-0059,communication,INST-communication,v2,18,100,2026-02-20T00:00:00.000Z,false,87
ASM-0008762,E-0059,execution,INST-execution,v2,54,100,2026-01-26T00:00:00.000Z,true,61
ASM-0008764,E-0059,collaboration,INST-collaboration,v2,47,100,2026-03-03T00:00:00.000Z,true,44
ASM-0008766,E-0059,problem_solving,INST-problem_solving,v2,22,100,2026-01-19T00:00:00.000Z,true,43
ASM-0008768,E-0059,campaign_strategy,INST-campaign_strategy,v2,39,100,2026-01-28T00:00:00.000Z,false,84
ASM-0008770,E-0059,content_quality,INST-content_quality,v2,39,100,2026-02-22T00:00:00.000Z,true,60
ASM-0008802,E-0059,communication,INST-communication,v2,21,100,2026-07-14T00:00:00.000Z,true,32
ASM-0008804,E-0059,execution,INST-execution,v2,79,100,2026-08-28T00:00:00.000Z,true,37
ASM-0008806,E-0059,collaboration,INST-collaboration,v2,67,100,2026-07-05T00:00:00.000Z,true,75
ASM-0008808,E-0059,problem_solving,INST-problem_solving,v2,28,100,2026-09-27T00:00:00.000Z,true,28
ASM-0008810,E-0059,campaign_strategy,INST-campaign_strategy,v2,60,100,2026-08-10T00:00:00.000Z,true,72
ASM-0008812,E-0059,content_quality,INST-content_quality,v2,61,100,2026-09-08T00:00:00.000Z,true,26
ASM-0008848,E-0060,communication,INST-communication,v1,72,100,2025-03-02T00:00:00.000Z,true,41
ASM-0008850,E-0060,execution,INST-execution,v1,78,100,2025-03-07T00:00:00.000Z,false,32
ASM-0008852,E-0060,collaboration,INST-collaboration,v1,59,100,2025-03-23T00:00:00.000Z,true,43
ASM-0008854,E-0060,problem_solving,INST-problem_solving,v1,28,100,2025-01-22T00:00:00.000Z,true,22
ASM-0008856,E-0060,roadmap_prioritization,INST-roadmap_prioritization,v1,16,100,2025-03-15T00:00:00.000Z,true,33
ASM-0008858,E-0060,stakeholder_alignment,INST-stakeholder_alignment,v1,65,100,2025-03-27T00:00:00.000Z,true,59
ASM-0008893,E-0060,execution,INST-execution,v1,46,100,2025-09-23T00:00:00.000Z,true,40
ASM-0008895,E-0060,collaboration,INST-collaboration,v1,61,100,2025-08-17T00:00:00.000Z,true,84
ASM-0008897,E-0060,problem_solving,INST-problem_solving,v1,55,100,2025-08-15T00:00:00.000Z,true,37
ASM-0008899,E-0060,roadmap_prioritization,INST-roadmap_prioritization,v1,40,100,2025-08-10T00:00:00.000Z,true,43
ASM-0008929,E-0060,communication,INST-communication,v2,38,100,2026-03-21T00:00:00.000Z,true,69
ASM-0008931,E-0060,execution,INST-execution,v2,34,100,2026-02-15T00:00:00.000Z,true,53
ASM-0008933,E-0060,collaboration,INST-collaboration,v2,37,100,2026-01-07T00:00:00.000Z,false,37
ASM-0008935,E-0060,problem_solving,INST-problem_solving,v2,76,100,2026-02-16T00:00:00.000Z,true,49
ASM-0008937,E-0060,roadmap_prioritization,INST-roadmap_prioritization,v2,53,100,2026-03-09T00:00:00.000Z,false,34
ASM-0008939,E-0060,stakeholder_alignment,INST-stakeholder_alignment,v2,34,100,2026-03-03T00:00:00.000Z,true,53
ASM-0008967,E-0060,communication,INST-communication,v2,34,100,2026-07-20T00:00:00.000Z,false,76
ASM-0008969,E-0060,collaboration,INST-collaboration,v2,12,100,2026-07-19T00:00:00.000Z,true,46
ASM-0008971,E-0060,problem_solving,INST-problem_solving,v2,84,100,2026-09-14T00:00:00.000Z,true,31
ASM-0008973,E-0060,stakeholder_alignment,INST-stakeholder_alignment,v2,30,100,2026-08-23T00:00:00.000Z,false,80
ASM-0009010,E-0061,communication,INST-communication,v1,55,100,2025-01-01T00:00:00.000Z,true,29
ASM-0009012,E-0061,execution,INST-execution,v1,9,100,2025-03-29T00:00:00.000Z,true,40
ASM-0009014,E-0061,collaboration,INST-collaboration,v1,9,100,2025-03-01T00:00:00.000Z,false,62
ASM-0009016,E-0061,problem_solving,INST-problem_solving,v1,51,100,2025-02-12T00:00:00.000Z,true,25
ASM-0009018,E-0061,ux_research,INST-ux_research,v1,55,100,2025-02-01T00:00:00.000Z,false,82
ASM-0009037,E-0061,communication,INST-communication,v1,49,100,2025-09-11T00:00:00.000Z,false,79
ASM-0009039,E-0061,execution,INST-execution,v1,12,100,2025-07-05T00:00:00.000Z,true,40
ASM-0009041,E-0061,collaboration,INST-collaboration,v1,2,100,2025-07-24T00:00:00.000Z,false,29
ASM-0009067,E-0061,communication,INST-communication,v2,44,100,2026-02-09T00:00:00.000Z,true,73
ASM-0009069,E-0061,execution,INST-execution,v2,22,100,2026-01-23T00:00:00.000Z,true,53
ASM-0009071,E-0061,collaboration,INST-collaboration,v2,42,100,2026-02-11T00:00:00.000Z,false,77
ASM-0009073,E-0061,problem_solving,INST-problem_solving,v2,58,100,2026-03-31T00:00:00.000Z,true,57
ASM-0009098,E-0061,communication,INST-communication,v2,27,100,2026-08-01T00:00:00.000Z,true,38
ASM-0009100,E-0061,collaboration,INST-collaboration,v2,50,100,2026-09-16T00:00:00.000Z,true,38
ASM-0009102,E-0061,problem_solving,INST-problem_solving,v2,35,100,2026-07-27T00:00:00.000Z,true,21
ASM-0009127,E-0062,communication,INST-communication,v1,26,100,2025-01-25T00:00:00.000Z,true,29
ASM-0009129,E-0062,execution,INST-execution,v1,40,100,2025-03-24T00:00:00.000Z,false,82
ASM-0009131,E-0062,problem_solving,INST-problem_solving,v1,31,100,2025-03-27T00:00:00.000Z,true,69
ASM-0009133,E-0062,financial_modeling,INST-financial_modeling,v1,38,100,2025-01-21T00:00:00.000Z,true,64
ASM-0009166,E-0062,communication,INST-communication,v1,49,100,2025-08-31T00:00:00.000Z,true,65
ASM-0009168,E-0062,execution,INST-execution,v1,49,100,2025-09-17T00:00:00.000Z,false,72
ASM-0009170,E-0062,problem_solving,INST-problem_solving,v1,42,100,2025-08-01T00:00:00.000Z,true,33
ASM-0009172,E-0062,financial_modeling,INST-financial_modeling,v1,36,100,2025-07-18T00:00:00.000Z,true,46
ASM-0009174,E-0062,compliance_rigor,INST-compliance_rigor,v1,41,100,2025-09-02T00:00:00.000Z,true,29
ASM-0009192,E-0062,communication,INST-communication,v2,52,100,2026-03-08T00:00:00.000Z,true,52
ASM-0009194,E-0062,execution,INST-execution,v2,68,100,2026-03-25T00:00:00.000Z,true,68
ASM-0009196,E-0062,financial_modeling,INST-financial_modeling,v2,53,100,2026-03-06T00:00:00.000Z,true,32
ASM-0009198,E-0062,compliance_rigor,INST-compliance_rigor,v2,71,100,2026-03-10T00:00:00.000Z,true,30
ASM-0009221,E-0062,communication,INST-communication,v2,68,100,2026-07-01T00:00:00.000Z,false,80
ASM-0009223,E-0062,execution,INST-execution,v2,95,100,2026-07-10T00:00:00.000Z,true,68
ASM-0009225,E-0062,financial_modeling,INST-financial_modeling,v2,81,100,2026-09-06T00:00:00.000Z,true,41
ASM-0009227,E-0062,compliance_rigor,INST-compliance_rigor,v2,68,100,2026-07-15T00:00:00.000Z,true,83
ASM-0009266,E-0063,communication,INST-communication,v1,22,100,2025-03-23T00:00:00.000Z,true,62
ASM-0009268,E-0063,execution,INST-execution,v1,37,100,2025-01-04T00:00:00.000Z,true,35
ASM-0009270,E-0063,collaboration,INST-collaboration,v1,32,100,2025-03-18T00:00:00.000Z,true,34
ASM-0009272,E-0063,problem_solving,INST-problem_solving,v1,60,100,2025-03-29T00:00:00.000Z,true,57
ASM-0009274,E-0063,talent_assessment,INST-talent_assessment,v1,42,100,2025-01-01T00:00:00.000Z,false,32
ASM-0009276,E-0063,policy_navigation,INST-policy_navigation,v1,36,100,2025-01-11T00:00:00.000Z,true,59
ASM-0009305,E-0063,communication,INST-communication,v1,16,100,2025-09-07T00:00:00.000Z,true,61
ASM-0009307,E-0063,collaboration,INST-collaboration,v1,38,100,2025-08-14T00:00:00.000Z,false,75
ASM-0009309,E-0063,problem_solving,INST-problem_solving,v1,60,100,2025-07-14T00:00:00.000Z,true,73
ASM-0009311,E-0063,policy_navigation,INST-policy_navigation,v1,30,100,2025-09-15T00:00:00.000Z,true,89
ASM-0009334,E-0063,communication,INST-communication,v2,29,100,2026-02-23T00:00:00.000Z,false,78
ASM-0009336,E-0063,execution,INST-execution,v2,36,100,2026-03-02T00:00:00.000Z,false,31
ASM-0009338,E-0063,collaboration,INST-collaboration,v2,56,100,2026-03-30T00:00:00.000Z,false,31
ASM-0009340,E-0063,problem_solving,INST-problem_solving,v2,31,100,2026-01-01T00:00:00.000Z,true,59
ASM-0009342,E-0063,talent_assessment,INST-talent_assessment,v2,47,100,2026-01-19T00:00:00.000Z,true,76
ASM-0009344,E-0063,policy_navigation,INST-policy_navigation,v2,27,100,2026-03-15T00:00:00.000Z,true,25
ASM-0009379,E-0063,execution,INST-execution,v2,33,100,2026-09-04T00:00:00.000Z,false,31
ASM-0009381,E-0063,problem_solving,INST-problem_solving,v2,37,100,2026-09-05T00:00:00.000Z,false,85
ASM-0009383,E-0063,talent_assessment,INST-talent_assessment,v2,56,100,2026-09-16T00:00:00.000Z,true,67
ASM-0009385,E-0063,policy_navigation,INST-policy_navigation,v2,28,100,2026-08-19T00:00:00.000Z,true,61
ASM-0009421,E-0064,communication,INST-communication,v1,14,100,2025-01-02T00:00:00.000Z,false,85
ASM-0009423,E-0064,collaboration,INST-collaboration,v1,60,100,2025-03-15T00:00:00.000Z,true,75
ASM-0009425,E-0064,problem_solving,INST-problem_solving,v1,21,100,2025-01-05T00:00:00.000Z,false,85
ASM-0009427,E-0064,customer_resolution,INST-customer_resolution,v1,57,100,2025-01-18T00:00:00.000Z,true,61
ASM-0009458,E-0064,communication,INST-communication,v1,35,100,2025-07-30T00:00:00.000Z,true,68
ASM-0009460,E-0064,execution,INST-execution,v1,50,100,2025-09-04T00:00:00.000Z,true,66
ASM-0009462,E-0064,collaboration,INST-collaboration,v1,65,100,2025-08-01T00:00:00.000Z,true,24
ASM-0009464,E-0064,problem_solving,INST-problem_solving,v1,22,100,2025-07-09T00:00:00.000Z,false,58
ASM-0009466,E-0064,customer_resolution,INST-customer_resolution,v1,58,100,2025-07-28T00:00:00.000Z,true,49
ASM-0009468,E-0064,troubleshooting,INST-troubleshooting,v1,26,100,2025-07-02T00:00:00.000Z,false,80
ASM-0009496,E-0064,communication,INST-communication,v2,46,100,2026-01-25T00:00:00.000Z,false,27
ASM-0009498,E-0064,execution,INST-execution,v2,53,100,2026-01-30T00:00:00.000Z,true,39
ASM-0009500,E-0064,collaboration,INST-collaboration,v2,56,100,2026-01-04T00:00:00.000Z,false,31
ASM-0009502,E-0064,problem_solving,INST-problem_solving,v2,50,100,2026-03-26T00:00:00.000Z,false,55
ASM-0009504,E-0064,customer_resolution,INST-customer_resolution,v2,55,100,2026-02-21T00:00:00.000Z,true,79
ASM-0009506,E-0064,troubleshooting,INST-troubleshooting,v2,59,100,2026-03-10T00:00:00.000Z,true,38
ASM-0009527,E-0064,communication,INST-communication,v2,76,100,2026-07-19T00:00:00.000Z,true,78
ASM-0009529,E-0064,execution,INST-execution,v2,37,100,2026-09-26T00:00:00.000Z,false,85
ASM-0009531,E-0064,collaboration,INST-collaboration,v2,60,100,2026-07-30T00:00:00.000Z,true,63
ASM-0009533,E-0064,problem_solving,INST-problem_solving,v2,64,100,2026-09-08T00:00:00.000Z,false,63
ASM-0009535,E-0064,troubleshooting,INST-troubleshooting,v2,60,100,2026-09-10T00:00:00.000Z,true,58
ASM-0009564,E-0065,communication,INST-communication,v1,17,100,2025-02-04T00:00:00.000Z,false,87
ASM-0009566,E-0065,execution,INST-execution,v1,34,100,2025-03-17T00:00:00.000Z,false,27
ASM-0009568,E-0065,collaboration,INST-collaboration,v1,24,100,2025-02-07T00:00:00.000Z,false,49
ASM-0009570,E-0065,problem_solving,INST-problem_solving,v1,76,100,2025-02-05T00:00:00.000Z,true,62
ASM-0009572,E-0065,system_design,INST-system_design,v1,88,100,2025-01-19T00:00:00.000Z,true,37
ASM-0009574,E-0065,code_quality,INST-code_quality,v1,74,100,2025-01-07T00:00:00.000Z,true,20
ASM-0009597,E-0065,communication,INST-communication,v1,29,100,2025-08-03T00:00:00.000Z,false,22
ASM-0009599,E-0065,execution,INST-execution,v1,34,100,2025-09-05T00:00:00.000Z,false,77
ASM-0009601,E-0065,collaboration,INST-collaboration,v1,32,100,2025-07-20T00:00:00.000Z,true,66
ASM-0009603,E-0065,problem_solving,INST-problem_solving,v1,68,100,2025-08-13T00:00:00.000Z,true,22
ASM-0009605,E-0065,code_quality,INST-code_quality,v1,65,100,2025-08-06T00:00:00.000Z,true,30
ASM-0009631,E-0065,communication,INST-communication,v2,41,100,2026-03-24T00:00:00.000Z,true,28
ASM-0009633,E-0065,execution,INST-execution,v2,63,100,2026-02-21T00:00:00.000Z,false,87
ASM-0009635,E-0065,collaboration,INST-collaboration,v2,56,100,2026-02-05T00:00:00.000Z,false,68
ASM-0009637,E-0065,problem_solving,INST-problem_solving,v2,81,100,2026-01-01T00:00:00.000Z,true,51
ASM-0009639,E-0065,system_design,INST-system_design,v2,61,100,2026-02-20T00:00:00.000Z,true,59
ASM-0009641,E-0065,code_quality,INST-code_quality,v2,72,100,2026-03-30T00:00:00.000Z,true,71
ASM-0009661,E-0065,communication,INST-communication,v2,77,100,2026-08-30T00:00:00.000Z,true,20
ASM-0009663,E-0065,execution,INST-execution,v2,69,100,2026-08-25T00:00:00.000Z,false,61
ASM-0009665,E-0065,collaboration,INST-collaboration,v2,59,100,2026-07-31T00:00:00.000Z,false,39
ASM-0009667,E-0065,problem_solving,INST-problem_solving,v2,83,100,2026-07-19T00:00:00.000Z,true,80
ASM-0009669,E-0065,system_design,INST-system_design,v2,61,100,2026-07-26T00:00:00.000Z,true,33
ASM-0009671,E-0065,code_quality,INST-code_quality,v2,76,100,2026-08-10T00:00:00.000Z,true,40
ASM-0009706,E-0066,communication,INST-communication,v1,17,100,2025-02-01T00:00:00.000Z,true,33
ASM-0009708,E-0066,execution,INST-execution,v1,55,100,2025-03-17T00:00:00.000Z,true,45
ASM-0009710,E-0066,collaboration,INST-collaboration,v1,29,100,2025-03-09T00:00:00.000Z,true,35
ASM-0009712,E-0066,problem_solving,INST-problem_solving,v1,62,100,2025-02-07T00:00:00.000Z,false,40
ASM-0009714,E-0066,negotiation,INST-negotiation,v1,72,100,2025-02-15T00:00:00.000Z,true,35
ASM-0009730,E-0066,communication,INST-communication,v1,23,100,2025-09-07T00:00:00.000Z,true,51
ASM-0009732,E-0066,execution,INST-execution,v1,51,100,2025-08-12T00:00:00.000Z,true,84
ASM-0009734,E-0066,collaboration,INST-collaboration,v1,37,100,2025-07-25T00:00:00.000Z,true,49
ASM-0009736,E-0066,problem_solving,INST-problem_solving,v1,67,100,2025-07-14T00:00:00.000Z,true,49
ASM-0009738,E-0066,negotiation,INST-negotiation,v1,61,100,2025-09-16T00:00:00.000Z,false,30
ASM-0009740,E-0066,pipeline_mgmt,INST-pipeline_mgmt,v1,91,100,2025-07-25T00:00:00.000Z,true,87
ASM-0009768,E-0066,communication,INST-communication,v2,48,100,2026-03-15T00:00:00.000Z,true,89
ASM-0009770,E-0066,execution,INST-execution,v2,53,100,2026-01-01T00:00:00.000Z,false,34
ASM-0009772,E-0066,collaboration,INST-collaboration,v2,68,100,2026-02-15T00:00:00.000Z,false,60
ASM-0009774,E-0066,problem_solving,INST-problem_solving,v2,67,100,2026-01-01T00:00:00.000Z,true,29
ASM-0009776,E-0066,negotiation,INST-negotiation,v2,35,100,2026-02-24T00:00:00.000Z,true,74
ASM-0009778,E-0066,pipeline_mgmt,INST-pipeline_mgmt,v2,82,100,2026-01-29T00:00:00.000Z,true,67
ASM-0009814,E-0066,communication,INST-communication,v2,59,100,2026-08-28T00:00:00.000Z,true,76
ASM-0009816,E-0066,execution,INST-execution,v2,34,100,2026-07-22T00:00:00.000Z,false,76
ASM-0009818,E-0066,collaboration,INST-collaboration,v2,64,100,2026-07-11T00:00:00.000Z,true,24
ASM-0009820,E-0066,problem_solving,INST-problem_solving,v2,66,100,2026-09-21T00:00:00.000Z,false,25
ASM-0009822,E-0066,negotiation,INST-negotiation,v2,9,100,2026-09-19T00:00:00.000Z,true,75
ASM-0009824,E-0066,pipeline_mgmt,INST-pipeline_mgmt,v2,64,100,2026-07-01T00:00:00.000Z,true,63
ASM-0009869,E-0067,execution,INST-execution,v1,77,100,2025-02-07T00:00:00.000Z,true,68
ASM-0009871,E-0067,problem_solving,INST-problem_solving,v1,44,100,2025-02-12T00:00:00.000Z,true,80
ASM-0009873,E-0067,campaign_strategy,INST-campaign_strategy,v1,19,100,2025-01-12T00:00:00.000Z,false,80
ASM-0009875,E-0067,content_quality,INST-content_quality,v1,29,100,2025-03-13T00:00:00.000Z,false,21
ASM-0009895,E-0067,communication,INST-communication,v1,37,100,2025-09-07T00:00:00.000Z,true,81
ASM-0009897,E-0067,execution,INST-execution,v1,61,100,2025-09-29T00:00:00.000Z,true,55
ASM-0009899,E-0067,problem_solving,INST-problem_solving,v1,27,100,2025-09-30T00:00:00.000Z,true,64
ASM-0009901,E-0067,campaign_strategy,INST-campaign_strategy,v1,25,100,2025-07-10T00:00:00.000Z,true,48
ASM-0009903,E-0067,content_quality,INST-content_quality,v1,53,100,2025-08-30T00:00:00.000Z,false,58
ASM-0009921,E-0067,communication,INST-communication,v2,27,100,2026-01-19T00:00:00.000Z,false,23
ASM-0009923,E-0067,execution,INST-execution,v2,48,100,2026-01-09T00:00:00.000Z,true,41
ASM-0009925,E-0067,campaign_strategy,INST-campaign_strategy,v2,30,100,2026-03-21T00:00:00.000Z,true,22
ASM-0009927,E-0067,content_quality,INST-content_quality,v2,61,100,2026-01-31T00:00:00.000Z,false,52
ASM-0009951,E-0067,communication,INST-communication,v2,33,100,2026-09-22T00:00:00.000Z,false,86
ASM-0009953,E-0067,execution,INST-execution,v2,57,100,2026-08-01T00:00:00.000Z,false,43
ASM-0009955,E-0067,campaign_strategy,INST-campaign_strategy,v2,30,100,2026-08-02T00:00:00.000Z,true,32
ASM-0009996,E-0068,communication,INST-communication,v1,42,100,2025-02-04T00:00:00.000Z,false,42
ASM-0009998,E-0068,execution,INST-execution,v1,42,100,2025-02-22T00:00:00.000Z,true,47
ASM-0010000,E-0068,collaboration,INST-collaboration,v1,39,100,2025-01-11T00:00:00.000Z,true,63
ASM-0010002,E-0068,problem_solving,INST-problem_solving,v1,21,100,2025-02-20T00:00:00.000Z,true,27
ASM-0010004,E-0068,stakeholder_alignment,INST-stakeholder_alignment,v1,47,100,2025-03-22T00:00:00.000Z,true,74
ASM-0010028,E-0068,communication,INST-communication,v1,31,100,2025-08-31T00:00:00.000Z,true,42
ASM-0010030,E-0068,execution,INST-execution,v1,35,100,2025-07-23T00:00:00.000Z,true,40
ASM-0010032,E-0068,problem_solving,INST-problem_solving,v1,34,100,2025-09-08T00:00:00.000Z,true,35
ASM-0010034,E-0068,roadmap_prioritization,INST-roadmap_prioritization,v1,51,100,2025-08-09T00:00:00.000Z,true,83
ASM-0010036,E-0068,stakeholder_alignment,INST-stakeholder_alignment,v1,63,100,2025-07-11T00:00:00.000Z,true,43
ASM-0010049,E-0068,execution,INST-execution,v2,35,100,2026-03-28T00:00:00.000Z,true,42
ASM-0010051,E-0068,problem_solving,INST-problem_solving,v2,57,100,2026-03-03T00:00:00.000Z,true,23
ASM-0010053,E-0068,roadmap_prioritization,INST-roadmap_prioritization,v2,61,100,2026-01-04T00:00:00.000Z,true,26
ASM-0010055,E-0068,stakeholder_alignment,INST-stakeholder_alignment,v2,84,100,2026-03-26T00:00:00.000Z,false,48
ASM-0010081,E-0068,communication,INST-communication,v2,38,100,2026-07-27T00:00:00.000Z,true,78
ASM-0010083,E-0068,execution,INST-execution,v2,54,100,2026-07-03T00:00:00.000Z,true,63
ASM-0010085,E-0068,collaboration,INST-collaboration,v2,56,100,2026-08-23T00:00:00.000Z,true,30
ASM-0010087,E-0068,problem_solving,INST-problem_solving,v2,71,100,2026-07-06T00:00:00.000Z,false,29
ASM-0010089,E-0068,roadmap_prioritization,INST-roadmap_prioritization,v2,99,100,2026-08-14T00:00:00.000Z,false,51
ASM-0010091,E-0068,stakeholder_alignment,INST-stakeholder_alignment,v2,100,100,2026-07-11T00:00:00.000Z,false,70
ASM-0010132,E-0069,communication,INST-communication,v1,54,100,2025-03-25T00:00:00.000Z,true,46
ASM-0010134,E-0069,execution,INST-execution,v1,20,100,2025-01-29T00:00:00.000Z,true,66
ASM-0010136,E-0069,collaboration,INST-collaboration,v1,54,100,2025-02-03T00:00:00.000Z,true,77
ASM-0010138,E-0069,problem_solving,INST-problem_solving,v1,66,100,2025-01-12T00:00:00.000Z,true,76
ASM-0010140,E-0069,ux_research,INST-ux_research,v1,31,100,2025-01-17T00:00:00.000Z,true,35
ASM-0010177,E-0069,communication,INST-communication,v1,43,100,2025-07-13T00:00:00.000Z,false,68
ASM-0010179,E-0069,execution,INST-execution,v1,15,100,2025-09-01T00:00:00.000Z,true,39
ASM-0010181,E-0069,problem_solving,INST-problem_solving,v1,60,100,2025-07-02T00:00:00.000Z,true,46
ASM-0010183,E-0069,visual_craft,INST-visual_craft,v1,52,100,2025-08-20T00:00:00.000Z,true,55
ASM-0010185,E-0069,ux_research,INST-ux_research,v1,45,100,2025-07-29T00:00:00.000Z,false,52
ASM-0010220,E-0069,execution,INST-execution,v2,25,100,2026-03-29T00:00:00.000Z,true,29
ASM-0010222,E-0069,visual_craft,INST-visual_craft,v2,53,100,2026-03-14T00:00:00.000Z,false,30
ASM-0010224,E-0069,ux_research,INST-ux_research,v2,63,100,2026-02-18T00:00:00.000Z,false,46
ASM-0010246,E-0069,communication,INST-communication,v2,51,100,2026-08-15T00:00:00.000Z,true,70
ASM-0010248,E-0069,execution,INST-execution,v2,42,100,2026-09-09T00:00:00.000Z,true,79
ASM-0010250,E-0069,collaboration,INST-collaboration,v2,23,100,2026-08-16T00:00:00.000Z,true,61
ASM-0010252,E-0069,problem_solving,INST-problem_solving,v2,49,100,2026-08-02T00:00:00.000Z,true,86
ASM-0010254,E-0069,visual_craft,INST-visual_craft,v2,39,100,2026-09-06T00:00:00.000Z,true,68
ASM-0010256,E-0069,ux_research,INST-ux_research,v2,90,100,2026-07-20T00:00:00.000Z,false,81
ASM-0010296,E-0070,communication,INST-communication,v1,67,100,2025-03-05T00:00:00.000Z,false,57
ASM-0010298,E-0070,execution,INST-execution,v1,18,100,2025-01-19T00:00:00.000Z,false,62
ASM-0010300,E-0070,collaboration,INST-collaboration,v1,33,100,2025-03-14T00:00:00.000Z,true,50
ASM-0010302,E-0070,financial_modeling,INST-financial_modeling,v1,31,100,2025-03-02T00:00:00.000Z,true,42
ASM-0010304,E-0070,compliance_rigor,INST-compliance_rigor,v1,37,100,2025-01-17T00:00:00.000Z,true,81
ASM-0010333,E-0070,communication,INST-communication,v1,64,100,2025-07-26T00:00:00.000Z,true,42
ASM-0010335,E-0070,collaboration,INST-collaboration,v1,41,100,2025-09-20T00:00:00.000Z,true,64
ASM-0010337,E-0070,financial_modeling,INST-financial_modeling,v1,7,100,2025-08-23T00:00:00.000Z,false,36
ASM-0010339,E-0070,compliance_rigor,INST-compliance_rigor,v1,58,100,2025-08-23T00:00:00.000Z,true,28
ASM-0010365,E-0070,communication,INST-communication,v2,67,100,2026-01-26T00:00:00.000Z,true,87
ASM-0010367,E-0070,collaboration,INST-collaboration,v2,36,100,2026-03-10T00:00:00.000Z,false,79
ASM-0010369,E-0070,problem_solving,INST-problem_solving,v2,69,100,2026-03-18T00:00:00.000Z,true,22
ASM-0010371,E-0070,financial_modeling,INST-financial_modeling,v2,37,100,2026-02-14T00:00:00.000Z,true,75
ASM-0010373,E-0070,compliance_rigor,INST-compliance_rigor,v2,75,100,2026-02-06T00:00:00.000Z,false,41
ASM-0010402,E-0070,communication,INST-communication,v2,67,100,2026-07-08T00:00:00.000Z,true,62
ASM-0010404,E-0070,execution,INST-execution,v2,64,100,2026-07-02T00:00:00.000Z,true,86
ASM-0010406,E-0070,collaboration,INST-collaboration,v2,52,100,2026-07-08T00:00:00.000Z,true,29
ASM-0010408,E-0070,problem_solving,INST-problem_solving,v2,56,100,2026-08-12T00:00:00.000Z,false,84
ASM-0010410,E-0070,financial_modeling,INST-financial_modeling,v2,46,100,2026-08-18T00:00:00.000Z,false,69
ASM-0010412,E-0070,compliance_rigor,INST-compliance_rigor,v2,89,100,2026-09-07T00:00:00.000Z,true,78
ASM-0010448,E-0071,communication,INST-communication,v1,91,100,2025-01-20T00:00:00.000Z,true,71
ASM-0010450,E-0071,execution,INST-execution,v1,59,100,2025-01-30T00:00:00.000Z,true,65
ASM-0010452,E-0071,collaboration,INST-collaboration,v1,43,100,2025-02-16T00:00:00.000Z,true,48
ASM-0010454,E-0071,problem_solving,INST-problem_solving,v1,45,100,2025-01-04T00:00:00.000Z,true,31
ASM-0010456,E-0071,talent_assessment,INST-talent_assessment,v1,83,100,2025-01-26T00:00:00.000Z,true,66
ASM-0010458,E-0071,policy_navigation,INST-policy_navigation,v1,35,100,2025-02-22T00:00:00.000Z,false,53
ASM-0010492,E-0071,communication,INST-communication,v1,61,100,2025-08-03T00:00:00.000Z,true,61
ASM-0010494,E-0071,execution,INST-execution,v1,54,100,2025-08-09T00:00:00.000Z,true,72
ASM-0010496,E-0071,collaboration,INST-collaboration,v1,37,100,2025-07-12T00:00:00.000Z,false,35
ASM-0010498,E-0071,problem_solving,INST-problem_solving,v1,45,100,2025-09-13T00:00:00.000Z,false,65
ASM-0010500,E-0071,talent_assessment,INST-talent_assessment,v1,66,100,2025-08-29T00:00:00.000Z,true,88
ASM-0010502,E-0071,policy_navigation,INST-policy_navigation,v1,48,100,2025-07-25T00:00:00.000Z,true,39
ASM-0010518,E-0071,communication,INST-communication,v2,56,100,2026-02-21T00:00:00.000Z,true,39
ASM-0010520,E-0071,execution,INST-execution,v2,43,100,2026-01-13T00:00:00.000Z,true,47
ASM-0010522,E-0071,collaboration,INST-collaboration,v2,61,100,2026-02-06T00:00:00.000Z,true,55
ASM-0010524,E-0071,problem_solving,INST-problem_solving,v2,58,100,2026-02-20T00:00:00.000Z,true,24
ASM-0010526,E-0071,talent_assessment,INST-talent_assessment,v2,55,100,2026-02-19T00:00:00.000Z,true,62
ASM-0010564,E-0071,execution,INST-execution,v2,49,100,2026-09-10T00:00:00.000Z,true,62
ASM-0010566,E-0071,collaboration,INST-collaboration,v2,62,100,2026-07-15T00:00:00.000Z,true,89
ASM-0010568,E-0071,talent_assessment,INST-talent_assessment,v2,46,100,2026-08-10T00:00:00.000Z,true,40
ASM-0010570,E-0071,policy_navigation,INST-policy_navigation,v2,74,100,2026-08-28T00:00:00.000Z,true,44
ASM-0010596,E-0072,execution,INST-execution,v1,63,100,2025-02-14T00:00:00.000Z,false,59
ASM-0010598,E-0072,collaboration,INST-collaboration,v1,22,100,2025-02-25T00:00:00.000Z,false,26
ASM-0010600,E-0072,problem_solving,INST-problem_solving,v1,33,100,2025-02-20T00:00:00.000Z,true,61
ASM-0010602,E-0072,customer_resolution,INST-customer_resolution,v1,48,100,2025-02-27T00:00:00.000Z,true,44
ASM-0010604,E-0072,troubleshooting,INST-troubleshooting,v1,43,100,2025-02-28T00:00:00.000Z,true,35
ASM-0010627,E-0072,execution,INST-execution,v1,61,100,2025-07-07T00:00:00.000Z,true,59
ASM-0010629,E-0072,collaboration,INST-collaboration,v1,44,100,2025-08-06T00:00:00.000Z,true,61
ASM-0010631,E-0072,problem_solving,INST-problem_solving,v1,41,100,2025-09-01T00:00:00.000Z,false,38
ASM-0010633,E-0072,customer_resolution,INST-customer_resolution,v1,41,100,2025-08-08T00:00:00.000Z,false,28
ASM-0010635,E-0072,troubleshooting,INST-troubleshooting,v1,31,100,2025-07-24T00:00:00.000Z,false,56
ASM-0010668,E-0072,communication,INST-communication,v2,35,100,2026-01-31T00:00:00.000Z,true,41
ASM-0010670,E-0072,execution,INST-execution,v2,48,100,2026-03-18T00:00:00.000Z,false,81
ASM-0010672,E-0072,collaboration,INST-collaboration,v2,50,100,2026-03-27T00:00:00.000Z,true,52
ASM-0010674,E-0072,customer_resolution,INST-customer_resolution,v2,57,100,2026-03-18T00:00:00.000Z,true,47
ASM-0010676,E-0072,troubleshooting,INST-troubleshooting,v2,40,100,2026-01-30T00:00:00.000Z,true,70
ASM-0010706,E-0072,communication,INST-communication,v2,67,100,2026-07-15T00:00:00.000Z,true,36
ASM-0010708,E-0072,execution,INST-execution,v2,37,100,2026-07-17T00:00:00.000Z,true,25
ASM-0010710,E-0072,collaboration,INST-collaboration,v2,68,100,2026-07-19T00:00:00.000Z,true,63
ASM-0010712,E-0072,problem_solving,INST-problem_solving,v2,29,100,2026-08-22T00:00:00.000Z,true,72
ASM-0010714,E-0072,troubleshooting,INST-troubleshooting,v2,29,100,2026-07-06T00:00:00.000Z,true,34
ASM-0010762,E-0073,communication,INST-communication,v1,73,100,2025-02-08T00:00:00.000Z,true,21
ASM-0010764,E-0073,collaboration,INST-collaboration,v1,41,100,2025-01-01T00:00:00.000Z,true,58
ASM-0010766,E-0073,problem_solving,INST-problem_solving,v1,75,100,2025-02-25T00:00:00.000Z,true,57
ASM-0010768,E-0073,system_design,INST-system_design,v1,36,100,2025-02-17T00:00:00.000Z,true,59
ASM-0010795,E-0073,communication,INST-communication,v1,57,100,2025-09-13T00:00:00.000Z,false,55
ASM-0010797,E-0073,execution,INST-execution,v1,67,100,2025-07-28T00:00:00.000Z,true,39
ASM-0010799,E-0073,collaboration,INST-collaboration,v1,28,100,2025-07-20T00:00:00.000Z,true,36
ASM-0010801,E-0073,problem_solving,INST-problem_solving,v1,70,100,2025-07-30T00:00:00.000Z,true,30
ASM-0010803,E-0073,system_design,INST-system_design,v1,32,100,2025-08-27T00:00:00.000Z,true,65
ASM-0010805,E-0073,code_quality,INST-code_quality,v1,53,100,2025-08-02T00:00:00.000Z,true,85
ASM-0010832,E-0073,execution,INST-execution,v2,56,100,2026-02-01T00:00:00.000Z,true,44
ASM-0010834,E-0073,collaboration,INST-collaboration,v2,41,100,2026-01-18T00:00:00.000Z,true,46
ASM-0010836,E-0073,problem_solving,INST-problem_solving,v2,33,100,2026-01-08T00:00:00.000Z,true,48
ASM-0010838,E-0073,system_design,INST-system_design,v2,40,100,2026-03-10T00:00:00.000Z,false,34
ASM-0010840,E-0073,code_quality,INST-code_quality,v2,59,100,2026-03-25T00:00:00.000Z,true,28
ASM-0010868,E-0073,communication,INST-communication,v2,24,100,2026-07-24T00:00:00.000Z,true,58
ASM-0010870,E-0073,execution,INST-execution,v2,34,100,2026-07-09T00:00:00.000Z,true,86
ASM-0010872,E-0073,collaboration,INST-collaboration,v2,20,100,2026-08-07T00:00:00.000Z,true,40
ASM-0010874,E-0073,problem_solving,INST-problem_solving,v2,24,100,2026-09-28T00:00:00.000Z,true,32
ASM-0010876,E-0073,code_quality,INST-code_quality,v2,60,100,2026-09-29T00:00:00.000Z,true,57
ASM-0010919,E-0074,communication,INST-communication,v1,12,100,2025-01-04T00:00:00.000Z,true,25
ASM-0010921,E-0074,execution,INST-execution,v1,23,100,2025-02-21T00:00:00.000Z,false,62
ASM-0010923,E-0074,collaboration,INST-collaboration,v1,74,100,2025-01-14T00:00:00.000Z,false,47
ASM-0010925,E-0074,problem_solving,INST-problem_solving,v1,37,100,2025-01-18T00:00:00.000Z,false,37
ASM-0010927,E-0074,negotiation,INST-negotiation,v1,31,100,2025-02-04T00:00:00.000Z,true,36
ASM-0010929,E-0074,pipeline_mgmt,INST-pipeline_mgmt,v1,26,100,2025-03-10T00:00:00.000Z,false,75
ASM-0010948,E-0074,communication,INST-communication,v1,33,100,2025-08-19T00:00:00.000Z,true,76
ASM-0010950,E-0074,execution,INST-execution,v1,33,100,2025-07-26T00:00:00.000Z,true,85
ASM-0010952,E-0074,problem_solving,INST-problem_solving,v1,30,100,2025-09-13T00:00:00.000Z,false,80
ASM-0010954,E-0074,negotiation,INST-negotiation,v1,40,100,2025-07-16T00:00:00.000Z,true,31
ASM-0010982,E-0074,communication,INST-communication,v2,18,100,2026-03-26T00:00:00.000Z,true,25
ASM-0010984,E-0074,execution,INST-execution,v2,20,100,2026-01-07T00:00:00.000Z,true,80
ASM-0010986,E-0074,collaboration,INST-collaboration,v2,42,100,2026-01-20T00:00:00.000Z,true,77
ASM-0010988,E-0074,problem_solving,INST-problem_solving,v2,33,100,2026-02-01T00:00:00.000Z,true,30
ASM-0010990,E-0074,negotiation,INST-negotiation,v2,52,100,2026-01-03T00:00:00.000Z,false,88
ASM-0010992,E-0074,pipeline_mgmt,INST-pipeline_mgmt,v2,47,100,2026-01-24T00:00:00.000Z,true,80
ASM-0011028,E-0074,communication,INST-communication,v2,2,100,2026-08-11T00:00:00.000Z,true,80
ASM-0011030,E-0074,execution,INST-execution,v2,24,100,2026-08-15T00:00:00.000Z,true,21
ASM-0011032,E-0074,problem_solving,INST-problem_solving,v2,35,100,2026-09-14T00:00:00.000Z,true,74
ASM-0011034,E-0074,negotiation,INST-negotiation,v2,71,100,2026-09-09T00:00:00.000Z,false,60
ASM-0011036,E-0074,pipeline_mgmt,INST-pipeline_mgmt,v2,73,100,2026-09-09T00:00:00.000Z,false,22
ASM-0011074,E-0075,communication,INST-communication,v1,62,100,2025-03-21T00:00:00.000Z,true,86
ASM-0011076,E-0075,execution,INST-execution,v1,57,100,2025-03-11T00:00:00.000Z,false,54
ASM-0011078,E-0075,collaboration,INST-collaboration,v1,47,100,2025-01-04T00:00:00.000Z,false,71
ASM-0011080,E-0075,problem_solving,INST-problem_solving,v1,84,100,2025-02-17T00:00:00.000Z,false,41
ASM-0011082,E-0075,campaign_strategy,INST-campaign_strategy,v1,44,100,2025-03-31T00:00:00.000Z,false,42
ASM-0011084,E-0075,content_quality,INST-content_quality,v1,61,100,2025-02-14T00:00:00.000Z,true,37
ASM-0011106,E-0075,communication,INST-communication,v1,56,100,2025-09-26T00:00:00.000Z,true,41
ASM-0011108,E-0075,execution,INST-execution,v1,66,100,2025-08-31T00:00:00.000Z,false,26
ASM-0011110,E-0075,problem_solving,INST-problem_solving,v1,73,100,2025-09-28T00:00:00.000Z,false,76
ASM-0011112,E-0075,content_quality,INST-content_quality,v1,62,100,2025-09-08T00:00:00.000Z,true,66
ASM-0011142,E-0075,communication,INST-communication,v2,29,100,2026-02-07T00:00:00.000Z,true,54
ASM-0011144,E-0075,execution,INST-execution,v2,67,100,2026-01-10T00:00:00.000Z,false,49
ASM-0011146,E-0075,collaboration,INST-collaboration,v2,53,100,2026-03-14T00:00:00.000Z,true,31
ASM-0011148,E-0075,problem_solving,INST-problem_solving,v2,46,100,2026-01-10T00:00:00.000Z,true,65
ASM-0011150,E-0075,content_quality,INST-content_quality,v2,70,100,2026-03-19T00:00:00.000Z,true,27
ASM-0011176,E-0075,execution,INST-execution,v2,63,100,2026-09-22T00:00:00.000Z,true,60
ASM-0011178,E-0075,collaboration,INST-collaboration,v2,61,100,2026-08-11T00:00:00.000Z,false,55
ASM-0011180,E-0075,content_quality,INST-content_quality,v2,51,100,2026-08-15T00:00:00.000Z,false,20
ASM-0011213,E-0076,communication,INST-communication,v1,68,100,2025-02-22T00:00:00.000Z,false,22
ASM-0011215,E-0076,collaboration,INST-collaboration,v1,37,100,2025-03-23T00:00:00.000Z,false,66
ASM-0011217,E-0076,problem_solving,INST-problem_solving,v1,61,100,2025-03-21T00:00:00.000Z,true,22
ASM-0011219,E-0076,stakeholder_alignment,INST-stakeholder_alignment,v1,20,100,2025-01-05T00:00:00.000Z,true,22
ASM-0011240,E-0076,communication,INST-communication,v1,46,100,2025-08-24T00:00:00.000Z,true,68
ASM-0011242,E-0076,execution,INST-execution,v1,64,100,2025-09-01T00:00:00.000Z,false,47
ASM-0011244,E-0076,problem_solving,INST-problem_solving,v1,53,100,2025-09-20T00:00:00.000Z,true,50
ASM-0011246,E-0076,roadmap_prioritization,INST-roadmap_prioritization,v1,33,100,2025-09-08T00:00:00.000Z,true,49
ASM-0011248,E-0076,stakeholder_alignment,INST-stakeholder_alignment,v1,42,100,2025-08-19T00:00:00.000Z,true,87
ASM-0011270,E-0076,communication,INST-communication,v2,22,100,2026-03-24T00:00:00.000Z,true,42
ASM-0011272,E-0076,execution,INST-execution,v2,61,100,2026-02-09T00:00:00.000Z,true,58
ASM-0011274,E-0076,collaboration,INST-collaboration,v2,44,100,2026-01-31T00:00:00.000Z,false,78
ASM-0011276,E-0076,problem_solving,INST-problem_solving,v2,31,100,2026-02-12T00:00:00.000Z,false,26
ASM-0011278,E-0076,roadmap_prioritization,INST-roadmap_prioritization,v2,31,100,2026-02-01T00:00:00.000Z,false,84
ASM-0011280,E-0076,stakeholder_alignment,INST-stakeholder_alignment,v2,38,100,2026-03-06T00:00:00.000Z,true,42
ASM-0011319,E-0076,communication,INST-communication,v2,22,100,2026-07-17T00:00:00.000Z,true,64
ASM-0011321,E-0076,execution,INST-execution,v2,16,100,2026-09-22T00:00:00.000Z,true,72
ASM-0011323,E-0076,problem_solving,INST-problem_solving,v2,38,100,2026-09-12T00:00:00.000Z,false,34
ASM-0011325,E-0076,roadmap_prioritization,INST-roadmap_prioritization,v2,39,100,2026-07-19T00:00:00.000Z,true,32
ASM-0011327,E-0076,stakeholder_alignment,INST-stakeholder_alignment,v2,47,100,2026-07-08T00:00:00.000Z,true,74
ASM-0011361,E-0077,communication,INST-communication,v1,38,100,2025-01-02T00:00:00.000Z,true,46
ASM-0011363,E-0077,execution,INST-execution,v1,29,100,2025-02-06T00:00:00.000Z,true,22
ASM-0011365,E-0077,problem_solving,INST-problem_solving,v1,19,100,2025-03-22T00:00:00.000Z,false,77
ASM-0011367,E-0077,visual_craft,INST-visual_craft,v1,11,100,2025-02-02T00:00:00.000Z,false,24
ASM-0011369,E-0077,ux_research,INST-ux_research,v1,17,100,2025-03-25T00:00:00.000Z,true,39
ASM-0011406,E-0077,communication,INST-communication,v1,44,100,2025-08-09T00:00:00.000Z,true,47
ASM-0011408,E-0077,execution,INST-execution,v1,20,100,2025-09-15T00:00:00.000Z,true,84
ASM-0011410,E-0077,collaboration,INST-collaboration,v1,31,100,2025-08-25T00:00:00.000Z,false,53
ASM-0011412,E-0077,problem_solving,INST-problem_solving,v1,38,100,2025-08-19T00:00:00.000Z,true,44
ASM-0011414,E-0077,visual_craft,INST-visual_craft,v1,36,100,2025-07-16T00:00:00.000Z,true,46
ASM-0011416,E-0077,ux_research,INST-ux_research,v1,30,100,2025-08-29T00:00:00.000Z,true,55
ASM-0011444,E-0077,communication,INST-communication,v2,45,100,2026-02-22T00:00:00.000Z,true,48
ASM-0011446,E-0077,execution,INST-execution,v2,26,100,2026-03-14T00:00:00.000Z,true,29
ASM-0011448,E-0077,collaboration,INST-collaboration,v2,33,100,2026-02-27T00:00:00.000Z,true,83
ASM-0011450,E-0077,problem_solving,INST-problem_solving,v2,47,100,2026-02-06T00:00:00.000Z,false,50
ASM-0011452,E-0077,visual_craft,INST-visual_craft,v2,47,100,2026-03-16T00:00:00.000Z,true,56
ASM-0011469,E-0077,communication,INST-communication,v2,64,100,2026-09-28T00:00:00.000Z,true,54
ASM-0011471,E-0077,execution,INST-execution,v2,47,100,2026-07-22T00:00:00.000Z,true,54
ASM-0011473,E-0077,collaboration,INST-collaboration,v2,33,100,2026-08-18T00:00:00.000Z,true,33
ASM-0011475,E-0077,problem_solving,INST-problem_solving,v2,14,100,2026-08-16T00:00:00.000Z,false,72
ASM-0011477,E-0077,visual_craft,INST-visual_craft,v2,62,100,2026-07-03T00:00:00.000Z,true,63
ASM-0011479,E-0077,ux_research,INST-ux_research,v2,56,100,2026-08-20T00:00:00.000Z,true,41
ASM-0011524,E-0078,communication,INST-communication,v1,39,100,2025-01-24T00:00:00.000Z,true,52
ASM-0011526,E-0078,execution,INST-execution,v1,19,100,2025-01-08T00:00:00.000Z,true,86
ASM-0011528,E-0078,collaboration,INST-collaboration,v1,19,100,2025-02-18T00:00:00.000Z,true,77
ASM-0011530,E-0078,problem_solving,INST-problem_solving,v1,73,100,2025-03-23T00:00:00.000Z,true,70
ASM-0011532,E-0078,financial_modeling,INST-financial_modeling,v1,29,100,2025-01-21T00:00:00.000Z,false,89
ASM-0011534,E-0078,compliance_rigor,INST-compliance_rigor,v1,54,100,2025-01-24T00:00:00.000Z,true,43
ASM-0011565,E-0078,communication,INST-communication,v1,28,100,2025-08-13T00:00:00.000Z,true,45
ASM-0011567,E-0078,execution,INST-execution,v1,17,100,2025-08-16T00:00:00.000Z,true,24
ASM-0011569,E-0078,collaboration,INST-collaboration,v1,31,100,2025-08-13T00:00:00.000Z,false,81
ASM-0011571,E-0078,financial_modeling,INST-financial_modeling,v1,37,100,2025-07-01T00:00:00.000Z,false,20
ASM-0011573,E-0078,compliance_rigor,INST-compliance_rigor,v1,40,100,2025-08-19T00:00:00.000Z,false,81
ASM-0011610,E-0078,communication,INST-communication,v2,30,100,2026-03-17T00:00:00.000Z,true,47
ASM-0011612,E-0078,collaboration,INST-collaboration,v2,45,100,2026-02-01T00:00:00.000Z,true,76
ASM-0011614,E-0078,problem_solving,INST-problem_solving,v2,47,100,2026-03-20T00:00:00.000Z,true,72
ASM-0011616,E-0078,financial_modeling,INST-financial_modeling,v2,36,100,2026-01-23T00:00:00.000Z,true,71
ASM-0011618,E-0078,compliance_rigor,INST-compliance_rigor,v2,75,100,2026-01-27T00:00:00.000Z,true,52
ASM-0011650,E-0078,communication,INST-communication,v2,47,100,2026-08-17T00:00:00.000Z,false,44
ASM-0011652,E-0078,execution,INST-execution,v2,43,100,2026-07-07T00:00:00.000Z,true,54
ASM-0011654,E-0078,collaboration,INST-collaboration,v2,20,100,2026-07-05T00:00:00.000Z,true,50
ASM-0011656,E-0078,problem_solving,INST-problem_solving,v2,16,100,2026-08-20T00:00:00.000Z,true,45
ASM-0011658,E-0078,financial_modeling,INST-financial_modeling,v2,59,100,2026-08-03T00:00:00.000Z,true,21
ASM-0011697,E-0079,communication,INST-communication,v1,35,100,2025-02-17T00:00:00.000Z,true,50
ASM-0011699,E-0079,execution,INST-execution,v1,28,100,2025-01-09T00:00:00.000Z,true,27
ASM-0011701,E-0079,collaboration,INST-collaboration,v1,18,100,2025-02-01T00:00:00.000Z,true,71
ASM-0011703,E-0079,problem_solving,INST-problem_solving,v1,25,100,2025-01-22T00:00:00.000Z,true,85
ASM-0011705,E-0079,policy_navigation,INST-policy_navigation,v1,35,100,2025-01-07T00:00:00.000Z,true,58
ASM-0011723,E-0079,communication,INST-communication,v1,40,100,2025-07-27T00:00:00.000Z,true,50
ASM-0011725,E-0079,execution,INST-execution,v1,56,100,2025-07-17T00:00:00.000Z,true,31
ASM-0011727,E-0079,collaboration,INST-collaboration,v1,46,100,2025-08-01T00:00:00.000Z,true,77
ASM-0011729,E-0079,problem_solving,INST-problem_solving,v1,43,100,2025-09-01T00:00:00.000Z,false,48
ASM-0011731,E-0079,policy_navigation,INST-policy_navigation,v1,47,100,2025-09-18T00:00:00.000Z,true,43
ASM-0011760,E-0079,communication,INST-communication,v2,34,100,2026-02-07T00:00:00.000Z,true,29
ASM-0011762,E-0079,execution,INST-execution,v2,55,100,2026-03-01T00:00:00.000Z,false,27
ASM-0011764,E-0079,policy_navigation,INST-policy_navigation,v2,45,100,2026-01-16T00:00:00.000Z,false,47
ASM-0011781,E-0079,communication,INST-communication,v2,44,100,2026-09-16T00:00:00.000Z,true,24
ASM-0011783,E-0079,execution,INST-execution,v2,61,100,2026-07-16T00:00:00.000Z,true,80
ASM-0011785,E-0079,problem_solving,INST-problem_solving,v2,81,100,2026-09-16T00:00:00.000Z,true,83
ASM-0011814,E-0080,communication,INST-communication,v1,39,100,2025-01-12T00:00:00.000Z,true,79
ASM-0011816,E-0080,execution,INST-execution,v1,16,100,2025-01-25T00:00:00.000Z,true,71
ASM-0011818,E-0080,collaboration,INST-collaboration,v1,29,100,2025-01-27T00:00:00.000Z,false,75
ASM-0011820,E-0080,problem_solving,INST-problem_solving,v1,23,100,2025-01-12T00:00:00.000Z,true,50
ASM-0011822,E-0080,troubleshooting,INST-troubleshooting,v1,34,100,2025-02-23T00:00:00.000Z,true,81
ASM-0011843,E-0080,execution,INST-execution,v1,28,100,2025-07-01T00:00:00.000Z,true,62
ASM-0011845,E-0080,collaboration,INST-collaboration,v1,17,100,2025-09-13T00:00:00.000Z,true,23
ASM-0011847,E-0080,problem_solving,INST-problem_solving,v1,35,100,2025-09-23T00:00:00.000Z,true,20
ASM-0011849,E-0080,troubleshooting,INST-troubleshooting,v1,35,100,2025-09-03T00:00:00.000Z,true,80
ASM-0011875,E-0080,communication,INST-communication,v2,46,100,2026-01-07T00:00:00.000Z,true,67
ASM-0011877,E-0080,execution,INST-execution,v2,23,100,2026-02-21T00:00:00.000Z,true,83
ASM-0011879,E-0080,collaboration,INST-collaboration,v2,8,100,2026-01-31T00:00:00.000Z,false,80
ASM-0011881,E-0080,problem_solving,INST-problem_solving,v2,30,100,2026-02-07T00:00:00.000Z,true,58
ASM-0011883,E-0080,troubleshooting,INST-troubleshooting,v2,55,100,2026-03-07T00:00:00.000Z,true,81
ASM-0011912,E-0080,communication,INST-communication,v2,71,100,2026-09-27T00:00:00.000Z,false,76
ASM-0011914,E-0080,execution,INST-execution,v2,50,100,2026-09-01T00:00:00.000Z,true,73
ASM-0011916,E-0080,collaboration,INST-collaboration,v2,20,100,2026-07-12T00:00:00.000Z,false,51
ASM-0011918,E-0080,problem_solving,INST-problem_solving,v2,33,100,2026-07-02T00:00:00.000Z,true,25
ASM-0011920,E-0080,troubleshooting,INST-troubleshooting,v2,86,100,2026-07-05T00:00:00.000Z,false,46
ASM-0011961,E-0081,execution,INST-execution,v1,47,100,2025-02-12T00:00:00.000Z,true,88
ASM-0011963,E-0081,collaboration,INST-collaboration,v1,33,100,2025-01-03T00:00:00.000Z,true,73
ASM-0011965,E-0081,problem_solving,INST-problem_solving,v1,27,100,2025-01-05T00:00:00.000Z,true,37
ASM-0011993,E-0081,execution,INST-execution,v1,18,100,2025-09-23T00:00:00.000Z,true,25
ASM-0011995,E-0081,collaboration,INST-collaboration,v1,39,100,2025-07-08T00:00:00.000Z,true,21
ASM-0011997,E-0081,problem_solving,INST-problem_solving,v1,36,100,2025-09-13T00:00:00.000Z,false,61
ASM-0011999,E-0081,system_design,INST-system_design,v1,22,100,2025-08-29T00:00:00.000Z,false,85
ASM-0012001,E-0081,code_quality,INST-code_quality,v1,53,100,2025-08-31T00:00:00.000Z,false,52
ASM-0012035,E-0081,communication,INST-communication,v2,26,100,2026-03-30T00:00:00.000Z,true,59
ASM-0012037,E-0081,execution,INST-execution,v2,9,100,2026-02-26T00:00:00.000Z,false,35
ASM-0012039,E-0081,problem_solving,INST-problem_solving,v2,40,100,2026-02-23T00:00:00.000Z,true,76
ASM-0012041,E-0081,code_quality,INST-code_quality,v2,51,100,2026-02-07T00:00:00.000Z,true,22
ASM-0012065,E-0081,communication,INST-communication,v2,35,100,2026-09-23T00:00:00.000Z,true,60
ASM-0012067,E-0081,execution,INST-execution,v2,26,100,2026-09-05T00:00:00.000Z,true,69
ASM-0012069,E-0081,collaboration,INST-collaboration,v2,29,100,2026-08-14T00:00:00.000Z,true,55
ASM-0012071,E-0081,problem_solving,INST-problem_solving,v2,35,100,2026-07-01T00:00:00.000Z,true,83
ASM-0012073,E-0081,system_design,INST-system_design,v2,21,100,2026-07-15T00:00:00.000Z,true,22
ASM-0012075,E-0081,code_quality,INST-code_quality,v2,35,100,2026-07-14T00:00:00.000Z,true,44
ASM-0012131,E-0082,communication,INST-communication,v1,43,100,2025-02-25T00:00:00.000Z,true,75
ASM-0012133,E-0082,execution,INST-execution,v1,37,100,2025-03-03T00:00:00.000Z,false,64
ASM-0012135,E-0082,collaboration,INST-collaboration,v1,77,100,2025-02-16T00:00:00.000Z,true,23
ASM-0012137,E-0082,problem_solving,INST-problem_solving,v1,48,100,2025-03-31T00:00:00.000Z,false,58
ASM-0012139,E-0082,negotiation,INST-negotiation,v1,4,100,2025-02-10T00:00:00.000Z,false,71
ASM-0012141,E-0082,pipeline_mgmt,INST-pipeline_mgmt,v1,21,100,2025-01-22T00:00:00.000Z,false,75
ASM-0012183,E-0082,execution,INST-execution,v1,52,100,2025-08-20T00:00:00.000Z,true,74
ASM-0012185,E-0082,collaboration,INST-collaboration,v1,63,100,2025-08-26T00:00:00.000Z,true,87
ASM-0012187,E-0082,problem_solving,INST-problem_solving,v1,49,100,2025-09-29T00:00:00.000Z,true,25
ASM-0012189,E-0082,negotiation,INST-negotiation,v1,38,100,2025-07-10T00:00:00.000Z,true,34
ASM-0012191,E-0082,pipeline_mgmt,INST-pipeline_mgmt,v1,23,100,2025-07-19T00:00:00.000Z,true,67
ASM-0012217,E-0082,communication,INST-communication,v2,34,100,2026-02-02T00:00:00.000Z,false,79
ASM-0012219,E-0082,execution,INST-execution,v2,42,100,2026-02-01T00:00:00.000Z,true,30
ASM-0012221,E-0082,collaboration,INST-collaboration,v2,70,100,2026-02-22T00:00:00.000Z,true,77
ASM-0012223,E-0082,problem_solving,INST-problem_solving,v2,65,100,2026-02-23T00:00:00.000Z,false,38
ASM-0012225,E-0082,negotiation,INST-negotiation,v2,49,100,2026-03-24T00:00:00.000Z,true,60
ASM-0012227,E-0082,pipeline_mgmt,INST-pipeline_mgmt,v2,31,100,2026-03-06T00:00:00.000Z,true,33
ASM-0012266,E-0082,communication,INST-communication,v2,52,100,2026-07-15T00:00:00.000Z,true,34
ASM-0012268,E-0082,execution,INST-execution,v2,93,100,2026-07-24T00:00:00.000Z,true,39
ASM-0012270,E-0082,collaboration,INST-collaboration,v2,38,100,2026-07-25T00:00:00.000Z,false,51
ASM-0012272,E-0082,problem_solving,INST-problem_solving,v2,63,100,2026-08-01T00:00:00.000Z,true,48
ASM-0012274,E-0082,negotiation,INST-negotiation,v2,65,100,2026-09-07T00:00:00.000Z,true,41
ASM-0012276,E-0082,pipeline_mgmt,INST-pipeline_mgmt,v2,54,100,2026-09-19T00:00:00.000Z,true,43
ASM-0012311,E-0083,communication,INST-communication,v1,9,100,2025-03-27T00:00:00.000Z,true,77
ASM-0012313,E-0083,execution,INST-execution,v1,53,100,2025-01-03T00:00:00.000Z,true,37
ASM-0012315,E-0083,collaboration,INST-collaboration,v1,39,100,2025-03-28T00:00:00.000Z,false,49
ASM-0012317,E-0083,problem_solving,INST-problem_solving,v1,47,100,2025-01-18T00:00:00.000Z,false,58
ASM-0012319,E-0083,campaign_strategy,INST-campaign_strategy,v1,61,100,2025-03-29T00:00:00.000Z,true,35
ASM-0012321,E-0083,content_quality,INST-content_quality,v1,71,100,2025-03-25T00:00:00.000Z,true,88
ASM-0012351,E-0083,communication,INST-communication,v1,46,100,2025-09-17T00:00:00.000Z,true,88
ASM-0012353,E-0083,execution,INST-execution,v1,31,100,2025-07-19T00:00:00.000Z,false,74
ASM-0012355,E-0083,collaboration,INST-collaboration,v1,68,100,2025-07-12T00:00:00.000Z,true,55
ASM-0012357,E-0083,problem_solving,INST-problem_solving,v1,61,100,2025-09-16T00:00:00.000Z,false,53
ASM-0012359,E-0083,campaign_strategy,INST-campaign_strategy,v1,64,100,2025-07-03T00:00:00.000Z,true,62
ASM-0012361,E-0083,content_quality,INST-content_quality,v1,55,100,2025-09-11T00:00:00.000Z,true,20
ASM-0012399,E-0083,communication,INST-communication,v2,75,100,2026-02-01T00:00:00.000Z,false,69
ASM-0012401,E-0083,collaboration,INST-collaboration,v2,54,100,2026-02-17T00:00:00.000Z,false,67
ASM-0012403,E-0083,problem_solving,INST-problem_solving,v2,50,100,2026-03-15T00:00:00.000Z,false,58
ASM-0012405,E-0083,campaign_strategy,INST-campaign_strategy,v2,57,100,2026-01-13T00:00:00.000Z,true,70
ASM-0012433,E-0083,execution,INST-execution,v2,34,100,2026-08-22T00:00:00.000Z,true,21
ASM-0012435,E-0083,collaboration,INST-collaboration,v2,31,100,2026-09-14T00:00:00.000Z,false,63
ASM-0012437,E-0083,problem_solving,INST-problem_solving,v2,46,100,2026-08-26T00:00:00.000Z,true,69
ASM-0012439,E-0083,campaign_strategy,INST-campaign_strategy,v2,73,100,2026-08-03T00:00:00.000Z,true,70
ASM-0012477,E-0084,communication,INST-communication,v1,20,100,2025-03-16T00:00:00.000Z,true,34
ASM-0012479,E-0084,execution,INST-execution,v1,28,100,2025-02-10T00:00:00.000Z,false,24
ASM-0012481,E-0084,collaboration,INST-collaboration,v1,37,100,2025-01-11T00:00:00.000Z,false,22
ASM-0012483,E-0084,problem_solving,INST-problem_solving,v1,37,100,2025-02-06T00:00:00.000Z,true,32
ASM-0012485,E-0084,roadmap_prioritization,INST-roadmap_prioritization,v1,34,100,2025-03-27T00:00:00.000Z,true,27
ASM-0012487,E-0084,stakeholder_alignment,INST-stakeholder_alignment,v1,32,100,2025-02-13T00:00:00.000Z,true,31
ASM-0012499,E-0084,communication,INST-communication,v1,52,100,2025-09-08T00:00:00.000Z,false,86
ASM-0012501,E-0084,collaboration,INST-collaboration,v1,41,100,2025-07-09T00:00:00.000Z,true,75
ASM-0012503,E-0084,roadmap_prioritization,INST-roadmap_prioritization,v1,60,100,2025-07-05T00:00:00.000Z,true,50
ASM-0012505,E-0084,stakeholder_alignment,INST-stakeholder_alignment,v1,44,100,2025-07-01T00:00:00.000Z,true,66
ASM-0012537,E-0084,communication,INST-communication,v2,54,100,2026-03-13T00:00:00.000Z,true,34
ASM-0012539,E-0084,execution,INST-execution,v2,52,100,2026-01-23T00:00:00.000Z,true,28
ASM-0012541,E-0084,problem_solving,INST-problem_solving,v2,22,100,2026-02-28T00:00:00.000Z,false,46
ASM-0012543,E-0084,roadmap_prioritization,INST-roadmap_prioritization,v2,77,100,2026-02-17T00:00:00.000Z,true,77
ASM-0012545,E-0084,stakeholder_alignment,INST-stakeholder_alignment,v2,60,100,2026-02-24T00:00:00.000Z,true,86
ASM-0012575,E-0084,communication,INST-communication,v2,72,100,2026-08-21T00:00:00.000Z,false,84
ASM-0012577,E-0084,execution,INST-execution,v2,53,100,2026-09-01T00:00:00.000Z,true,74
ASM-0012579,E-0084,collaboration,INST-collaboration,v2,87,100,2026-07-12T00:00:00.000Z,true,35
ASM-0012581,E-0084,problem_solving,INST-problem_solving,v2,38,100,2026-08-07T00:00:00.000Z,true,39
ASM-0012583,E-0084,stakeholder_alignment,INST-stakeholder_alignment,v2,73,100,2026-09-02T00:00:00.000Z,true,30
ASM-0012628,E-0085,communication,INST-communication,v1,21,100,2025-02-21T00:00:00.000Z,true,84
ASM-0012630,E-0085,execution,INST-execution,v1,25,100,2025-01-22T00:00:00.000Z,false,72
ASM-0012632,E-0085,collaboration,INST-collaboration,v1,26,100,2025-02-19T00:00:00.000Z,true,72
ASM-0012634,E-0085,visual_craft,INST-visual_craft,v1,21,100,2025-03-01T00:00:00.000Z,true,25
ASM-0012636,E-0085,ux_research,INST-ux_research,v1,18,100,2025-03-01T00:00:00.000Z,false,25
ASM-0012662,E-0085,communication,INST-communication,v1,32,100,2025-07-12T00:00:00.000Z,false,35
ASM-0012664,E-0085,execution,INST-execution,v1,23,100,2025-08-17T00:00:00.000Z,true,28
ASM-0012666,E-0085,collaboration,INST-collaboration,v1,50,100,2025-09-17T00:00:00.000Z,true,57
ASM-0012668,E-0085,visual_craft,INST-visual_craft,v1,40,100,2025-09-16T00:00:00.000Z,true,40
ASM-0012670,E-0085,ux_research,INST-ux_research,v1,24,100,2025-07-20T00:00:00.000Z,true,32
ASM-0012681,E-0085,execution,INST-execution,v2,35,100,2026-01-09T00:00:00.000Z,true,86
ASM-0012683,E-0085,collaboration,INST-collaboration,v2,73,100,2026-03-12T00:00:00.000Z,true,56
ASM-0012685,E-0085,visual_craft,INST-visual_craft,v2,46,100,2026-03-24T00:00:00.000Z,true,89
ASM-0012687,E-0085,ux_research,INST-ux_research,v2,20,100,2026-03-05T00:00:00.000Z,true,22
ASM-0012703,E-0085,communication,INST-communication,v2,21,100,2026-09-15T00:00:00.000Z,true,30
ASM-0012705,E-0085,execution,INST-execution,v2,32,100,2026-07-15T00:00:00.000Z,true,40
ASM-0012707,E-0085,visual_craft,INST-visual_craft,v2,54,100,2026-08-17T00:00:00.000Z,true,27
ASM-0012709,E-0085,ux_research,INST-ux_research,v2,30,100,2026-07-19T00:00:00.000Z,false,87
ASM-0012744,E-0086,communication,INST-communication,v1,23,100,2025-03-30T00:00:00.000Z,false,48
ASM-0012746,E-0086,execution,INST-execution,v1,52,100,2025-03-09T00:00:00.000Z,false,67
ASM-0012748,E-0086,collaboration,INST-collaboration,v1,58,100,2025-01-11T00:00:00.000Z,true,41
ASM-0012750,E-0086,financial_modeling,INST-financial_modeling,v1,41,100,2025-01-05T00:00:00.000Z,true,78
ASM-0012752,E-0086,compliance_rigor,INST-compliance_rigor,v1,47,100,2025-02-07T00:00:00.000Z,true,23
ASM-0012779,E-0086,communication,INST-communication,v1,36,100,2025-08-03T00:00:00.000Z,true,36
ASM-0012781,E-0086,execution,INST-execution,v1,48,100,2025-09-18T00:00:00.000Z,true,82
ASM-0012783,E-0086,collaboration,INST-collaboration,v1,48,100,2025-09-11T00:00:00.000Z,true,37
ASM-0012785,E-0086,problem_solving,INST-problem_solving,v1,56,100,2025-09-04T00:00:00.000Z,false,37
ASM-0012787,E-0086,compliance_rigor,INST-compliance_rigor,v1,65,100,2025-07-23T00:00:00.000Z,true,71
ASM-0012805,E-0086,communication,INST-communication,v2,48,100,2026-02-25T00:00:00.000Z,false,54
ASM-0012807,E-0086,execution,INST-execution,v2,57,100,2026-03-05T00:00:00.000Z,true,79
ASM-0012809,E-0086,collaboration,INST-collaboration,v2,62,100,2026-03-11T00:00:00.000Z,false,33
ASM-0012811,E-0086,financial_modeling,INST-financial_modeling,v2,52,100,2026-01-10T00:00:00.000Z,true,64
ASM-0012813,E-0086,compliance_rigor,INST-compliance_rigor,v2,74,100,2026-02-22T00:00:00.000Z,true,61
ASM-0012851,E-0086,communication,INST-communication,v2,51,100,2026-09-06T00:00:00.000Z,false,52
ASM-0012853,E-0086,financial_modeling,INST-financial_modeling,v2,49,100,2026-09-02T00:00:00.000Z,false,34
ASM-0012855,E-0086,compliance_rigor,INST-compliance_rigor,v2,83,100,2026-09-22T00:00:00.000Z,true,81
ASM-0012890,E-0087,communication,INST-communication,v1,21,100,2025-03-21T00:00:00.000Z,false,28
ASM-0012892,E-0087,execution,INST-execution,v1,60,100,2025-03-21T00:00:00.000Z,false,87
ASM-0012894,E-0087,collaboration,INST-collaboration,v1,55,100,2025-02-18T00:00:00.000Z,false,25
ASM-0012896,E-0087,problem_solving,INST-problem_solving,v1,22,100,2025-01-10T00:00:00.000Z,true,29
ASM-0012898,E-0087,talent_assessment,INST-talent_assessment,v1,43,100,2025-01-31T00:00:00.000Z,false,47
ASM-0012900,E-0087,policy_navigation,INST-policy_navigation,v1,54,100,2025-03-01T00:00:00.000Z,true,44
ASM-0012939,E-0087,communication,INST-communication,v1,25,100,2025-07-02T00:00:00.000Z,true,41
ASM-0012941,E-0087,execution,INST-execution,v1,61,100,2025-08-20T00:00:00.000Z,false,62
ASM-0012943,E-0087,collaboration,INST-collaboration,v1,56,100,2025-09-17T00:00:00.000Z,true,50
ASM-0012945,E-0087,talent_assessment,INST-talent_assessment,v1,52,100,2025-08-02T00:00:00.000Z,true,82
ASM-0012947,E-0087,policy_navigation,INST-policy_navigation,v1,45,100,2025-09-07T00:00:00.000Z,true,59
ASM-0012967,E-0087,execution,INST-execution,v2,47,100,2026-01-09T00:00:00.000Z,false,33
ASM-0012969,E-0087,collaboration,INST-collaboration,v2,67,100,2026-02-25T00:00:00.000Z,false,87
ASM-0012971,E-0087,problem_solving,INST-problem_solving,v2,53,100,2026-02-13T00:00:00.000Z,false,28
ASM-0012973,E-0087,talent_assessment,INST-talent_assessment,v2,37,100,2026-01-04T00:00:00.000Z,true,52
ASM-0012993,E-0087,communication,INST-communication,v2,69,100,2026-08-19T00:00:00.000Z,true,33
ASM-0012995,E-0087,execution,INST-execution,v2,39,100,2026-08-14T00:00:00.000Z,false,70
ASM-0012997,E-0087,talent_assessment,INST-talent_assessment,v2,48,100,2026-09-24T00:00:00.000Z,false,56
ASM-0012999,E-0087,policy_navigation,INST-policy_navigation,v2,42,100,2026-07-27T00:00:00.000Z,true,74
ASM-0013031,E-0088,communication,INST-communication,v1,74,100,2025-03-26T00:00:00.000Z,false,63
ASM-0013033,E-0088,execution,INST-execution,v1,31,100,2025-01-23T00:00:00.000Z,true,68
ASM-0013035,E-0088,collaboration,INST-collaboration,v1,31,100,2025-02-11T00:00:00.000Z,true,52
ASM-0013037,E-0088,problem_solving,INST-problem_solving,v1,43,100,2025-03-27T00:00:00.000Z,true,66
ASM-0013039,E-0088,customer_resolution,INST-customer_resolution,v1,36,100,2025-01-02T00:00:00.000Z,true,30
ASM-0013063,E-0088,communication,INST-communication,v1,43,100,2025-09-25T00:00:00.000Z,true,74
ASM-0013065,E-0088,execution,INST-execution,v1,21,100,2025-08-21T00:00:00.000Z,false,44
ASM-0013067,E-0088,collaboration,INST-collaboration,v1,50,100,2025-09-06T00:00:00.000Z,true,64
ASM-0013069,E-0088,problem_solving,INST-problem_solving,v1,35,100,2025-07-12T00:00:00.000Z,false,33
ASM-0013071,E-0088,customer_resolution,INST-customer_resolution,v1,31,100,2025-09-18T00:00:00.000Z,true,39
ASM-0013099,E-0088,communication,INST-communication,v2,31,100,2026-03-09T00:00:00.000Z,false,52
ASM-0013101,E-0088,execution,INST-execution,v2,24,100,2026-01-29T00:00:00.000Z,false,61
ASM-0013103,E-0088,problem_solving,INST-problem_solving,v2,37,100,2026-01-01T00:00:00.000Z,false,60
ASM-0013105,E-0088,customer_resolution,INST-customer_resolution,v2,18,100,2026-01-16T00:00:00.000Z,true,48
ASM-0013129,E-0088,communication,INST-communication,v2,49,100,2026-09-24T00:00:00.000Z,false,33
ASM-0013131,E-0088,execution,INST-execution,v2,18,100,2026-07-30T00:00:00.000Z,false,60
ASM-0013133,E-0088,collaboration,INST-collaboration,v2,72,100,2026-09-04T00:00:00.000Z,false,43
ASM-0013135,E-0088,problem_solving,INST-problem_solving,v2,28,100,2026-09-28T00:00:00.000Z,true,39
ASM-0013137,E-0088,customer_resolution,INST-customer_resolution,v2,28,100,2026-07-17T00:00:00.000Z,true,56
ASM-0013174,E-0089,execution,INST-execution,v1,29,100,2025-03-26T00:00:00.000Z,true,43
ASM-0013176,E-0089,collaboration,INST-collaboration,v1,25,100,2025-03-27T00:00:00.000Z,true,27
ASM-0013178,E-0089,system_design,INST-system_design,v1,26,100,2025-01-25T00:00:00.000Z,false,43
ASM-0013180,E-0089,code_quality,INST-code_quality,v1,27,100,2025-02-26T00:00:00.000Z,false,79
ASM-0013210,E-0089,communication,INST-communication,v1,32,100,2025-08-25T00:00:00.000Z,false,75
ASM-0013212,E-0089,execution,INST-execution,v1,22,100,2025-08-01T00:00:00.000Z,true,54
ASM-0013214,E-0089,collaboration,INST-collaboration,v1,49,100,2025-07-06T00:00:00.000Z,false,66
ASM-0013216,E-0089,problem_solving,INST-problem_solving,v1,42,100,2025-09-15T00:00:00.000Z,false,88
ASM-0013243,E-0089,communication,INST-communication,v2,70,100,2026-01-17T00:00:00.000Z,true,85
ASM-0013245,E-0089,execution,INST-execution,v2,40,100,2026-03-09T00:00:00.000Z,false,49
ASM-0013247,E-0089,collaboration,INST-collaboration,v2,60,100,2026-01-08T00:00:00.000Z,true,76
ASM-0013249,E-0089,problem_solving,INST-problem_solving,v2,54,100,2026-01-23T00:00:00.000Z,true,84
ASM-0013251,E-0089,system_design,INST-system_design,v2,62,100,2026-03-23T00:00:00.000Z,true,31
ASM-0013275,E-0089,communication,INST-communication,v2,89,100,2026-09-22T00:00:00.000Z,false,87
ASM-0013277,E-0089,execution,INST-execution,v2,60,100,2026-08-14T00:00:00.000Z,true,74
ASM-0013279,E-0089,collaboration,INST-collaboration,v2,62,100,2026-07-21T00:00:00.000Z,false,21
ASM-0013281,E-0089,problem_solving,INST-problem_solving,v2,82,100,2026-07-25T00:00:00.000Z,true,40
ASM-0013283,E-0089,system_design,INST-system_design,v2,70,100,2026-08-03T00:00:00.000Z,false,84
ASM-0013307,E-0090,communication,INST-communication,v1,44,100,2025-01-17T00:00:00.000Z,true,37
ASM-0013309,E-0090,collaboration,INST-collaboration,v1,37,100,2025-01-08T00:00:00.000Z,false,75
ASM-0013311,E-0090,problem_solving,INST-problem_solving,v1,29,100,2025-01-09T00:00:00.000Z,true,48
ASM-0013313,E-0090,negotiation,INST-negotiation,v1,22,100,2025-03-07T00:00:00.000Z,false,62
ASM-0013315,E-0090,pipeline_mgmt,INST-pipeline_mgmt,v1,36,100,2025-02-18T00:00:00.000Z,false,43
ASM-0013333,E-0090,communication,INST-communication,v1,22,100,2025-08-12T00:00:00.000Z,false,54
ASM-0013335,E-0090,collaboration,INST-collaboration,v1,29,100,2025-09-18T00:00:00.000Z,true,87
ASM-0013337,E-0090,problem_solving,INST-problem_solving,v1,26,100,2025-09-16T00:00:00.000Z,false,70
ASM-0013339,E-0090,negotiation,INST-negotiation,v1,54,100,2025-08-22T00:00:00.000Z,true,45
ASM-0013341,E-0090,pipeline_mgmt,INST-pipeline_mgmt,v1,55,100,2025-08-21T00:00:00.000Z,true,82
ASM-0013382,E-0090,communication,INST-communication,v2,58,100,2026-03-17T00:00:00.000Z,true,46
ASM-0013384,E-0090,execution,INST-execution,v2,47,100,2026-02-03T00:00:00.000Z,true,64
ASM-0013386,E-0090,collaboration,INST-collaboration,v2,28,100,2026-01-13T00:00:00.000Z,true,42
ASM-0013388,E-0090,problem_solving,INST-problem_solving,v2,41,100,2026-03-10T00:00:00.000Z,true,37
ASM-0013390,E-0090,negotiation,INST-negotiation,v2,57,100,2026-02-05T00:00:00.000Z,false,36
ASM-0013392,E-0090,pipeline_mgmt,INST-pipeline_mgmt,v2,64,100,2026-01-15T00:00:00.000Z,false,54
ASM-0013428,E-0090,communication,INST-communication,v2,66,100,2026-08-10T00:00:00.000Z,false,71
ASM-0013430,E-0090,execution,INST-execution,v2,74,100,2026-08-15T00:00:00.000Z,true,78
ASM-0013432,E-0090,collaboration,INST-collaboration,v2,21,100,2026-09-19T00:00:00.000Z,true,65
ASM-0013434,E-0090,problem_solving,INST-problem_solving,v2,33,100,2026-09-10T00:00:00.000Z,true,47
ASM-0013436,E-0090,pipeline_mgmt,INST-pipeline_mgmt,v2,73,100,2026-08-20T00:00:00.000Z,true,48
ASM-0013473,E-0091,communication,INST-communication,v1,27,100,2025-02-12T00:00:00.000Z,false,56
ASM-0013475,E-0091,execution,INST-execution,v1,25,100,2025-03-20T00:00:00.000Z,true,60
ASM-0013477,E-0091,collaboration,INST-collaboration,v1,28,100,2025-03-31T00:00:00.000Z,false,60
ASM-0013479,E-0091,problem_solving,INST-problem_solving,v1,45,100,2025-03-17T00:00:00.000Z,false,80
ASM-0013481,E-0091,campaign_strategy,INST-campaign_strategy,v1,36,100,2025-01-08T00:00:00.000Z,true,36
ASM-0013483,E-0091,content_quality,INST-content_quality,v1,32,100,2025-03-19T00:00:00.000Z,false,82
ASM-0013506,E-0091,communication,INST-communication,v1,45,100,2025-08-04T00:00:00.000Z,true,55
ASM-0013508,E-0091,collaboration,INST-collaboration,v1,10,100,2025-08-08T00:00:00.000Z,true,65
ASM-0013510,E-0091,problem_solving,INST-problem_solving,v1,38,100,2025-08-26T00:00:00.000Z,false,41
ASM-0013512,E-0091,campaign_strategy,INST-campaign_strategy,v1,38,100,2025-08-26T00:00:00.000Z,true,82
ASM-0013514,E-0091,content_quality,INST-content_quality,v1,42,100,2025-08-14T00:00:00.000Z,true,69
ASM-0013541,E-0091,execution,INST-execution,v2,15,100,2026-01-25T00:00:00.000Z,true,77
ASM-0013543,E-0091,collaboration,INST-collaboration,v2,31,100,2026-03-30T00:00:00.000Z,true,68
ASM-0013545,E-0091,problem_solving,INST-problem_solving,v2,45,100,2026-03-21T00:00:00.000Z,false,62
ASM-0013547,E-0091,campaign_strategy,INST-campaign_strategy,v2,48,100,2026-01-10T00:00:00.000Z,true,41
ASM-0013549,E-0091,content_quality,INST-content_quality,v2,26,100,2026-02-27T00:00:00.000Z,true,89
ASM-0013587,E-0091,communication,INST-communication,v2,33,100,2026-08-24T00:00:00.000Z,true,77
ASM-0013589,E-0091,execution,INST-execution,v2,38,100,2026-07-02T00:00:00.000Z,false,84
ASM-0013591,E-0091,collaboration,INST-collaboration,v2,39,100,2026-08-20T00:00:00.000Z,true,89
ASM-0013593,E-0091,problem_solving,INST-problem_solving,v2,57,100,2026-08-24T00:00:00.000Z,true,71
ASM-0013595,E-0091,campaign_strategy,INST-campaign_strategy,v2,35,100,2026-08-25T00:00:00.000Z,true,80
ASM-0013597,E-0091,content_quality,INST-content_quality,v2,34,100,2026-07-23T00:00:00.000Z,true,73
ASM-0013629,E-0092,communication,INST-communication,v1,36,100,2025-02-23T00:00:00.000Z,false,67
ASM-0013631,E-0092,execution,INST-execution,v1,51,100,2025-03-24T00:00:00.000Z,true,70
ASM-0013633,E-0092,collaboration,INST-collaboration,v1,27,100,2025-03-02T00:00:00.000Z,false,74
ASM-0013635,E-0092,problem_solving,INST-problem_solving,v1,49,100,2025-03-19T00:00:00.000Z,false,55
ASM-0013637,E-0092,roadmap_prioritization,INST-roadmap_prioritization,v1,37,100,2025-01-15T00:00:00.000Z,true,70
ASM-0013653,E-0092,communication,INST-communication,v1,30,100,2025-08-26T00:00:00.000Z,true,23
ASM-0013655,E-0092,execution,INST-execution,v1,28,100,2025-09-27T00:00:00.000Z,true,61
ASM-0013657,E-0092,collaboration,INST-collaboration,v1,14,100,2025-08-04T00:00:00.000Z,true,59
ASM-0013659,E-0092,problem_solving,INST-problem_solving,v1,25,100,2025-09-17T00:00:00.000Z,false,77
ASM-0013661,E-0092,roadmap_prioritization,INST-roadmap_prioritization,v1,37,100,2025-08-11T00:00:00.000Z,false,86
ASM-0013699,E-0092,execution,INST-execution,v2,63,100,2026-02-22T00:00:00.000Z,true,20
ASM-0013701,E-0092,collaboration,INST-collaboration,v2,38,100,2026-03-23T00:00:00.000Z,false,50
ASM-0013703,E-0092,problem_solving,INST-problem_solving,v2,36,100,2026-03-27T00:00:00.000Z,false,35
ASM-0013705,E-0092,roadmap_prioritization,INST-roadmap_prioritization,v2,52,100,2026-01-15T00:00:00.000Z,true,82
ASM-0013707,E-0092,stakeholder_alignment,INST-stakeholder_alignment,v2,38,100,2026-02-07T00:00:00.000Z,false,24
ASM-0013733,E-0092,communication,INST-communication,v2,40,100,2026-07-16T00:00:00.000Z,true,50
ASM-0013735,E-0092,collaboration,INST-collaboration,v2,63,100,2026-09-15T00:00:00.000Z,true,64
ASM-0013737,E-0092,problem_solving,INST-problem_solving,v2,27,100,2026-07-05T00:00:00.000Z,true,68
ASM-0013739,E-0092,roadmap_prioritization,INST-roadmap_prioritization,v2,68,100,2026-07-07T00:00:00.000Z,true,27
ASM-0013741,E-0092,stakeholder_alignment,INST-stakeholder_alignment,v2,43,100,2026-08-29T00:00:00.000Z,false,62
ASM-0013791,E-0093,communication,INST-communication,v1,20,100,2025-03-29T00:00:00.000Z,false,54
ASM-0013793,E-0093,execution,INST-execution,v1,39,100,2025-02-18T00:00:00.000Z,true,59
ASM-0013795,E-0093,collaboration,INST-collaboration,v1,30,100,2025-02-14T00:00:00.000Z,true,29
ASM-0013797,E-0093,problem_solving,INST-problem_solving,v1,46,100,2025-01-17T00:00:00.000Z,true,81
ASM-0013799,E-0093,visual_craft,INST-visual_craft,v1,91,100,2025-03-04T00:00:00.000Z,true,36
ASM-0013801,E-0093,ux_research,INST-ux_research,v1,38,100,2025-02-20T00:00:00.000Z,true,44
ASM-0013833,E-0093,communication,INST-communication,v1,41,100,2025-07-15T00:00:00.000Z,true,31
ASM-0013835,E-0093,execution,INST-execution,v1,56,100,2025-09-29T00:00:00.000Z,true,22
ASM-0013837,E-0093,collaboration,INST-collaboration,v1,13,100,2025-08-26T00:00:00.000Z,true,50
ASM-0013839,E-0093,problem_solving,INST-problem_solving,v1,25,100,2025-08-22T00:00:00.000Z,true,59
ASM-0013841,E-0093,visual_craft,INST-visual_craft,v1,66,100,2025-08-27T00:00:00.000Z,true,47
ASM-0013843,E-0093,ux_research,INST-ux_research,v1,27,100,2025-07-30T00:00:00.000Z,false,52
ASM-0013877,E-0093,execution,INST-execution,v2,33,100,2026-01-22T00:00:00.000Z,false,84
ASM-0013879,E-0093,collaboration,INST-collaboration,v2,26,100,2026-01-19T00:00:00.000Z,true,70
ASM-0013881,E-0093,problem_solving,INST-problem_solving,v2,40,100,2026-03-09T00:00:00.000Z,true,81
ASM-0013883,E-0093,visual_craft,INST-visual_craft,v2,71,100,2026-02-10T00:00:00.000Z,true,25
ASM-0013885,E-0093,ux_research,INST-ux_research,v2,39,100,2026-03-30T00:00:00.000Z,true,81
ASM-0013918,E-0093,communication,INST-communication,v2,73,100,2026-09-15T00:00:00.000Z,true,62
ASM-0013920,E-0093,execution,INST-execution,v2,50,100,2026-07-17T00:00:00.000Z,true,27
ASM-0013922,E-0093,collaboration,INST-collaboration,v2,0,100,2026-07-25T00:00:00.000Z,true,82
ASM-0013924,E-0093,visual_craft,INST-visual_craft,v2,60,100,2026-07-03T00:00:00.000Z,true,78
ASM-0013926,E-0093,ux_research,INST-ux_research,v2,27,100,2026-08-03T00:00:00.000Z,true,27
ASM-0013971,E-0094,communication,INST-communication,v1,29,100,2025-02-11T00:00:00.000Z,true,35
ASM-0013973,E-0094,execution,INST-execution,v1,47,100,2025-01-17T00:00:00.000Z,true,55
ASM-0013975,E-0094,collaboration,INST-collaboration,v1,18,100,2025-02-03T00:00:00.000Z,true,74
ASM-0013977,E-0094,problem_solving,INST-problem_solving,v1,22,100,2025-01-19T00:00:00.000Z,true,76
ASM-0013979,E-0094,financial_modeling,INST-financial_modeling,v1,26,100,2025-03-21T00:00:00.000Z,true,67
ASM-0013981,E-0094,compliance_rigor,INST-compliance_rigor,v1,33,100,2025-01-08T00:00:00.000Z,false,74
ASM-0014005,E-0094,communication,INST-communication,v1,31,100,2025-08-08T00:00:00.000Z,false,25
ASM-0014007,E-0094,execution,INST-execution,v1,20,100,2025-08-24T00:00:00.000Z,true,26
ASM-0014009,E-0094,problem_solving,INST-problem_solving,v1,22,100,2025-07-16T00:00:00.000Z,true,61
ASM-0014011,E-0094,financial_modeling,INST-financial_modeling,v1,37,100,2025-09-30T00:00:00.000Z,true,59
ASM-0014013,E-0094,compliance_rigor,INST-compliance_rigor,v1,45,100,2025-09-22T00:00:00.000Z,true,28
ASM-0014049,E-0094,execution,INST-execution,v2,35,100,2026-01-11T00:00:00.000Z,true,48
ASM-0014051,E-0094,collaboration,INST-collaboration,v2,40,100,2026-01-15T00:00:00.000Z,true,22
ASM-0014053,E-0094,problem_solving,INST-problem_solving,v2,20,100,2026-01-09T00:00:00.000Z,true,49
ASM-0014055,E-0094,financial_modeling,INST-financial_modeling,v2,37,100,2026-03-13T00:00:00.000Z,false,70
ASM-0014057,E-0094,compliance_rigor,INST-compliance_rigor,v2,54,100,2026-03-19T00:00:00.000Z,false,69
ASM-0014093,E-0094,execution,INST-execution,v2,39,100,2026-09-01T00:00:00.000Z,false,50
ASM-0014095,E-0094,collaboration,INST-collaboration,v2,63,100,2026-09-07T00:00:00.000Z,true,38
ASM-0014097,E-0094,problem_solving,INST-problem_solving,v2,35,100,2026-07-13T00:00:00.000Z,true,47
ASM-0014099,E-0094,financial_modeling,INST-financial_modeling,v2,27,100,2026-07-25T00:00:00.000Z,false,42
ASM-0014101,E-0094,compliance_rigor,INST-compliance_rigor,v2,46,100,2026-09-11T00:00:00.000Z,true,69
ASM-0014141,E-0095,communication,INST-communication,v1,24,100,2025-01-14T00:00:00.000Z,true,67
ASM-0014143,E-0095,execution,INST-execution,v1,93,100,2025-03-31T00:00:00.000Z,true,46
ASM-0014145,E-0095,collaboration,INST-collaboration,v1,80,100,2025-03-14T00:00:00.000Z,true,46
ASM-0014147,E-0095,talent_assessment,INST-talent_assessment,v1,76,100,2025-03-24T00:00:00.000Z,true,47
ASM-0014149,E-0095,policy_navigation,INST-policy_navigation,v1,70,100,2025-01-07T00:00:00.000Z,true,55
ASM-0014172,E-0095,execution,INST-execution,v1,69,100,2025-09-07T00:00:00.000Z,false,85
ASM-0014174,E-0095,collaboration,INST-collaboration,v1,79,100,2025-09-25T00:00:00.000Z,true,41
ASM-0014176,E-0095,talent_assessment,INST-talent_assessment,v1,77,100,2025-09-16T00:00:00.000Z,true,69
ASM-0014178,E-0095,policy_navigation,INST-policy_navigation,v1,77,100,2025-07-09T00:00:00.000Z,true,46
ASM-0014211,E-0095,communication,INST-communication,v2,59,100,2026-01-26T00:00:00.000Z,false,24
ASM-0014213,E-0095,execution,INST-execution,v2,58,100,2026-02-09T00:00:00.000Z,true,28
ASM-0014215,E-0095,collaboration,INST-collaboration,v2,78,100,2026-02-06T00:00:00.000Z,true,83
ASM-0014217,E-0095,problem_solving,INST-problem_solving,v2,58,100,2026-01-07T00:00:00.000Z,true,68
ASM-0014219,E-0095,talent_assessment,INST-talent_assessment,v2,61,100,2026-02-26T00:00:00.000Z,false,36
ASM-0014221,E-0095,policy_navigation,INST-policy_navigation,v2,77,100,2026-03-08T00:00:00.000Z,false,39
ASM-0014241,E-0095,communication,INST-communication,v2,68,100,2026-08-24T00:00:00.000Z,true,68
ASM-0014243,E-0095,execution,INST-execution,v2,48,100,2026-09-22T00:00:00.000Z,true,83
ASM-0014245,E-0095,collaboration,INST-collaboration,v2,70,100,2026-07-15T00:00:00.000Z,true,81
ASM-0014247,E-0095,problem_solving,INST-problem_solving,v2,74,100,2026-08-24T00:00:00.000Z,true,79
ASM-0014249,E-0095,talent_assessment,INST-talent_assessment,v2,74,100,2026-09-09T00:00:00.000Z,true,40
ASM-0014294,E-0096,communication,INST-communication,v1,22,100,2025-03-29T00:00:00.000Z,false,38
ASM-0014296,E-0096,execution,INST-execution,v1,33,100,2025-01-30T00:00:00.000Z,true,26
ASM-0014298,E-0096,collaboration,INST-collaboration,v1,27,100,2025-01-15T00:00:00.000Z,true,70
ASM-0014300,E-0096,problem_solving,INST-problem_solving,v1,23,100,2025-02-06T00:00:00.000Z,false,61
ASM-0014302,E-0096,customer_resolution,INST-customer_resolution,v1,30,100,2025-03-01T00:00:00.000Z,false,89
ASM-0014304,E-0096,troubleshooting,INST-troubleshooting,v1,68,100,2025-03-09T00:00:00.000Z,true,65
ASM-0014338,E-0096,execution,INST-execution,v1,32,100,2025-09-07T00:00:00.000Z,true,69
ASM-0014340,E-0096,problem_solving,INST-problem_solving,v1,31,100,2025-09-07T00:00:00.000Z,true,55
ASM-0014342,E-0096,customer_resolution,INST-customer_resolution,v1,43,100,2025-07-26T00:00:00.000Z,true,47
ASM-0014344,E-0096,troubleshooting,INST-troubleshooting,v1,67,100,2025-08-25T00:00:00.000Z,true,55
ASM-0014361,E-0096,communication,INST-communication,v2,64,100,2026-01-24T00:00:00.000Z,true,20
ASM-0014363,E-0096,execution,INST-execution,v2,42,100,2026-01-07T00:00:00.000Z,true,86
ASM-0014365,E-0096,collaboration,INST-collaboration,v2,42,100,2026-01-27T00:00:00.000Z,true,57
ASM-0014367,E-0096,problem_solving,INST-problem_solving,v2,19,100,2026-01-14T00:00:00.000Z,true,88
ASM-0014369,E-0096,customer_resolution,INST-customer_resolution,v2,69,100,2026-03-24T00:00:00.000Z,true,73
ASM-0014371,E-0096,troubleshooting,INST-troubleshooting,v2,43,100,2026-02-08T00:00:00.000Z,true,24
ASM-0014425,E-0097,communication,INST-communication,v1,65,100,2025-01-16T00:00:00.000Z,false,83
ASM-0014427,E-0097,execution,INST-execution,v1,24,100,2025-02-28T00:00:00.000Z,true,88
ASM-0014429,E-0097,collaboration,INST-collaboration,v1,33,100,2025-02-25T00:00:00.000Z,true,70
ASM-0014431,E-0097,problem_solving,INST-problem_solving,v1,18,100,2025-01-05T00:00:00.000Z,true,52
ASM-0014433,E-0097,system_design,INST-system_design,v1,35,100,2025-02-23T00:00:00.000Z,false,79
ASM-0014435,E-0097,code_quality,INST-code_quality,v1,46,100,2025-01-11T00:00:00.000Z,false,28
ASM-0014459,E-0097,communication,INST-communication,v1,50,100,2025-09-13T00:00:00.000Z,true,40
ASM-0014461,E-0097,execution,INST-execution,v1,51,100,2025-08-29T00:00:00.000Z,true,59
ASM-0014463,E-0097,collaboration,INST-collaboration,v1,41,100,2025-08-12T00:00:00.000Z,true,76
ASM-0014465,E-0097,problem_solving,INST-problem_solving,v1,31,100,2025-09-26T00:00:00.000Z,true,37
ASM-0014467,E-0097,system_design,INST-system_design,v1,68,100,2025-07-12T00:00:00.000Z,true,35
ASM-0014469,E-0097,code_quality,INST-code_quality,v1,36,100,2025-08-08T00:00:00.000Z,false,25
ASM-0014500,E-0097,communication,INST-communication,v2,30,100,2026-02-18T00:00:00.000Z,true,51
ASM-0014502,E-0097,execution,INST-execution,v2,38,100,2026-03-01T00:00:00.000Z,true,79
ASM-0014504,E-0097,collaboration,INST-collaboration,v2,42,100,2026-03-26T00:00:00.000Z,true,63
ASM-0014506,E-0097,problem_solving,INST-problem_solving,v2,34,100,2026-03-27T00:00:00.000Z,false,31
ASM-0014508,E-0097,system_design,INST-system_design,v2,41,100,2026-02-28T00:00:00.000Z,false,53
ASM-0014527,E-0097,communication,INST-communication,v2,40,100,2026-07-19T00:00:00.000Z,true,89
ASM-0014529,E-0097,execution,INST-execution,v2,42,100,2026-09-22T00:00:00.000Z,true,77
ASM-0014531,E-0097,collaboration,INST-collaboration,v2,34,100,2026-08-29T00:00:00.000Z,true,62
ASM-0014533,E-0097,problem_solving,INST-problem_solving,v2,62,100,2026-08-25T00:00:00.000Z,true,44
ASM-0014564,E-0098,communication,INST-communication,v1,59,100,2025-02-28T00:00:00.000Z,true,63
ASM-0014566,E-0098,execution,INST-execution,v1,23,100,2025-02-16T00:00:00.000Z,true,48
ASM-0014568,E-0098,problem_solving,INST-problem_solving,v1,13,100,2025-03-24T00:00:00.000Z,true,58
ASM-0014570,E-0098,negotiation,INST-negotiation,v1,65,100,2025-01-16T00:00:00.000Z,true,76
ASM-0014572,E-0098,pipeline_mgmt,INST-pipeline_mgmt,v1,49,100,2025-03-01T00:00:00.000Z,true,73
ASM-0014609,E-0098,communication,INST-communication,v1,47,100,2025-08-01T00:00:00.000Z,true,55
ASM-0014611,E-0098,execution,INST-execution,v1,61,100,2025-09-21T00:00:00.000Z,true,60
ASM-0014613,E-0098,problem_solving,INST-problem_solving,v1,23,100,2025-09-24T00:00:00.000Z,false,39
ASM-0014615,E-0098,negotiation,INST-negotiation,v1,39,100,2025-09-21T00:00:00.000Z,true,39
ASM-0014617,E-0098,pipeline_mgmt,INST-pipeline_mgmt,v1,40,100,2025-08-14T00:00:00.000Z,true,72
ASM-0014646,E-0098,communication,INST-communication,v2,50,100,2026-01-10T00:00:00.000Z,true,50
ASM-0014648,E-0098,execution,INST-execution,v2,60,100,2026-01-18T00:00:00.000Z,true,88
ASM-0014650,E-0098,collaboration,INST-collaboration,v2,39,100,2026-02-01T00:00:00.000Z,true,82
ASM-0014652,E-0098,problem_solving,INST-problem_solving,v2,65,100,2026-01-12T00:00:00.000Z,true,56
ASM-0014654,E-0098,negotiation,INST-negotiation,v2,50,100,2026-03-18T00:00:00.000Z,false,35
ASM-0014656,E-0098,pipeline_mgmt,INST-pipeline_mgmt,v2,47,100,2026-02-08T00:00:00.000Z,false,77
ASM-0014685,E-0098,communication,INST-communication,v2,70,100,2026-09-21T00:00:00.000Z,true,83
ASM-0014687,E-0098,execution,INST-execution,v2,73,100,2026-07-01T00:00:00.000Z,false,49
ASM-0014689,E-0098,problem_solving,INST-problem_solving,v2,67,100,2026-07-08T00:00:00.000Z,true,21
ASM-0014691,E-0098,negotiation,INST-negotiation,v2,68,100,2026-08-25T00:00:00.000Z,false,26
ASM-0014733,E-0099,execution,INST-execution,v1,24,100,2025-02-08T00:00:00.000Z,true,74
ASM-0014735,E-0099,collaboration,INST-collaboration,v1,37,100,2025-03-05T00:00:00.000Z,true,44
ASM-0014737,E-0099,problem_solving,INST-problem_solving,v1,34,100,2025-01-29T00:00:00.000Z,true,56
ASM-0014739,E-0099,campaign_strategy,INST-campaign_strategy,v1,43,100,2025-02-02T00:00:00.000Z,true,56
ASM-0014771,E-0099,communication,INST-communication,v1,41,100,2025-09-03T00:00:00.000Z,true,36
ASM-0014773,E-0099,execution,INST-execution,v1,32,100,2025-09-27T00:00:00.000Z,false,50
ASM-0014775,E-0099,collaboration,INST-collaboration,v1,17,100,2025-08-24T00:00:00.000Z,false,82
ASM-0014777,E-0099,problem_solving,INST-problem_solving,v1,42,100,2025-09-05T00:00:00.000Z,true,60
ASM-0014811,E-0099,communication,INST-communication,v2,51,100,2026-01-20T00:00:00.000Z,true,38
ASM-0014813,E-0099,execution,INST-execution,v2,25,100,2026-03-16T00:00:00.000Z,false,37
ASM-0014815,E-0099,problem_solving,INST-problem_solving,v2,44,100,2026-03-21T00:00:00.000Z,true,34
ASM-0014817,E-0099,campaign_strategy,INST-campaign_strategy,v2,43,100,2026-03-27T00:00:00.000Z,false,54
ASM-0014819,E-0099,content_quality,INST-content_quality,v2,61,100,2026-03-07T00:00:00.000Z,true,48
ASM-0014852,E-0099,communication,INST-communication,v2,60,100,2026-09-24T00:00:00.000Z,false,65
ASM-0014854,E-0099,execution,INST-execution,v2,20,100,2026-09-12T00:00:00.000Z,true,78
ASM-0014856,E-0099,problem_solving,INST-problem_solving,v2,39,100,2026-07-27T00:00:00.000Z,true,40
ASM-0014858,E-0099,campaign_strategy,INST-campaign_strategy,v2,73,100,2026-09-21T00:00:00.000Z,true,23
ASM-0014860,E-0099,content_quality,INST-content_quality,v2,75,100,2026-08-28T00:00:00.000Z,true,59
ASM-0014904,E-0100,communication,INST-communication,v1,34,100,2025-01-17T00:00:00.000Z,true,89
ASM-0014906,E-0100,execution,INST-execution,v1,23,100,2025-02-14T00:00:00.000Z,true,68
ASM-0014908,E-0100,collaboration,INST-collaboration,v1,34,100,2025-02-17T00:00:00.000Z,false,47
ASM-0014910,E-0100,problem_solving,INST-problem_solving,v1,63,100,2025-01-26T00:00:00.000Z,false,26
ASM-0014912,E-0100,stakeholder_alignment,INST-stakeholder_alignment,v1,27,100,2025-01-11T00:00:00.000Z,true,61
ASM-0014928,E-0100,communication,INST-communication,v1,61,100,2025-08-15T00:00:00.000Z,true,49
ASM-0014930,E-0100,collaboration,INST-collaboration,v1,51,100,2025-08-24T00:00:00.000Z,false,20
ASM-0014932,E-0100,problem_solving,INST-problem_solving,v1,30,100,2025-07-03T00:00:00.000Z,false,57
ASM-0014934,E-0100,roadmap_prioritization,INST-roadmap_prioritization,v1,49,100,2025-08-11T00:00:00.000Z,true,82
ASM-0014936,E-0100,stakeholder_alignment,INST-stakeholder_alignment,v1,28,100,2025-07-03T00:00:00.000Z,true,28
ASM-0014955,E-0100,communication,INST-communication,v2,72,100,2026-03-14T00:00:00.000Z,false,67
ASM-0014957,E-0100,collaboration,INST-collaboration,v2,54,100,2026-02-03T00:00:00.000Z,false,36
ASM-0014959,E-0100,problem_solving,INST-problem_solving,v2,60,100,2026-01-08T00:00:00.000Z,true,29
ASM-0014961,E-0100,roadmap_prioritization,INST-roadmap_prioritization,v2,46,100,2026-02-03T00:00:00.000Z,true,80
ASM-0014963,E-0100,stakeholder_alignment,INST-stakeholder_alignment,v2,35,100,2026-03-07T00:00:00.000Z,true,57
ASM-0014979,E-0100,execution,INST-execution,v2,68,100,2026-08-04T00:00:00.000Z,true,57
ASM-0014981,E-0100,collaboration,INST-collaboration,v2,53,100,2026-09-07T00:00:00.000Z,false,63
ASM-0014983,E-0100,problem_solving,INST-problem_solving,v2,45,100,2026-09-23T00:00:00.000Z,true,64
ASM-0014985,E-0100,stakeholder_alignment,INST-stakeholder_alignment,v2,80,100,2026-08-22T00:00:00.000Z,false,42
ASM-0015017,E-0101,execution,INST-execution,v1,27,100,2025-01-29T00:00:00.000Z,true,87
ASM-0015019,E-0101,collaboration,INST-collaboration,v1,82,100,2025-02-23T00:00:00.000Z,true,61
ASM-0015021,E-0101,problem_solving,INST-problem_solving,v1,17,100,2025-02-02T00:00:00.000Z,false,60
ASM-0015023,E-0101,ux_research,INST-ux_research,v1,48,100,2025-03-13T00:00:00.000Z,true,23
ASM-0015045,E-0101,communication,INST-communication,v1,31,100,2025-07-20T00:00:00.000Z,true,27
ASM-0015047,E-0101,problem_solving,INST-problem_solving,v1,21,100,2025-07-03T00:00:00.000Z,false,46
ASM-0015049,E-0101,visual_craft,INST-visual_craft,v1,58,100,2025-07-08T00:00:00.000Z,true,51
ASM-0015051,E-0101,ux_research,INST-ux_research,v1,48,100,2025-07-21T00:00:00.000Z,true,40
ASM-0015072,E-0101,communication,INST-communication,v2,42,100,2026-01-04T00:00:00.000Z,true,38
ASM-0015074,E-0101,execution,INST-execution,v2,77,100,2026-01-17T00:00:00.000Z,true,77
ASM-0015076,E-0101,collaboration,INST-collaboration,v2,45,100,2026-03-14T00:00:00.000Z,true,23
ASM-0015078,E-0101,problem_solving,INST-problem_solving,v2,35,100,2026-03-17T00:00:00.000Z,false,66
ASM-0015080,E-0101,visual_craft,INST-visual_craft,v2,65,100,2026-02-17T00:00:00.000Z,false,81
ASM-0015082,E-0101,ux_research,INST-ux_research,v2,55,100,2026-03-26T00:00:00.000Z,true,36
ASM-0015101,E-0101,communication,INST-communication,v2,53,100,2026-08-07T00:00:00.000Z,false,61
ASM-0015103,E-0101,execution,INST-execution,v2,74,100,2026-09-18T00:00:00.000Z,true,23
ASM-0015105,E-0101,collaboration,INST-collaboration,v2,55,100,2026-08-07T00:00:00.000Z,true,64
ASM-0015107,E-0101,ux_research,INST-ux_research,v2,64,100,2026-09-22T00:00:00.000Z,false,62
ASM-0015150,E-0102,communication,INST-communication,v1,27,100,2025-01-19T00:00:00.000Z,true,88
ASM-0015152,E-0102,execution,INST-execution,v1,35,100,2025-01-13T00:00:00.000Z,true,83
ASM-0015154,E-0102,problem_solving,INST-problem_solving,v1,40,100,2025-03-25T00:00:00.000Z,true,71
ASM-0015156,E-0102,compliance_rigor,INST-compliance_rigor,v1,46,100,2025-02-21T00:00:00.000Z,true,40
ASM-0015187,E-0102,communication,INST-communication,v1,47,100,2025-07-05T00:00:00.000Z,false,48
ASM-0015189,E-0102,execution,INST-execution,v1,38,100,2025-08-19T00:00:00.000Z,true,49
ASM-0015191,E-0102,problem_solving,INST-problem_solving,v1,38,100,2025-07-10T00:00:00.000Z,true,29
ASM-0015193,E-0102,financial_modeling,INST-financial_modeling,v1,35,100,2025-08-02T00:00:00.000Z,false,57
ASM-0015195,E-0102,compliance_rigor,INST-compliance_rigor,v1,30,100,2025-07-19T00:00:00.000Z,true,60
ASM-0015227,E-0102,communication,INST-communication,v2,55,100,2026-02-14T00:00:00.000Z,false,49
ASM-0015229,E-0102,execution,INST-execution,v2,24,100,2026-02-24T00:00:00.000Z,true,35
ASM-0015231,E-0102,collaboration,INST-collaboration,v2,56,100,2026-01-22T00:00:00.000Z,false,34
ASM-0015233,E-0102,financial_modeling,INST-financial_modeling,v2,64,100,2026-03-05T00:00:00.000Z,false,34
ASM-0015255,E-0102,execution,INST-execution,v2,33,100,2026-09-05T00:00:00.000Z,false,82
ASM-0015257,E-0102,collaboration,INST-collaboration,v2,69,100,2026-08-08T00:00:00.000Z,false,45
ASM-0015259,E-0102,problem_solving,INST-problem_solving,v2,39,100,2026-08-29T00:00:00.000Z,false,21
ASM-0015261,E-0102,financial_modeling,INST-financial_modeling,v2,61,100,2026-07-01T00:00:00.000Z,false,72
ASM-0015292,E-0103,communication,INST-communication,v1,41,100,2025-01-15T00:00:00.000Z,true,31
ASM-0015294,E-0103,execution,INST-execution,v1,64,100,2025-03-24T00:00:00.000Z,false,89
ASM-0015296,E-0103,collaboration,INST-collaboration,v1,51,100,2025-01-14T00:00:00.000Z,true,83
ASM-0015298,E-0103,problem_solving,INST-problem_solving,v1,30,100,2025-03-09T00:00:00.000Z,true,50
ASM-0015300,E-0103,talent_assessment,INST-talent_assessment,v1,53,100,2025-01-11T00:00:00.000Z,false,26
ASM-0015334,E-0103,communication,INST-communication,v1,49,100,2025-09-05T00:00:00.000Z,false,80
ASM-0015336,E-0103,collaboration,INST-collaboration,v1,50,100,2025-09-14T00:00:00.000Z,true,27
ASM-0015338,E-0103,problem_solving,INST-problem_solving,v1,28,100,2025-07-05T00:00:00.000Z,true,40
ASM-0015340,E-0103,talent_assessment,INST-talent_assessment,v1,62,100,2025-07-05T00:00:00.000Z,true,29
ASM-0015369,E-0103,communication,INST-communication,v2,40,100,2026-03-24T00:00:00.000Z,false,24
ASM-0015371,E-0103,problem_solving,INST-problem_solving,v2,45,100,2026-02-18T00:00:00.000Z,true,36
ASM-0015373,E-0103,talent_assessment,INST-talent_assessment,v2,60,100,2026-01-02T00:00:00.000Z,true,77
ASM-0015375,E-0103,policy_navigation,INST-policy_navigation,v2,67,100,2026-01-04T00:00:00.000Z,true,34
ASM-0015399,E-0103,communication,INST-communication,v2,49,100,2026-07-12T00:00:00.000Z,true,38
ASM-0015401,E-0103,collaboration,INST-collaboration,v2,49,100,2026-07-30T00:00:00.000Z,true,45
ASM-0015403,E-0103,problem_solving,INST-problem_solving,v2,60,100,2026-08-26T00:00:00.000Z,true,57
ASM-0015405,E-0103,talent_assessment,INST-talent_assessment,v2,59,100,2026-08-04T00:00:00.000Z,true,25
ASM-0015407,E-0103,policy_navigation,INST-policy_navigation,v2,79,100,2026-08-15T00:00:00.000Z,false,60
ASM-0015453,E-0104,execution,INST-execution,v1,27,100,2025-01-29T00:00:00.000Z,false,89
ASM-0015455,E-0104,problem_solving,INST-problem_solving,v1,24,100,2025-03-31T00:00:00.000Z,false,71
ASM-0015457,E-0104,customer_resolution,INST-customer_resolution,v1,32,100,2025-02-28T00:00:00.000Z,true,51
ASM-0015459,E-0104,troubleshooting,INST-troubleshooting,v1,45,100,2025-03-08T00:00:00.000Z,true,25
ASM-0015479,E-0104,execution,INST-execution,v1,22,100,2025-07-03T00:00:00.000Z,true,31
ASM-0015481,E-0104,problem_solving,INST-problem_solving,v1,35,100,2025-08-07T00:00:00.000Z,true,20
ASM-0015483,E-0104,troubleshooting,INST-troubleshooting,v1,37,100,2025-08-21T00:00:00.000Z,true,73
ASM-0015511,E-0104,execution,INST-execution,v2,31,100,2026-03-18T00:00:00.000Z,true,23
ASM-0015513,E-0104,troubleshooting,INST-troubleshooting,v2,31,100,2026-03-22T00:00:00.000Z,true,53
ASM-0015532,E-0104,problem_solving,INST-problem_solving,v2,28,100,2026-09-12T00:00:00.000Z,true,36
ASM-0015534,E-0104,customer_resolution,INST-customer_resolution,v2,23,100,2026-08-26T00:00:00.000Z,false,36
ASM-0015536,E-0104,troubleshooting,INST-troubleshooting,v2,41,100,2026-08-23T00:00:00.000Z,true,63
ASM-0015576,E-0105,communication,INST-communication,v1,24,100,2025-03-28T00:00:00.000Z,true,25
ASM-0015578,E-0105,execution,INST-execution,v1,95,100,2025-01-10T00:00:00.000Z,false,62
ASM-0015580,E-0105,collaboration,INST-collaboration,v1,31,100,2025-01-22T00:00:00.000Z,true,52
ASM-0015582,E-0105,problem_solving,INST-problem_solving,v1,22,100,2025-03-26T00:00:00.000Z,true,77
ASM-0015584,E-0105,system_design,INST-system_design,v1,18,100,2025-02-04T00:00:00.000Z,true,42
ASM-0015586,E-0105,code_quality,INST-code_quality,v1,34,100,2025-03-31T00:00:00.000Z,false,56
ASM-0015627,E-0105,communication,INST-communication,v1,55,100,2025-09-01T00:00:00.000Z,false,82
ASM-0015629,E-0105,execution,INST-execution,v1,81,100,2025-08-03T00:00:00.000Z,false,61
ASM-0015631,E-0105,collaboration,INST-collaboration,v1,31,100,2025-09-25T00:00:00.000Z,true,32
ASM-0015633,E-0105,problem_solving,INST-problem_solving,v1,36,100,2025-08-31T00:00:00.000Z,true,33
ASM-0015635,E-0105,system_design,INST-system_design,v1,51,100,2025-08-06T00:00:00.000Z,true,58
ASM-0015669,E-0105,communication,INST-communication,v2,66,100,2026-02-03T00:00:00.000Z,true,42
ASM-0015671,E-0105,execution,INST-execution,v2,64,100,2026-01-26T00:00:00.000Z,false,20
ASM-0015673,E-0105,collaboration,INST-collaboration,v2,43,100,2026-02-17T00:00:00.000Z,false,42
ASM-0015675,E-0105,problem_solving,INST-problem_solving,v2,44,100,2026-02-08T00:00:00.000Z,false,76
ASM-0015677,E-0105,system_design,INST-system_design,v2,31,100,2026-03-03T00:00:00.000Z,true,63
ASM-0015701,E-0105,communication,INST-communication,v2,90,100,2026-07-12T00:00:00.000Z,true,49
ASM-0015703,E-0105,execution,INST-execution,v2,49,100,2026-09-18T00:00:00.000Z,true,66
ASM-0015705,E-0105,problem_solving,INST-problem_solving,v2,27,100,2026-08-04T00:00:00.000Z,true,83
ASM-0015707,E-0105,system_design,INST-system_design,v2,36,100,2026-07-18T00:00:00.000Z,true,23
ASM-0015756,E-0106,communication,INST-communication,v1,36,100,2025-01-28T00:00:00.000Z,false,68
ASM-0015758,E-0106,collaboration,INST-collaboration,v1,34,100,2025-01-25T00:00:00.000Z,true,71
ASM-0015760,E-0106,problem_solving,INST-problem_solving,v1,40,100,2025-02-18T00:00:00.000Z,true,34
ASM-0015762,E-0106,negotiation,INST-negotiation,v1,20,100,2025-01-30T00:00:00.000Z,true,64
ASM-0015764,E-0106,pipeline_mgmt,INST-pipeline_mgmt,v1,32,100,2025-02-12T00:00:00.000Z,false,54
ASM-0015798,E-0106,communication,INST-communication,v1,53,100,2025-08-27T00:00:00.000Z,false,26
ASM-0015800,E-0106,execution,INST-execution,v1,35,100,2025-07-12T00:00:00.000Z,false,36
ASM-0015802,E-0106,collaboration,INST-collaboration,v1,39,100,2025-08-10T00:00:00.000Z,false,53
ASM-0015804,E-0106,problem_solving,INST-problem_solving,v1,25,100,2025-09-04T00:00:00.000Z,true,38
ASM-0015806,E-0106,negotiation,INST-negotiation,v1,18,100,2025-08-30T00:00:00.000Z,false,46
ASM-0015808,E-0106,pipeline_mgmt,INST-pipeline_mgmt,v1,51,100,2025-07-08T00:00:00.000Z,false,63
ASM-0015825,E-0106,communication,INST-communication,v2,58,100,2026-02-07T00:00:00.000Z,true,68
ASM-0015827,E-0106,execution,INST-execution,v2,37,100,2026-02-18T00:00:00.000Z,true,75
ASM-0015829,E-0106,collaboration,INST-collaboration,v2,41,100,2026-03-21T00:00:00.000Z,true,20
ASM-0015831,E-0106,negotiation,INST-negotiation,v2,43,100,2026-03-30T00:00:00.000Z,false,81
ASM-0015852,E-0106,collaboration,INST-collaboration,v2,35,100,2026-07-16T00:00:00.000Z,true,36
ASM-0015854,E-0106,negotiation,INST-negotiation,v2,20,100,2026-08-27T00:00:00.000Z,true,52
ASM-0015856,E-0106,pipeline_mgmt,INST-pipeline_mgmt,v2,75,100,2026-07-11T00:00:00.000Z,true,37
ASM-0015904,E-0107,execution,INST-execution,v1,46,100,2025-03-29T00:00:00.000Z,true,78
ASM-0015906,E-0107,collaboration,INST-collaboration,v1,23,100,2025-02-09T00:00:00.000Z,true,89
ASM-0015908,E-0107,problem_solving,INST-problem_solving,v1,34,100,2025-03-01T00:00:00.000Z,false,42
ASM-0015910,E-0107,campaign_strategy,INST-campaign_strategy,v1,36,100,2025-03-11T00:00:00.000Z,false,72
ASM-0015912,E-0107,content_quality,INST-content_quality,v1,46,100,2025-01-24T00:00:00.000Z,false,67
ASM-0015949,E-0107,execution,INST-execution,v1,59,100,2025-08-20T00:00:00.000Z,true,49
ASM-0015951,E-0107,collaboration,INST-collaboration,v1,42,100,2025-07-07T00:00:00.000Z,true,31
ASM-0015953,E-0107,problem_solving,INST-problem_solving,v1,14,100,2025-07-22T00:00:00.000Z,true,65
ASM-0015955,E-0107,campaign_strategy,INST-campaign_strategy,v1,37,100,2025-09-12T00:00:00.000Z,false,89
ASM-0015957,E-0107,content_quality,INST-content_quality,v1,56,100,2025-08-02T00:00:00.000Z,false,68
ASM-0015978,E-0107,collaboration,INST-collaboration,v2,26,100,2026-01-16T00:00:00.000Z,false,24
ASM-0015980,E-0107,problem_solving,INST-problem_solving,v2,17,100,2026-03-22T00:00:00.000Z,true,37
ASM-0015982,E-0107,campaign_strategy,INST-campaign_strategy,v2,21,100,2026-01-19T00:00:00.000Z,true,74
ASM-0015984,E-0107,content_quality,INST-content_quality,v2,58,100,2026-03-05T00:00:00.000Z,true,76
ASM-0016005,E-0107,collaboration,INST-collaboration,v2,15,100,2026-07-17T00:00:00.000Z,false,52
ASM-0016007,E-0107,problem_solving,INST-problem_solving,v2,33,100,2026-08-14T00:00:00.000Z,true,35
ASM-0016009,E-0107,campaign_strategy,INST-campaign_strategy,v2,41,100,2026-09-12T00:00:00.000Z,false,56
ASM-0016011,E-0107,content_quality,INST-content_quality,v2,31,100,2026-09-03T00:00:00.000Z,false,82
ASM-0016057,E-0108,communication,INST-communication,v1,23,100,2025-01-20T00:00:00.000Z,true,61
ASM-0016059,E-0108,execution,INST-execution,v1,44,100,2025-01-31T00:00:00.000Z,true,64
ASM-0016061,E-0108,collaboration,INST-collaboration,v1,26,100,2025-02-12T00:00:00.000Z,true,39
ASM-0016063,E-0108,roadmap_prioritization,INST-roadmap_prioritization,v1,37,100,2025-03-15T00:00:00.000Z,true,23
ASM-0016065,E-0108,stakeholder_alignment,INST-stakeholder_alignment,v1,38,100,2025-03-03T00:00:00.000Z,true,53
ASM-0016089,E-0108,communication,INST-communication,v1,45,100,2025-07-21T00:00:00.000Z,false,53
ASM-0016091,E-0108,execution,INST-execution,v1,42,100,2025-08-12T00:00:00.000Z,false,24
ASM-0016093,E-0108,collaboration,INST-collaboration,v1,26,100,2025-07-15T00:00:00.000Z,true,26
ASM-0016095,E-0108,problem_solving,INST-problem_solving,v1,23,100,2025-09-09T00:00:00.000Z,true,56
ASM-0016097,E-0108,roadmap_prioritization,INST-roadmap_prioritization,v1,45,100,2025-07-15T00:00:00.000Z,true,30
ASM-0016124,E-0108,communication,INST-communication,v2,54,100,2026-03-21T00:00:00.000Z,true,74
ASM-0016126,E-0108,execution,INST-execution,v2,59,100,2026-01-31T00:00:00.000Z,true,58
ASM-0016128,E-0108,collaboration,INST-collaboration,v2,33,100,2026-01-25T00:00:00.000Z,true,59
ASM-0016130,E-0108,problem_solving,INST-problem_solving,v2,34,100,2026-02-25T00:00:00.000Z,true,69
ASM-0016132,E-0108,roadmap_prioritization,INST-roadmap_prioritization,v2,54,100,2026-02-14T00:00:00.000Z,false,44
ASM-0016134,E-0108,stakeholder_alignment,INST-stakeholder_alignment,v2,28,100,2026-01-29T00:00:00.000Z,true,39
ASM-0016144,E-0108,communication,INST-communication,v2,65,100,2026-08-01T00:00:00.000Z,true,75
ASM-0016146,E-0108,collaboration,INST-collaboration,v2,5,100,2026-09-15T00:00:00.000Z,true,60
ASM-0016148,E-0108,problem_solving,INST-problem_solving,v2,39,100,2026-09-13T00:00:00.000Z,true,37
ASM-0016150,E-0108,roadmap_prioritization,INST-roadmap_prioritization,v2,70,100,2026-08-22T00:00:00.000Z,false,56
ASM-0016152,E-0108,stakeholder_alignment,INST-stakeholder_alignment,v2,21,100,2026-08-08T00:00:00.000Z,true,51
ASM-0016201,E-0109,communication,INST-communication,v1,16,100,2025-02-14T00:00:00.000Z,true,53
ASM-0016203,E-0109,execution,INST-execution,v1,34,100,2025-01-31T00:00:00.000Z,true,72
ASM-0016205,E-0109,collaboration,INST-collaboration,v1,51,100,2025-01-12T00:00:00.000Z,true,64
ASM-0016207,E-0109,problem_solving,INST-problem_solving,v1,51,100,2025-01-26T00:00:00.000Z,false,85
ASM-0016209,E-0109,visual_craft,INST-visual_craft,v1,75,100,2025-03-20T00:00:00.000Z,true,66
ASM-0016211,E-0109,ux_research,INST-ux_research,v1,32,100,2025-03-08T00:00:00.000Z,false,50
ASM-0016240,E-0109,execution,INST-execution,v1,41,100,2025-09-23T00:00:00.000Z,false,46
ASM-0016242,E-0109,collaboration,INST-collaboration,v1,57,100,2025-07-27T00:00:00.000Z,false,58
ASM-0016244,E-0109,problem_solving,INST-problem_solving,v1,36,100,2025-08-18T00:00:00.000Z,true,61
ASM-0016246,E-0109,visual_craft,INST-visual_craft,v1,62,100,2025-07-16T00:00:00.000Z,true,69
ASM-0016248,E-0109,ux_research,INST-ux_research,v1,11,100,2025-08-01T00:00:00.000Z,true,54
ASM-0016283,E-0109,execution,INST-execution,v2,42,100,2026-01-31T00:00:00.000Z,true,83
ASM-0016285,E-0109,collaboration,INST-collaboration,v2,65,100,2026-02-22T00:00:00.000Z,false,44
ASM-0016287,E-0109,problem_solving,INST-problem_solving,v2,49,100,2026-01-14T00:00:00.000Z,true,85
ASM-0016289,E-0109,visual_craft,INST-visual_craft,v2,83,100,2026-02-07T00:00:00.000Z,true,87
ASM-0016291,E-0109,ux_research,INST-ux_research,v2,41,100,2026-02-07T00:00:00.000Z,true,62
ASM-0016309,E-0109,communication,INST-communication,v2,46,100,2026-08-31T00:00:00.000Z,true,41
ASM-0016311,E-0109,execution,INST-execution,v2,71,100,2026-08-14T00:00:00.000Z,true,66
ASM-0016313,E-0109,collaboration,INST-collaboration,v2,66,100,2026-07-25T00:00:00.000Z,true,58
ASM-0016315,E-0109,problem_solving,INST-problem_solving,v2,39,100,2026-07-24T00:00:00.000Z,true,26
ASM-0016317,E-0109,visual_craft,INST-visual_craft,v2,76,100,2026-09-03T00:00:00.000Z,true,38
ASM-0016319,E-0109,ux_research,INST-ux_research,v2,62,100,2026-09-14T00:00:00.000Z,true,55
ASM-0016359,E-0110,communication,INST-communication,v1,47,100,2025-01-17T00:00:00.000Z,true,59
ASM-0016361,E-0110,execution,INST-execution,v1,38,100,2025-03-09T00:00:00.000Z,true,33
ASM-0016363,E-0110,collaboration,INST-collaboration,v1,47,100,2025-02-12T00:00:00.000Z,true,37
ASM-0016365,E-0110,problem_solving,INST-problem_solving,v1,27,100,2025-03-16T00:00:00.000Z,true,51
ASM-0016367,E-0110,financial_modeling,INST-financial_modeling,v1,76,100,2025-03-06T00:00:00.000Z,false,83
ASM-0016369,E-0110,compliance_rigor,INST-compliance_rigor,v1,33,100,2025-01-04T00:00:00.000Z,true,67
ASM-0016400,E-0110,execution,INST-execution,v1,55,100,2025-09-14T00:00:00.000Z,true,51
ASM-0016402,E-0110,collaboration,INST-collaboration,v1,67,100,2025-07-12T00:00:00.000Z,true,89
ASM-0016404,E-0110,problem_solving,INST-problem_solving,v1,46,100,2025-07-01T00:00:00.000Z,true,89
ASM-0016406,E-0110,financial_modeling,INST-financial_modeling,v1,69,100,2025-08-18T00:00:00.000Z,true,76
ASM-0016408,E-0110,compliance_rigor,INST-compliance_rigor,v1,32,100,2025-08-12T00:00:00.000Z,false,28
ASM-0016436,E-0110,collaboration,INST-collaboration,v2,48,100,2026-02-18T00:00:00.000Z,true,54
ASM-0016438,E-0110,financial_modeling,INST-financial_modeling,v2,63,100,2026-03-13T00:00:00.000Z,true,64
ASM-0016456,E-0110,execution,INST-execution,v2,79,100,2026-09-03T00:00:00.000Z,true,65
ASM-0016458,E-0110,collaboration,INST-collaboration,v2,52,100,2026-07-11T00:00:00.000Z,true,34
ASM-0016460,E-0110,problem_solving,INST-problem_solving,v2,63,100,2026-07-29T00:00:00.000Z,true,79
ASM-0016462,E-0110,financial_modeling,INST-financial_modeling,v2,74,100,2026-09-06T00:00:00.000Z,true,66
ASM-0016464,E-0110,compliance_rigor,INST-compliance_rigor,v2,80,100,2026-09-15T00:00:00.000Z,true,57
ASM-0016504,E-0111,communication,INST-communication,v1,55,100,2025-01-28T00:00:00.000Z,false,59
ASM-0016506,E-0111,execution,INST-execution,v1,68,100,2025-03-15T00:00:00.000Z,false,34
ASM-0016508,E-0111,collaboration,INST-collaboration,v1,26,100,2025-01-11T00:00:00.000Z,true,43
ASM-0016510,E-0111,problem_solving,INST-problem_solving,v1,43,100,2025-03-12T00:00:00.000Z,true,50
ASM-0016512,E-0111,talent_assessment,INST-talent_assessment,v1,21,100,2025-01-18T00:00:00.000Z,false,65
ASM-0016514,E-0111,policy_navigation,INST-policy_navigation,v1,41,100,2025-03-20T00:00:00.000Z,true,48
ASM-0016536,E-0111,communication,INST-communication,v1,65,100,2025-07-23T00:00:00.000Z,true,72
ASM-0016538,E-0111,execution,INST-execution,v1,74,100,2025-08-02T00:00:00.000Z,true,51
ASM-0016540,E-0111,collaboration,INST-collaboration,v1,31,100,2025-07-23T00:00:00.000Z,true,35
ASM-0016542,E-0111,problem_solving,INST-problem_solving,v1,53,100,2025-07-06T00:00:00.000Z,false,29
ASM-0016544,E-0111,talent_assessment,INST-talent_assessment,v1,45,100,2025-08-21T00:00:00.000Z,false,65
ASM-0016546,E-0111,policy_navigation,INST-policy_navigation,v1,60,100,2025-09-22T00:00:00.000Z,true,66
ASM-0016575,E-0111,communication,INST-communication,v2,64,100,2026-03-28T00:00:00.000Z,true,43
ASM-0016577,E-0111,execution,INST-execution,v2,72,100,2026-03-19T00:00:00.000Z,true,26
ASM-0016579,E-0111,collaboration,INST-collaboration,v2,44,100,2026-03-11T00:00:00.000Z,false,58
ASM-0016581,E-0111,problem_solving,INST-problem_solving,v2,68,100,2026-01-24T00:00:00.000Z,false,77
ASM-0016583,E-0111,talent_assessment,INST-talent_assessment,v2,70,100,2026-03-16T00:00:00.000Z,true,57
ASM-0016585,E-0111,policy_navigation,INST-policy_navigation,v2,68,100,2026-02-09T00:00:00.000Z,true,81
ASM-0016618,E-0111,communication,INST-communication,v2,72,100,2026-07-17T00:00:00.000Z,true,72
ASM-0016620,E-0111,execution,INST-execution,v2,45,100,2026-08-18T00:00:00.000Z,true,24
ASM-0016622,E-0111,collaboration,INST-collaboration,v2,65,100,2026-09-24T00:00:00.000Z,false,85
ASM-0016624,E-0111,problem_solving,INST-problem_solving,v2,72,100,2026-07-20T00:00:00.000Z,false,34
ASM-0016626,E-0111,talent_assessment,INST-talent_assessment,v2,85,100,2026-09-22T00:00:00.000Z,true,67
ASM-0016628,E-0111,policy_navigation,INST-policy_navigation,v2,53,100,2026-08-28T00:00:00.000Z,false,51
ASM-0016671,E-0112,communication,INST-communication,v1,38,100,2025-01-24T00:00:00.000Z,false,29
ASM-0016673,E-0112,collaboration,INST-collaboration,v1,57,100,2025-01-30T00:00:00.000Z,true,28
ASM-0016675,E-0112,problem_solving,INST-problem_solving,v1,51,100,2025-01-05T00:00:00.000Z,true,48
ASM-0016677,E-0112,customer_resolution,INST-customer_resolution,v1,64,100,2025-02-15T00:00:00.000Z,false,75
ASM-0016679,E-0112,troubleshooting,INST-troubleshooting,v1,43,100,2025-02-14T00:00:00.000Z,true,85
ASM-0016706,E-0112,communication,INST-communication,v1,62,100,2025-08-31T00:00:00.000Z,true,86
ASM-0016708,E-0112,execution,INST-execution,v1,53,100,2025-09-04T00:00:00.000Z,false,43
ASM-0016710,E-0112,collaboration,INST-collaboration,v1,65,100,2025-08-14T00:00:00.000Z,true,23
ASM-0016712,E-0112,problem_solving,INST-problem_solving,v1,63,100,2025-07-15T00:00:00.000Z,true,68
ASM-0016732,E-0112,execution,INST-execution,v2,38,100,2026-02-15T00:00:00.000Z,true,66
ASM-0016734,E-0112,collaboration,INST-collaboration,v2,70,100,2026-02-26T00:00:00.000Z,false,45
ASM-0016736,E-0112,problem_solving,INST-problem_solving,v2,65,100,2026-01-22T00:00:00.000Z,false,31
ASM-0016738,E-0112,troubleshooting,INST-troubleshooting,v2,65,100,2026-03-12T00:00:00.000Z,true,53
ASM-0016765,E-0112,communication,INST-communication,v2,71,100,2026-09-12T00:00:00.000Z,true,65
ASM-0016767,E-0112,execution,INST-execution,v2,41,100,2026-08-14T00:00:00.000Z,true,62
ASM-0016769,E-0112,collaboration,INST-collaboration,v2,48,100,2026-07-26T00:00:00.000Z,true,35
ASM-0016771,E-0112,problem_solving,INST-problem_solving,v2,64,100,2026-08-29T00:00:00.000Z,true,72
ASM-0016773,E-0112,troubleshooting,INST-troubleshooting,v2,94,100,2026-08-22T00:00:00.000Z,true,52
ASM-0016814,E-0113,communication,INST-communication,v1,15,100,2025-01-04T00:00:00.000Z,false,32
ASM-0016816,E-0113,execution,INST-execution,v1,21,100,2025-01-17T00:00:00.000Z,true,81
ASM-0016818,E-0113,collaboration,INST-collaboration,v1,16,100,2025-03-11T00:00:00.000Z,true,71
ASM-0016820,E-0113,problem_solving,INST-problem_solving,v1,34,100,2025-01-13T00:00:00.000Z,true,74
ASM-0016822,E-0113,system_design,INST-system_design,v1,36,100,2025-03-26T00:00:00.000Z,true,29
ASM-0016824,E-0113,code_quality,INST-code_quality,v1,19,100,2025-03-15T00:00:00.000Z,true,42
ASM-0016850,E-0113,communication,INST-communication,v1,44,100,2025-07-10T00:00:00.000Z,true,69
ASM-0016852,E-0113,execution,INST-execution,v1,20,100,2025-08-24T00:00:00.000Z,true,57
ASM-0016854,E-0113,problem_solving,INST-problem_solving,v1,45,100,2025-08-30T00:00:00.000Z,false,65
ASM-0016856,E-0113,system_design,INST-system_design,v1,55,100,2025-07-07T00:00:00.000Z,true,38
ASM-0016877,E-0113,communication,INST-communication,v2,50,100,2026-02-26T00:00:00.000Z,true,42
ASM-0016879,E-0113,execution,INST-execution,v2,14,100,2026-03-22T00:00:00.000Z,false,31
ASM-0016881,E-0113,collaboration,INST-collaboration,v2,51,100,2026-01-29T00:00:00.000Z,true,32
ASM-0016883,E-0113,system_design,INST-system_design,v2,53,100,2026-03-28T00:00:00.000Z,true,86
ASM-0016919,E-0113,communication,INST-communication,v2,67,100,2026-09-17T00:00:00.000Z,false,88
ASM-0016921,E-0113,execution,INST-execution,v2,3,100,2026-07-12T00:00:00.000Z,true,41
ASM-0016923,E-0113,problem_solving,INST-problem_solving,v2,74,100,2026-09-15T00:00:00.000Z,true,45
ASM-0016925,E-0113,system_design,INST-system_design,v2,87,100,2026-09-25T00:00:00.000Z,true,79
ASM-0016955,E-0114,communication,INST-communication,v1,39,100,2025-01-22T00:00:00.000Z,true,64
ASM-0016957,E-0114,execution,INST-execution,v1,40,100,2025-02-17T00:00:00.000Z,true,50
ASM-0016959,E-0114,collaboration,INST-collaboration,v1,75,100,2025-01-15T00:00:00.000Z,true,67
ASM-0016961,E-0114,negotiation,INST-negotiation,v1,79,100,2025-01-21T00:00:00.000Z,true,83
ASM-0016963,E-0114,pipeline_mgmt,INST-pipeline_mgmt,v1,94,100,2025-03-06T00:00:00.000Z,false,29
ASM-0016973,E-0114,communication,INST-communication,v1,28,100,2025-08-19T00:00:00.000Z,true,84
ASM-0016975,E-0114,collaboration,INST-collaboration,v1,52,100,2025-07-23T00:00:00.000Z,false,27
ASM-0016977,E-0114,problem_solving,INST-problem_solving,v1,16,100,2025-08-24T00:00:00.000Z,false,39
ASM-0016979,E-0114,negotiation,INST-negotiation,v1,34,100,2025-08-22T00:00:00.000Z,true,84
ASM-0016981,E-0114,pipeline_mgmt,INST-pipeline_mgmt,v1,69,100,2025-08-25T00:00:00.000Z,true,39
ASM-0017006,E-0114,communication,INST-communication,v2,21,100,2026-01-02T00:00:00.000Z,true,64
ASM-0017008,E-0114,collaboration,INST-collaboration,v2,33,100,2026-01-05T00:00:00.000Z,false,56
ASM-0017010,E-0114,problem_solving,INST-problem_solving,v2,37,100,2026-01-21T00:00:00.000Z,false,52
ASM-0017012,E-0114,negotiation,INST-negotiation,v2,45,100,2026-01-18T00:00:00.000Z,true,52
ASM-0017014,E-0114,pipeline_mgmt,INST-pipeline_mgmt,v2,32,100,2026-03-19T00:00:00.000Z,true,34
ASM-0017043,E-0114,execution,INST-execution,v2,71,100,2026-07-14T00:00:00.000Z,true,62
ASM-0017045,E-0114,collaboration,INST-collaboration,v2,37,100,2026-07-05T00:00:00.000Z,false,89
ASM-0017047,E-0114,problem_solving,INST-problem_solving,v2,50,100,2026-08-19T00:00:00.000Z,true,74
ASM-0017049,E-0114,pipeline_mgmt,INST-pipeline_mgmt,v2,27,100,2026-08-18T00:00:00.000Z,false,32
ASM-0017077,E-0115,communication,INST-communication,v1,28,100,2025-02-11T00:00:00.000Z,true,44
ASM-0017079,E-0115,execution,INST-execution,v1,41,100,2025-02-28T00:00:00.000Z,true,44
ASM-0017081,E-0115,collaboration,INST-collaboration,v1,19,100,2025-01-05T00:00:00.000Z,false,65
ASM-0017083,E-0115,problem_solving,INST-problem_solving,v1,69,100,2025-03-03T00:00:00.000Z,true,84
ASM-0017085,E-0115,campaign_strategy,INST-campaign_strategy,v1,82,100,2025-03-08T00:00:00.000Z,true,82
ASM-0017087,E-0115,content_quality,INST-content_quality,v1,53,100,2025-01-11T00:00:00.000Z,true,51
ASM-0017114,E-0115,communication,INST-communication,v1,35,100,2025-08-30T00:00:00.000Z,false,45
ASM-0017116,E-0115,execution,INST-execution,v1,57,100,2025-07-01T00:00:00.000Z,true,45
ASM-0017118,E-0115,collaboration,INST-collaboration,v1,46,100,2025-07-25T00:00:00.000Z,false,59
ASM-0017120,E-0115,campaign_strategy,INST-campaign_strategy,v1,74,100,2025-08-28T00:00:00.000Z,false,28
ASM-0017122,E-0115,content_quality,INST-content_quality,v1,51,100,2025-09-11T00:00:00.000Z,false,25
ASM-0017157,E-0115,communication,INST-communication,v2,40,100,2026-02-26T00:00:00.000Z,true,55
ASM-0017159,E-0115,execution,INST-execution,v2,62,100,2026-02-18T00:00:00.000Z,true,52
ASM-0017161,E-0115,collaboration,INST-collaboration,v2,58,100,2026-02-13T00:00:00.000Z,true,67
ASM-0017163,E-0115,problem_solving,INST-problem_solving,v2,52,100,2026-01-01T00:00:00.000Z,false,35
ASM-0017165,E-0115,content_quality,INST-content_quality,v2,62,100,2026-03-15T00:00:00.000Z,true,34
ASM-0017177,E-0115,communication,INST-communication,v2,37,100,2026-09-22T00:00:00.000Z,true,87
ASM-0017179,E-0115,execution,INST-execution,v2,53,100,2026-08-16T00:00:00.000Z,true,82
ASM-0017181,E-0115,collaboration,INST-collaboration,v2,73,100,2026-07-25T00:00:00.000Z,false,29
ASM-0017183,E-0115,problem_solving,INST-problem_solving,v2,24,100,2026-09-28T00:00:00.000Z,true,63
ASM-0017185,E-0115,campaign_strategy,INST-campaign_strategy,v2,83,100,2026-07-10T00:00:00.000Z,true,81
ASM-0017187,E-0115,content_quality,INST-content_quality,v2,53,100,2026-08-27T00:00:00.000Z,true,36
ASM-0017232,E-0116,communication,INST-communication,v1,69,100,2025-02-13T00:00:00.000Z,true,35
ASM-0017234,E-0116,execution,INST-execution,v1,22,100,2025-03-01T00:00:00.000Z,true,40
ASM-0017236,E-0116,collaboration,INST-collaboration,v1,43,100,2025-02-08T00:00:00.000Z,true,38
ASM-0017238,E-0116,problem_solving,INST-problem_solving,v1,29,100,2025-01-17T00:00:00.000Z,true,69
ASM-0017240,E-0116,roadmap_prioritization,INST-roadmap_prioritization,v1,72,100,2025-01-30T00:00:00.000Z,false,30
ASM-0017242,E-0116,stakeholder_alignment,INST-stakeholder_alignment,v1,79,100,2025-02-28T00:00:00.000Z,false,81
ASM-0017263,E-0116,communication,INST-communication,v1,48,100,2025-09-24T00:00:00.000Z,true,82
ASM-0017265,E-0116,execution,INST-execution,v1,36,100,2025-08-12T00:00:00.000Z,true,50
ASM-0017267,E-0116,collaboration,INST-collaboration,v1,44,100,2025-07-21T00:00:00.000Z,false,51
ASM-0017269,E-0116,problem_solving,INST-problem_solving,v1,42,100,2025-09-22T00:00:00.000Z,false,52
ASM-0017271,E-0116,roadmap_prioritization,INST-roadmap_prioritization,v1,53,100,2025-08-18T00:00:00.000Z,false,89
ASM-0017273,E-0116,stakeholder_alignment,INST-stakeholder_alignment,v1,72,100,2025-07-31T00:00:00.000Z,false,25
ASM-0017281,E-0116,communication,INST-communication,v2,52,100,2026-02-13T00:00:00.000Z,true,44
ASM-0017283,E-0116,execution,INST-execution,v2,55,100,2026-03-13T00:00:00.000Z,false,67
ASM-0017285,E-0116,collaboration,INST-collaboration,v2,63,100,2026-01-04T00:00:00.000Z,true,35
ASM-0017287,E-0116,problem_solving,INST-problem_solving,v2,59,100,2026-01-16T00:00:00.000Z,true,34
ASM-0017289,E-0116,stakeholder_alignment,INST-stakeholder_alignment,v2,68,100,2026-02-10T00:00:00.000Z,true,78
ASM-0017320,E-0116,execution,INST-execution,v2,64,100,2026-08-19T00:00:00.000Z,true,20
ASM-0017322,E-0116,collaboration,INST-collaboration,v2,79,100,2026-09-18T00:00:00.000Z,true,22
ASM-0017324,E-0116,problem_solving,INST-problem_solving,v2,81,100,2026-07-19T00:00:00.000Z,true,59
ASM-0017326,E-0116,roadmap_prioritization,INST-roadmap_prioritization,v2,66,100,2026-07-26T00:00:00.000Z,true,40
ASM-0017328,E-0116,stakeholder_alignment,INST-stakeholder_alignment,v2,40,100,2026-07-29T00:00:00.000Z,true,23
ASM-0017365,E-0117,communication,INST-communication,v1,38,100,2025-01-18T00:00:00.000Z,false,84
ASM-0017367,E-0117,collaboration,INST-collaboration,v1,32,100,2025-03-09T00:00:00.000Z,true,41
ASM-0017369,E-0117,problem_solving,INST-problem_solving,v1,41,100,2025-02-20T00:00:00.000Z,true,32
ASM-0017371,E-0117,visual_craft,INST-visual_craft,v1,11,100,2025-01-23T00:00:00.000Z,true,50
ASM-0017373,E-0117,ux_research,INST-ux_research,v1,34,100,2025-02-17T00:00:00.000Z,true,38
ASM-0017394,E-0117,communication,INST-communication,v1,54,100,2025-07-21T00:00:00.000Z,true,59
ASM-0017396,E-0117,collaboration,INST-collaboration,v1,25,100,2025-07-15T00:00:00.000Z,true,37
ASM-0017398,E-0117,problem_solving,INST-problem_solving,v1,35,100,2025-07-05T00:00:00.000Z,true,62
ASM-0017400,E-0117,visual_craft,INST-visual_craft,v1,5,100,2025-07-16T00:00:00.000Z,false,61
ASM-0017402,E-0117,ux_research,INST-ux_research,v1,26,100,2025-07-12T00:00:00.000Z,false,37
ASM-0017425,E-0117,communication,INST-communication,v2,43,100,2026-03-29T00:00:00.000Z,true,24
ASM-0017427,E-0117,collaboration,INST-collaboration,v2,31,100,2026-01-01T00:00:00.000Z,true,26
ASM-0017429,E-0117,visual_craft,INST-visual_craft,v2,39,100,2026-01-31T00:00:00.000Z,true,35
ASM-0017431,E-0117,ux_research,INST-ux_research,v2,28,100,2026-01-11T00:00:00.000Z,false,46
ASM-0017458,E-0117,communication,INST-communication,v2,33,100,2026-08-05T00:00:00.000Z,true,51
ASM-0017460,E-0117,collaboration,INST-collaboration,v2,14,100,2026-09-11T00:00:00.000Z,true,85
ASM-0017462,E-0117,visual_craft,INST-visual_craft,v2,52,100,2026-08-26T00:00:00.000Z,false,27
ASM-0017464,E-0117,ux_research,INST-ux_research,v2,36,100,2026-08-14T00:00:00.000Z,true,24
ASM-0017508,E-0118,communication,INST-communication,v1,53,100,2025-03-13T00:00:00.000Z,true,62
ASM-0017510,E-0118,collaboration,INST-collaboration,v1,26,100,2025-01-03T00:00:00.000Z,false,77
ASM-0017512,E-0118,problem_solving,INST-problem_solving,v1,44,100,2025-03-13T00:00:00.000Z,false,74
ASM-0017514,E-0118,financial_modeling,INST-financial_modeling,v1,34,100,2025-02-26T00:00:00.000Z,true,74
ASM-0017516,E-0118,compliance_rigor,INST-compliance_rigor,v1,30,100,2025-02-24T00:00:00.000Z,true,75
ASM-0017534,E-0118,communication,INST-communication,v1,53,100,2025-09-24T00:00:00.000Z,true,85
ASM-0017536,E-0118,execution,INST-execution,v1,31,100,2025-07-10T00:00:00.000Z,true,27
ASM-0017538,E-0118,collaboration,INST-collaboration,v1,34,100,2025-09-29T00:00:00.000Z,true,26
ASM-0017540,E-0118,problem_solving,INST-problem_solving,v1,45,100,2025-09-17T00:00:00.000Z,true,50
ASM-0017542,E-0118,financial_modeling,INST-financial_modeling,v1,62,100,2025-07-25T00:00:00.000Z,false,39
ASM-0017544,E-0118,compliance_rigor,INST-compliance_rigor,v1,35,100,2025-09-08T00:00:00.000Z,true,73
ASM-0017565,E-0118,communication,INST-communication,v2,69,100,2026-03-17T00:00:00.000Z,false,69
ASM-0017567,E-0118,execution,INST-execution,v2,33,100,2026-02-26T00:00:00.000Z,true,64
ASM-0017569,E-0118,collaboration,INST-collaboration,v2,32,100,2026-03-29T00:00:00.000Z,true,28
ASM-0017571,E-0118,problem_solving,INST-problem_solving,v2,60,100,2026-01-19T00:00:00.000Z,false,33
ASM-0017573,E-0118,financial_modeling,INST-financial_modeling,v2,59,100,2026-02-03T00:00:00.000Z,true,71
ASM-0017612,E-0118,communication,INST-communication,v2,84,100,2026-09-24T00:00:00.000Z,true,79
ASM-0017614,E-0118,execution,INST-execution,v2,26,100,2026-08-03T00:00:00.000Z,true,62
ASM-0017616,E-0118,collaboration,INST-collaboration,v2,24,100,2026-07-30T00:00:00.000Z,true,42
ASM-0017618,E-0118,financial_modeling,INST-financial_modeling,v2,78,100,2026-09-28T00:00:00.000Z,true,79
ASM-0017620,E-0118,compliance_rigor,INST-compliance_rigor,v2,25,100,2026-07-28T00:00:00.000Z,true,20
ASM-0017666,E-0119,communication,INST-communication,v1,19,100,2025-03-06T00:00:00.000Z,true,44
ASM-0017668,E-0119,execution,INST-execution,v1,24,100,2025-02-02T00:00:00.000Z,true,56
ASM-0017670,E-0119,collaboration,INST-collaboration,v1,22,100,2025-03-16T00:00:00.000Z,true,54
ASM-0017672,E-0119,problem_solving,INST-problem_solving,v1,70,100,2025-03-31T00:00:00.000Z,true,30
ASM-0017674,E-0119,policy_navigation,INST-policy_navigation,v1,30,100,2025-03-17T00:00:00.000Z,true,38
ASM-0017691,E-0119,communication,INST-communication,v1,21,100,2025-07-05T00:00:00.000Z,false,47
ASM-0017693,E-0119,execution,INST-execution,v1,9,100,2025-09-02T00:00:00.000Z,false,89
ASM-0017695,E-0119,collaboration,INST-collaboration,v1,17,100,2025-07-28T00:00:00.000Z,true,43
ASM-0017697,E-0119,problem_solving,INST-problem_solving,v1,60,100,2025-09-28T00:00:00.000Z,false,62
ASM-0017699,E-0119,talent_assessment,INST-talent_assessment,v1,56,100,2025-08-24T00:00:00.000Z,true,49
ASM-0017701,E-0119,policy_navigation,INST-policy_navigation,v1,39,100,2025-07-24T00:00:00.000Z,true,56
ASM-0017722,E-0119,communication,INST-communication,v2,42,100,2026-02-08T00:00:00.000Z,true,24
ASM-0017724,E-0119,collaboration,INST-collaboration,v2,29,100,2026-01-25T00:00:00.000Z,true,73
ASM-0017726,E-0119,problem_solving,INST-problem_solving,v2,64,100,2026-02-03T00:00:00.000Z,false,44
ASM-0017728,E-0119,talent_assessment,INST-talent_assessment,v2,63,100,2026-01-11T00:00:00.000Z,false,68
ASM-0017734,E-0119,communication,INST-communication,v2,73,100,2026-07-30T00:00:00.000Z,true,25
ASM-0017736,E-0119,execution,INST-execution,v2,55,100,2026-07-18T00:00:00.000Z,false,89
ASM-0017738,E-0119,collaboration,INST-collaboration,v2,56,100,2026-07-06T00:00:00.000Z,true,23
ASM-0017740,E-0119,problem_solving,INST-problem_solving,v2,48,100,2026-08-07T00:00:00.000Z,false,76
ASM-0017742,E-0119,talent_assessment,INST-talent_assessment,v2,81,100,2026-07-21T00:00:00.000Z,true,72
ASM-0017744,E-0119,policy_navigation,INST-policy_navigation,v2,71,100,2026-07-04T00:00:00.000Z,true,62
ASM-0017780,E-0120,communication,INST-communication,v1,80,100,2025-01-03T00:00:00.000Z,false,36
ASM-0017782,E-0120,execution,INST-execution,v1,59,100,2025-02-25T00:00:00.000Z,true,20
ASM-0017784,E-0120,collaboration,INST-collaboration,v1,33,100,2025-02-20T00:00:00.000Z,false,28
ASM-0017786,E-0120,customer_resolution,INST-customer_resolution,v1,70,100,2025-03-25T00:00:00.000Z,true,63
ASM-0017788,E-0120,troubleshooting,INST-troubleshooting,v1,32,100,2025-03-05T00:00:00.000Z,true,20
ASM-0017806,E-0120,communication,INST-communication,v1,73,100,2025-07-21T00:00:00.000Z,false,82
ASM-0017808,E-0120,execution,INST-execution,v1,46,100,2025-09-07T00:00:00.000Z,false,34
ASM-0017810,E-0120,collaboration,INST-collaboration,v1,48,100,2025-07-22T00:00:00.000Z,true,21
ASM-0017812,E-0120,problem_solving,INST-problem_solving,v1,63,100,2025-08-20T00:00:00.000Z,true,21
ASM-0017814,E-0120,customer_resolution,INST-customer_resolution,v1,50,100,2025-08-09T00:00:00.000Z,true,88
ASM-0017816,E-0120,troubleshooting,INST-troubleshooting,v1,13,100,2025-07-14T00:00:00.000Z,true,26
ASM-0017840,E-0120,communication,INST-communication,v2,58,100,2026-03-22T00:00:00.000Z,true,66
ASM-0017842,E-0120,execution,INST-execution,v2,36,100,2026-01-21T00:00:00.000Z,true,89
ASM-0017844,E-0120,collaboration,INST-collaboration,v2,60,100,2026-02-21T00:00:00.000Z,true,56
ASM-0017846,E-0120,problem_solving,INST-problem_solving,v2,81,100,2026-03-10T00:00:00.000Z,true,33
ASM-0017848,E-0120,customer_resolution,INST-customer_resolution,v2,36,100,2026-03-04T00:00:00.000Z,true,55
ASM-0017850,E-0120,troubleshooting,INST-troubleshooting,v2,28,100,2026-01-07T00:00:00.000Z,false,65
ASM-0017884,E-0120,communication,INST-communication,v2,50,100,2026-09-15T00:00:00.000Z,true,52
ASM-0017886,E-0120,execution,INST-execution,v2,28,100,2026-08-22T00:00:00.000Z,true,48
ASM-0017888,E-0120,collaboration,INST-collaboration,v2,84,100,2026-08-13T00:00:00.000Z,true,48
ASM-0017890,E-0120,problem_solving,INST-problem_solving,v2,98,100,2026-09-05T00:00:00.000Z,true,73
ASM-0017892,E-0120,customer_resolution,INST-customer_resolution,v2,30,100,2026-08-12T00:00:00.000Z,false,49
ASM-0017894,E-0120,troubleshooting,INST-troubleshooting,v2,39,100,2026-07-24T00:00:00.000Z,true,47
ASM-0017937,E-0121,communication,INST-communication,v1,47,100,2025-01-11T00:00:00.000Z,false,60
ASM-0017939,E-0121,execution,INST-execution,v1,63,100,2025-01-10T00:00:00.000Z,false,65
ASM-0017941,E-0121,collaboration,INST-collaboration,v1,44,100,2025-01-24T00:00:00.000Z,true,56
ASM-0017943,E-0121,problem_solving,INST-problem_solving,v1,61,100,2025-02-08T00:00:00.000Z,false,74
ASM-0017945,E-0121,system_design,INST-system_design,v1,69,100,2025-01-31T00:00:00.000Z,true,33
ASM-0017947,E-0121,code_quality,INST-code_quality,v1,68,100,2025-01-24T00:00:00.000Z,true,86
ASM-0017980,E-0121,communication,INST-communication,v1,46,100,2025-09-18T00:00:00.000Z,true,89
ASM-0017982,E-0121,execution,INST-execution,v1,56,100,2025-08-20T00:00:00.000Z,true,39
ASM-0017984,E-0121,collaboration,INST-collaboration,v1,39,100,2025-09-13T00:00:00.000Z,true,51
ASM-0017986,E-0121,problem_solving,INST-problem_solving,v1,40,100,2025-08-02T00:00:00.000Z,false,29
ASM-0017988,E-0121,system_design,INST-system_design,v1,72,100,2025-08-17T00:00:00.000Z,false,40
ASM-0017990,E-0121,code_quality,INST-code_quality,v1,69,100,2025-08-13T00:00:00.000Z,true,28
ASM-0018023,E-0121,communication,INST-communication,v2,53,100,2026-03-16T00:00:00.000Z,false,85
ASM-0018025,E-0121,execution,INST-execution,v2,38,100,2026-02-23T00:00:00.000Z,true,32
ASM-0018027,E-0121,collaboration,INST-collaboration,v2,41,100,2026-03-28T00:00:00.000Z,false,51
ASM-0018029,E-0121,problem_solving,INST-problem_solving,v2,41,100,2026-03-19T00:00:00.000Z,false,64
ASM-0018031,E-0121,code_quality,INST-code_quality,v2,28,100,2026-03-17T00:00:00.000Z,false,64
ASM-0018061,E-0121,communication,INST-communication,v2,51,100,2026-09-20T00:00:00.000Z,true,28
ASM-0018063,E-0121,execution,INST-execution,v2,22,100,2026-08-01T00:00:00.000Z,true,77
ASM-0018065,E-0121,collaboration,INST-collaboration,v2,40,100,2026-07-17T00:00:00.000Z,false,61
ASM-0018067,E-0121,problem_solving,INST-problem_solving,v2,42,100,2026-09-24T00:00:00.000Z,false,31
ASM-0018111,E-0122,execution,INST-execution,v1,27,100,2025-01-23T00:00:00.000Z,true,51
ASM-0018113,E-0122,collaboration,INST-collaboration,v1,46,100,2025-03-01T00:00:00.000Z,true,61
ASM-0018115,E-0122,problem_solving,INST-problem_solving,v1,40,100,2025-03-23T00:00:00.000Z,true,68
ASM-0018151,E-0122,execution,INST-execution,v1,47,100,2025-08-04T00:00:00.000Z,true,55
ASM-0018153,E-0122,collaboration,INST-collaboration,v1,41,100,2025-09-02T00:00:00.000Z,true,62
ASM-0018155,E-0122,problem_solving,INST-problem_solving,v1,47,100,2025-07-21T00:00:00.000Z,true,45
ASM-0018157,E-0122,negotiation,INST-negotiation,v1,67,100,2025-09-06T00:00:00.000Z,false,36
ASM-0018159,E-0122,pipeline_mgmt,INST-pipeline_mgmt,v1,16,100,2025-07-10T00:00:00.000Z,false,82
ASM-0018187,E-0122,execution,INST-execution,v2,50,100,2026-02-15T00:00:00.000Z,true,45
ASM-0018189,E-0122,problem_solving,INST-problem_solving,v2,57,100,2026-03-19T00:00:00.000Z,true,75
ASM-0018191,E-0122,pipeline_mgmt,INST-pipeline_mgmt,v2,27,100,2026-02-07T00:00:00.000Z,true,83
ASM-0018224,E-0122,execution,INST-execution,v2,46,100,2026-07-11T00:00:00.000Z,true,87
ASM-0018226,E-0122,collaboration,INST-collaboration,v2,52,100,2026-07-20T00:00:00.000Z,true,45
ASM-0018228,E-0122,problem_solving,INST-problem_solving,v2,57,100,2026-08-29T00:00:00.000Z,true,80
ASM-0018230,E-0122,negotiation,INST-negotiation,v2,82,100,2026-08-09T00:00:00.000Z,true,72
ASM-0018232,E-0122,pipeline_mgmt,INST-pipeline_mgmt,v2,57,100,2026-09-24T00:00:00.000Z,true,66
ASM-0018263,E-0123,communication,INST-communication,v1,35,100,2025-03-18T00:00:00.000Z,true,29
ASM-0018265,E-0123,execution,INST-execution,v1,43,100,2025-03-22T00:00:00.000Z,true,68
ASM-0018267,E-0123,collaboration,INST-collaboration,v1,21,100,2025-02-17T00:00:00.000Z,true,24
ASM-0018269,E-0123,problem_solving,INST-problem_solving,v1,34,100,2025-01-03T00:00:00.000Z,true,70
ASM-0018271,E-0123,content_quality,INST-content_quality,v1,88,100,2025-03-05T00:00:00.000Z,true,53
ASM-0018297,E-0123,communication,INST-communication,v1,58,100,2025-07-22T00:00:00.000Z,false,51
ASM-0018299,E-0123,execution,INST-execution,v1,34,100,2025-09-27T00:00:00.000Z,true,72
ASM-0018301,E-0123,collaboration,INST-collaboration,v1,47,100,2025-08-07T00:00:00.000Z,false,32
ASM-0018303,E-0123,problem_solving,INST-problem_solving,v1,37,100,2025-08-29T00:00:00.000Z,false,43
ASM-0018305,E-0123,campaign_strategy,INST-campaign_strategy,v1,64,100,2025-07-09T00:00:00.000Z,true,88
ASM-0018307,E-0123,content_quality,INST-content_quality,v1,49,100,2025-07-30T00:00:00.000Z,true,50
ASM-0018337,E-0123,communication,INST-communication,v2,45,100,2026-03-04T00:00:00.000Z,true,57
ASM-0018339,E-0123,execution,INST-execution,v2,31,100,2026-01-25T00:00:00.000Z,false,84
ASM-0018341,E-0123,problem_solving,INST-problem_solving,v2,41,100,2026-01-26T00:00:00.000Z,false,86
ASM-0018343,E-0123,campaign_strategy,INST-campaign_strategy,v2,37,100,2026-01-17T00:00:00.000Z,false,58
ASM-0018345,E-0123,content_quality,INST-content_quality,v2,46,100,2026-01-27T00:00:00.000Z,true,70
ASM-0018369,E-0123,communication,INST-communication,v2,49,100,2026-08-02T00:00:00.000Z,true,24
ASM-0018371,E-0123,execution,INST-execution,v2,34,100,2026-08-21T00:00:00.000Z,true,62
ASM-0018373,E-0123,problem_solving,INST-problem_solving,v2,71,100,2026-07-21T00:00:00.000Z,true,81
ASM-0018375,E-0123,campaign_strategy,INST-campaign_strategy,v2,51,100,2026-09-04T00:00:00.000Z,true,69
ASM-0018377,E-0123,content_quality,INST-content_quality,v2,24,100,2026-07-01T00:00:00.000Z,false,40
ASM-0018431,E-0124,execution,INST-execution,v1,24,100,2025-03-14T00:00:00.000Z,true,38
ASM-0018433,E-0124,problem_solving,INST-problem_solving,v1,29,100,2025-01-12T00:00:00.000Z,true,25
ASM-0018435,E-0124,roadmap_prioritization,INST-roadmap_prioritization,v1,22,100,2025-02-26T00:00:00.000Z,true,26
ASM-0018437,E-0124,stakeholder_alignment,INST-stakeholder_alignment,v1,36,100,2025-03-09T00:00:00.000Z,true,37
ASM-0018462,E-0124,communication,INST-communication,v1,37,100,2025-07-29T00:00:00.000Z,true,42
ASM-0018464,E-0124,problem_solving,INST-problem_solving,v1,40,100,2025-07-01T00:00:00.000Z,true,43
ASM-0018466,E-0124,roadmap_prioritization,INST-roadmap_prioritization,v1,51,100,2025-08-30T00:00:00.000Z,true,23
ASM-0018468,E-0124,stakeholder_alignment,INST-stakeholder_alignment,v1,58,100,2025-08-03T00:00:00.000Z,false,22
ASM-0018496,E-0124,execution,INST-execution,v2,39,100,2026-03-25T00:00:00.000Z,true,48
ASM-0018498,E-0124,problem_solving,INST-problem_solving,v2,58,100,2026-02-04T00:00:00.000Z,false,32
ASM-0018500,E-0124,roadmap_prioritization,INST-roadmap_prioritization,v2,42,100,2026-03-26T00:00:00.000Z,true,39
ASM-0018502,E-0124,stakeholder_alignment,INST-stakeholder_alignment,v2,69,100,2026-03-06T00:00:00.000Z,false,30
ASM-0018528,E-0124,communication,INST-communication,v2,67,100,2026-07-25T00:00:00.000Z,false,47
ASM-0018530,E-0124,problem_solving,INST-problem_solving,v2,62,100,2026-08-28T00:00:00.000Z,true,58
ASM-0018532,E-0124,roadmap_prioritization,INST-roadmap_prioritization,v2,70,100,2026-07-31T00:00:00.000Z,true,72
ASM-0018534,E-0124,stakeholder_alignment,INST-stakeholder_alignment,v2,74,100,2026-08-06T00:00:00.000Z,true,26
ASM-0018569,E-0125,communication,INST-communication,v1,22,100,2025-02-22T00:00:00.000Z,false,87
ASM-0018571,E-0125,execution,INST-execution,v1,73,100,2025-02-12T00:00:00.000Z,true,54
ASM-0018573,E-0125,collaboration,INST-collaboration,v1,18,100,2025-03-09T00:00:00.000Z,true,64
ASM-0018575,E-0125,visual_craft,INST-visual_craft,v1,38,100,2025-01-02T00:00:00.000Z,true,87
ASM-0018577,E-0125,ux_research,INST-ux_research,v1,32,100,2025-02-10T00:00:00.000Z,true,36
ASM-0018609,E-0125,communication,INST-communication,v1,30,100,2025-09-06T00:00:00.000Z,true,51
ASM-0018611,E-0125,execution,INST-execution,v1,67,100,2025-09-08T00:00:00.000Z,true,58
ASM-0018613,E-0125,visual_craft,INST-visual_craft,v1,56,100,2025-07-13T00:00:00.000Z,true,23
ASM-0018615,E-0125,ux_research,INST-ux_research,v1,21,100,2025-08-11T00:00:00.000Z,true,71
ASM-0018637,E-0125,communication,INST-communication,v2,45,100,2026-03-01T00:00:00.000Z,false,36
ASM-0018639,E-0125,execution,INST-execution,v2,45,100,2026-01-07T00:00:00.000Z,true,20
ASM-0018641,E-0125,collaboration,INST-collaboration,v2,68,100,2026-03-19T00:00:00.000Z,true,66
ASM-0018643,E-0125,problem_solving,INST-problem_solving,v2,31,100,2026-02-18T00:00:00.000Z,false,89
ASM-0018645,E-0125,visual_craft,INST-visual_craft,v2,67,100,2026-02-18T00:00:00.000Z,true,60
ASM-0018671,E-0125,communication,INST-communication,v2,37,100,2026-07-17T00:00:00.000Z,true,80
ASM-0018673,E-0125,execution,INST-execution,v2,47,100,2026-08-01T00:00:00.000Z,true,45
ASM-0018675,E-0125,collaboration,INST-collaboration,v2,65,100,2026-09-18T00:00:00.000Z,true,64
ASM-0018677,E-0125,problem_solving,INST-problem_solving,v2,41,100,2026-09-14T00:00:00.000Z,true,70
ASM-0018679,E-0125,visual_craft,INST-visual_craft,v2,83,100,2026-07-17T00:00:00.000Z,true,53
ASM-0018681,E-0125,ux_research,INST-ux_research,v2,31,100,2026-09-16T00:00:00.000Z,false,48
ASM-0018716,E-0126,communication,INST-communication,v1,30,100,2025-03-23T00:00:00.000Z,true,53
ASM-0018718,E-0126,execution,INST-execution,v1,56,100,2025-01-01T00:00:00.000Z,true,72
ASM-0018720,E-0126,collaboration,INST-collaboration,v1,13,100,2025-01-22T00:00:00.000Z,true,56
ASM-0018722,E-0126,problem_solving,INST-problem_solving,v1,17,100,2025-02-25T00:00:00.000Z,true,67
ASM-0018724,E-0126,financial_modeling,INST-financial_modeling,v1,30,100,2025-01-18T00:00:00.000Z,true,70
ASM-0018726,E-0126,compliance_rigor,INST-compliance_rigor,v1,44,100,2025-01-17T00:00:00.000Z,true,46
ASM-0018754,E-0126,communication,INST-communication,v1,45,100,2025-09-09T00:00:00.000Z,true,55
ASM-0018756,E-0126,execution,INST-execution,v1,57,100,2025-07-17T00:00:00.000Z,true,30
ASM-0018758,E-0126,collaboration,INST-collaboration,v1,52,100,2025-09-03T00:00:00.000Z,false,71
ASM-0018760,E-0126,problem_solving,INST-problem_solving,v1,24,100,2025-09-05T00:00:00.000Z,false,57
ASM-0018762,E-0126,financial_modeling,INST-financial_modeling,v1,36,100,2025-09-26T00:00:00.000Z,true,65
ASM-0018776,E-0126,execution,INST-execution,v2,54,100,2026-02-07T00:00:00.000Z,true,78
ASM-0018778,E-0126,collaboration,INST-collaboration,v2,47,100,2026-01-06T00:00:00.000Z,true,34
ASM-0018780,E-0126,problem_solving,INST-problem_solving,v2,38,100,2026-03-21T00:00:00.000Z,true,81
ASM-0018782,E-0126,financial_modeling,INST-financial_modeling,v2,56,100,2026-03-20T00:00:00.000Z,false,29
ASM-0018784,E-0126,compliance_rigor,INST-compliance_rigor,v2,30,100,2026-03-02T00:00:00.000Z,true,23
ASM-0018809,E-0126,communication,INST-communication,v2,73,100,2026-07-18T00:00:00.000Z,true,39
ASM-0018811,E-0126,execution,INST-execution,v2,19,100,2026-07-03T00:00:00.000Z,true,71
ASM-0018813,E-0126,problem_solving,INST-problem_solving,v2,33,100,2026-09-03T00:00:00.000Z,true,38
ASM-0018815,E-0126,financial_modeling,INST-financial_modeling,v2,82,100,2026-07-29T00:00:00.000Z,false,32
ASM-0018817,E-0126,compliance_rigor,INST-compliance_rigor,v2,29,100,2026-09-29T00:00:00.000Z,false,75
ASM-0018860,E-0127,communication,INST-communication,v1,25,100,2025-02-01T00:00:00.000Z,true,27
ASM-0018862,E-0127,execution,INST-execution,v1,20,100,2025-03-22T00:00:00.000Z,false,59
ASM-0018864,E-0127,collaboration,INST-collaboration,v1,26,100,2025-01-17T00:00:00.000Z,true,24
ASM-0018866,E-0127,problem_solving,INST-problem_solving,v1,33,100,2025-01-21T00:00:00.000Z,true,25
ASM-0018868,E-0127,talent_assessment,INST-talent_assessment,v1,61,100,2025-02-27T00:00:00.000Z,true,39
ASM-0018870,E-0127,policy_navigation,INST-policy_navigation,v1,80,100,2025-02-18T00:00:00.000Z,true,68
ASM-0018895,E-0127,communication,INST-communication,v1,47,100,2025-08-05T00:00:00.000Z,true,78
ASM-0018897,E-0127,execution,INST-execution,v1,24,100,2025-09-23T00:00:00.000Z,true,68
ASM-0018899,E-0127,collaboration,INST-collaboration,v1,49,100,2025-07-20T00:00:00.000Z,true,59
ASM-0018901,E-0127,talent_assessment,INST-talent_assessment,v1,66,100,2025-08-12T00:00:00.000Z,true,64
ASM-0018903,E-0127,policy_navigation,INST-policy_navigation,v1,43,100,2025-08-15T00:00:00.000Z,true,62
ASM-0018934,E-0127,communication,INST-communication,v2,51,100,2026-02-15T00:00:00.000Z,true,46
ASM-0018936,E-0127,execution,INST-execution,v2,41,100,2026-01-13T00:00:00.000Z,true,73
ASM-0018938,E-0127,problem_solving,INST-problem_solving,v2,45,100,2026-03-30T00:00:00.000Z,true,48
ASM-0018940,E-0127,talent_assessment,INST-talent_assessment,v2,50,100,2026-02-20T00:00:00.000Z,true,25
ASM-0018942,E-0127,policy_navigation,INST-policy_navigation,v2,36,100,2026-01-28T00:00:00.000Z,true,23
ASM-0018974,E-0127,communication,INST-communication,v2,78,100,2026-08-16T00:00:00.000Z,false,33
ASM-0018976,E-0127,execution,INST-execution,v2,56,100,2026-07-29T00:00:00.000Z,false,37
ASM-0018978,E-0127,collaboration,INST-collaboration,v2,48,100,2026-09-29T00:00:00.000Z,false,59
ASM-0018980,E-0127,talent_assessment,INST-talent_assessment,v2,64,100,2026-08-19T00:00:00.000Z,true,62
ASM-0018982,E-0127,policy_navigation,INST-policy_navigation,v2,12,100,2026-09-27T00:00:00.000Z,true,70
ASM-0019016,E-0128,communication,INST-communication,v1,47,100,2025-01-12T00:00:00.000Z,true,24
ASM-0019018,E-0128,execution,INST-execution,v1,33,100,2025-03-05T00:00:00.000Z,true,21
ASM-0019020,E-0128,collaboration,INST-collaboration,v1,37,100,2025-03-30T00:00:00.000Z,false,69
ASM-0019022,E-0128,problem_solving,INST-problem_solving,v1,60,100,2025-01-27T00:00:00.000Z,true,54
ASM-0019024,E-0128,customer_resolution,INST-customer_resolution,v1,27,100,2025-01-30T00:00:00.000Z,true,53
ASM-0019026,E-0128,troubleshooting,INST-troubleshooting,v1,26,100,2025-01-12T00:00:00.000Z,true,88
ASM-0019048,E-0128,communication,INST-communication,v1,43,100,2025-07-29T00:00:00.000Z,true,34
ASM-0019050,E-0128,execution,INST-execution,v1,64,100,2025-07-31T00:00:00.000Z,true,33
ASM-0019052,E-0128,collaboration,INST-collaboration,v1,35,100,2025-08-25T00:00:00.000Z,true,51
ASM-0019054,E-0128,customer_resolution,INST-customer_resolution,v1,42,100,2025-08-31T00:00:00.000Z,true,65
ASM-0019056,E-0128,troubleshooting,INST-troubleshooting,v1,33,100,2025-08-12T00:00:00.000Z,true,44
ASM-0019095,E-0128,communication,INST-communication,v2,51,100,2026-03-13T00:00:00.000Z,false,62
ASM-0019097,E-0128,execution,INST-execution,v2,53,100,2026-02-17T00:00:00.000Z,true,59
ASM-0019099,E-0128,customer_resolution,INST-customer_resolution,v2,56,100,2026-01-27T00:00:00.000Z,true,32
ASM-0019133,E-0128,communication,INST-communication,v2,49,100,2026-08-30T00:00:00.000Z,false,46
ASM-0019135,E-0128,execution,INST-execution,v2,42,100,2026-07-16T00:00:00.000Z,false,61
ASM-0019137,E-0128,collaboration,INST-collaboration,v2,41,100,2026-07-07T00:00:00.000Z,false,35
ASM-0019139,E-0128,customer_resolution,INST-customer_resolution,v2,74,100,2026-09-10T00:00:00.000Z,false,64
ASM-0019141,E-0128,troubleshooting,INST-troubleshooting,v2,49,100,2026-09-28T00:00:00.000Z,false,36
ASM-0019186,E-0129,communication,INST-communication,v1,32,100,2025-03-18T00:00:00.000Z,true,71
ASM-0019188,E-0129,execution,INST-execution,v1,61,100,2025-03-14T00:00:00.000Z,true,88
ASM-0019190,E-0129,problem_solving,INST-problem_solving,v1,47,100,2025-02-02T00:00:00.000Z,true,78
ASM-0019192,E-0129,system_design,INST-system_design,v1,79,100,2025-03-22T00:00:00.000Z,false,27
ASM-0019194,E-0129,code_quality,INST-code_quality,v1,36,100,2025-01-23T00:00:00.000Z,true,25
ASM-0019224,E-0129,communication,INST-communication,v1,43,100,2025-07-21T00:00:00.000Z,true,68
ASM-0019226,E-0129,collaboration,INST-collaboration,v1,62,100,2025-09-26T00:00:00.000Z,false,55
ASM-0019228,E-0129,problem_solving,INST-problem_solving,v1,42,100,2025-08-19T00:00:00.000Z,true,22
ASM-0019230,E-0129,system_design,INST-system_design,v1,69,100,2025-07-08T00:00:00.000Z,false,79
ASM-0019232,E-0129,code_quality,INST-code_quality,v1,43,100,2025-09-21T00:00:00.000Z,false,68
ASM-0019267,E-0129,communication,INST-communication,v2,59,100,2026-01-09T00:00:00.000Z,true,39
ASM-0019269,E-0129,execution,INST-execution,v2,59,100,2026-01-03T00:00:00.000Z,true,29
ASM-0019271,E-0129,collaboration,INST-collaboration,v2,69,100,2026-01-31T00:00:00.000Z,true,86
ASM-0019273,E-0129,problem_solving,INST-problem_solving,v2,40,100,2026-02-16T00:00:00.000Z,false,25
ASM-0019275,E-0129,code_quality,INST-code_quality,v2,83,100,2026-02-26T00:00:00.000Z,true,86
ASM-0019315,E-0129,communication,INST-communication,v2,71,100,2026-07-01T00:00:00.000Z,true,76
ASM-0019317,E-0129,execution,INST-execution,v2,59,100,2026-07-14T00:00:00.000Z,true,56
ASM-0019319,E-0129,collaboration,INST-collaboration,v2,94,100,2026-07-30T00:00:00.000Z,true,20
ASM-0019321,E-0129,problem_solving,INST-problem_solving,v2,33,100,2026-09-18T00:00:00.000Z,false,75
ASM-0019323,E-0129,system_design,INST-system_design,v2,18,100,2026-07-23T00:00:00.000Z,true,44
ASM-0019325,E-0129,code_quality,INST-code_quality,v2,75,100,2026-08-10T00:00:00.000Z,false,30
ASM-0019370,E-0130,collaboration,INST-collaboration,v1,31,100,2025-01-20T00:00:00.000Z,false,63
ASM-0019372,E-0130,negotiation,INST-negotiation,v1,71,100,2025-03-08T00:00:00.000Z,true,59
ASM-0019374,E-0130,pipeline_mgmt,INST-pipeline_mgmt,v1,83,100,2025-01-30T00:00:00.000Z,true,24
ASM-0019395,E-0130,communication,INST-communication,v1,37,100,2025-08-09T00:00:00.000Z,true,54
ASM-0019397,E-0130,execution,INST-execution,v1,62,100,2025-09-08T00:00:00.000Z,false,23
ASM-0019399,E-0130,collaboration,INST-collaboration,v1,13,100,2025-07-16T00:00:00.000Z,true,70
ASM-0019401,E-0130,negotiation,INST-negotiation,v1,64,100,2025-08-06T00:00:00.000Z,true,63
ASM-0019403,E-0130,pipeline_mgmt,INST-pipeline_mgmt,v1,65,100,2025-09-13T00:00:00.000Z,true,26
ASM-0019433,E-0130,communication,INST-communication,v2,49,100,2026-03-23T00:00:00.000Z,true,55
ASM-0019435,E-0130,execution,INST-execution,v2,61,100,2026-02-11T00:00:00.000Z,false,40
ASM-0019437,E-0130,collaboration,INST-collaboration,v2,16,100,2026-02-28T00:00:00.000Z,false,22
ASM-0019439,E-0130,negotiation,INST-negotiation,v2,51,100,2026-01-04T00:00:00.000Z,true,53
ASM-0019441,E-0130,pipeline_mgmt,INST-pipeline_mgmt,v2,46,100,2026-01-11T00:00:00.000Z,true,86
ASM-0019469,E-0130,communication,INST-communication,v2,58,100,2026-07-26T00:00:00.000Z,true,77
ASM-0019471,E-0130,execution,INST-execution,v2,65,100,2026-09-13T00:00:00.000Z,true,66
ASM-0019473,E-0130,collaboration,INST-collaboration,v2,13,100,2026-09-16T00:00:00.000Z,false,35
ASM-0019475,E-0130,negotiation,INST-negotiation,v2,46,100,2026-07-04T00:00:00.000Z,false,71
ASM-0019523,E-0131,communication,INST-communication,v1,18,100,2025-01-26T00:00:00.000Z,false,74
ASM-0019525,E-0131,execution,INST-execution,v1,25,100,2025-03-08T00:00:00.000Z,true,44
ASM-0019527,E-0131,collaboration,INST-collaboration,v1,34,100,2025-02-18T00:00:00.000Z,true,23
ASM-0019529,E-0131,problem_solving,INST-problem_solving,v1,34,100,2025-01-15T00:00:00.000Z,false,30
ASM-0019531,E-0131,content_quality,INST-content_quality,v1,34,100,2025-01-06T00:00:00.000Z,true,28
ASM-0019551,E-0131,execution,INST-execution,v1,41,100,2025-07-29T00:00:00.000Z,false,30
ASM-0019553,E-0131,collaboration,INST-collaboration,v1,19,100,2025-07-05T00:00:00.000Z,true,24
ASM-0019555,E-0131,content_quality,INST-content_quality,v1,54,100,2025-08-19T00:00:00.000Z,true,64
ASM-0019577,E-0131,execution,INST-execution,v2,32,100,2026-02-18T00:00:00.000Z,true,84
ASM-0019579,E-0131,collaboration,INST-collaboration,v2,27,100,2026-01-10T00:00:00.000Z,true,58
ASM-0019581,E-0131,problem_solving,INST-problem_solving,v2,50,100,2026-03-26T00:00:00.000Z,false,73
ASM-0019583,E-0131,content_quality,INST-content_quality,v2,77,100,2026-03-13T00:00:00.000Z,true,41
ASM-0019605,E-0131,communication,INST-communication,v2,60,100,2026-08-14T00:00:00.000Z,false,81
ASM-0019607,E-0131,execution,INST-execution,v2,25,100,2026-07-16T00:00:00.000Z,true,48
ASM-0019609,E-0131,collaboration,INST-collaboration,v2,44,100,2026-09-10T00:00:00.000Z,true,44
ASM-0019611,E-0131,problem_solving,INST-problem_solving,v2,81,100,2026-08-23T00:00:00.000Z,true,54
ASM-0019613,E-0131,content_quality,INST-content_quality,v2,87,100,2026-07-22T00:00:00.000Z,true,29
ASM-0019646,E-0132,communication,INST-communication,v1,58,100,2025-03-21T00:00:00.000Z,false,78
ASM-0019648,E-0132,execution,INST-execution,v1,37,100,2025-03-26T00:00:00.000Z,true,69
ASM-0019650,E-0132,collaboration,INST-collaboration,v1,51,100,2025-02-26T00:00:00.000Z,true,48
ASM-0019652,E-0132,problem_solving,INST-problem_solving,v1,56,100,2025-03-02T00:00:00.000Z,false,67
ASM-0019654,E-0132,roadmap_prioritization,INST-roadmap_prioritization,v1,29,100,2025-02-03T00:00:00.000Z,true,31
ASM-0019656,E-0132,stakeholder_alignment,INST-stakeholder_alignment,v1,57,100,2025-01-21T00:00:00.000Z,true,45
ASM-0019693,E-0132,execution,INST-execution,v1,51,100,2025-08-09T00:00:00.000Z,false,27
ASM-0019695,E-0132,collaboration,INST-collaboration,v1,39,100,2025-08-21T00:00:00.000Z,false,37
ASM-0019697,E-0132,problem_solving,INST-problem_solving,v1,52,100,2025-09-20T00:00:00.000Z,false,20
ASM-0019699,E-0132,roadmap_prioritization,INST-roadmap_prioritization,v1,27,100,2025-07-02T00:00:00.000Z,false,44
ASM-0019701,E-0132,stakeholder_alignment,INST-stakeholder_alignment,v1,43,100,2025-08-12T00:00:00.000Z,true,58
ASM-0019735,E-0132,execution,INST-execution,v2,59,100,2026-02-19T00:00:00.000Z,true,73
ASM-0019737,E-0132,collaboration,INST-collaboration,v2,66,100,2026-02-15T00:00:00.000Z,false,39
ASM-0019739,E-0132,problem_solving,INST-problem_solving,v2,53,100,2026-01-30T00:00:00.000Z,false,89
ASM-0019741,E-0132,roadmap_prioritization,INST-roadmap_prioritization,v2,46,100,2026-03-23T00:00:00.000Z,false,25
ASM-0019743,E-0132,stakeholder_alignment,INST-stakeholder_alignment,v2,52,100,2026-01-18T00:00:00.000Z,true,34
ASM-0019763,E-0132,communication,INST-communication,v2,51,100,2026-07-25T00:00:00.000Z,true,89
ASM-0019765,E-0132,execution,INST-execution,v2,92,100,2026-07-07T00:00:00.000Z,false,40
ASM-0019767,E-0132,collaboration,INST-collaboration,v2,70,100,2026-07-11T00:00:00.000Z,true,69
ASM-0019769,E-0132,problem_solving,INST-problem_solving,v2,51,100,2026-07-08T00:00:00.000Z,false,84
ASM-0019771,E-0132,roadmap_prioritization,INST-roadmap_prioritization,v2,79,100,2026-09-12T00:00:00.000Z,false,58
ASM-0019773,E-0132,stakeholder_alignment,INST-stakeholder_alignment,v2,89,100,2026-09-27T00:00:00.000Z,false,33
ASM-0019817,E-0133,communication,INST-communication,v1,45,100,2025-02-21T00:00:00.000Z,false,47
ASM-0019819,E-0133,execution,INST-execution,v1,52,100,2025-02-08T00:00:00.000Z,true,54
ASM-0019821,E-0133,collaboration,INST-collaboration,v1,46,100,2025-01-21T00:00:00.000Z,true,55
ASM-0019823,E-0133,problem_solving,INST-problem_solving,v1,45,100,2025-01-02T00:00:00.000Z,false,41
ASM-0019825,E-0133,visual_craft,INST-visual_craft,v1,61,100,2025-03-15T00:00:00.000Z,true,50
ASM-0019854,E-0133,communication,INST-communication,v1,39,100,2025-08-19T00:00:00.000Z,true,89
ASM-0019856,E-0133,execution,INST-execution,v1,62,100,2025-07-14T00:00:00.000Z,true,81
ASM-0019858,E-0133,collaboration,INST-collaboration,v1,51,100,2025-08-12T00:00:00.000Z,true,53
ASM-0019877,E-0133,collaboration,INST-collaboration,v2,43,100,2026-03-07T00:00:00.000Z,true,21
ASM-0019879,E-0133,problem_solving,INST-problem_solving,v2,61,100,2026-01-28T00:00:00.000Z,true,86
ASM-0019881,E-0133,visual_craft,INST-visual_craft,v2,63,100,2026-03-30T00:00:00.000Z,true,57
ASM-0019913,E-0133,communication,INST-communication,v2,82,100,2026-09-17T00:00:00.000Z,true,23
ASM-0019915,E-0133,collaboration,INST-collaboration,v2,25,100,2026-09-28T00:00:00.000Z,true,48
ASM-0019917,E-0133,visual_craft,INST-visual_craft,v2,69,100,2026-08-20T00:00:00.000Z,true,54
ASM-0019959,E-0134,communication,INST-communication,v1,37,100,2025-01-01T00:00:00.000Z,false,61
ASM-0019961,E-0134,collaboration,INST-collaboration,v1,61,100,2025-01-01T00:00:00.000Z,false,50
ASM-0019963,E-0134,problem_solving,INST-problem_solving,v1,49,100,2025-03-15T00:00:00.000Z,true,28
ASM-0019965,E-0134,financial_modeling,INST-financial_modeling,v1,49,100,2025-01-09T00:00:00.000Z,true,48
ASM-0019967,E-0134,compliance_rigor,INST-compliance_rigor,v1,47,100,2025-03-10T00:00:00.000Z,true,27
ASM-0019991,E-0134,communication,INST-communication,v1,23,100,2025-07-02T00:00:00.000Z,true,26
ASM-0019993,E-0134,execution,INST-execution,v1,45,100,2025-09-13T00:00:00.000Z,true,33
ASM-0019995,E-0134,collaboration,INST-collaboration,v1,62,100,2025-07-05T00:00:00.000Z,true,29
ASM-0019997,E-0134,financial_modeling,INST-financial_modeling,v1,57,100,2025-09-28T00:00:00.000Z,true,65
ASM-0019999,E-0134,compliance_rigor,INST-compliance_rigor,v1,54,100,2025-07-15T00:00:00.000Z,true,49
ASM-0020011,E-0134,communication,INST-communication,v2,35,100,2026-02-28T00:00:00.000Z,true,85
ASM-0020013,E-0134,collaboration,INST-collaboration,v2,58,100,2026-01-13T00:00:00.000Z,false,80
ASM-0020015,E-0134,financial_modeling,INST-financial_modeling,v2,53,100,2026-02-14T00:00:00.000Z,false,53
ASM-0020017,E-0134,compliance_rigor,INST-compliance_rigor,v2,39,100,2026-01-02T00:00:00.000Z,true,64
ASM-0020050,E-0134,execution,INST-execution,v2,70,100,2026-09-23T00:00:00.000Z,false,66
ASM-0020052,E-0134,collaboration,INST-collaboration,v2,71,100,2026-09-23T00:00:00.000Z,true,40
ASM-0020054,E-0134,problem_solving,INST-problem_solving,v2,49,100,2026-07-22T00:00:00.000Z,true,35
ASM-0020056,E-0134,compliance_rigor,INST-compliance_rigor,v2,46,100,2026-07-25T00:00:00.000Z,false,56
ASM-0020108,E-0135,communication,INST-communication,v1,37,100,2025-01-31T00:00:00.000Z,false,41
ASM-0020110,E-0135,execution,INST-execution,v1,31,100,2025-03-23T00:00:00.000Z,true,50
ASM-0020112,E-0135,collaboration,INST-collaboration,v1,72,100,2025-01-18T00:00:00.000Z,true,30
ASM-0020114,E-0135,problem_solving,INST-problem_solving,v1,73,100,2025-02-20T00:00:00.000Z,true,78
ASM-0020116,E-0135,talent_assessment,INST-talent_assessment,v1,84,100,2025-03-08T00:00:00.000Z,false,78
ASM-0020130,E-0135,communication,INST-communication,v1,37,100,2025-09-17T00:00:00.000Z,false,83
ASM-0020132,E-0135,problem_solving,INST-problem_solving,v1,70,100,2025-07-05T00:00:00.000Z,true,44
ASM-0020134,E-0135,talent_assessment,INST-talent_assessment,v1,82,100,2025-07-03T00:00:00.000Z,true,43
ASM-0020136,E-0135,policy_navigation,INST-policy_navigation,v1,54,100,2025-07-05T00:00:00.000Z,false,87
ASM-0020155,E-0135,communication,INST-communication,v2,75,100,2026-03-19T00:00:00.000Z,false,41
ASM-0020157,E-0135,execution,INST-execution,v2,59,100,2026-02-25T00:00:00.000Z,false,79
ASM-0020159,E-0135,collaboration,INST-collaboration,v2,45,100,2026-01-27T00:00:00.000Z,true,71
ASM-0020161,E-0135,problem_solving,INST-problem_solving,v2,46,100,2026-03-21T00:00:00.000Z,false,32
ASM-0020163,E-0135,talent_assessment,INST-talent_assessment,v2,83,100,2026-03-10T00:00:00.000Z,true,61
ASM-0020186,E-0135,communication,INST-communication,v2,63,100,2026-08-23T00:00:00.000Z,true,50
ASM-0020188,E-0135,execution,INST-execution,v2,55,100,2026-09-14T00:00:00.000Z,true,74
ASM-0020190,E-0135,collaboration,INST-collaboration,v2,37,100,2026-08-15T00:00:00.000Z,true,68
ASM-0020192,E-0135,problem_solving,INST-problem_solving,v2,31,100,2026-07-09T00:00:00.000Z,true,76
ASM-0020194,E-0135,talent_assessment,INST-talent_assessment,v2,86,100,2026-08-09T00:00:00.000Z,false,36
ASM-0020225,E-0136,communication,INST-communication,v1,66,100,2025-02-01T00:00:00.000Z,true,55
ASM-0020227,E-0136,execution,INST-execution,v1,35,100,2025-01-26T00:00:00.000Z,true,30
ASM-0020229,E-0136,collaboration,INST-collaboration,v1,77,100,2025-01-12T00:00:00.000Z,true,58
ASM-0020231,E-0136,problem_solving,INST-problem_solving,v1,16,100,2025-02-23T00:00:00.000Z,true,63
ASM-0020233,E-0136,customer_resolution,INST-customer_resolution,v1,70,100,2025-02-16T00:00:00.000Z,false,25
ASM-0020235,E-0136,troubleshooting,INST-troubleshooting,v1,27,100,2025-01-12T00:00:00.000Z,true,21
ASM-0020252,E-0136,execution,INST-execution,v1,45,100,2025-08-19T00:00:00.000Z,false,24
ASM-0020254,E-0136,customer_resolution,INST-customer_resolution,v1,61,100,2025-09-28T00:00:00.000Z,true,67
ASM-0020256,E-0136,troubleshooting,INST-troubleshooting,v1,22,100,2025-07-27T00:00:00.000Z,true,59
ASM-0020277,E-0136,communication,INST-communication,v2,79,100,2026-01-02T00:00:00.000Z,false,84
ASM-0020279,E-0136,execution,INST-execution,v2,59,100,2026-03-23T00:00:00.000Z,false,64
ASM-0020281,E-0136,problem_solving,INST-problem_solving,v2,39,100,2026-03-09T00:00:00.000Z,false,50
ASM-0020283,E-0136,customer_resolution,INST-customer_resolution,v2,44,100,2026-01-14T00:00:00.000Z,false,34
ASM-0020285,E-0136,troubleshooting,INST-troubleshooting,v2,69,100,2026-02-10T00:00:00.000Z,false,65
ASM-0020337,E-0137,communication,INST-communication,v1,24,100,2025-01-24T00:00:00.000Z,false,85
ASM-0020339,E-0137,execution,INST-execution,v1,72,100,2025-03-10T00:00:00.000Z,true,72
ASM-0020341,E-0137,collaboration,INST-collaboration,v1,40,100,2025-01-26T00:00:00.000Z,false,53
ASM-0020343,E-0137,problem_solving,INST-problem_solving,v1,72,100,2025-03-01T00:00:00.000Z,true,72
ASM-0020345,E-0137,system_design,INST-system_design,v1,18,100,2025-01-23T00:00:00.000Z,true,36
ASM-0020372,E-0137,communication,INST-communication,v1,48,100,2025-07-21T00:00:00.000Z,true,42
ASM-0020374,E-0137,collaboration,INST-collaboration,v1,43,100,2025-07-01T00:00:00.000Z,false,75
ASM-0020376,E-0137,problem_solving,INST-problem_solving,v1,70,100,2025-08-13T00:00:00.000Z,true,22
ASM-0020378,E-0137,code_quality,INST-code_quality,v1,16,100,2025-07-20T00:00:00.000Z,true,47
ASM-0020409,E-0137,communication,INST-communication,v2,22,100,2026-02-22T00:00:00.000Z,true,55
ASM-0020411,E-0137,execution,INST-execution,v2,49,100,2026-03-15T00:00:00.000Z,false,77
ASM-0020413,E-0137,collaboration,INST-collaboration,v2,41,100,2026-02-25T00:00:00.000Z,true,66
ASM-0020415,E-0137,problem_solving,INST-problem_solving,v2,36,100,2026-01-03T00:00:00.000Z,true,51
ASM-0020417,E-0137,system_design,INST-system_design,v2,43,100,2026-02-23T00:00:00.000Z,false,72
ASM-0020419,E-0137,code_quality,INST-code_quality,v2,16,100,2026-02-09T00:00:00.000Z,true,52
ASM-0020443,E-0137,communication,INST-communication,v2,26,100,2026-09-08T00:00:00.000Z,false,61
ASM-0020445,E-0137,execution,INST-execution,v2,29,100,2026-08-31T00:00:00.000Z,false,88
ASM-0020447,E-0137,collaboration,INST-collaboration,v2,22,100,2026-08-19T00:00:00.000Z,false,81
ASM-0020449,E-0137,problem_solving,INST-problem_solving,v2,20,100,2026-08-09T00:00:00.000Z,true,48
ASM-0020451,E-0137,system_design,INST-system_design,v2,58,100,2026-07-19T00:00:00.000Z,true,82
ASM-0020453,E-0137,code_quality,INST-code_quality,v2,28,100,2026-07-06T00:00:00.000Z,true,43
ASM-0020495,E-0138,communication,INST-communication,v1,31,100,2025-01-23T00:00:00.000Z,true,85
ASM-0020497,E-0138,collaboration,INST-collaboration,v1,22,100,2025-03-04T00:00:00.000Z,true,56
ASM-0020499,E-0138,problem_solving,INST-problem_solving,v1,36,100,2025-01-30T00:00:00.000Z,true,31
ASM-0020501,E-0138,negotiation,INST-negotiation,v1,32,100,2025-03-30T00:00:00.000Z,false,56
ASM-0020503,E-0138,pipeline_mgmt,INST-pipeline_mgmt,v1,33,100,2025-02-16T00:00:00.000Z,true,62
ASM-0020530,E-0138,communication,INST-communication,v1,44,100,2025-08-27T00:00:00.000Z,true,81
ASM-0020532,E-0138,execution,INST-execution,v1,72,100,2025-07-31T00:00:00.000Z,true,61
ASM-0020534,E-0138,collaboration,INST-collaboration,v1,44,100,2025-09-29T00:00:00.000Z,true,31
ASM-0020536,E-0138,problem_solving,INST-problem_solving,v1,47,100,2025-07-18T00:00:00.000Z,true,60
ASM-0020538,E-0138,negotiation,INST-negotiation,v1,50,100,2025-08-25T00:00:00.000Z,true,42
ASM-0020540,E-0138,pipeline_mgmt,INST-pipeline_mgmt,v1,62,100,2025-09-29T00:00:00.000Z,true,75
ASM-0020570,E-0138,communication,INST-communication,v2,46,100,2026-02-13T00:00:00.000Z,true,87
ASM-0020572,E-0138,collaboration,INST-collaboration,v2,56,100,2026-03-03T00:00:00.000Z,true,77
ASM-0020574,E-0138,problem_solving,INST-problem_solving,v2,30,100,2026-01-09T00:00:00.000Z,true,39
ASM-0020576,E-0138,negotiation,INST-negotiation,v2,67,100,2026-01-04T00:00:00.000Z,false,76
ASM-0020578,E-0138,pipeline_mgmt,INST-pipeline_mgmt,v2,65,100,2026-03-20T00:00:00.000Z,true,59
ASM-0020613,E-0138,communication,INST-communication,v2,37,100,2026-07-18T00:00:00.000Z,false,28
ASM-0020615,E-0138,execution,INST-execution,v2,54,100,2026-08-25T00:00:00.000Z,true,47
ASM-0020617,E-0138,collaboration,INST-collaboration,v2,89,100,2026-07-24T00:00:00.000Z,true,22
ASM-0020619,E-0138,problem_solving,INST-problem_solving,v2,36,100,2026-08-12T00:00:00.000Z,true,44
ASM-0020621,E-0138,negotiation,INST-negotiation,v2,85,100,2026-08-18T00:00:00.000Z,true,22
ASM-0020623,E-0138,pipeline_mgmt,INST-pipeline_mgmt,v2,84,100,2026-08-31T00:00:00.000Z,true,33
ASM-0020670,E-0139,collaboration,INST-collaboration,v1,45,100,2025-03-01T00:00:00.000Z,true,87
ASM-0020672,E-0139,problem_solving,INST-problem_solving,v1,34,100,2025-01-12T00:00:00.000Z,true,74
ASM-0020674,E-0139,campaign_strategy,INST-campaign_strategy,v1,29,100,2025-02-17T00:00:00.000Z,true,82
ASM-0020700,E-0139,communication,INST-communication,v1,35,100,2025-09-08T00:00:00.000Z,true,63
ASM-0020702,E-0139,collaboration,INST-collaboration,v1,48,100,2025-08-03T00:00:00.000Z,true,56
ASM-0020704,E-0139,problem_solving,INST-problem_solving,v1,18,100,2025-09-03T00:00:00.000Z,false,24
ASM-0020706,E-0139,campaign_strategy,INST-campaign_strategy,v1,41,100,2025-08-31T00:00:00.000Z,true,76
ASM-0020708,E-0139,content_quality,INST-content_quality,v1,63,100,2025-09-03T00:00:00.000Z,false,79
ASM-0020722,E-0139,communication,INST-communication,v2,29,100,2026-01-14T00:00:00.000Z,false,58
ASM-0020724,E-0139,execution,INST-execution,v2,33,100,2026-01-31T00:00:00.000Z,true,56
ASM-0020726,E-0139,collaboration,INST-collaboration,v2,51,100,2026-03-07T00:00:00.000Z,true,44
ASM-0020728,E-0139,problem_solving,INST-problem_solving,v2,27,100,2026-01-14T00:00:00.000Z,true,42
ASM-0020730,E-0139,campaign_strategy,INST-campaign_strategy,v2,36,100,2026-01-21T00:00:00.000Z,true,25
ASM-0020732,E-0139,content_quality,INST-content_quality,v2,48,100,2026-02-02T00:00:00.000Z,false,40
ASM-0020757,E-0139,execution,INST-execution,v2,35,100,2026-08-19T00:00:00.000Z,false,74
ASM-0020759,E-0139,collaboration,INST-collaboration,v2,71,100,2026-08-09T00:00:00.000Z,true,44
ASM-0020761,E-0139,problem_solving,INST-problem_solving,v2,44,100,2026-07-06T00:00:00.000Z,true,83
ASM-0020763,E-0139,campaign_strategy,INST-campaign_strategy,v2,41,100,2026-07-23T00:00:00.000Z,true,52
ASM-0020795,E-0140,execution,INST-execution,v1,37,100,2025-01-17T00:00:00.000Z,true,72
ASM-0020797,E-0140,problem_solving,INST-problem_solving,v1,13,100,2025-01-08T00:00:00.000Z,true,49
ASM-0020799,E-0140,roadmap_prioritization,INST-roadmap_prioritization,v1,31,100,2025-03-14T00:00:00.000Z,true,34
ASM-0020820,E-0140,communication,INST-communication,v1,40,100,2025-09-14T00:00:00.000Z,true,40
ASM-0020822,E-0140,execution,INST-execution,v1,44,100,2025-08-19T00:00:00.000Z,false,79
ASM-0020824,E-0140,collaboration,INST-collaboration,v1,38,100,2025-08-06T00:00:00.000Z,true,47
ASM-0020826,E-0140,problem_solving,INST-problem_solving,v1,36,100,2025-07-24T00:00:00.000Z,true,24
ASM-0020828,E-0140,roadmap_prioritization,INST-roadmap_prioritization,v1,34,100,2025-08-29T00:00:00.000Z,true,70
ASM-0020830,E-0140,stakeholder_alignment,INST-stakeholder_alignment,v1,34,100,2025-09-09T00:00:00.000Z,false,53
ASM-0020853,E-0140,execution,INST-execution,v2,70,100,2026-01-27T00:00:00.000Z,false,64
ASM-0020855,E-0140,problem_solving,INST-problem_solving,v2,35,100,2026-03-14T00:00:00.000Z,true,80
ASM-0020857,E-0140,roadmap_prioritization,INST-roadmap_prioritization,v2,62,100,2026-01-07T00:00:00.000Z,false,29
ASM-0020859,E-0140,stakeholder_alignment,INST-stakeholder_alignment,v2,33,100,2026-03-25T00:00:00.000Z,false,65
ASM-0020893,E-0140,communication,INST-communication,v2,34,100,2026-07-02T00:00:00.000Z,false,60
ASM-0020895,E-0140,collaboration,INST-collaboration,v2,30,100,2026-07-06T00:00:00.000Z,true,64
ASM-0020897,E-0140,problem_solving,INST-problem_solving,v2,63,100,2026-07-13T00:00:00.000Z,false,66
ASM-0020899,E-0140,roadmap_prioritization,INST-roadmap_prioritization,v2,70,100,2026-08-29T00:00:00.000Z,true,20
ASM-0020901,E-0140,stakeholder_alignment,INST-stakeholder_alignment,v2,53,100,2026-07-04T00:00:00.000Z,true,27
ASM-0020937,E-0141,communication,INST-communication,v1,22,100,2025-03-10T00:00:00.000Z,true,22
ASM-0020939,E-0141,execution,INST-execution,v1,34,100,2025-03-11T00:00:00.000Z,true,49
ASM-0020941,E-0141,collaboration,INST-collaboration,v1,80,100,2025-03-01T00:00:00.000Z,true,89
ASM-0020943,E-0141,ux_research,INST-ux_research,v1,67,100,2025-02-02T00:00:00.000Z,true,30
ASM-0020968,E-0141,communication,INST-communication,v1,46,100,2025-08-18T00:00:00.000Z,true,29
ASM-0020970,E-0141,problem_solving,INST-problem_solving,v1,54,100,2025-07-03T00:00:00.000Z,true,27
ASM-0020972,E-0141,ux_research,INST-ux_research,v1,58,100,2025-08-21T00:00:00.000Z,true,63
ASM-0021003,E-0141,communication,INST-communication,v2,47,100,2026-03-14T00:00:00.000Z,false,24
ASM-0021005,E-0141,execution,INST-execution,v2,41,100,2026-02-23T00:00:00.000Z,false,77
ASM-0021007,E-0141,collaboration,INST-collaboration,v2,59,100,2026-03-07T00:00:00.000Z,true,50
ASM-0021009,E-0141,problem_solving,INST-problem_solving,v2,49,100,2026-03-11T00:00:00.000Z,true,29
ASM-0021011,E-0141,visual_craft,INST-visual_craft,v2,36,100,2026-02-08T00:00:00.000Z,true,24
ASM-0021013,E-0141,ux_research,INST-ux_research,v2,41,100,2026-02-15T00:00:00.000Z,true,25
ASM-0021032,E-0141,communication,INST-communication,v2,66,100,2026-09-14T00:00:00.000Z,false,32
ASM-0021034,E-0141,execution,INST-execution,v2,48,100,2026-09-08T00:00:00.000Z,true,36
ASM-0021036,E-0141,visual_craft,INST-visual_craft,v2,49,100,2026-08-27T00:00:00.000Z,true,29
ASM-0021071,E-0142,communication,INST-communication,v1,84,100,2025-01-14T00:00:00.000Z,true,37
ASM-0021073,E-0142,execution,INST-execution,v1,36,100,2025-01-14T00:00:00.000Z,false,46
ASM-0021075,E-0142,collaboration,INST-collaboration,v1,33,100,2025-03-11T00:00:00.000Z,true,21
ASM-0021077,E-0142,problem_solving,INST-problem_solving,v1,31,100,2025-02-22T00:00:00.000Z,true,48
ASM-0021079,E-0142,financial_modeling,INST-financial_modeling,v1,45,100,2025-02-15T00:00:00.000Z,true,32
ASM-0021081,E-0142,compliance_rigor,INST-compliance_rigor,v1,32,100,2025-01-29T00:00:00.000Z,false,82
ASM-0021115,E-0142,communication,INST-communication,v1,66,100,2025-08-06T00:00:00.000Z,true,35
ASM-0021117,E-0142,execution,INST-execution,v1,51,100,2025-07-03T00:00:00.000Z,true,77
ASM-0021119,E-0142,collaboration,INST-collaboration,v1,41,100,2025-07-24T00:00:00.000Z,true,78
ASM-0021121,E-0142,problem_solving,INST-problem_solving,v1,26,100,2025-09-24T00:00:00.000Z,false,55
ASM-0021123,E-0142,financial_modeling,INST-financial_modeling,v1,27,100,2025-08-15T00:00:00.000Z,true,53
ASM-0021125,E-0142,compliance_rigor,INST-compliance_rigor,v1,34,100,2025-08-24T00:00:00.000Z,true,32
ASM-0021144,E-0142,communication,INST-communication,v2,43,100,2026-01-27T00:00:00.000Z,false,84
ASM-0021146,E-0142,execution,INST-execution,v2,37,100,2026-03-18T00:00:00.000Z,true,35
ASM-0021148,E-0142,collaboration,INST-collaboration,v2,56,100,2026-01-26T00:00:00.000Z,true,54
ASM-0021150,E-0142,problem_solving,INST-problem_solving,v2,28,100,2026-02-05T00:00:00.000Z,false,67
ASM-0021152,E-0142,financial_modeling,INST-financial_modeling,v2,29,100,2026-02-21T00:00:00.000Z,true,83
ASM-0021154,E-0142,compliance_rigor,INST-compliance_rigor,v2,34,100,2026-02-19T00:00:00.000Z,true,64
ASM-0021181,E-0142,communication,INST-communication,v2,29,100,2026-08-23T00:00:00.000Z,true,33
ASM-0021183,E-0142,execution,INST-execution,v2,43,100,2026-08-12T00:00:00.000Z,false,26
ASM-0021185,E-0142,collaboration,INST-collaboration,v2,94,100,2026-09-11T00:00:00.000Z,false,73
ASM-0021187,E-0142,problem_solving,INST-problem_solving,v2,15,100,2026-07-19T00:00:00.000Z,false,57
ASM-0021189,E-0142,financial_modeling,INST-financial_modeling,v2,38,100,2026-09-07T00:00:00.000Z,true,30
ASM-0021191,E-0142,compliance_rigor,INST-compliance_rigor,v2,48,100,2026-09-02T00:00:00.000Z,false,44
ASM-0021232,E-0143,communication,INST-communication,v1,47,100,2025-01-18T00:00:00.000Z,true,66
ASM-0021234,E-0143,execution,INST-execution,v1,92,100,2025-02-12T00:00:00.000Z,true,43
ASM-0021236,E-0143,problem_solving,INST-problem_solving,v1,50,100,2025-02-06T00:00:00.000Z,true,63
ASM-0021238,E-0143,talent_assessment,INST-talent_assessment,v1,36,100,2025-03-15T00:00:00.000Z,true,78
ASM-0021240,E-0143,policy_navigation,INST-policy_navigation,v1,53,100,2025-01-01T00:00:00.000Z,true,66
ASM-0021257,E-0143,execution,INST-execution,v1,72,100,2025-08-11T00:00:00.000Z,true,79
ASM-0021259,E-0143,problem_solving,INST-problem_solving,v1,51,100,2025-07-07T00:00:00.000Z,false,81
ASM-0021261,E-0143,talent_assessment,INST-talent_assessment,v1,37,100,2025-08-16T00:00:00.000Z,true,57
ASM-0021263,E-0143,policy_navigation,INST-policy_navigation,v1,19,100,2025-07-02T00:00:00.000Z,true,84
ASM-0021275,E-0143,execution,INST-execution,v2,42,100,2026-01-12T00:00:00.000Z,true,47
ASM-0021277,E-0143,collaboration,INST-collaboration,v2,37,100,2026-03-19T00:00:00.000Z,true,40
ASM-0021279,E-0143,talent_assessment,INST-talent_assessment,v2,32,100,2026-01-22T00:00:00.000Z,true,76
ASM-0021312,E-0143,execution,INST-execution,v2,45,100,2026-07-12T00:00:00.000Z,true,57
ASM-0021314,E-0143,collaboration,INST-collaboration,v2,66,100,2026-07-07T00:00:00.000Z,true,58
ASM-0021316,E-0143,talent_assessment,INST-talent_assessment,v2,33,100,2026-09-15T00:00:00.000Z,false,67
ASM-0021360,E-0144,communication,INST-communication,v1,51,100,2025-02-25T00:00:00.000Z,true,62
ASM-0021362,E-0144,execution,INST-execution,v1,34,100,2025-02-05T00:00:00.000Z,true,41
ASM-0021364,E-0144,collaboration,INST-collaboration,v1,16,100,2025-02-21T00:00:00.000Z,true,58
ASM-0021366,E-0144,problem_solving,INST-problem_solving,v1,23,100,2025-01-14T00:00:00.000Z,true,53
ASM-0021410,E-0144,communication,INST-communication,v1,60,100,2025-07-23T00:00:00.000Z,true,34
ASM-0021412,E-0144,execution,INST-execution,v1,44,100,2025-07-16T00:00:00.000Z,true,49
ASM-0021414,E-0144,collaboration,INST-collaboration,v1,57,100,2025-08-20T00:00:00.000Z,true,85
ASM-0021416,E-0144,customer_resolution,INST-customer_resolution,v1,33,100,2025-07-20T00:00:00.000Z,true,80
ASM-0021460,E-0144,execution,INST-execution,v2,84,100,2026-03-09T00:00:00.000Z,false,26
ASM-0021462,E-0144,problem_solving,INST-problem_solving,v2,29,100,2026-03-04T00:00:00.000Z,true,36
ASM-0021464,E-0144,customer_resolution,INST-customer_resolution,v2,19,100,2026-01-02T00:00:00.000Z,false,61
ASM-0021487,E-0144,execution,INST-execution,v2,78,100,2026-07-04T00:00:00.000Z,true,48
ASM-0021489,E-0144,collaboration,INST-collaboration,v2,50,100,2026-07-14T00:00:00.000Z,false,46
ASM-0021491,E-0144,problem_solving,INST-problem_solving,v2,33,100,2026-08-20T00:00:00.000Z,true,37
ASM-0021493,E-0144,customer_resolution,INST-customer_resolution,v2,32,100,2026-07-12T00:00:00.000Z,true,25
ASM-0021495,E-0144,troubleshooting,INST-troubleshooting,v2,71,100,2026-09-10T00:00:00.000Z,true,51
ASM-0021539,E-0145,communication,INST-communication,v1,33,100,2025-03-06T00:00:00.000Z,true,45
ASM-0021541,E-0145,execution,INST-execution,v1,23,100,2025-03-31T00:00:00.000Z,true,80
ASM-0021543,E-0145,collaboration,INST-collaboration,v1,31,100,2025-01-29T00:00:00.000Z,true,57
ASM-0021545,E-0145,system_design,INST-system_design,v1,15,100,2025-03-24T00:00:00.000Z,false,48
ASM-0021547,E-0145,code_quality,INST-code_quality,v1,30,100,2025-02-20T00:00:00.000Z,true,78
ASM-0021584,E-0145,communication,INST-communication,v1,42,100,2025-09-18T00:00:00.000Z,true,74
ASM-0021586,E-0145,execution,INST-execution,v1,49,100,2025-08-15T00:00:00.000Z,true,66
ASM-0021588,E-0145,collaboration,INST-collaboration,v1,26,100,2025-07-17T00:00:00.000Z,true,86
ASM-0021590,E-0145,problem_solving,INST-problem_solving,v1,41,100,2025-09-09T00:00:00.000Z,false,22
ASM-0021592,E-0145,system_design,INST-system_design,v1,41,100,2025-09-28T00:00:00.000Z,false,63
ASM-0021594,E-0145,code_quality,INST-code_quality,v1,39,100,2025-07-06T00:00:00.000Z,false,85
ASM-0021629,E-0145,communication,INST-communication,v2,84,100,2026-01-21T00:00:00.000Z,true,20
ASM-0021631,E-0145,execution,INST-execution,v2,63,100,2026-03-03T00:00:00.000Z,false,21
ASM-0021633,E-0145,collaboration,INST-collaboration,v2,25,100,2026-01-09T00:00:00.000Z,true,58
ASM-0021635,E-0145,problem_solving,INST-problem_solving,v2,68,100,2026-01-08T00:00:00.000Z,true,73
ASM-0021637,E-0145,code_quality,INST-code_quality,v2,28,100,2026-01-07T00:00:00.000Z,true,70
ASM-0021674,E-0145,execution,INST-execution,v2,74,100,2026-08-23T00:00:00.000Z,true,47
ASM-0021676,E-0145,collaboration,INST-collaboration,v2,31,100,2026-09-19T00:00:00.000Z,false,23
ASM-0021678,E-0145,problem_solving,INST-problem_solving,v2,68,100,2026-08-06T00:00:00.000Z,false,22
ASM-0021680,E-0145,system_design,INST-system_design,v2,86,100,2026-07-15T00:00:00.000Z,true,66
ASM-0021682,E-0145,code_quality,INST-code_quality,v2,38,100,2026-07-03T00:00:00.000Z,true,51
ASM-0021726,E-0146,communication,INST-communication,v1,25,100,2025-03-04T00:00:00.000Z,true,22
ASM-0021728,E-0146,execution,INST-execution,v1,30,100,2025-02-22T00:00:00.000Z,true,89
ASM-0021730,E-0146,collaboration,INST-collaboration,v1,10,100,2025-02-11T00:00:00.000Z,false,67
ASM-0021732,E-0146,problem_solving,INST-problem_solving,v1,73,100,2025-02-20T00:00:00.000Z,true,84
ASM-0021734,E-0146,negotiation,INST-negotiation,v1,17,100,2025-02-11T00:00:00.000Z,true,68
ASM-0021736,E-0146,pipeline_mgmt,INST-pipeline_mgmt,v1,31,100,2025-01-11T00:00:00.000Z,true,77
ASM-0021762,E-0146,communication,INST-communication,v1,8,100,2025-09-23T00:00:00.000Z,true,37
ASM-0021764,E-0146,execution,INST-execution,v1,56,100,2025-07-14T00:00:00.000Z,true,56
ASM-0021766,E-0146,collaboration,INST-collaboration,v1,9,100,2025-07-09T00:00:00.000Z,true,23
ASM-0021768,E-0146,problem_solving,INST-problem_solving,v1,40,100,2025-09-16T00:00:00.000Z,true,48
ASM-0021770,E-0146,negotiation,INST-negotiation,v1,26,100,2025-09-05T00:00:00.000Z,false,64
ASM-0021772,E-0146,pipeline_mgmt,INST-pipeline_mgmt,v1,24,100,2025-09-08T00:00:00.000Z,true,54
ASM-0021801,E-0146,communication,INST-communication,v2,51,100,2026-02-10T00:00:00.000Z,false,58
ASM-0021803,E-0146,execution,INST-execution,v2,35,100,2026-03-14T00:00:00.000Z,true,24
ASM-0021805,E-0146,collaboration,INST-collaboration,v2,34,100,2026-02-18T00:00:00.000Z,true,23
ASM-0021807,E-0146,negotiation,INST-negotiation,v2,46,100,2026-02-25T00:00:00.000Z,false,60
ASM-0021809,E-0146,pipeline_mgmt,INST-pipeline_mgmt,v2,52,100,2026-02-28T00:00:00.000Z,false,85
ASM-0021847,E-0146,communication,INST-communication,v2,68,100,2026-09-25T00:00:00.000Z,false,64
ASM-0021849,E-0146,collaboration,INST-collaboration,v2,40,100,2026-09-24T00:00:00.000Z,false,59
ASM-0021851,E-0146,negotiation,INST-negotiation,v2,49,100,2026-09-28T00:00:00.000Z,true,33
ASM-0021853,E-0146,pipeline_mgmt,INST-pipeline_mgmt,v2,29,100,2026-07-07T00:00:00.000Z,true,20
ASM-0021900,E-0147,communication,INST-communication,v1,26,100,2025-02-11T00:00:00.000Z,false,45
ASM-0021902,E-0147,execution,INST-execution,v1,24,100,2025-03-26T00:00:00.000Z,true,25
ASM-0021904,E-0147,collaboration,INST-collaboration,v1,23,100,2025-03-22T00:00:00.000Z,true,84
ASM-0021906,E-0147,problem_solving,INST-problem_solving,v1,23,100,2025-01-18T00:00:00.000Z,false,77
ASM-0021908,E-0147,campaign_strategy,INST-campaign_strategy,v1,97,100,2025-02-02T00:00:00.000Z,true,74
ASM-0021932,E-0147,communication,INST-communication,v1,35,100,2025-07-19T00:00:00.000Z,true,54
ASM-0021934,E-0147,execution,INST-execution,v1,47,100,2025-07-21T00:00:00.000Z,true,79
ASM-0021936,E-0147,collaboration,INST-collaboration,v1,51,100,2025-08-31T00:00:00.000Z,true,78
ASM-0021938,E-0147,problem_solving,INST-problem_solving,v1,40,100,2025-07-16T00:00:00.000Z,true,49
ASM-0021940,E-0147,campaign_strategy,INST-campaign_strategy,v1,68,100,2025-07-30T00:00:00.000Z,true,24
ASM-0021942,E-0147,content_quality,INST-content_quality,v1,44,100,2025-09-10T00:00:00.000Z,false,85
ASM-0021969,E-0147,communication,INST-communication,v2,51,100,2026-02-19T00:00:00.000Z,true,80
ASM-0021971,E-0147,execution,INST-execution,v2,62,100,2026-01-16T00:00:00.000Z,true,51
ASM-0021973,E-0147,collaboration,INST-collaboration,v2,82,100,2026-03-01T00:00:00.000Z,true,27
ASM-0021975,E-0147,problem_solving,INST-problem_solving,v2,44,100,2026-01-10T00:00:00.000Z,true,33
ASM-0021977,E-0147,campaign_strategy,INST-campaign_strategy,v2,51,100,2026-03-09T00:00:00.000Z,false,23
ASM-0021979,E-0147,content_quality,INST-content_quality,v2,57,100,2026-02-07T00:00:00.000Z,true,39
ASM-0021998,E-0147,communication,INST-communication,v2,67,100,2026-07-20T00:00:00.000Z,true,44
ASM-0022000,E-0147,execution,INST-execution,v2,75,100,2026-08-31T00:00:00.000Z,false,34
ASM-0022002,E-0147,collaboration,INST-collaboration,v2,77,100,2026-08-04T00:00:00.000Z,true,86
ASM-0022004,E-0147,problem_solving,INST-problem_solving,v2,59,100,2026-08-28T00:00:00.000Z,true,35
ASM-0022033,E-0148,communication,INST-communication,v1,51,100,2025-03-14T00:00:00.000Z,true,78
ASM-0022035,E-0148,execution,INST-execution,v1,36,100,2025-01-04T00:00:00.000Z,false,53
ASM-0022037,E-0148,collaboration,INST-collaboration,v1,21,100,2025-02-05T00:00:00.000Z,false,52
ASM-0022039,E-0148,problem_solving,INST-problem_solving,v1,26,100,2025-02-03T00:00:00.000Z,true,63
ASM-0022041,E-0148,stakeholder_alignment,INST-stakeholder_alignment,v1,24,100,2025-02-14T00:00:00.000Z,true,52
ASM-0022062,E-0148,communication,INST-communication,v1,56,100,2025-08-26T00:00:00.000Z,false,55
ASM-0022064,E-0148,collaboration,INST-collaboration,v1,30,100,2025-09-18T00:00:00.000Z,true,58
ASM-0022066,E-0148,roadmap_prioritization,INST-roadmap_prioritization,v1,38,100,2025-09-05T00:00:00.000Z,true,89
ASM-0022068,E-0148,stakeholder_alignment,INST-stakeholder_alignment,v1,38,100,2025-09-07T00:00:00.000Z,true,56
ASM-0022094,E-0148,communication,INST-communication,v2,63,100,2026-03-20T00:00:00.000Z,true,59
ASM-0022096,E-0148,execution,INST-execution,v2,63,100,2026-01-30T00:00:00.000Z,true,50
ASM-0022098,E-0148,collaboration,INST-collaboration,v2,39,100,2026-01-16T00:00:00.000Z,true,29
ASM-0022100,E-0148,problem_solving,INST-problem_solving,v2,19,100,2026-01-18T00:00:00.000Z,true,79
ASM-0022102,E-0148,roadmap_prioritization,INST-roadmap_prioritization,v2,55,100,2026-03-25T00:00:00.000Z,true,21
ASM-0022104,E-0148,stakeholder_alignment,INST-stakeholder_alignment,v2,51,100,2026-01-02T00:00:00.000Z,true,67
ASM-0022135,E-0148,communication,INST-communication,v2,44,100,2026-09-02T00:00:00.000Z,false,59
ASM-0022137,E-0148,execution,INST-execution,v2,88,100,2026-07-02T00:00:00.000Z,false,48
ASM-0022139,E-0148,collaboration,INST-collaboration,v2,46,100,2026-08-19T00:00:00.000Z,false,63
ASM-0022141,E-0148,problem_solving,INST-problem_solving,v2,0,100,2026-08-10T00:00:00.000Z,true,47
ASM-0022143,E-0148,stakeholder_alignment,INST-stakeholder_alignment,v2,77,100,2026-08-08T00:00:00.000Z,true,75
ASM-0022185,E-0149,communication,INST-communication,v1,25,100,2025-01-30T00:00:00.000Z,false,45
ASM-0022187,E-0149,collaboration,INST-collaboration,v1,36,100,2025-02-28T00:00:00.000Z,true,39
ASM-0022189,E-0149,problem_solving,INST-problem_solving,v1,25,100,2025-03-15T00:00:00.000Z,true,59
ASM-0022191,E-0149,visual_craft,INST-visual_craft,v1,37,100,2025-02-06T00:00:00.000Z,true,28
ASM-0022193,E-0149,ux_research,INST-ux_research,v1,77,100,2025-03-22T00:00:00.000Z,true,31
ASM-0022231,E-0149,communication,INST-communication,v1,26,100,2025-09-01T00:00:00.000Z,true,70
ASM-0022233,E-0149,execution,INST-execution,v1,28,100,2025-09-27T00:00:00.000Z,true,71
ASM-0022235,E-0149,collaboration,INST-collaboration,v1,57,100,2025-09-28T00:00:00.000Z,true,44
ASM-0022237,E-0149,problem_solving,INST-problem_solving,v1,18,100,2025-09-28T00:00:00.000Z,true,73
ASM-0022239,E-0149,visual_craft,INST-visual_craft,v1,23,100,2025-08-21T00:00:00.000Z,false,81
ASM-0022241,E-0149,ux_research,INST-ux_research,v1,70,100,2025-08-19T00:00:00.000Z,true,77
ASM-0022272,E-0149,communication,INST-communication,v2,52,100,2026-01-27T00:00:00.000Z,true,27
ASM-0022274,E-0149,execution,INST-execution,v2,20,100,2026-01-18T00:00:00.000Z,false,23
ASM-0022276,E-0149,collaboration,INST-collaboration,v2,59,100,2026-01-01T00:00:00.000Z,false,54
ASM-0022278,E-0149,problem_solving,INST-problem_solving,v2,29,100,2026-01-07T00:00:00.000Z,true,26
ASM-0022280,E-0149,visual_craft,INST-visual_craft,v2,46,100,2026-02-15T00:00:00.000Z,true,48
ASM-0022282,E-0149,ux_research,INST-ux_research,v2,56,100,2026-02-05T00:00:00.000Z,true,86
ASM-0022299,E-0149,communication,INST-communication,v2,74,100,2026-07-16T00:00:00.000Z,true,42
ASM-0022301,E-0149,execution,INST-execution,v2,25,100,2026-07-07T00:00:00.000Z,true,77
ASM-0022303,E-0149,collaboration,INST-collaboration,v2,50,100,2026-09-14T00:00:00.000Z,true,28
ASM-0022305,E-0149,problem_solving,INST-problem_solving,v2,44,100,2026-09-23T00:00:00.000Z,false,68
ASM-0022307,E-0149,ux_research,INST-ux_research,v2,36,100,2026-07-09T00:00:00.000Z,true,68
ASM-0022340,E-0150,communication,INST-communication,v1,26,100,2025-02-17T00:00:00.000Z,false,83
ASM-0022342,E-0150,execution,INST-execution,v1,77,100,2025-02-25T00:00:00.000Z,true,54
ASM-0022344,E-0150,collaboration,INST-collaboration,v1,26,100,2025-02-16T00:00:00.000Z,false,42
ASM-0022346,E-0150,problem_solving,INST-problem_solving,v1,42,100,2025-02-06T00:00:00.000Z,true,46
ASM-0022348,E-0150,financial_modeling,INST-financial_modeling,v1,48,100,2025-03-27T00:00:00.000Z,true,87
ASM-0022374,E-0150,communication,INST-communication,v1,47,100,2025-08-17T00:00:00.000Z,true,85
ASM-0022376,E-0150,execution,INST-execution,v1,64,100,2025-09-09T00:00:00.000Z,false,85
ASM-0022378,E-0150,collaboration,INST-collaboration,v1,23,100,2025-09-08T00:00:00.000Z,true,42
ASM-0022380,E-0150,problem_solving,INST-problem_solving,v1,32,100,2025-08-04T00:00:00.000Z,false,77
ASM-0022382,E-0150,financial_modeling,INST-financial_modeling,v1,32,100,2025-08-28T00:00:00.000Z,true,58
ASM-0022384,E-0150,compliance_rigor,INST-compliance_rigor,v1,39,100,2025-08-14T00:00:00.000Z,false,35
ASM-0022425,E-0150,communication,INST-communication,v2,72,100,2026-01-14T00:00:00.000Z,true,41
ASM-0022427,E-0150,collaboration,INST-collaboration,v2,23,100,2026-01-11T00:00:00.000Z,true,40
ASM-0022429,E-0150,financial_modeling,INST-financial_modeling,v2,67,100,2026-01-14T00:00:00.000Z,true,35
ASM-0022431,E-0150,compliance_rigor,INST-compliance_rigor,v2,66,100,2026-01-14T00:00:00.000Z,true,45
ASM-0022462,E-0150,execution,INST-execution,v2,16,100,2026-08-13T00:00:00.000Z,true,32
ASM-0022464,E-0150,collaboration,INST-collaboration,v2,33,100,2026-08-28T00:00:00.000Z,true,29
ASM-0022466,E-0150,problem_solving,INST-problem_solving,v2,37,100,2026-08-25T00:00:00.000Z,true,31
ASM-0022468,E-0150,financial_modeling,INST-financial_modeling,v2,69,100,2026-09-28T00:00:00.000Z,false,67
ASM-0022470,E-0150,compliance_rigor,INST-compliance_rigor,v2,75,100,2026-09-26T00:00:00.000Z,true,89
ASM-0022505,E-0151,communication,INST-communication,v1,47,100,2025-01-04T00:00:00.000Z,true,88
ASM-0022507,E-0151,execution,INST-execution,v1,19,100,2025-02-07T00:00:00.000Z,true,27
ASM-0022509,E-0151,collaboration,INST-collaboration,v1,43,100,2025-01-17T00:00:00.000Z,true,28
ASM-0022511,E-0151,problem_solving,INST-problem_solving,v1,38,100,2025-02-16T00:00:00.000Z,true,82
ASM-0022529,E-0151,communication,INST-communication,v1,41,100,2025-07-19T00:00:00.000Z,true,50
ASM-0022531,E-0151,execution,INST-execution,v1,28,100,2025-07-30T00:00:00.000Z,false,62
ASM-0022533,E-0151,collaboration,INST-collaboration,v1,31,100,2025-08-21T00:00:00.000Z,true,89
ASM-0022535,E-0151,talent_assessment,INST-talent_assessment,v1,47,100,2025-07-05T00:00:00.000Z,true,56
ASM-0022537,E-0151,policy_navigation,INST-policy_navigation,v1,42,100,2025-08-02T00:00:00.000Z,true,75
ASM-0022571,E-0151,communication,INST-communication,v2,73,100,2026-03-07T00:00:00.000Z,true,46
ASM-0022573,E-0151,collaboration,INST-collaboration,v2,35,100,2026-03-05T00:00:00.000Z,true,83
ASM-0022575,E-0151,problem_solving,INST-problem_solving,v2,45,100,2026-03-02T00:00:00.000Z,true,67
ASM-0022577,E-0151,talent_assessment,INST-talent_assessment,v2,57,100,2026-03-23T00:00:00.000Z,true,57
ASM-0022579,E-0151,policy_navigation,INST-policy_navigation,v2,30,100,2026-02-04T00:00:00.000Z,false,34
ASM-0022614,E-0151,communication,INST-communication,v2,89,100,2026-09-21T00:00:00.000Z,true,77
ASM-0022616,E-0151,execution,INST-execution,v2,58,100,2026-09-17T00:00:00.000Z,true,64
ASM-0022618,E-0151,collaboration,INST-collaboration,v2,26,100,2026-09-24T00:00:00.000Z,true,69
ASM-0022620,E-0151,problem_solving,INST-problem_solving,v2,19,100,2026-07-14T00:00:00.000Z,true,53
ASM-0022622,E-0151,talent_assessment,INST-talent_assessment,v2,58,100,2026-08-28T00:00:00.000Z,true,21
ASM-0022624,E-0151,policy_navigation,INST-policy_navigation,v2,34,100,2026-07-21T00:00:00.000Z,true,78
ASM-0022657,E-0152,communication,INST-communication,v1,52,100,2025-02-26T00:00:00.000Z,true,59
ASM-0022659,E-0152,execution,INST-execution,v1,47,100,2025-02-03T00:00:00.000Z,true,78
ASM-0022661,E-0152,problem_solving,INST-problem_solving,v1,50,100,2025-02-12T00:00:00.000Z,true,76
ASM-0022663,E-0152,customer_resolution,INST-customer_resolution,v1,57,100,2025-02-04T00:00:00.000Z,false,55
ASM-0022665,E-0152,troubleshooting,INST-troubleshooting,v1,29,100,2025-02-09T00:00:00.000Z,true,59
ASM-0022688,E-0152,communication,INST-communication,v1,57,100,2025-08-17T00:00:00.000Z,true,65
ASM-0022690,E-0152,execution,INST-execution,v1,32,100,2025-08-12T00:00:00.000Z,false,59
ASM-0022692,E-0152,collaboration,INST-collaboration,v1,34,100,2025-09-05T00:00:00.000Z,true,78
ASM-0022694,E-0152,customer_resolution,INST-customer_resolution,v1,56,100,2025-08-11T00:00:00.000Z,true,21
ASM-0022696,E-0152,troubleshooting,INST-troubleshooting,v1,17,100,2025-08-29T00:00:00.000Z,false,38
ASM-0022712,E-0152,communication,INST-communication,v2,58,100,2026-01-05T00:00:00.000Z,true,73
ASM-0022714,E-0152,execution,INST-execution,v2,36,100,2026-01-22T00:00:00.000Z,true,58
ASM-0022716,E-0152,customer_resolution,INST-customer_resolution,v2,37,100,2026-01-17T00:00:00.000Z,true,26
ASM-0022718,E-0152,troubleshooting,INST-troubleshooting,v2,22,100,2026-03-04T00:00:00.000Z,true,81
ASM-0022745,E-0152,communication,INST-communication,v2,48,100,2026-08-19T00:00:00.000Z,true,40
ASM-0022747,E-0152,execution,INST-execution,v2,24,100,2026-07-28T00:00:00.000Z,false,71
ASM-0022749,E-0152,collaboration,INST-collaboration,v2,52,100,2026-09-29T00:00:00.000Z,false,71
ASM-0022751,E-0152,customer_resolution,INST-customer_resolution,v2,35,100,2026-09-22T00:00:00.000Z,false,64
ASM-0022753,E-0152,troubleshooting,INST-troubleshooting,v2,17,100,2026-07-04T00:00:00.000Z,true,66
ASM-0022803,E-0153,communication,INST-communication,v1,31,100,2025-03-14T00:00:00.000Z,true,44
ASM-0022805,E-0153,execution,INST-execution,v1,27,100,2025-03-22T00:00:00.000Z,true,67
ASM-0022807,E-0153,collaboration,INST-collaboration,v1,24,100,2025-03-19T00:00:00.000Z,true,20
ASM-0022809,E-0153,system_design,INST-system_design,v1,22,100,2025-01-18T00:00:00.000Z,true,77
ASM-0022811,E-0153,code_quality,INST-code_quality,v1,18,100,2025-01-29T00:00:00.000Z,false,68
ASM-0022835,E-0153,communication,INST-communication,v1,57,100,2025-07-22T00:00:00.000Z,true,63
ASM-0022837,E-0153,execution,INST-execution,v1,50,100,2025-08-31T00:00:00.000Z,true,74
ASM-0022839,E-0153,collaboration,INST-collaboration,v1,38,100,2025-07-12T00:00:00.000Z,false,49
ASM-0022841,E-0153,problem_solving,INST-problem_solving,v1,58,100,2025-07-08T00:00:00.000Z,true,82
ASM-0022843,E-0153,code_quality,INST-code_quality,v1,32,100,2025-08-04T00:00:00.000Z,true,56
ASM-0022860,E-0153,communication,INST-communication,v2,48,100,2026-03-10T00:00:00.000Z,true,29
ASM-0022862,E-0153,execution,INST-execution,v2,7,100,2026-03-06T00:00:00.000Z,true,59
ASM-0022864,E-0153,collaboration,INST-collaboration,v2,30,100,2026-02-26T00:00:00.000Z,true,46
ASM-0022866,E-0153,system_design,INST-system_design,v2,38,100,2026-02-25T00:00:00.000Z,false,88
ASM-0022868,E-0153,code_quality,INST-code_quality,v2,33,100,2026-02-05T00:00:00.000Z,true,76
ASM-0022886,E-0153,communication,INST-communication,v2,69,100,2026-09-22T00:00:00.000Z,true,27
ASM-0022888,E-0153,collaboration,INST-collaboration,v2,16,100,2026-09-16T00:00:00.000Z,false,48
ASM-0022890,E-0153,problem_solving,INST-problem_solving,v2,100,100,2026-08-23T00:00:00.000Z,true,47
ASM-0022892,E-0153,code_quality,INST-code_quality,v2,59,100,2026-08-22T00:00:00.000Z,false,20
ASM-0022934,E-0154,communication,INST-communication,v1,38,100,2025-01-01T00:00:00.000Z,true,27
ASM-0022936,E-0154,execution,INST-execution,v1,26,100,2025-02-24T00:00:00.000Z,false,82
ASM-0022938,E-0154,collaboration,INST-collaboration,v1,16,100,2025-01-13T00:00:00.000Z,true,60
ASM-0022940,E-0154,problem_solving,INST-problem_solving,v1,70,100,2025-02-09T00:00:00.000Z,true,46
ASM-0022942,E-0154,negotiation,INST-negotiation,v1,72,100,2025-03-15T00:00:00.000Z,true,61
ASM-0022944,E-0154,pipeline_mgmt,INST-pipeline_mgmt,v1,37,100,2025-01-30T00:00:00.000Z,true,30
ASM-0022976,E-0154,communication,INST-communication,v1,26,100,2025-08-29T00:00:00.000Z,true,31
ASM-0022978,E-0154,problem_solving,INST-problem_solving,v1,58,100,2025-08-02T00:00:00.000Z,true,58
ASM-0022980,E-0154,negotiation,INST-negotiation,v1,51,100,2025-07-07T00:00:00.000Z,true,60
ASM-0022982,E-0154,pipeline_mgmt,INST-pipeline_mgmt,v1,61,100,2025-08-08T00:00:00.000Z,true,72
ASM-0023017,E-0154,communication,INST-communication,v2,29,100,2026-01-26T00:00:00.000Z,true,43
ASM-0023019,E-0154,execution,INST-execution,v2,15,100,2026-02-22T00:00:00.000Z,false,43
ASM-0023021,E-0154,collaboration,INST-collaboration,v2,66,100,2026-02-19T00:00:00.000Z,false,34
ASM-0023023,E-0154,problem_solving,INST-problem_solving,v2,51,100,2026-02-06T00:00:00.000Z,true,67
ASM-0023025,E-0154,negotiation,INST-negotiation,v2,56,100,2026-01-17T00:00:00.000Z,true,45
ASM-0023027,E-0154,pipeline_mgmt,INST-pipeline_mgmt,v2,68,100,2026-01-21T00:00:00.000Z,true,29
ASM-0023049,E-0154,communication,INST-communication,v2,23,100,2026-08-16T00:00:00.000Z,false,50
ASM-0023051,E-0154,collaboration,INST-collaboration,v2,78,100,2026-09-26T00:00:00.000Z,true,78
ASM-0023053,E-0154,problem_solving,INST-problem_solving,v2,42,100,2026-09-27T00:00:00.000Z,false,24
ASM-0023055,E-0154,negotiation,INST-negotiation,v2,38,100,2026-08-23T00:00:00.000Z,true,28
ASM-0023057,E-0154,pipeline_mgmt,INST-pipeline_mgmt,v2,81,100,2026-09-09T00:00:00.000Z,true,22
ASM-0023098,E-0155,communication,INST-communication,v1,15,100,2025-01-17T00:00:00.000Z,true,88
ASM-0023100,E-0155,execution,INST-execution,v1,32,100,2025-03-31T00:00:00.000Z,true,36
ASM-0023102,E-0155,collaboration,INST-collaboration,v1,40,100,2025-03-08T00:00:00.000Z,false,22
ASM-0023104,E-0155,content_quality,INST-content_quality,v1,50,100,2025-03-13T00:00:00.000Z,true,67
ASM-0023136,E-0155,communication,INST-communication,v1,44,100,2025-07-27T00:00:00.000Z,false,86
ASM-0023138,E-0155,execution,INST-execution,v1,30,100,2025-08-22T00:00:00.000Z,true,34
ASM-0023140,E-0155,collaboration,INST-collaboration,v1,56,100,2025-09-17T00:00:00.000Z,true,76
ASM-0023142,E-0155,problem_solving,INST-problem_solving,v1,84,100,2025-07-09T00:00:00.000Z,true,71
ASM-0023152,E-0155,communication,INST-communication,v2,38,100,2026-01-30T00:00:00.000Z,false,27
ASM-0023154,E-0155,execution,INST-execution,v2,32,100,2026-02-01T00:00:00.000Z,false,46
ASM-0023156,E-0155,collaboration,INST-collaboration,v2,79,100,2026-02-16T00:00:00.000Z,true,46
ASM-0023158,E-0155,problem_solving,INST-problem_solving,v2,46,100,2026-03-08T00:00:00.000Z,true,70
ASM-0023181,E-0155,communication,INST-communication,v2,44,100,2026-09-09T00:00:00.000Z,true,49
ASM-0023183,E-0155,execution,INST-execution,v2,38,100,2026-08-06T00:00:00.000Z,true,20
ASM-0023185,E-0155,collaboration,INST-collaboration,v2,87,100,2026-08-20T00:00:00.000Z,true,43
ASM-0023187,E-0155,problem_solving,INST-problem_solving,v2,44,100,2026-08-11T00:00:00.000Z,true,39
ASM-0023225,E-0156,communication,INST-communication,v1,35,100,2025-02-18T00:00:00.000Z,true,65
ASM-0023227,E-0156,collaboration,INST-collaboration,v1,24,100,2025-02-11T00:00:00.000Z,true,20
ASM-0023229,E-0156,problem_solving,INST-problem_solving,v1,23,100,2025-03-04T00:00:00.000Z,true,80
ASM-0023231,E-0156,roadmap_prioritization,INST-roadmap_prioritization,v1,30,100,2025-02-10T00:00:00.000Z,false,33
ASM-0023233,E-0156,stakeholder_alignment,INST-stakeholder_alignment,v1,20,100,2025-01-16T00:00:00.000Z,true,43
ASM-0023262,E-0156,communication,INST-communication,v1,36,100,2025-09-13T00:00:00.000Z,true,72
ASM-0023264,E-0156,collaboration,INST-collaboration,v1,10,100,2025-09-03T00:00:00.000Z,false,34
ASM-0023266,E-0156,problem_solving,INST-problem_solving,v1,34,100,2025-07-07T00:00:00.000Z,true,52
ASM-0023268,E-0156,stakeholder_alignment,INST-stakeholder_alignment,v1,16,100,2025-07-21T00:00:00.000Z,false,55
ASM-0023283,E-0156,communication,INST-communication,v2,45,100,2026-03-08T00:00:00.000Z,true,63
ASM-0023285,E-0156,collaboration,INST-collaboration,v2,44,100,2026-03-13T00:00:00.000Z,true,81
ASM-0023287,E-0156,problem_solving,INST-problem_solving,v2,34,100,2026-01-03T00:00:00.000Z,false,48
ASM-0023289,E-0156,roadmap_prioritization,INST-roadmap_prioritization,v2,83,100,2026-02-09T00:00:00.000Z,false,25
ASM-0023291,E-0156,stakeholder_alignment,INST-stakeholder_alignment,v2,30,100,2026-03-21T00:00:00.000Z,true,54
ASM-0023318,E-0156,communication,INST-communication,v2,23,100,2026-08-05T00:00:00.000Z,true,22
ASM-0023320,E-0156,collaboration,INST-collaboration,v2,56,100,2026-09-04T00:00:00.000Z,true,27
ASM-0023322,E-0156,problem_solving,INST-problem_solving,v2,27,100,2026-09-17T00:00:00.000Z,true,54
ASM-0023324,E-0156,roadmap_prioritization,INST-roadmap_prioritization,v2,88,100,2026-09-24T00:00:00.000Z,true,74
ASM-0023363,E-0157,communication,INST-communication,v1,34,100,2025-02-27T00:00:00.000Z,true,59
ASM-0023365,E-0157,execution,INST-execution,v1,35,100,2025-01-29T00:00:00.000Z,true,33
ASM-0023382,E-0157,communication,INST-communication,v1,37,100,2025-09-26T00:00:00.000Z,true,34
ASM-0023384,E-0157,collaboration,INST-collaboration,v1,34,100,2025-09-05T00:00:00.000Z,false,73
ASM-0023386,E-0157,ux_research,INST-ux_research,v1,44,100,2025-09-25T00:00:00.000Z,true,87
ASM-0023406,E-0157,communication,INST-communication,v2,64,100,2026-01-16T00:00:00.000Z,true,40
ASM-0023408,E-0157,ux_research,INST-ux_research,v2,49,100,2026-03-07T00:00:00.000Z,true,82
ASM-0023432,E-0157,communication,INST-communication,v2,62,100,2026-08-15T00:00:00.000Z,true,49
ASM-0023434,E-0157,problem_solving,INST-problem_solving,v2,25,100,2026-08-02T00:00:00.000Z,true,58
ASM-0023462,E-0158,communication,INST-communication,v1,28,100,2025-01-08T00:00:00.000Z,true,46
ASM-0023464,E-0158,problem_solving,INST-problem_solving,v1,27,100,2025-01-07T00:00:00.000Z,true,87
ASM-0023466,E-0158,financial_modeling,INST-financial_modeling,v1,40,100,2025-03-14T00:00:00.000Z,true,22
ASM-0023468,E-0158,compliance_rigor,INST-compliance_rigor,v1,69,100,2025-01-08T00:00:00.000Z,true,52
ASM-0023498,E-0158,communication,INST-communication,v1,16,100,2025-08-06T00:00:00.000Z,true,78
ASM-0023500,E-0158,execution,INST-execution,v1,18,100,2025-09-02T00:00:00.000Z,false,66
ASM-0023502,E-0158,collaboration,INST-collaboration,v1,29,100,2025-09-27T00:00:00.000Z,true,35
ASM-0023504,E-0158,financial_modeling,INST-financial_modeling,v1,30,100,2025-07-05T00:00:00.000Z,false,31
ASM-0023533,E-0158,communication,INST-communication,v2,56,100,2026-02-27T00:00:00.000Z,true,78
ASM-0023535,E-0158,execution,INST-execution,v2,45,100,2026-03-21T00:00:00.000Z,true,70
ASM-0023537,E-0158,collaboration,INST-collaboration,v2,33,100,2026-01-01T00:00:00.000Z,false,28
ASM-0023539,E-0158,problem_solving,INST-problem_solving,v2,30,100,2026-02-04T00:00:00.000Z,true,30
ASM-0023541,E-0158,compliance_rigor,INST-compliance_rigor,v2,40,100,2026-03-11T00:00:00.000Z,true,32
ASM-0023556,E-0158,communication,INST-communication,v2,59,100,2026-08-01T00:00:00.000Z,true,73
ASM-0023558,E-0158,execution,INST-execution,v2,56,100,2026-09-15T00:00:00.000Z,true,22
ASM-0023560,E-0158,collaboration,INST-collaboration,v2,11,100,2026-09-05T00:00:00.000Z,true,41
ASM-0023562,E-0158,problem_solving,INST-problem_solving,v2,25,100,2026-07-01T00:00:00.000Z,true,88
ASM-0023564,E-0158,compliance_rigor,INST-compliance_rigor,v2,32,100,2026-07-06T00:00:00.000Z,true,52
ASM-0023600,E-0159,execution,INST-execution,v1,28,100,2025-01-10T00:00:00.000Z,true,36
ASM-0023602,E-0159,collaboration,INST-collaboration,v1,89,100,2025-01-18T00:00:00.000Z,true,86
ASM-0023604,E-0159,problem_solving,INST-problem_solving,v1,20,100,2025-01-20T00:00:00.000Z,true,71
ASM-0023606,E-0159,talent_assessment,INST-talent_assessment,v1,26,100,2025-01-01T00:00:00.000Z,true,77
ASM-0023608,E-0159,policy_navigation,INST-policy_navigation,v1,21,100,2025-02-20T00:00:00.000Z,true,73
ASM-0023632,E-0159,communication,INST-communication,v1,46,100,2025-08-09T00:00:00.000Z,true,64
ASM-0023634,E-0159,execution,INST-execution,v1,31,100,2025-07-01T00:00:00.000Z,true,57
ASM-0023636,E-0159,collaboration,INST-collaboration,v1,62,100,2025-07-03T00:00:00.000Z,true,64
ASM-0023638,E-0159,problem_solving,INST-problem_solving,v1,17,100,2025-07-13T00:00:00.000Z,true,47
ASM-0023640,E-0159,talent_assessment,INST-talent_assessment,v1,30,100,2025-07-09T00:00:00.000Z,false,43
ASM-0023642,E-0159,policy_navigation,INST-policy_navigation,v1,49,100,2025-08-17T00:00:00.000Z,true,27
ASM-0023668,E-0159,communication,INST-communication,v2,61,100,2026-03-28T00:00:00.000Z,true,64
ASM-0023670,E-0159,execution,INST-execution,v2,25,100,2026-02-13T00:00:00.000Z,false,36
ASM-0023672,E-0159,collaboration,INST-collaboration,v2,47,100,2026-02-17T00:00:00.000Z,true,48
ASM-0023674,E-0159,talent_assessment,INST-talent_assessment,v2,34,100,2026-03-15T00:00:00.000Z,false,41
ASM-0023676,E-0159,policy_navigation,INST-policy_navigation,v2,28,100,2026-02-10T00:00:00.000Z,true,53
ASM-0023707,E-0159,communication,INST-communication,v2,63,100,2026-08-20T00:00:00.000Z,true,35
ASM-0023709,E-0159,execution,INST-execution,v2,29,100,2026-07-25T00:00:00.000Z,true,69
ASM-0023711,E-0159,collaboration,INST-collaboration,v2,36,100,2026-07-21T00:00:00.000Z,true,38
ASM-0023713,E-0159,problem_solving,INST-problem_solving,v2,39,100,2026-08-08T00:00:00.000Z,false,54
ASM-0023715,E-0159,talent_assessment,INST-talent_assessment,v2,52,100,2026-09-18T00:00:00.000Z,false,64
ASM-0023717,E-0159,policy_navigation,INST-policy_navigation,v2,30,100,2026-08-19T00:00:00.000Z,true,65
ASM-0023766,E-0160,communication,INST-communication,v1,51,100,2025-03-19T00:00:00.000Z,false,40
ASM-0023768,E-0160,execution,INST-execution,v1,41,100,2025-02-27T00:00:00.000Z,false,66
ASM-0023770,E-0160,collaboration,INST-collaboration,v1,37,100,2025-01-20T00:00:00.000Z,true,20
ASM-0023772,E-0160,customer_resolution,INST-customer_resolution,v1,27,100,2025-02-26T00:00:00.000Z,true,57
ASM-0023774,E-0160,troubleshooting,INST-troubleshooting,v1,46,100,2025-03-19T00:00:00.000Z,true,56
ASM-0023796,E-0160,execution,INST-execution,v1,56,100,2025-09-26T00:00:00.000Z,true,40
ASM-0023798,E-0160,collaboration,INST-collaboration,v1,32,100,2025-08-05T00:00:00.000Z,false,63
ASM-0023800,E-0160,customer_resolution,INST-customer_resolution,v1,41,100,2025-08-25T00:00:00.000Z,false,86
ASM-0023802,E-0160,troubleshooting,INST-troubleshooting,v1,49,100,2025-07-11T00:00:00.000Z,true,22
ASM-0023834,E-0160,communication,INST-communication,v2,39,100,2026-02-16T00:00:00.000Z,true,35
ASM-0023836,E-0160,execution,INST-execution,v2,60,100,2026-01-07T00:00:00.000Z,true,80
ASM-0023838,E-0160,customer_resolution,INST-customer_resolution,v2,15,100,2026-01-30T00:00:00.000Z,false,26
ASM-0023861,E-0160,communication,INST-communication,v2,38,100,2026-08-03T00:00:00.000Z,true,51
ASM-0023863,E-0160,execution,INST-execution,v2,63,100,2026-08-05T00:00:00.000Z,false,28
ASM-0023865,E-0160,collaboration,INST-collaboration,v2,50,100,2026-08-02T00:00:00.000Z,true,89
ASM-0023867,E-0160,customer_resolution,INST-customer_resolution,v2,35,100,2026-07-12T00:00:00.000Z,true,60
ASM-0023869,E-0160,troubleshooting,INST-troubleshooting,v2,33,100,2026-09-15T00:00:00.000Z,true,25
ASM-0023902,E-0161,communication,INST-communication,v1,38,100,2025-01-05T00:00:00.000Z,false,52
ASM-0023904,E-0161,execution,INST-execution,v1,41,100,2025-02-12T00:00:00.000Z,true,49
ASM-0023906,E-0161,collaboration,INST-collaboration,v1,23,100,2025-02-02T00:00:00.000Z,true,85
ASM-0023908,E-0161,problem_solving,INST-problem_solving,v1,26,100,2025-01-21T00:00:00.000Z,true,41
ASM-0023910,E-0161,system_design,INST-system_design,v1,29,100,2025-01-21T00:00:00.000Z,true,48
ASM-0023912,E-0161,code_quality,INST-code_quality,v1,35,100,2025-03-13T00:00:00.000Z,true,89
ASM-0023929,E-0161,communication,INST-communication,v1,22,100,2025-07-14T00:00:00.000Z,true,63
ASM-0023931,E-0161,execution,INST-execution,v1,28,100,2025-08-27T00:00:00.000Z,true,57
ASM-0023933,E-0161,collaboration,INST-collaboration,v1,35,100,2025-07-26T00:00:00.000Z,false,55
ASM-0023935,E-0161,problem_solving,INST-problem_solving,v1,38,100,2025-07-24T00:00:00.000Z,true,37
ASM-0023966,E-0161,communication,INST-communication,v2,38,100,2026-01-18T00:00:00.000Z,true,89
ASM-0023968,E-0161,collaboration,INST-collaboration,v2,26,100,2026-03-25T00:00:00.000Z,true,75
ASM-0023970,E-0161,problem_solving,INST-problem_solving,v2,19,100,2026-03-24T00:00:00.000Z,false,44
ASM-0023972,E-0161,system_design,INST-system_design,v2,31,100,2026-01-17T00:00:00.000Z,true,74
ASM-0023974,E-0161,code_quality,INST-code_quality,v2,56,100,2026-03-27T00:00:00.000Z,true,28
ASM-0023982,E-0161,communication,INST-communication,v2,54,100,2026-07-03T00:00:00.000Z,true,36
ASM-0023984,E-0161,execution,INST-execution,v2,70,100,2026-08-31T00:00:00.000Z,true,29
ASM-0023986,E-0161,collaboration,INST-collaboration,v2,32,100,2026-07-12T00:00:00.000Z,false,82
ASM-0023988,E-0161,problem_solving,INST-problem_solving,v2,12,100,2026-09-15T00:00:00.000Z,true,46
ASM-0023990,E-0161,system_design,INST-system_design,v2,51,100,2026-08-26T00:00:00.000Z,true,41
ASM-0023992,E-0161,code_quality,INST-code_quality,v2,63,100,2026-09-28T00:00:00.000Z,true,51
ASM-0024034,E-0162,communication,INST-communication,v1,32,100,2025-03-13T00:00:00.000Z,true,84
ASM-0024036,E-0162,collaboration,INST-collaboration,v1,16,100,2025-03-27T00:00:00.000Z,true,72
ASM-0024038,E-0162,negotiation,INST-negotiation,v1,38,100,2025-01-28T00:00:00.000Z,true,86
ASM-0024053,E-0162,communication,INST-communication,v1,45,100,2025-08-21T00:00:00.000Z,true,72
ASM-0024055,E-0162,collaboration,INST-collaboration,v1,37,100,2025-09-04T00:00:00.000Z,true,53
ASM-0024057,E-0162,problem_solving,INST-problem_solving,v1,29,100,2025-07-29T00:00:00.000Z,false,61
ASM-0024059,E-0162,negotiation,INST-negotiation,v1,34,100,2025-09-23T00:00:00.000Z,true,80
ASM-0024085,E-0162,execution,INST-execution,v2,46,100,2026-03-17T00:00:00.000Z,false,63
ASM-0024087,E-0162,collaboration,INST-collaboration,v2,26,100,2026-02-16T00:00:00.000Z,false,53
ASM-0024089,E-0162,problem_solving,INST-problem_solving,v2,44,100,2026-03-28T00:00:00.000Z,true,35
ASM-0024091,E-0162,negotiation,INST-negotiation,v2,38,100,2026-02-02T00:00:00.000Z,false,44
ASM-0024106,E-0162,communication,INST-communication,v2,80,100,2026-09-08T00:00:00.000Z,true,26
ASM-0024108,E-0162,execution,INST-execution,v2,29,100,2026-07-03T00:00:00.000Z,true,55
ASM-0024110,E-0162,collaboration,INST-collaboration,v2,28,100,2026-08-23T00:00:00.000Z,true,64
ASM-0024112,E-0162,problem_solving,INST-problem_solving,v2,29,100,2026-09-09T00:00:00.000Z,true,29
ASM-0024114,E-0162,negotiation,INST-negotiation,v2,30,100,2026-07-03T00:00:00.000Z,true,34
ASM-0024145,E-0163,communication,INST-communication,v1,46,100,2025-02-07T00:00:00.000Z,true,71
ASM-0024147,E-0163,execution,INST-execution,v1,62,100,2025-01-06T00:00:00.000Z,false,43
ASM-0024149,E-0163,collaboration,INST-collaboration,v1,20,100,2025-02-06T00:00:00.000Z,true,44
ASM-0024151,E-0163,problem_solving,INST-problem_solving,v1,33,100,2025-02-16T00:00:00.000Z,true,44
ASM-0024153,E-0163,campaign_strategy,INST-campaign_strategy,v1,36,100,2025-01-05T00:00:00.000Z,true,44
ASM-0024155,E-0163,content_quality,INST-content_quality,v1,41,100,2025-01-25T00:00:00.000Z,true,63
ASM-0024192,E-0163,communication,INST-communication,v1,54,100,2025-08-13T00:00:00.000Z,true,20
ASM-0024194,E-0163,execution,INST-execution,v1,63,100,2025-08-09T00:00:00.000Z,true,72
ASM-0024196,E-0163,collaboration,INST-collaboration,v1,29,100,2025-09-22T00:00:00.000Z,false,65
ASM-0024198,E-0163,problem_solving,INST-problem_solving,v1,27,100,2025-08-17T00:00:00.000Z,true,72
ASM-0024200,E-0163,campaign_strategy,INST-campaign_strategy,v1,25,100,2025-09-20T00:00:00.000Z,true,30
ASM-0024202,E-0163,content_quality,INST-content_quality,v1,47,100,2025-07-08T00:00:00.000Z,false,25
ASM-0024231,E-0163,communication,INST-communication,v2,60,100,2026-02-23T00:00:00.000Z,true,67
ASM-0024233,E-0163,execution,INST-execution,v2,54,100,2026-02-23T00:00:00.000Z,true,29
ASM-0024235,E-0163,collaboration,INST-collaboration,v2,23,100,2026-01-23T00:00:00.000Z,false,56
ASM-0024237,E-0163,problem_solving,INST-problem_solving,v2,24,100,2026-03-12T00:00:00.000Z,true,32
ASM-0024239,E-0163,campaign_strategy,INST-campaign_strategy,v2,26,100,2026-01-27T00:00:00.000Z,true,24
ASM-0024241,E-0163,content_quality,INST-content_quality,v2,59,100,2026-03-05T00:00:00.000Z,false,71
ASM-0024263,E-0163,communication,INST-communication,v2,87,100,2026-08-16T00:00:00.000Z,true,45
ASM-0024265,E-0163,execution,INST-execution,v2,42,100,2026-07-16T00:00:00.000Z,true,25
ASM-0024267,E-0163,collaboration,INST-collaboration,v2,31,100,2026-07-23T00:00:00.000Z,true,32
ASM-0024269,E-0163,problem_solving,INST-problem_solving,v2,34,100,2026-07-02T00:00:00.000Z,false,71
ASM-0024271,E-0163,campaign_strategy,INST-campaign_strategy,v2,10,100,2026-07-21T00:00:00.000Z,true,65
ASM-0024273,E-0163,content_quality,INST-content_quality,v2,81,100,2026-07-07T00:00:00.000Z,true,25
ASM-0024308,E-0164,communication,INST-communication,v1,78,100,2025-01-19T00:00:00.000Z,true,58
ASM-0024310,E-0164,problem_solving,INST-problem_solving,v1,24,100,2025-03-21T00:00:00.000Z,true,33
ASM-0024312,E-0164,stakeholder_alignment,INST-stakeholder_alignment,v1,57,100,2025-03-27T00:00:00.000Z,false,58
ASM-0024338,E-0164,execution,INST-execution,v1,71,100,2025-07-31T00:00:00.000Z,true,56
ASM-0024340,E-0164,collaboration,INST-collaboration,v1,71,100,2025-08-12T00:00:00.000Z,true,72
ASM-0024342,E-0164,roadmap_prioritization,INST-roadmap_prioritization,v1,34,100,2025-07-09T00:00:00.000Z,true,31
ASM-0024360,E-0164,communication,INST-communication,v2,51,100,2026-01-28T00:00:00.000Z,false,27
ASM-0024362,E-0164,execution,INST-execution,v2,37,100,2026-03-14T00:00:00.000Z,true,22
ASM-0024364,E-0164,problem_solving,INST-problem_solving,v2,46,100,2026-03-20T00:00:00.000Z,false,35
ASM-0024366,E-0164,roadmap_prioritization,INST-roadmap_prioritization,v2,52,100,2026-03-18T00:00:00.000Z,false,21
ASM-0024368,E-0164,stakeholder_alignment,INST-stakeholder_alignment,v2,72,100,2026-03-03T00:00:00.000Z,true,80
ASM-0024397,E-0164,execution,INST-execution,v2,29,100,2026-08-27T00:00:00.000Z,true,39
ASM-0024399,E-0164,collaboration,INST-collaboration,v2,49,100,2026-09-17T00:00:00.000Z,true,86
ASM-0024401,E-0164,problem_solving,INST-problem_solving,v2,67,100,2026-07-10T00:00:00.000Z,true,83
ASM-0024403,E-0164,stakeholder_alignment,INST-stakeholder_alignment,v2,82,100,2026-08-04T00:00:00.000Z,true,43
ASM-0024438,E-0165,communication,INST-communication,v1,31,100,2025-01-27T00:00:00.000Z,false,62
ASM-0024440,E-0165,execution,INST-execution,v1,27,100,2025-02-12T00:00:00.000Z,true,32
ASM-0024442,E-0165,collaboration,INST-collaboration,v1,30,100,2025-02-27T00:00:00.000Z,true,27
ASM-0024444,E-0165,problem_solving,INST-problem_solving,v1,25,100,2025-01-18T00:00:00.000Z,false,37
ASM-0024446,E-0165,ux_research,INST-ux_research,v1,39,100,2025-01-02T00:00:00.000Z,false,82
ASM-0024476,E-0165,communication,INST-communication,v1,36,100,2025-08-06T00:00:00.000Z,true,87
ASM-0024478,E-0165,collaboration,INST-collaboration,v1,54,100,2025-08-13T00:00:00.000Z,false,74
ASM-0024480,E-0165,problem_solving,INST-problem_solving,v1,29,100,2025-07-11T00:00:00.000Z,true,75
ASM-0024482,E-0165,visual_craft,INST-visual_craft,v1,23,100,2025-08-08T00:00:00.000Z,false,73
ASM-0024484,E-0165,ux_research,INST-ux_research,v1,31,100,2025-08-17T00:00:00.000Z,true,53
ASM-0024519,E-0165,communication,INST-communication,v2,24,100,2026-03-03T00:00:00.000Z,true,48
ASM-0024521,E-0165,execution,INST-execution,v2,33,100,2026-03-05T00:00:00.000Z,true,78
ASM-0024523,E-0165,collaboration,INST-collaboration,v2,62,100,2026-03-15T00:00:00.000Z,true,64
ASM-0024525,E-0165,problem_solving,INST-problem_solving,v2,44,100,2026-03-26T00:00:00.000Z,true,48
ASM-0024527,E-0165,ux_research,INST-ux_research,v2,23,100,2026-03-25T00:00:00.000Z,true,58
ASM-0024557,E-0165,problem_solving,INST-problem_solving,v2,50,100,2026-07-09T00:00:00.000Z,false,71
ASM-0024559,E-0165,visual_craft,INST-visual_craft,v2,47,100,2026-07-02T00:00:00.000Z,false,82
ASM-0024561,E-0165,ux_research,INST-ux_research,v2,36,100,2026-08-11T00:00:00.000Z,true,41
ASM-0024594,E-0166,execution,INST-execution,v1,24,100,2025-01-11T00:00:00.000Z,true,72
ASM-0024596,E-0166,collaboration,INST-collaboration,v1,25,100,2025-03-25T00:00:00.000Z,true,41
ASM-0024598,E-0166,problem_solving,INST-problem_solving,v1,34,100,2025-03-09T00:00:00.000Z,true,62
ASM-0024600,E-0166,financial_modeling,INST-financial_modeling,v1,45,100,2025-02-07T00:00:00.000Z,true,87
ASM-0024602,E-0166,compliance_rigor,INST-compliance_rigor,v1,35,100,2025-01-07T00:00:00.000Z,true,29
ASM-0024623,E-0166,communication,INST-communication,v1,52,100,2025-07-24T00:00:00.000Z,true,89
ASM-0024625,E-0166,execution,INST-execution,v1,17,100,2025-09-06T00:00:00.000Z,true,76
ASM-0024627,E-0166,compliance_rigor,INST-compliance_rigor,v1,19,100,2025-08-31T00:00:00.000Z,true,45
ASM-0024652,E-0166,communication,INST-communication,v2,64,100,2026-01-08T00:00:00.000Z,true,56
ASM-0024654,E-0166,execution,INST-execution,v2,43,100,2026-02-05T00:00:00.000Z,true,50
ASM-0024656,E-0166,collaboration,INST-collaboration,v2,63,100,2026-03-30T00:00:00.000Z,true,42
ASM-0024658,E-0166,problem_solving,INST-problem_solving,v2,28,100,2026-02-20T00:00:00.000Z,true,65
ASM-0024660,E-0166,compliance_rigor,INST-compliance_rigor,v2,43,100,2026-03-14T00:00:00.000Z,true,25
ASM-0024682,E-0166,communication,INST-communication,v2,91,100,2026-07-30T00:00:00.000Z,false,56
ASM-0024684,E-0166,execution,INST-execution,v2,55,100,2026-07-29T00:00:00.000Z,true,54
ASM-0024686,E-0166,collaboration,INST-collaboration,v2,86,100,2026-07-27T00:00:00.000Z,true,58
ASM-0024688,E-0166,problem_solving,INST-problem_solving,v2,18,100,2026-08-18T00:00:00.000Z,true,62
ASM-0024690,E-0166,compliance_rigor,INST-compliance_rigor,v2,35,100,2026-07-26T00:00:00.000Z,false,30
ASM-0024728,E-0167,communication,INST-communication,v1,30,100,2025-02-05T00:00:00.000Z,true,43
ASM-0024730,E-0167,collaboration,INST-collaboration,v1,28,100,2025-02-17T00:00:00.000Z,true,27
ASM-0024732,E-0167,problem_solving,INST-problem_solving,v1,30,100,2025-03-08T00:00:00.000Z,true,50
ASM-0024734,E-0167,talent_assessment,INST-talent_assessment,v1,42,100,2025-01-26T00:00:00.000Z,true,34
ASM-0024764,E-0167,communication,INST-communication,v1,34,100,2025-09-08T00:00:00.000Z,false,56
ASM-0024766,E-0167,collaboration,INST-collaboration,v1,42,100,2025-07-12T00:00:00.000Z,true,31
ASM-0024768,E-0167,problem_solving,INST-problem_solving,v1,30,100,2025-09-12T00:00:00.000Z,false,77
ASM-0024770,E-0167,talent_assessment,INST-talent_assessment,v1,29,100,2025-08-28T00:00:00.000Z,true,74
ASM-0024772,E-0167,policy_navigation,INST-policy_navigation,v1,65,100,2025-08-02T00:00:00.000Z,false,42
ASM-0024798,E-0167,collaboration,INST-collaboration,v2,46,100,2026-03-14T00:00:00.000Z,true,46
ASM-0024800,E-0167,problem_solving,INST-problem_solving,v2,25,100,2026-03-05T00:00:00.000Z,false,43
ASM-0024802,E-0167,talent_assessment,INST-talent_assessment,v2,23,100,2026-03-21T00:00:00.000Z,true,24
ASM-0024804,E-0167,policy_navigation,INST-policy_navigation,v2,42,100,2026-02-09T00:00:00.000Z,false,85
ASM-0024827,E-0167,communication,INST-communication,v2,15,100,2026-09-21T00:00:00.000Z,true,28
ASM-0024829,E-0167,collaboration,INST-collaboration,v2,37,100,2026-09-01T00:00:00.000Z,true,25
ASM-0024831,E-0167,problem_solving,INST-problem_solving,v2,30,100,2026-07-21T00:00:00.000Z,true,85
ASM-0024833,E-0167,talent_assessment,INST-talent_assessment,v2,24,100,2026-08-11T00:00:00.000Z,true,37
ASM-0024835,E-0167,policy_navigation,INST-policy_navigation,v2,29,100,2026-07-21T00:00:00.000Z,true,83
ASM-0024874,E-0168,communication,INST-communication,v1,38,100,2025-02-13T00:00:00.000Z,false,72
ASM-0024876,E-0168,collaboration,INST-collaboration,v1,31,100,2025-03-02T00:00:00.000Z,true,32
ASM-0024878,E-0168,problem_solving,INST-problem_solving,v1,35,100,2025-01-06T00:00:00.000Z,false,84
ASM-0024880,E-0168,customer_resolution,INST-customer_resolution,v1,29,100,2025-03-14T00:00:00.000Z,true,83
ASM-0024882,E-0168,troubleshooting,INST-troubleshooting,v1,30,100,2025-03-01T00:00:00.000Z,false,40
ASM-0024912,E-0168,communication,INST-communication,v1,43,100,2025-07-28T00:00:00.000Z,true,58
ASM-0024914,E-0168,collaboration,INST-collaboration,v1,33,100,2025-08-17T00:00:00.000Z,false,22
ASM-0024916,E-0168,problem_solving,INST-problem_solving,v1,37,100,2025-09-21T00:00:00.000Z,true,74
ASM-0024918,E-0168,customer_resolution,INST-customer_resolution,v1,29,100,2025-07-09T00:00:00.000Z,true,74
ASM-0024920,E-0168,troubleshooting,INST-troubleshooting,v1,34,100,2025-08-19T00:00:00.000Z,true,81
ASM-0024952,E-0168,communication,INST-communication,v2,35,100,2026-02-04T00:00:00.000Z,true,58
ASM-0024954,E-0168,execution,INST-execution,v2,30,100,2026-03-05T00:00:00.000Z,true,73
ASM-0024956,E-0168,collaboration,INST-collaboration,v2,12,100,2026-01-25T00:00:00.000Z,true,63
ASM-0024958,E-0168,problem_solving,INST-problem_solving,v2,56,100,2026-02-12T00:00:00.000Z,true,89
ASM-0024960,E-0168,customer_resolution,INST-customer_resolution,v2,33,100,2026-02-26T00:00:00.000Z,true,66
ASM-0024962,E-0168,troubleshooting,INST-troubleshooting,v2,22,100,2026-03-11T00:00:00.000Z,false,42
ASM-0024986,E-0168,collaboration,INST-collaboration,v2,28,100,2026-08-24T00:00:00.000Z,true,44
ASM-0024988,E-0168,problem_solving,INST-problem_solving,v2,53,100,2026-09-15T00:00:00.000Z,true,42
ASM-0024990,E-0168,customer_resolution,INST-customer_resolution,v2,25,100,2026-08-03T00:00:00.000Z,true,60
ASM-0024992,E-0168,troubleshooting,INST-troubleshooting,v2,30,100,2026-08-16T00:00:00.000Z,false,89
ASM-0025038,E-0169,communication,INST-communication,v1,45,100,2025-01-30T00:00:00.000Z,true,69
ASM-0025040,E-0169,collaboration,INST-collaboration,v1,30,100,2025-03-01T00:00:00.000Z,true,33
ASM-0025042,E-0169,problem_solving,INST-problem_solving,v1,12,100,2025-01-25T00:00:00.000Z,false,80
ASM-0025044,E-0169,system_design,INST-system_design,v1,82,100,2025-01-27T00:00:00.000Z,true,39
ASM-0025046,E-0169,code_quality,INST-code_quality,v1,33,100,2025-02-25T00:00:00.000Z,true,21
ASM-0025068,E-0169,communication,INST-communication,v1,63,100,2025-09-18T00:00:00.000Z,false,25
ASM-0025070,E-0169,execution,INST-execution,v1,67,100,2025-08-21T00:00:00.000Z,true,78
ASM-0025072,E-0169,collaboration,INST-collaboration,v1,26,100,2025-08-07T00:00:00.000Z,false,23
ASM-0025074,E-0169,code_quality,INST-code_quality,v1,40,100,2025-08-05T00:00:00.000Z,true,55
ASM-0025108,E-0169,communication,INST-communication,v2,79,100,2026-01-11T00:00:00.000Z,true,33
ASM-0025110,E-0169,execution,INST-execution,v2,44,100,2026-01-09T00:00:00.000Z,false,46
ASM-0025112,E-0169,problem_solving,INST-problem_solving,v2,16,100,2026-02-15T00:00:00.000Z,false,86
ASM-0025114,E-0169,code_quality,INST-code_quality,v2,29,100,2026-03-18T00:00:00.000Z,true,36
ASM-0025141,E-0169,communication,INST-communication,v2,79,100,2026-07-15T00:00:00.000Z,true,63
ASM-0025143,E-0169,execution,INST-execution,v2,38,100,2026-08-02T00:00:00.000Z,true,25
ASM-0025145,E-0169,collaboration,INST-collaboration,v2,75,100,2026-07-24T00:00:00.000Z,false,89
ASM-0025147,E-0169,problem_solving,INST-problem_solving,v2,17,100,2026-07-21T00:00:00.000Z,true,65
ASM-0025149,E-0169,system_design,INST-system_design,v2,42,100,2026-08-07T00:00:00.000Z,true,71
ASM-0025181,E-0170,execution,INST-execution,v1,19,100,2025-01-02T00:00:00.000Z,true,66
ASM-0025183,E-0170,collaboration,INST-collaboration,v1,29,100,2025-03-14T00:00:00.000Z,true,36
ASM-0025185,E-0170,problem_solving,INST-problem_solving,v1,38,100,2025-02-19T00:00:00.000Z,true,46
ASM-0025187,E-0170,negotiation,INST-negotiation,v1,15,100,2025-01-03T00:00:00.000Z,true,33
ASM-0025189,E-0170,pipeline_mgmt,INST-pipeline_mgmt,v1,26,100,2025-02-09T00:00:00.000Z,true,82
ASM-0025221,E-0170,execution,INST-execution,v1,64,100,2025-07-26T00:00:00.000Z,true,70
ASM-0025223,E-0170,collaboration,INST-collaboration,v1,20,100,2025-09-15T00:00:00.000Z,true,29
ASM-0025225,E-0170,negotiation,INST-negotiation,v1,25,100,2025-09-30T00:00:00.000Z,true,71
ASM-0025227,E-0170,pipeline_mgmt,INST-pipeline_mgmt,v1,25,100,2025-07-02T00:00:00.000Z,false,56
ASM-0025245,E-0170,execution,INST-execution,v2,52,100,2026-01-27T00:00:00.000Z,false,33
ASM-0025247,E-0170,problem_solving,INST-problem_solving,v2,34,100,2026-01-15T00:00:00.000Z,true,76
ASM-0025249,E-0170,negotiation,INST-negotiation,v2,37,100,2026-01-22T00:00:00.000Z,true,32
ASM-0025251,E-0170,pipeline_mgmt,INST-pipeline_mgmt,v2,32,100,2026-03-08T00:00:00.000Z,true,78
ASM-0025291,E-0170,execution,INST-execution,v2,72,100,2026-09-01T00:00:00.000Z,true,89
ASM-0025293,E-0170,problem_solving,INST-problem_solving,v2,35,100,2026-08-23T00:00:00.000Z,true,51
ASM-0025295,E-0170,pipeline_mgmt,INST-pipeline_mgmt,v2,35,100,2026-09-01T00:00:00.000Z,true,75
ASM-0025347,E-0171,communication,INST-communication,v1,82,100,2025-02-02T00:00:00.000Z,true,55
ASM-0025349,E-0171,execution,INST-execution,v1,30,100,2025-03-12T00:00:00.000Z,true,89
ASM-0025351,E-0171,collaboration,INST-collaboration,v1,23,100,2025-01-05T00:00:00.000Z,true,47
ASM-0025353,E-0171,campaign_strategy,INST-campaign_strategy,v1,28,100,2025-02-07T00:00:00.000Z,false,59
ASM-0025355,E-0171,content_quality,INST-content_quality,v1,19,100,2025-02-20T00:00:00.000Z,true,74
ASM-0025373,E-0171,communication,INST-communication,v1,66,100,2025-08-05T00:00:00.000Z,true,58
ASM-0025375,E-0171,execution,INST-execution,v1,37,100,2025-09-09T00:00:00.000Z,true,28
ASM-0025377,E-0171,collaboration,INST-collaboration,v1,30,100,2025-09-27T00:00:00.000Z,true,89
ASM-0025379,E-0171,problem_solving,INST-problem_solving,v1,58,100,2025-08-06T00:00:00.000Z,true,24
ASM-0025381,E-0171,campaign_strategy,INST-campaign_strategy,v1,47,100,2025-08-10T00:00:00.000Z,false,88
ASM-0025383,E-0171,content_quality,INST-content_quality,v1,39,100,2025-08-30T00:00:00.000Z,true,67
ASM-0025411,E-0171,communication,INST-communication,v2,47,100,2026-02-05T00:00:00.000Z,true,52
ASM-0025413,E-0171,execution,INST-execution,v2,37,100,2026-01-02T00:00:00.000Z,false,59
ASM-0025415,E-0171,problem_solving,INST-problem_solving,v2,76,100,2026-03-01T00:00:00.000Z,false,88
ASM-0025417,E-0171,campaign_strategy,INST-campaign_strategy,v2,68,100,2026-03-08T00:00:00.000Z,false,41
ASM-0025451,E-0171,communication,INST-communication,v2,36,100,2026-07-22T00:00:00.000Z,true,61
ASM-0025453,E-0171,execution,INST-execution,v2,65,100,2026-08-28T00:00:00.000Z,true,54
ASM-0025455,E-0171,collaboration,INST-collaboration,v2,46,100,2026-08-28T00:00:00.000Z,true,55
ASM-0025457,E-0171,campaign_strategy,INST-campaign_strategy,v2,86,100,2026-08-12T00:00:00.000Z,true,80
ASM-0025459,E-0171,content_quality,INST-content_quality,v2,31,100,2026-09-05T00:00:00.000Z,true,36
ASM-0025503,E-0172,communication,INST-communication,v1,68,100,2025-03-20T00:00:00.000Z,true,32
ASM-0025505,E-0172,execution,INST-execution,v1,39,100,2025-03-21T00:00:00.000Z,true,55
ASM-0025507,E-0172,collaboration,INST-collaboration,v1,34,100,2025-02-06T00:00:00.000Z,true,21
ASM-0025509,E-0172,problem_solving,INST-problem_solving,v1,30,100,2025-03-02T00:00:00.000Z,false,72
ASM-0025511,E-0172,roadmap_prioritization,INST-roadmap_prioritization,v1,34,100,2025-01-06T00:00:00.000Z,false,62
ASM-0025513,E-0172,stakeholder_alignment,INST-stakeholder_alignment,v1,44,100,2025-02-04T00:00:00.000Z,true,28
ASM-0025542,E-0172,communication,INST-communication,v1,53,100,2025-09-09T00:00:00.000Z,true,29
ASM-0025544,E-0172,execution,INST-execution,v1,23,100,2025-07-22T00:00:00.000Z,true,31
ASM-0025546,E-0172,collaboration,INST-collaboration,v1,19,100,2025-09-23T00:00:00.000Z,false,37
ASM-0025548,E-0172,problem_solving,INST-problem_solving,v1,40,100,2025-07-17T00:00:00.000Z,true,28
ASM-0025550,E-0172,roadmap_prioritization,INST-roadmap_prioritization,v1,44,100,2025-07-12T00:00:00.000Z,true,24
ASM-0025552,E-0172,stakeholder_alignment,INST-stakeholder_alignment,v1,39,100,2025-09-04T00:00:00.000Z,true,57
ASM-0025585,E-0172,communication,INST-communication,v2,38,100,2026-02-27T00:00:00.000Z,true,76
ASM-0025587,E-0172,execution,INST-execution,v2,19,100,2026-01-02T00:00:00.000Z,true,51
ASM-0025589,E-0172,collaboration,INST-collaboration,v2,34,100,2026-03-18T00:00:00.000Z,false,37
ASM-0025610,E-0172,communication,INST-communication,v2,18,100,2026-08-02T00:00:00.000Z,false,81
ASM-0025612,E-0172,execution,INST-execution,v2,28,100,2026-08-20T00:00:00.000Z,true,40
ASM-0025614,E-0172,collaboration,INST-collaboration,v2,30,100,2026-07-25T00:00:00.000Z,false,36
ASM-0025616,E-0172,problem_solving,INST-problem_solving,v2,27,100,2026-08-30T00:00:00.000Z,true,27
ASM-0025618,E-0172,stakeholder_alignment,INST-stakeholder_alignment,v2,64,100,2026-08-20T00:00:00.000Z,true,56
ASM-0025660,E-0173,communication,INST-communication,v1,20,100,2025-03-21T00:00:00.000Z,true,74
ASM-0025662,E-0173,execution,INST-execution,v1,21,100,2025-02-20T00:00:00.000Z,true,56
ASM-0025664,E-0173,collaboration,INST-collaboration,v1,26,100,2025-03-21T00:00:00.000Z,false,43
ASM-0025666,E-0173,problem_solving,INST-problem_solving,v1,30,100,2025-03-31T00:00:00.000Z,false,60
ASM-0025668,E-0173,visual_craft,INST-visual_craft,v1,17,100,2025-01-05T00:00:00.000Z,true,78
ASM-0025670,E-0173,ux_research,INST-ux_research,v1,38,100,2025-02-16T00:00:00.000Z,true,39
ASM-0025701,E-0173,communication,INST-communication,v1,54,100,2025-09-12T00:00:00.000Z,true,50
ASM-0025703,E-0173,execution,INST-execution,v1,47,100,2025-09-13T00:00:00.000Z,false,31
ASM-0025705,E-0173,collaboration,INST-collaboration,v1,41,100,2025-07-20T00:00:00.000Z,true,30
ASM-0025707,E-0173,problem_solving,INST-problem_solving,v1,44,100,2025-09-07T00:00:00.000Z,true,68
ASM-0025709,E-0173,visual_craft,INST-visual_craft,v1,55,100,2025-07-02T00:00:00.000Z,true,58
ASM-0025711,E-0173,ux_research,INST-ux_research,v1,24,100,2025-07-18T00:00:00.000Z,false,50
ASM-0025739,E-0173,communication,INST-communication,v2,61,100,2026-03-01T00:00:00.000Z,true,81
ASM-0025741,E-0173,execution,INST-execution,v2,53,100,2026-02-03T00:00:00.000Z,false,58
ASM-0025743,E-0173,collaboration,INST-collaboration,v2,28,100,2026-02-19T00:00:00.000Z,false,36
ASM-0025745,E-0173,problem_solving,INST-problem_solving,v2,35,100,2026-02-02T00:00:00.000Z,true,43
ASM-0025747,E-0173,visual_craft,INST-visual_craft,v2,67,100,2026-01-26T00:00:00.000Z,false,72
ASM-0025749,E-0173,ux_research,INST-ux_research,v2,45,100,2026-03-01T00:00:00.000Z,true,31
ASM-0025783,E-0173,communication,INST-communication,v2,69,100,2026-09-21T00:00:00.000Z,false,61
ASM-0025785,E-0173,execution,INST-execution,v2,53,100,2026-09-20T00:00:00.000Z,true,26
ASM-0025787,E-0173,collaboration,INST-collaboration,v2,25,100,2026-08-28T00:00:00.000Z,false,85
ASM-0025789,E-0173,problem_solving,INST-problem_solving,v2,64,100,2026-08-02T00:00:00.000Z,false,68
ASM-0025791,E-0173,visual_craft,INST-visual_craft,v2,71,100,2026-09-21T00:00:00.000Z,false,50
ASM-0025793,E-0173,ux_research,INST-ux_research,v2,13,100,2026-09-05T00:00:00.000Z,true,28
ASM-0025830,E-0174,execution,INST-execution,v1,18,100,2025-01-28T00:00:00.000Z,false,75
ASM-0025832,E-0174,collaboration,INST-collaboration,v1,30,100,2025-03-09T00:00:00.000Z,false,35
ASM-0025834,E-0174,problem_solving,INST-problem_solving,v1,21,100,2025-01-04T00:00:00.000Z,false,33
ASM-0025836,E-0174,financial_modeling,INST-financial_modeling,v1,23,100,2025-01-05T00:00:00.000Z,true,80
ASM-0025838,E-0174,compliance_rigor,INST-compliance_rigor,v1,47,100,2025-03-01T00:00:00.000Z,false,65
ASM-0025872,E-0174,communication,INST-communication,v1,48,100,2025-09-30T00:00:00.000Z,false,25
ASM-0025874,E-0174,execution,INST-execution,v1,22,100,2025-07-03T00:00:00.000Z,true,77
ASM-0025876,E-0174,collaboration,INST-collaboration,v1,48,100,2025-09-24T00:00:00.000Z,true,75
ASM-0025878,E-0174,problem_solving,INST-problem_solving,v1,34,100,2025-07-15T00:00:00.000Z,true,81
ASM-0025880,E-0174,financial_modeling,INST-financial_modeling,v1,37,100,2025-09-26T00:00:00.000Z,true,50
ASM-0025882,E-0174,compliance_rigor,INST-compliance_rigor,v1,51,100,2025-07-22T00:00:00.000Z,true,29
ASM-0025907,E-0174,communication,INST-communication,v2,53,100,2026-01-30T00:00:00.000Z,true,80
ASM-0025909,E-0174,execution,INST-execution,v2,39,100,2026-02-03T00:00:00.000Z,true,27
ASM-0025911,E-0174,problem_solving,INST-problem_solving,v2,57,100,2026-03-16T00:00:00.000Z,true,83
ASM-0025913,E-0174,compliance_rigor,INST-compliance_rigor,v2,61,100,2026-03-15T00:00:00.000Z,false,38
ASM-0025927,E-0174,communication,INST-communication,v2,73,100,2026-09-10T00:00:00.000Z,true,67
ASM-0025929,E-0174,problem_solving,INST-problem_solving,v2,78,100,2026-09-13T00:00:00.000Z,true,21
ASM-0025931,E-0174,compliance_rigor,INST-compliance_rigor,v2,70,100,2026-08-09T00:00:00.000Z,true,80
ASM-0025954,E-0175,communication,INST-communication,v1,30,100,2025-03-15T00:00:00.000Z,false,51
ASM-0025956,E-0175,execution,INST-execution,v1,46,100,2025-02-11T00:00:00.000Z,true,82
ASM-0025958,E-0175,collaboration,INST-collaboration,v1,26,100,2025-01-02T00:00:00.000Z,false,31
ASM-0025960,E-0175,problem_solving,INST-problem_solving,v1,43,100,2025-03-03T00:00:00.000Z,true,59
ASM-0025962,E-0175,talent_assessment,INST-talent_assessment,v1,30,100,2025-01-16T00:00:00.000Z,false,72
ASM-0025986,E-0175,communication,INST-communication,v1,32,100,2025-08-09T00:00:00.000Z,true,46
ASM-0025988,E-0175,execution,INST-execution,v1,23,100,2025-09-09T00:00:00.000Z,true,79
ASM-0025990,E-0175,collaboration,INST-collaboration,v1,34,100,2025-08-09T00:00:00.000Z,true,56
ASM-0025992,E-0175,problem_solving,INST-problem_solving,v1,66,100,2025-08-11T00:00:00.000Z,true,31
ASM-0025994,E-0175,talent_assessment,INST-talent_assessment,v1,24,100,2025-09-02T00:00:00.000Z,true,89
ASM-0025996,E-0175,policy_navigation,INST-policy_navigation,v1,24,100,2025-07-11T00:00:00.000Z,true,66
ASM-0026023,E-0175,communication,INST-communication,v2,46,100,2026-03-23T00:00:00.000Z,false,48
ASM-0026025,E-0175,execution,INST-execution,v2,39,100,2026-01-21T00:00:00.000Z,false,41
ASM-0026027,E-0175,collaboration,INST-collaboration,v2,43,100,2026-01-13T00:00:00.000Z,true,83
ASM-0026029,E-0175,problem_solving,INST-problem_solving,v2,66,100,2026-02-05T00:00:00.000Z,true,40
ASM-0026031,E-0175,talent_assessment,INST-talent_assessment,v2,41,100,2026-01-27T00:00:00.000Z,false,69
ASM-0026033,E-0175,policy_navigation,INST-policy_navigation,v2,36,100,2026-03-17T00:00:00.000Z,true,40
ASM-0026074,E-0175,communication,INST-communication,v2,62,100,2026-09-22T00:00:00.000Z,true,36
ASM-0026076,E-0175,execution,INST-execution,v2,42,100,2026-07-02T00:00:00.000Z,true,28
ASM-0026078,E-0175,collaboration,INST-collaboration,v2,38,100,2026-07-04T00:00:00.000Z,true,36
ASM-0026080,E-0175,problem_solving,INST-problem_solving,v2,88,100,2026-07-15T00:00:00.000Z,true,84
ASM-0026082,E-0175,talent_assessment,INST-talent_assessment,v2,20,100,2026-07-29T00:00:00.000Z,true,85
ASM-0026084,E-0175,policy_navigation,INST-policy_navigation,v2,34,100,2026-08-02T00:00:00.000Z,true,64
ASM-0026113,E-0176,execution,INST-execution,v1,54,100,2025-02-21T00:00:00.000Z,true,34
ASM-0026115,E-0176,collaboration,INST-collaboration,v1,31,100,2025-02-20T00:00:00.000Z,true,38
ASM-0026117,E-0176,customer_resolution,INST-customer_resolution,v1,30,100,2025-03-02T00:00:00.000Z,true,60
ASM-0026119,E-0176,troubleshooting,INST-troubleshooting,v1,31,100,2025-01-29T00:00:00.000Z,false,37
ASM-0026138,E-0176,communication,INST-communication,v1,14,100,2025-08-11T00:00:00.000Z,false,44
ASM-0026140,E-0176,execution,INST-execution,v1,47,100,2025-09-06T00:00:00.000Z,true,74
ASM-0026142,E-0176,customer_resolution,INST-customer_resolution,v1,55,100,2025-08-14T00:00:00.000Z,true,23
ASM-0026193,E-0177,communication,INST-communication,v1,27,100,2025-03-08T00:00:00.000Z,false,26
ASM-0026195,E-0177,collaboration,INST-collaboration,v1,34,100,2025-02-25T00:00:00.000Z,true,49
ASM-0026197,E-0177,problem_solving,INST-problem_solving,v1,34,100,2025-02-27T00:00:00.000Z,false,22
ASM-0026199,E-0177,system_design,INST-system_design,v1,32,100,2025-03-30T00:00:00.000Z,true,72
ASM-0026201,E-0177,code_quality,INST-code_quality,v1,28,100,2025-03-05T00:00:00.000Z,false,85
ASM-0026230,E-0177,communication,INST-communication,v1,32,100,2025-08-24T00:00:00.000Z,true,33
ASM-0026232,E-0177,execution,INST-execution,v1,41,100,2025-09-08T00:00:00.000Z,true,51
ASM-0026234,E-0177,collaboration,INST-collaboration,v1,22,100,2025-09-22T00:00:00.000Z,false,25
ASM-0026236,E-0177,problem_solving,INST-problem_solving,v1,39,100,2025-09-19T00:00:00.000Z,true,54
ASM-0026238,E-0177,system_design,INST-system_design,v1,19,100,2025-07-25T00:00:00.000Z,false,77
ASM-0026240,E-0177,code_quality,INST-code_quality,v1,36,100,2025-07-04T00:00:00.000Z,true,85
ASM-0026270,E-0177,communication,INST-communication,v2,27,100,2026-02-09T00:00:00.000Z,false,43
ASM-0026272,E-0177,execution,INST-execution,v2,39,100,2026-03-22T00:00:00.000Z,true,75
ASM-0026274,E-0177,problem_solving,INST-problem_solving,v2,54,100,2026-02-03T00:00:00.000Z,false,27
ASM-0026276,E-0177,system_design,INST-system_design,v2,41,100,2026-01-15T00:00:00.000Z,true,85
ASM-0026278,E-0177,code_quality,INST-code_quality,v2,43,100,2026-01-10T00:00:00.000Z,false,33
ASM-0026298,E-0177,communication,INST-communication,v2,24,100,2026-07-01T00:00:00.000Z,true,27
ASM-0026300,E-0177,problem_solving,INST-problem_solving,v2,66,100,2026-08-16T00:00:00.000Z,true,72
ASM-0026302,E-0177,code_quality,INST-code_quality,v2,52,100,2026-07-30T00:00:00.000Z,false,57
ASM-0026325,E-0178,communication,INST-communication,v1,19,100,2025-01-14T00:00:00.000Z,true,35
ASM-0026327,E-0178,execution,INST-execution,v1,39,100,2025-01-18T00:00:00.000Z,true,68
ASM-0026329,E-0178,collaboration,INST-collaboration,v1,35,100,2025-01-01T00:00:00.000Z,true,82
ASM-0026331,E-0178,problem_solving,INST-problem_solving,v1,27,100,2025-03-14T00:00:00.000Z,true,48
ASM-0026333,E-0178,negotiation,INST-negotiation,v1,36,100,2025-01-28T00:00:00.000Z,true,34
ASM-0026335,E-0178,pipeline_mgmt,INST-pipeline_mgmt,v1,27,100,2025-03-04T00:00:00.000Z,true,81
ASM-0026369,E-0178,communication,INST-communication,v1,26,100,2025-08-05T00:00:00.000Z,false,35
ASM-0026371,E-0178,collaboration,INST-collaboration,v1,60,100,2025-08-31T00:00:00.000Z,true,57
ASM-0026373,E-0178,problem_solving,INST-problem_solving,v1,25,100,2025-07-02T00:00:00.000Z,true,25
ASM-0026375,E-0178,negotiation,INST-negotiation,v1,56,100,2025-09-20T00:00:00.000Z,true,83
ASM-0026377,E-0178,pipeline_mgmt,INST-pipeline_mgmt,v1,33,100,2025-09-25T00:00:00.000Z,true,74
ASM-0026402,E-0178,communication,INST-communication,v2,18,100,2026-03-11T00:00:00.000Z,false,89
ASM-0026404,E-0178,execution,INST-execution,v2,55,100,2026-01-05T00:00:00.000Z,false,82
ASM-0026406,E-0178,collaboration,INST-collaboration,v2,60,100,2026-03-02T00:00:00.000Z,true,26
ASM-0026408,E-0178,negotiation,INST-negotiation,v2,75,100,2026-03-13T00:00:00.000Z,true,57
ASM-0026410,E-0178,pipeline_mgmt,INST-pipeline_mgmt,v2,54,100,2026-01-31T00:00:00.000Z,true,27
ASM-0026429,E-0178,communication,INST-communication,v2,10,100,2026-08-24T00:00:00.000Z,false,41
ASM-0026431,E-0178,execution,INST-execution,v2,77,100,2026-07-28T00:00:00.000Z,true,45
ASM-0026479,E-0179,communication,INST-communication,v1,78,100,2025-02-23T00:00:00.000Z,true,61
ASM-0026481,E-0179,execution,INST-execution,v1,32,100,2025-01-24T00:00:00.000Z,false,52
ASM-0026483,E-0179,collaboration,INST-collaboration,v1,42,100,2025-01-05T00:00:00.000Z,true,59
ASM-0026485,E-0179,campaign_strategy,INST-campaign_strategy,v1,43,100,2025-02-07T00:00:00.000Z,true,39
ASM-0026487,E-0179,content_quality,INST-content_quality,v1,34,100,2025-03-28T00:00:00.000Z,true,61
ASM-0026512,E-0179,communication,INST-communication,v1,56,100,2025-07-15T00:00:00.000Z,false,69
ASM-0026514,E-0179,execution,INST-execution,v1,28,100,2025-07-09T00:00:00.000Z,true,49
ASM-0026516,E-0179,collaboration,INST-collaboration,v1,41,100,2025-08-08T00:00:00.000Z,true,59
ASM-0026518,E-0179,problem_solving,INST-problem_solving,v1,45,100,2025-08-09T00:00:00.000Z,true,23
ASM-0026520,E-0179,campaign_strategy,INST-campaign_strategy,v1,34,100,2025-07-17T00:00:00.000Z,false,48
ASM-0026522,E-0179,content_quality,INST-content_quality,v1,24,100,2025-08-21T00:00:00.000Z,true,89
ASM-0026538,E-0179,communication,INST-communication,v2,60,100,2026-02-25T00:00:00.000Z,false,38
ASM-0026540,E-0179,execution,INST-execution,v2,26,100,2026-02-19T00:00:00.000Z,false,65
ASM-0026542,E-0179,collaboration,INST-collaboration,v2,29,100,2026-03-25T00:00:00.000Z,true,77
ASM-0026544,E-0179,problem_solving,INST-problem_solving,v2,31,100,2026-01-29T00:00:00.000Z,false,54
ASM-0026546,E-0179,campaign_strategy,INST-campaign_strategy,v2,26,100,2026-01-17T00:00:00.000Z,true,39
ASM-0026548,E-0179,content_quality,INST-content_quality,v2,31,100,2026-01-08T00:00:00.000Z,true,78
ASM-0026566,E-0179,communication,INST-communication,v2,39,100,2026-08-31T00:00:00.000Z,false,25
ASM-0026568,E-0179,collaboration,INST-collaboration,v2,38,100,2026-08-06T00:00:00.000Z,false,51
ASM-0026570,E-0179,problem_solving,INST-problem_solving,v2,28,100,2026-07-05T00:00:00.000Z,true,45
ASM-0026572,E-0179,content_quality,INST-content_quality,v2,17,100,2026-09-04T00:00:00.000Z,false,23
ASM-0026611,E-0180,communication,INST-communication,v1,21,100,2025-03-12T00:00:00.000Z,false,32
ASM-0026613,E-0180,execution,INST-execution,v1,25,100,2025-02-19T00:00:00.000Z,false,87
ASM-0026615,E-0180,roadmap_prioritization,INST-roadmap_prioritization,v1,66,100,2025-03-21T00:00:00.000Z,false,32
ASM-0026617,E-0180,stakeholder_alignment,INST-stakeholder_alignment,v1,28,100,2025-01-24T00:00:00.000Z,true,70
ASM-0026633,E-0180,communication,INST-communication,v1,17,100,2025-08-30T00:00:00.000Z,false,76
ASM-0026635,E-0180,execution,INST-execution,v1,35,100,2025-07-28T00:00:00.000Z,false,86
ASM-0026637,E-0180,collaboration,INST-collaboration,v1,63,100,2025-08-02T00:00:00.000Z,true,26
ASM-0026639,E-0180,problem_solving,INST-problem_solving,v1,15,100,2025-08-11T00:00:00.000Z,false,32
ASM-0026641,E-0180,roadmap_prioritization,INST-roadmap_prioritization,v1,64,100,2025-07-26T00:00:00.000Z,true,40
ASM-0026643,E-0180,stakeholder_alignment,INST-stakeholder_alignment,v1,55,100,2025-07-03T00:00:00.000Z,false,56
ASM-0026670,E-0180,communication,INST-communication,v2,34,100,2026-02-01T00:00:00.000Z,true,85
ASM-0026672,E-0180,execution,INST-execution,v2,56,100,2026-02-07T00:00:00.000Z,false,48
ASM-0026674,E-0180,collaboration,INST-collaboration,v2,28,100,2026-01-24T00:00:00.000Z,true,50
ASM-0026676,E-0180,problem_solving,INST-problem_solving,v2,41,100,2026-02-04T00:00:00.000Z,false,72
ASM-0026678,E-0180,roadmap_prioritization,INST-roadmap_prioritization,v2,60,100,2026-03-25T00:00:00.000Z,false,53
ASM-0026680,E-0180,stakeholder_alignment,INST-stakeholder_alignment,v2,58,100,2026-03-03T00:00:00.000Z,false,73
ASM-0026722,E-0180,communication,INST-communication,v2,19,100,2026-07-26T00:00:00.000Z,true,71
ASM-0026724,E-0180,execution,INST-execution,v2,63,100,2026-09-07T00:00:00.000Z,true,21
ASM-0026726,E-0180,collaboration,INST-collaboration,v2,24,100,2026-07-05T00:00:00.000Z,true,86
ASM-0026728,E-0180,problem_solving,INST-problem_solving,v2,66,100,2026-07-27T00:00:00.000Z,true,49
ASM-0026730,E-0180,roadmap_prioritization,INST-roadmap_prioritization,v2,21,100,2026-07-11T00:00:00.000Z,true,41
ASM-0026732,E-0180,stakeholder_alignment,INST-stakeholder_alignment,v2,87,100,2026-09-07T00:00:00.000Z,true,62
ASM-0026766,E-0181,execution,INST-execution,v1,17,100,2025-02-21T00:00:00.000Z,false,38
ASM-0026768,E-0181,problem_solving,INST-problem_solving,v1,73,100,2025-01-17T00:00:00.000Z,true,76
ASM-0026770,E-0181,visual_craft,INST-visual_craft,v1,70,100,2025-01-15T00:00:00.000Z,true,84
ASM-0026772,E-0181,ux_research,INST-ux_research,v1,84,100,2025-02-15T00:00:00.000Z,false,34
ASM-0026795,E-0181,communication,INST-communication,v1,53,100,2025-08-18T00:00:00.000Z,true,26
ASM-0026797,E-0181,execution,INST-execution,v1,28,100,2025-08-19T00:00:00.000Z,true,77
ASM-0026799,E-0181,collaboration,INST-collaboration,v1,42,100,2025-08-07T00:00:00.000Z,true,62
ASM-0026801,E-0181,problem_solving,INST-problem_solving,v1,72,100,2025-09-09T00:00:00.000Z,true,44
ASM-0026803,E-0181,visual_craft,INST-visual_craft,v1,72,100,2025-09-14T00:00:00.000Z,true,89
ASM-0026805,E-0181,ux_research,INST-ux_research,v1,82,100,2025-07-19T00:00:00.000Z,true,42
ASM-0026828,E-0181,communication,INST-communication,v2,56,100,2026-03-31T00:00:00.000Z,false,37
ASM-0026830,E-0181,execution,INST-execution,v2,22,100,2026-03-12T00:00:00.000Z,true,82
ASM-0026832,E-0181,visual_craft,INST-visual_craft,v2,55,100,2026-03-03T00:00:00.000Z,true,54
ASM-0026834,E-0181,ux_research,INST-ux_research,v2,68,100,2026-03-18T00:00:00.000Z,false,26
ASM-0026853,E-0181,communication,INST-communication,v2,53,100,2026-08-15T00:00:00.000Z,false,59
ASM-0026855,E-0181,execution,INST-execution,v2,58,100,2026-09-09T00:00:00.000Z,true,29
ASM-0026857,E-0181,collaboration,INST-collaboration,v2,71,100,2026-07-23T00:00:00.000Z,false,89
ASM-0026859,E-0181,visual_craft,INST-visual_craft,v2,75,100,2026-08-20T00:00:00.000Z,true,81
ASM-0026861,E-0181,ux_research,INST-ux_research,v2,69,100,2026-09-28T00:00:00.000Z,true,61
ASM-0026896,E-0182,execution,INST-execution,v1,24,100,2025-03-24T00:00:00.000Z,true,28
ASM-0026898,E-0182,collaboration,INST-collaboration,v1,39,100,2025-01-07T00:00:00.000Z,false,59
ASM-0026900,E-0182,problem_solving,INST-problem_solving,v1,32,100,2025-02-15T00:00:00.000Z,true,68
ASM-0026902,E-0182,financial_modeling,INST-financial_modeling,v1,39,100,2025-01-07T00:00:00.000Z,true,81
ASM-0026938,E-0182,communication,INST-communication,v1,58,100,2025-09-14T00:00:00.000Z,true,43
ASM-0026940,E-0182,execution,INST-execution,v1,43,100,2025-07-09T00:00:00.000Z,false,60
ASM-0026942,E-0182,collaboration,INST-collaboration,v1,24,100,2025-07-07T00:00:00.000Z,false,20
ASM-0026944,E-0182,problem_solving,INST-problem_solving,v1,6,100,2025-07-07T00:00:00.000Z,true,35
ASM-0026946,E-0182,financial_modeling,INST-financial_modeling,v1,57,100,2025-07-02T00:00:00.000Z,false,68
ASM-0026948,E-0182,compliance_rigor,INST-compliance_rigor,v1,49,100,2025-07-17T00:00:00.000Z,false,77
ASM-0026972,E-0182,communication,INST-communication,v2,45,100,2026-02-12T00:00:00.000Z,true,41
ASM-0026974,E-0182,execution,INST-execution,v2,26,100,2026-02-13T00:00:00.000Z,true,39
ASM-0026976,E-0182,problem_solving,INST-problem_solving,v2,6,100,2026-03-02T00:00:00.000Z,false,44
ASM-0026978,E-0182,compliance_rigor,INST-compliance_rigor,v2,62,100,2026-02-18T00:00:00.000Z,true,76
ASM-0027012,E-0182,communication,INST-communication,v2,34,100,2026-09-13T00:00:00.000Z,false,37
ASM-0027014,E-0182,execution,INST-execution,v2,19,100,2026-07-04T00:00:00.000Z,false,56
ASM-0027016,E-0182,problem_solving,INST-problem_solving,v2,9,100,2026-07-16T00:00:00.000Z,true,61
ASM-0027018,E-0182,financial_modeling,INST-financial_modeling,v2,63,100,2026-07-03T00:00:00.000Z,false,46
ASM-0027020,E-0182,compliance_rigor,INST-compliance_rigor,v2,25,100,2026-07-06T00:00:00.000Z,true,23
ASM-0027056,E-0183,communication,INST-communication,v1,28,100,2025-03-17T00:00:00.000Z,true,76
ASM-0027058,E-0183,execution,INST-execution,v1,39,100,2025-01-31T00:00:00.000Z,true,83
ASM-0027060,E-0183,talent_assessment,INST-talent_assessment,v1,75,100,2025-02-23T00:00:00.000Z,false,45
ASM-0027062,E-0183,policy_navigation,INST-policy_navigation,v1,91,100,2025-01-16T00:00:00.000Z,false,63
ASM-0027082,E-0183,communication,INST-communication,v1,34,100,2025-08-01T00:00:00.000Z,true,55
ASM-0027084,E-0183,execution,INST-execution,v1,23,100,2025-08-19T00:00:00.000Z,false,56
ASM-0027086,E-0183,collaboration,INST-collaboration,v1,59,100,2025-09-03T00:00:00.000Z,true,36
ASM-0027088,E-0183,problem_solving,INST-problem_solving,v1,95,100,2025-07-01T00:00:00.000Z,true,40
ASM-0027090,E-0183,talent_assessment,INST-talent_assessment,v1,76,100,2025-08-14T00:00:00.000Z,true,86
ASM-0027092,E-0183,policy_navigation,INST-policy_navigation,v1,88,100,2025-07-01T00:00:00.000Z,true,61
ASM-0027116,E-0183,communication,INST-communication,v2,42,100,2026-01-05T00:00:00.000Z,false,79
ASM-0027118,E-0183,execution,INST-execution,v2,45,100,2026-01-26T00:00:00.000Z,true,78
ASM-0027120,E-0183,collaboration,INST-collaboration,v2,100,100,2026-01-23T00:00:00.000Z,true,52
ASM-0027122,E-0183,problem_solving,INST-problem_solving,v2,73,100,2026-01-06T00:00:00.000Z,false,72
ASM-0027124,E-0183,talent_assessment,INST-talent_assessment,v2,79,100,2026-03-18T00:00:00.000Z,true,27
ASM-0027126,E-0183,policy_navigation,INST-policy_navigation,v2,100,100,2026-03-12T00:00:00.000Z,true,66
ASM-0027137,E-0183,communication,INST-communication,v2,59,100,2026-08-09T00:00:00.000Z,true,26
ASM-0027139,E-0183,execution,INST-execution,v2,48,100,2026-09-05T00:00:00.000Z,true,31
ASM-0027141,E-0183,collaboration,INST-collaboration,v2,74,100,2026-08-13T00:00:00.000Z,true,73
ASM-0027143,E-0183,problem_solving,INST-problem_solving,v2,83,100,2026-09-17T00:00:00.000Z,false,25
ASM-0027145,E-0183,policy_navigation,INST-policy_navigation,v2,93,100,2026-09-13T00:00:00.000Z,true,25
ASM-0027171,E-0184,communication,INST-communication,v1,33,100,2025-02-19T00:00:00.000Z,true,81
ASM-0027173,E-0184,execution,INST-execution,v1,20,100,2025-03-06T00:00:00.000Z,true,24
ASM-0027175,E-0184,collaboration,INST-collaboration,v1,26,100,2025-01-25T00:00:00.000Z,false,74
ASM-0027177,E-0184,problem_solving,INST-problem_solving,v1,20,100,2025-03-25T00:00:00.000Z,false,74
ASM-0027179,E-0184,customer_resolution,INST-customer_resolution,v1,65,100,2025-02-13T00:00:00.000Z,false,47
ASM-0027181,E-0184,troubleshooting,INST-troubleshooting,v1,55,100,2025-02-18T00:00:00.000Z,true,60
ASM-0027218,E-0184,communication,INST-communication,v1,42,100,2025-07-27T00:00:00.000Z,true,31
ASM-0027220,E-0184,execution,INST-execution,v1,50,100,2025-08-10T00:00:00.000Z,true,86
ASM-0027222,E-0184,collaboration,INST-collaboration,v1,37,100,2025-07-31T00:00:00.000Z,true,58
ASM-0027224,E-0184,troubleshooting,INST-troubleshooting,v1,28,100,2025-08-28T00:00:00.000Z,false,33
ASM-0027256,E-0184,communication,INST-communication,v2,62,100,2026-01-10T00:00:00.000Z,false,61
ASM-0027258,E-0184,execution,INST-execution,v2,56,100,2026-03-19T00:00:00.000Z,false,68
ASM-0027260,E-0184,collaboration,INST-collaboration,v2,36,100,2026-02-06T00:00:00.000Z,false,40
ASM-0027262,E-0184,problem_solving,INST-problem_solving,v2,36,100,2026-03-03T00:00:00.000Z,true,34
ASM-0027264,E-0184,troubleshooting,INST-troubleshooting,v2,24,100,2026-02-20T00:00:00.000Z,true,26
ASM-0027290,E-0184,communication,INST-communication,v2,75,100,2026-07-31T00:00:00.000Z,false,80
ASM-0027292,E-0184,collaboration,INST-collaboration,v2,21,100,2026-08-06T00:00:00.000Z,false,47
ASM-0027294,E-0184,problem_solving,INST-problem_solving,v2,41,100,2026-08-05T00:00:00.000Z,true,43
ASM-0027296,E-0184,troubleshooting,INST-troubleshooting,v2,24,100,2026-08-16T00:00:00.000Z,true,69
ASM-0027344,E-0185,communication,INST-communication,v1,21,100,2025-03-31T00:00:00.000Z,false,25
ASM-0027346,E-0185,execution,INST-execution,v1,29,100,2025-02-12T00:00:00.000Z,false,60
ASM-0027348,E-0185,collaboration,INST-collaboration,v1,65,100,2025-03-10T00:00:00.000Z,true,89
ASM-0027350,E-0185,problem_solving,INST-problem_solving,v1,33,100,2025-01-31T00:00:00.000Z,true,46
ASM-0027352,E-0185,system_design,INST-system_design,v1,45,100,2025-03-14T00:00:00.000Z,false,76
ASM-0027354,E-0185,code_quality,INST-code_quality,v1,62,100,2025-03-20T00:00:00.000Z,true,24
ASM-0027398,E-0185,communication,INST-communication,v1,31,100,2025-07-11T00:00:00.000Z,false,74
ASM-0027400,E-0185,execution,INST-execution,v1,31,100,2025-08-16T00:00:00.000Z,true,82
ASM-0027402,E-0185,collaboration,INST-collaboration,v1,34,100,2025-09-02T00:00:00.000Z,true,71
ASM-0027404,E-0185,problem_solving,INST-problem_solving,v1,53,100,2025-08-07T00:00:00.000Z,true,36
ASM-0027406,E-0185,code_quality,INST-code_quality,v1,57,100,2025-07-18T00:00:00.000Z,true,71
ASM-0027429,E-0185,communication,INST-communication,v2,17,100,2026-03-23T00:00:00.000Z,true,26
ASM-0027431,E-0185,execution,INST-execution,v2,22,100,2026-03-12T00:00:00.000Z,true,73
ASM-0027433,E-0185,collaboration,INST-collaboration,v2,46,100,2026-03-11T00:00:00.000Z,true,32
ASM-0027435,E-0185,problem_solving,INST-problem_solving,v2,59,100,2026-01-22T00:00:00.000Z,true,45
ASM-0027437,E-0185,system_design,INST-system_design,v2,65,100,2026-03-18T00:00:00.000Z,false,25
ASM-0027439,E-0185,code_quality,INST-code_quality,v2,42,100,2026-02-27T00:00:00.000Z,false,75
ASM-0027462,E-0185,communication,INST-communication,v2,20,100,2026-07-15T00:00:00.000Z,true,27
ASM-0027464,E-0185,execution,INST-execution,v2,27,100,2026-08-08T00:00:00.000Z,true,25
ASM-0027466,E-0185,collaboration,INST-collaboration,v2,20,100,2026-07-28T00:00:00.000Z,false,64
ASM-0027468,E-0185,problem_solving,INST-problem_solving,v2,49,100,2026-07-27T00:00:00.000Z,false,67
ASM-0027470,E-0185,system_design,INST-system_design,v2,76,100,2026-08-09T00:00:00.000Z,false,83
ASM-0027472,E-0185,code_quality,INST-code_quality,v2,49,100,2026-09-02T00:00:00.000Z,true,32
ASM-0027517,E-0186,communication,INST-communication,v1,36,100,2025-01-17T00:00:00.000Z,false,20
ASM-0027519,E-0186,execution,INST-execution,v1,87,100,2025-01-07T00:00:00.000Z,true,37
ASM-0027521,E-0186,problem_solving,INST-problem_solving,v1,26,100,2025-02-13T00:00:00.000Z,true,79
ASM-0027523,E-0186,negotiation,INST-negotiation,v1,27,100,2025-01-23T00:00:00.000Z,false,85
ASM-0027525,E-0186,pipeline_mgmt,INST-pipeline_mgmt,v1,31,100,2025-03-08T00:00:00.000Z,true,65
ASM-0027557,E-0186,communication,INST-communication,v1,43,100,2025-07-17T00:00:00.000Z,true,33
ASM-0027559,E-0186,execution,INST-execution,v1,47,100,2025-09-26T00:00:00.000Z,true,63
ASM-0027561,E-0186,problem_solving,INST-problem_solving,v1,22,100,2025-09-22T00:00:00.000Z,true,20
ASM-0027563,E-0186,negotiation,INST-negotiation,v1,17,100,2025-08-04T00:00:00.000Z,true,82
ASM-0027565,E-0186,pipeline_mgmt,INST-pipeline_mgmt,v1,29,100,2025-07-07T00:00:00.000Z,true,84
ASM-0027591,E-0186,communication,INST-communication,v2,22,100,2026-02-08T00:00:00.000Z,false,64
ASM-0027593,E-0186,collaboration,INST-collaboration,v2,48,100,2026-02-03T00:00:00.000Z,true,42
ASM-0027595,E-0186,problem_solving,INST-problem_solving,v2,33,100,2026-01-10T00:00:00.000Z,false,49
ASM-0027597,E-0186,negotiation,INST-negotiation,v2,17,100,2026-02-06T00:00:00.000Z,true,79
ASM-0027629,E-0186,communication,INST-communication,v2,23,100,2026-07-09T00:00:00.000Z,true,70
ASM-0027631,E-0186,collaboration,INST-collaboration,v2,51,100,2026-07-27T00:00:00.000Z,true,54
ASM-0027633,E-0186,problem_solving,INST-problem_solving,v2,73,100,2026-08-08T00:00:00.000Z,false,23
ASM-0027635,E-0186,negotiation,INST-negotiation,v2,33,100,2026-09-02T00:00:00.000Z,true,80
ASM-0027637,E-0186,pipeline_mgmt,INST-pipeline_mgmt,v2,28,100,2026-07-10T00:00:00.000Z,true,60
ASM-0027679,E-0187,execution,INST-execution,v1,21,100,2025-02-22T00:00:00.000Z,false,56
ASM-0027681,E-0187,collaboration,INST-collaboration,v1,36,100,2025-02-19T00:00:00.000Z,false,25
ASM-0027683,E-0187,problem_solving,INST-problem_solving,v1,35,100,2025-01-27T00:00:00.000Z,true,67
ASM-0027685,E-0187,campaign_strategy,INST-campaign_strategy,v1,35,100,2025-01-05T00:00:00.000Z,true,83
ASM-0027687,E-0187,content_quality,INST-content_quality,v1,28,100,2025-01-08T00:00:00.000Z,false,82
ASM-0027710,E-0187,communication,INST-communication,v1,17,100,2025-08-30T00:00:00.000Z,false,48
ASM-0027712,E-0187,problem_solving,INST-problem_solving,v1,46,100,2025-08-23T00:00:00.000Z,true,20
ASM-0027714,E-0187,campaign_strategy,INST-campaign_strategy,v1,30,100,2025-08-26T00:00:00.000Z,true,39
ASM-0027716,E-0187,content_quality,INST-content_quality,v1,32,100,2025-07-02T00:00:00.000Z,false,30
ASM-0027744,E-0187,communication,INST-communication,v2,24,100,2026-03-31T00:00:00.000Z,false,27
ASM-0027746,E-0187,execution,INST-execution,v2,30,100,2026-01-31T00:00:00.000Z,false,53
ASM-0027748,E-0187,problem_solving,INST-problem_solving,v2,34,100,2026-02-06T00:00:00.000Z,false,81
ASM-0027750,E-0187,campaign_strategy,INST-campaign_strategy,v2,39,100,2026-03-11T00:00:00.000Z,true,33
ASM-0027774,E-0187,communication,INST-communication,v2,5,100,2026-07-13T00:00:00.000Z,true,87
ASM-0027776,E-0187,execution,INST-execution,v2,37,100,2026-07-05T00:00:00.000Z,false,67
ASM-0027778,E-0187,problem_solving,INST-problem_solving,v2,32,100,2026-09-05T00:00:00.000Z,true,41
ASM-0027780,E-0187,campaign_strategy,INST-campaign_strategy,v2,20,100,2026-08-15T00:00:00.000Z,false,58
ASM-0027782,E-0187,content_quality,INST-content_quality,v2,17,100,2026-08-30T00:00:00.000Z,true,23
ASM-0027825,E-0188,communication,INST-communication,v1,73,100,2025-02-02T00:00:00.000Z,false,81
ASM-0027827,E-0188,execution,INST-execution,v1,41,100,2025-03-02T00:00:00.000Z,true,87
ASM-0027829,E-0188,collaboration,INST-collaboration,v1,32,100,2025-03-29T00:00:00.000Z,false,44
ASM-0027831,E-0188,problem_solving,INST-problem_solving,v1,32,100,2025-02-03T00:00:00.000Z,true,49
ASM-0027833,E-0188,roadmap_prioritization,INST-roadmap_prioritization,v1,32,100,2025-02-10T00:00:00.000Z,true,87
ASM-0027835,E-0188,stakeholder_alignment,INST-stakeholder_alignment,v1,27,100,2025-01-18T00:00:00.000Z,true,78
ASM-0027860,E-0188,communication,INST-communication,v1,57,100,2025-07-16T00:00:00.000Z,true,57
ASM-0027862,E-0188,execution,INST-execution,v1,23,100,2025-09-26T00:00:00.000Z,true,31
ASM-0027864,E-0188,collaboration,INST-collaboration,v1,43,100,2025-07-20T00:00:00.000Z,false,55
ASM-0027866,E-0188,roadmap_prioritization,INST-roadmap_prioritization,v1,33,100,2025-07-01T00:00:00.000Z,true,35
ASM-0027868,E-0188,stakeholder_alignment,INST-stakeholder_alignment,v1,47,100,2025-07-21T00:00:00.000Z,false,70
ASM-0027897,E-0188,communication,INST-communication,v2,33,100,2026-01-13T00:00:00.000Z,true,52
ASM-0027899,E-0188,execution,INST-execution,v2,36,100,2026-01-27T00:00:00.000Z,true,29
ASM-0027901,E-0188,problem_solving,INST-problem_solving,v2,53,100,2026-02-23T00:00:00.000Z,true,44
ASM-0027903,E-0188,roadmap_prioritization,INST-roadmap_prioritization,v2,47,100,2026-02-18T00:00:00.000Z,true,79
ASM-0027905,E-0188,stakeholder_alignment,INST-stakeholder_alignment,v2,59,100,2026-03-02T00:00:00.000Z,true,78
ASM-0027932,E-0188,execution,INST-execution,v2,78,100,2026-09-03T00:00:00.000Z,true,61
ASM-0027934,E-0188,problem_solving,INST-problem_solving,v2,58,100,2026-09-13T00:00:00.000Z,true,23
ASM-0027936,E-0188,roadmap_prioritization,INST-roadmap_prioritization,v2,71,100,2026-07-19T00:00:00.000Z,true,46
ASM-0027938,E-0188,stakeholder_alignment,INST-stakeholder_alignment,v2,82,100,2026-07-16T00:00:00.000Z,true,38
ASM-0027990,E-0189,communication,INST-communication,v1,34,100,2025-03-19T00:00:00.000Z,true,41
ASM-0027992,E-0189,execution,INST-execution,v1,24,100,2025-01-16T00:00:00.000Z,true,43
ASM-0027994,E-0189,collaboration,INST-collaboration,v1,22,100,2025-03-12T00:00:00.000Z,true,83
ASM-0027996,E-0189,problem_solving,INST-problem_solving,v1,35,100,2025-02-02T00:00:00.000Z,true,75
ASM-0027998,E-0189,visual_craft,INST-visual_craft,v1,17,100,2025-03-05T00:00:00.000Z,true,48
ASM-0028000,E-0189,ux_research,INST-ux_research,v1,38,100,2025-03-18T00:00:00.000Z,true,59
ASM-0028024,E-0189,communication,INST-communication,v1,34,100,2025-08-26T00:00:00.000Z,false,22
ASM-0028026,E-0189,execution,INST-execution,v1,50,100,2025-09-05T00:00:00.000Z,true,28
ASM-0028028,E-0189,collaboration,INST-collaboration,v1,37,100,2025-08-04T00:00:00.000Z,true,37
ASM-0028030,E-0189,problem_solving,INST-problem_solving,v1,35,100,2025-08-13T00:00:00.000Z,true,30
ASM-0028032,E-0189,visual_craft,INST-visual_craft,v1,27,100,2025-07-17T00:00:00.000Z,true,69
ASM-0028066,E-0189,communication,INST-communication,v2,11,100,2026-02-11T00:00:00.000Z,false,47
ASM-0028068,E-0189,execution,INST-execution,v2,62,100,2026-03-31T00:00:00.000Z,false,48
ASM-0028070,E-0189,collaboration,INST-collaboration,v2,29,100,2026-01-19T00:00:00.000Z,true,54
ASM-0028072,E-0189,problem_solving,INST-problem_solving,v2,35,100,2026-03-26T00:00:00.000Z,true,71
ASM-0028074,E-0189,visual_craft,INST-visual_craft,v2,14,100,2026-01-12T00:00:00.000Z,false,46
ASM-0028076,E-0189,ux_research,INST-ux_research,v2,88,100,2026-02-12T00:00:00.000Z,false,24
ASM-0028110,E-0189,communication,INST-communication,v2,25,100,2026-07-23T00:00:00.000Z,true,75
ASM-0028112,E-0189,execution,INST-execution,v2,65,100,2026-07-27T00:00:00.000Z,false,70
ASM-0028114,E-0189,collaboration,INST-collaboration,v2,50,100,2026-09-28T00:00:00.000Z,true,38
ASM-0028116,E-0189,problem_solving,INST-problem_solving,v2,26,100,2026-08-19T00:00:00.000Z,false,50
ASM-0028118,E-0189,visual_craft,INST-visual_craft,v2,19,100,2026-07-06T00:00:00.000Z,true,31
ASM-0028120,E-0189,ux_research,INST-ux_research,v2,71,100,2026-08-21T00:00:00.000Z,false,24
ASM-0028165,E-0190,communication,INST-communication,v1,48,100,2025-03-29T00:00:00.000Z,true,69
ASM-0028167,E-0190,execution,INST-execution,v1,30,100,2025-03-06T00:00:00.000Z,true,24
ASM-0028169,E-0190,collaboration,INST-collaboration,v1,31,100,2025-01-03T00:00:00.000Z,false,80
ASM-0028171,E-0190,problem_solving,INST-problem_solving,v1,15,100,2025-03-09T00:00:00.000Z,true,76
ASM-0028173,E-0190,financial_modeling,INST-financial_modeling,v1,41,100,2025-02-23T00:00:00.000Z,false,85
ASM-0028175,E-0190,compliance_rigor,INST-compliance_rigor,v1,54,100,2025-02-25T00:00:00.000Z,true,32
ASM-0028193,E-0190,communication,INST-communication,v1,36,100,2025-07-05T00:00:00.000Z,true,83
ASM-0028195,E-0190,collaboration,INST-collaboration,v1,37,100,2025-09-18T00:00:00.000Z,false,72
ASM-0028197,E-0190,problem_solving,INST-problem_solving,v1,8,100,2025-08-11T00:00:00.000Z,true,68
ASM-0028199,E-0190,financial_modeling,INST-financial_modeling,v1,34,100,2025-07-08T00:00:00.000Z,false,41
ASM-0028201,E-0190,compliance_rigor,INST-compliance_rigor,v1,48,100,2025-08-08T00:00:00.000Z,true,52
ASM-0028234,E-0190,communication,INST-communication,v2,49,100,2026-02-06T00:00:00.000Z,true,44
ASM-0028236,E-0190,collaboration,INST-collaboration,v2,70,100,2026-02-18T00:00:00.000Z,true,83
ASM-0028238,E-0190,problem_solving,INST-problem_solving,v2,38,100,2026-03-24T00:00:00.000Z,true,24
ASM-0028240,E-0190,financial_modeling,INST-financial_modeling,v2,40,100,2026-01-19T00:00:00.000Z,true,74
ASM-0028242,E-0190,compliance_rigor,INST-compliance_rigor,v2,35,100,2026-01-27T00:00:00.000Z,true,38
ASM-0028260,E-0190,communication,INST-communication,v2,27,100,2026-08-28T00:00:00.000Z,true,26
ASM-0028262,E-0190,collaboration,INST-collaboration,v2,87,100,2026-09-06T00:00:00.000Z,true,58
ASM-0028264,E-0190,financial_modeling,INST-financial_modeling,v2,24,100,2026-08-29T00:00:00.000Z,true,44
ASM-0028266,E-0190,compliance_rigor,INST-compliance_rigor,v2,24,100,2026-09-28T00:00:00.000Z,true,77
ASM-0028292,E-0191,communication,INST-communication,v1,19,100,2025-03-02T00:00:00.000Z,false,44
ASM-0028294,E-0191,execution,INST-execution,v1,34,100,2025-01-29T00:00:00.000Z,false,71
ASM-0028296,E-0191,problem_solving,INST-problem_solving,v1,64,100,2025-02-22T00:00:00.000Z,false,54
ASM-0028298,E-0191,talent_assessment,INST-talent_assessment,v1,46,100,2025-03-24T00:00:00.000Z,true,89
ASM-0028300,E-0191,policy_navigation,INST-policy_navigation,v1,63,100,2025-03-17T00:00:00.000Z,true,81
ASM-0028330,E-0191,communication,INST-communication,v1,26,100,2025-08-29T00:00:00.000Z,false,45
ASM-0028332,E-0191,execution,INST-execution,v1,45,100,2025-09-19T00:00:00.000Z,true,73
ASM-0028334,E-0191,collaboration,INST-collaboration,v1,6,100,2025-07-17T00:00:00.000Z,true,20
ASM-0028336,E-0191,problem_solving,INST-problem_solving,v1,86,100,2025-08-17T00:00:00.000Z,false,65
ASM-0028338,E-0191,talent_assessment,INST-talent_assessment,v1,50,100,2025-09-29T00:00:00.000Z,true,59
ASM-0028340,E-0191,policy_navigation,INST-policy_navigation,v1,60,100,2025-08-24T00:00:00.000Z,true,79
ASM-0028356,E-0191,communication,INST-communication,v2,32,100,2026-03-20T00:00:00.000Z,true,27
ASM-0028358,E-0191,execution,INST-execution,v2,67,100,2026-01-27T00:00:00.000Z,true,58
ASM-0028360,E-0191,problem_solving,INST-problem_solving,v2,80,100,2026-03-06T00:00:00.000Z,true,38
ASM-0028362,E-0191,talent_assessment,INST-talent_assessment,v2,69,100,2026-02-18T00:00:00.000Z,true,47
ASM-0028364,E-0191,policy_navigation,INST-policy_navigation,v2,60,100,2026-03-30T00:00:00.000Z,true,42
ASM-0028383,E-0191,communication,INST-communication,v2,47,100,2026-07-26T00:00:00.000Z,false,79
ASM-0028385,E-0191,execution,INST-execution,v2,75,100,2026-08-21T00:00:00.000Z,true,53
ASM-0028387,E-0191,collaboration,INST-collaboration,v2,60,100,2026-08-11T00:00:00.000Z,true,53
ASM-0028389,E-0191,problem_solving,INST-problem_solving,v2,71,100,2026-09-09T00:00:00.000Z,true,41
ASM-0028391,E-0191,talent_assessment,INST-talent_assessment,v2,60,100,2026-09-29T00:00:00.000Z,true,25
ASM-0028393,E-0191,policy_navigation,INST-policy_navigation,v2,57,100,2026-08-08T00:00:00.000Z,true,88
ASM-0028421,E-0192,communication,INST-communication,v1,26,100,2025-03-06T00:00:00.000Z,true,77
ASM-0028423,E-0192,execution,INST-execution,v1,51,100,2025-02-09T00:00:00.000Z,true,82
ASM-0028425,E-0192,collaboration,INST-collaboration,v1,38,100,2025-01-26T00:00:00.000Z,true,21
ASM-0028427,E-0192,problem_solving,INST-problem_solving,v1,31,100,2025-03-16T00:00:00.000Z,false,77
ASM-0028429,E-0192,customer_resolution,INST-customer_resolution,v1,40,100,2025-02-23T00:00:00.000Z,false,47
ASM-0028431,E-0192,troubleshooting,INST-troubleshooting,v1,41,100,2025-02-19T00:00:00.000Z,true,76
ASM-0028456,E-0192,communication,INST-communication,v1,46,100,2025-08-03T00:00:00.000Z,true,30
ASM-0028458,E-0192,execution,INST-execution,v1,48,100,2025-08-24T00:00:00.000Z,true,35
ASM-0028460,E-0192,problem_solving,INST-problem_solving,v1,27,100,2025-08-11T00:00:00.000Z,false,51
ASM-0028462,E-0192,customer_resolution,INST-customer_resolution,v1,47,100,2025-07-04T00:00:00.000Z,false,80
ASM-0028491,E-0192,communication,INST-communication,v2,49,100,2026-03-20T00:00:00.000Z,true,28
ASM-0028493,E-0192,execution,INST-execution,v2,55,100,2026-03-12T00:00:00.000Z,true,61
ASM-0028495,E-0192,collaboration,INST-collaboration,v2,40,100,2026-03-26T00:00:00.000Z,false,48
ASM-0028497,E-0192,problem_solving,INST-problem_solving,v2,50,100,2026-01-30T00:00:00.000Z,true,86
ASM-0028537,E-0192,communication,INST-communication,v2,35,100,2026-07-28T00:00:00.000Z,true,34
ASM-0028539,E-0192,execution,INST-execution,v2,88,100,2026-08-27T00:00:00.000Z,true,75
ASM-0028541,E-0192,collaboration,INST-collaboration,v2,34,100,2026-08-30T00:00:00.000Z,true,51
ASM-0028543,E-0192,problem_solving,INST-problem_solving,v2,62,100,2026-09-04T00:00:00.000Z,true,86
ASM-0028545,E-0192,customer_resolution,INST-customer_resolution,v2,27,100,2026-09-11T00:00:00.000Z,true,45
ASM-0028590,E-0193,execution,INST-execution,v1,27,100,2025-01-28T00:00:00.000Z,true,70
ASM-0028592,E-0193,problem_solving,INST-problem_solving,v1,42,100,2025-02-28T00:00:00.000Z,true,23
ASM-0028594,E-0193,system_design,INST-system_design,v1,32,100,2025-03-09T00:00:00.000Z,false,32
ASM-0028635,E-0193,execution,INST-execution,v1,19,100,2025-07-02T00:00:00.000Z,false,72
ASM-0028637,E-0193,collaboration,INST-collaboration,v1,27,100,2025-09-16T00:00:00.000Z,true,24
ASM-0028639,E-0193,problem_solving,INST-problem_solving,v1,53,100,2025-08-31T00:00:00.000Z,true,65
ASM-0028641,E-0193,system_design,INST-system_design,v1,28,100,2025-09-30T00:00:00.000Z,false,83
ASM-0028643,E-0193,code_quality,INST-code_quality,v1,26,100,2025-09-26T00:00:00.000Z,true,38
ASM-0028663,E-0193,communication,INST-communication,v2,59,100,2026-03-23T00:00:00.000Z,true,55
ASM-0028665,E-0193,execution,INST-execution,v2,53,100,2026-02-15T00:00:00.000Z,true,39
ASM-0028667,E-0193,collaboration,INST-collaboration,v2,27,100,2026-03-29T00:00:00.000Z,false,61
ASM-0028669,E-0193,problem_solving,INST-problem_solving,v2,56,100,2026-01-04T00:00:00.000Z,true,40
ASM-0028671,E-0193,system_design,INST-system_design,v2,19,100,2026-03-08T00:00:00.000Z,true,53
ASM-0028673,E-0193,code_quality,INST-code_quality,v2,28,100,2026-01-29T00:00:00.000Z,false,88
ASM-0028699,E-0193,communication,INST-communication,v2,59,100,2026-08-02T00:00:00.000Z,false,84
ASM-0028701,E-0193,execution,INST-execution,v2,77,100,2026-08-20T00:00:00.000Z,true,62
ASM-0028703,E-0193,problem_solving,INST-problem_solving,v2,62,100,2026-08-10T00:00:00.000Z,false,35
ASM-0028705,E-0193,system_design,INST-system_design,v2,29,100,2026-09-06T00:00:00.000Z,true,40
ASM-0028707,E-0193,code_quality,INST-code_quality,v2,24,100,2026-09-18T00:00:00.000Z,true,79
ASM-0028754,E-0194,communication,INST-communication,v1,63,100,2025-03-24T00:00:00.000Z,true,88
ASM-0028756,E-0194,execution,INST-execution,v1,25,100,2025-01-09T00:00:00.000Z,true,45
ASM-0028758,E-0194,problem_solving,INST-problem_solving,v1,66,100,2025-03-21T00:00:00.000Z,true,87
ASM-0028760,E-0194,negotiation,INST-negotiation,v1,75,100,2025-02-27T00:00:00.000Z,true,64
ASM-0028762,E-0194,pipeline_mgmt,INST-pipeline_mgmt,v1,44,100,2025-01-07T00:00:00.000Z,true,40
ASM-0028780,E-0194,communication,INST-communication,v1,64,100,2025-08-11T00:00:00.000Z,true,29
ASM-0028782,E-0194,execution,INST-execution,v1,33,100,2025-08-22T00:00:00.000Z,true,45
ASM-0028784,E-0194,collaboration,INST-collaboration,v1,62,100,2025-07-02T00:00:00.000Z,true,64
ASM-0028786,E-0194,problem_solving,INST-problem_solving,v1,61,100,2025-07-26T00:00:00.000Z,false,52
ASM-0028788,E-0194,negotiation,INST-negotiation,v1,39,100,2025-07-02T00:00:00.000Z,true,81
ASM-0028790,E-0194,pipeline_mgmt,INST-pipeline_mgmt,v1,70,100,2025-08-15T00:00:00.000Z,false,52
ASM-0028804,E-0194,communication,INST-communication,v2,59,100,2026-01-12T00:00:00.000Z,true,72
ASM-0028806,E-0194,execution,INST-execution,v2,69,100,2026-01-19T00:00:00.000Z,false,77
ASM-0028808,E-0194,collaboration,INST-collaboration,v2,17,100,2026-01-25T00:00:00.000Z,false,40
ASM-0028810,E-0194,problem_solving,INST-problem_solving,v2,50,100,2026-03-20T00:00:00.000Z,true,33
ASM-0028812,E-0194,negotiation,INST-negotiation,v2,61,100,2026-03-13T00:00:00.000Z,true,67
ASM-0028814,E-0194,pipeline_mgmt,INST-pipeline_mgmt,v2,60,100,2026-03-24T00:00:00.000Z,false,47
ASM-0028829,E-0194,communication,INST-communication,v2,65,100,2026-07-02T00:00:00.000Z,true,45
ASM-0028831,E-0194,execution,INST-execution,v2,90,100,2026-07-26T00:00:00.000Z,false,71
ASM-0028833,E-0194,collaboration,INST-collaboration,v2,33,100,2026-07-30T00:00:00.000Z,true,44
ASM-0028835,E-0194,pipeline_mgmt,INST-pipeline_mgmt,v2,44,100,2026-07-19T00:00:00.000Z,false,36
ASM-0028873,E-0195,communication,INST-communication,v1,26,100,2025-01-22T00:00:00.000Z,false,21
ASM-0028875,E-0195,execution,INST-execution,v1,27,100,2025-01-08T00:00:00.000Z,true,24
ASM-0028877,E-0195,collaboration,INST-collaboration,v1,27,100,2025-02-28T00:00:00.000Z,true,46
ASM-0028879,E-0195,problem_solving,INST-problem_solving,v1,36,100,2025-03-25T00:00:00.000Z,true,83
ASM-0028881,E-0195,campaign_strategy,INST-campaign_strategy,v1,32,100,2025-01-22T00:00:00.000Z,false,82
ASM-0028883,E-0195,content_quality,INST-content_quality,v1,27,100,2025-02-28T00:00:00.000Z,false,47
ASM-0028911,E-0195,communication,INST-communication,v1,37,100,2025-09-09T00:00:00.000Z,true,88
ASM-0028913,E-0195,execution,INST-execution,v1,48,100,2025-07-06T00:00:00.000Z,true,22
ASM-0028915,E-0195,problem_solving,INST-problem_solving,v1,62,100,2025-07-03T00:00:00.000Z,false,27
ASM-0028917,E-0195,campaign_strategy,INST-campaign_strategy,v1,26,100,2025-09-19T00:00:00.000Z,true,60
ASM-0028919,E-0195,content_quality,INST-content_quality,v1,47,100,2025-07-08T00:00:00.000Z,true,66
ASM-0028955,E-0195,communication,INST-communication,v2,47,100,2026-02-23T00:00:00.000Z,false,42
ASM-0028957,E-0195,execution,INST-execution,v2,58,100,2026-03-13T00:00:00.000Z,true,75
ASM-0028959,E-0195,collaboration,INST-collaboration,v2,38,100,2026-01-14T00:00:00.000Z,false,80
ASM-0028961,E-0195,problem_solving,INST-problem_solving,v2,59,100,2026-01-20T00:00:00.000Z,true,20
ASM-0028963,E-0195,campaign_strategy,INST-campaign_strategy,v2,43,100,2026-01-10T00:00:00.000Z,true,50
ASM-0029005,E-0195,communication,INST-communication,v2,43,100,2026-09-02T00:00:00.000Z,false,54
ASM-0029007,E-0195,execution,INST-execution,v2,74,100,2026-07-06T00:00:00.000Z,true,27
ASM-0029009,E-0195,collaboration,INST-collaboration,v2,23,100,2026-07-24T00:00:00.000Z,false,45
ASM-0029011,E-0195,problem_solving,INST-problem_solving,v2,62,100,2026-09-29T00:00:00.000Z,true,46
ASM-0029013,E-0195,campaign_strategy,INST-campaign_strategy,v2,54,100,2026-09-15T00:00:00.000Z,true,56
ASM-0029015,E-0195,content_quality,INST-content_quality,v2,85,100,2026-08-31T00:00:00.000Z,false,70
ASM-0029057,E-0196,execution,INST-execution,v1,55,100,2025-02-02T00:00:00.000Z,true,37
ASM-0029059,E-0196,collaboration,INST-collaboration,v1,29,100,2025-01-29T00:00:00.000Z,false,21
ASM-0029061,E-0196,problem_solving,INST-problem_solving,v1,37,100,2025-02-18T00:00:00.000Z,true,69
ASM-0029063,E-0196,roadmap_prioritization,INST-roadmap_prioritization,v1,28,100,2025-01-11T00:00:00.000Z,true,46
ASM-0029097,E-0196,communication,INST-communication,v1,33,100,2025-09-28T00:00:00.000Z,false,83
ASM-0029099,E-0196,collaboration,INST-collaboration,v1,37,100,2025-08-08T00:00:00.000Z,true,84
ASM-0029101,E-0196,problem_solving,INST-problem_solving,v1,38,100,2025-09-22T00:00:00.000Z,false,77
ASM-0029103,E-0196,roadmap_prioritization,INST-roadmap_prioritization,v1,34,100,2025-08-09T00:00:00.000Z,false,38
ASM-0029135,E-0196,communication,INST-communication,v2,67,100,2026-03-03T00:00:00.000Z,true,20
ASM-0029137,E-0196,execution,INST-execution,v2,39,100,2026-03-04T00:00:00.000Z,true,50
ASM-0029139,E-0196,collaboration,INST-collaboration,v2,39,100,2026-01-20T00:00:00.000Z,false,79
ASM-0029141,E-0196,roadmap_prioritization,INST-roadmap_prioritization,v2,45,100,2026-01-16T00:00:00.000Z,true,52
ASM-0029143,E-0196,stakeholder_alignment,INST-stakeholder_alignment,v2,47,100,2026-02-16T00:00:00.000Z,true,21
ASM-0029167,E-0196,communication,INST-communication,v2,70,100,2026-07-20T00:00:00.000Z,false,69
ASM-0029169,E-0196,execution,INST-execution,v2,37,100,2026-07-01T00:00:00.000Z,false,48
ASM-0029171,E-0196,collaboration,INST-collaboration,v2,30,100,2026-08-23T00:00:00.000Z,false,73
ASM-0029173,E-0196,roadmap_prioritization,INST-roadmap_prioritization,v2,56,100,2026-09-01T00:00:00.000Z,true,29
ASM-0029175,E-0196,stakeholder_alignment,INST-stakeholder_alignment,v2,39,100,2026-08-01T00:00:00.000Z,false,56
ASM-0029218,E-0197,execution,INST-execution,v1,30,100,2025-03-28T00:00:00.000Z,true,49
ASM-0029220,E-0197,collaboration,INST-collaboration,v1,73,100,2025-02-13T00:00:00.000Z,false,43
ASM-0029222,E-0197,problem_solving,INST-problem_solving,v1,33,100,2025-03-02T00:00:00.000Z,false,49
ASM-0029224,E-0197,visual_craft,INST-visual_craft,v1,22,100,2025-01-22T00:00:00.000Z,true,47
ASM-0029226,E-0197,ux_research,INST-ux_research,v1,68,100,2025-01-06T00:00:00.000Z,true,29
ASM-0029250,E-0197,communication,INST-communication,v1,38,100,2025-08-04T00:00:00.000Z,true,61
ASM-0029252,E-0197,collaboration,INST-collaboration,v1,64,100,2025-08-10T00:00:00.000Z,true,51
ASM-0029254,E-0197,ux_research,INST-ux_research,v1,52,100,2025-09-26T00:00:00.000Z,true,55
ASM-0029282,E-0197,execution,INST-execution,v2,32,100,2026-02-06T00:00:00.000Z,false,47
ASM-0029284,E-0197,collaboration,INST-collaboration,v2,45,100,2026-03-25T00:00:00.000Z,true,40
ASM-0029286,E-0197,problem_solving,INST-problem_solving,v2,41,100,2026-01-06T00:00:00.000Z,true,88
ASM-0029288,E-0197,visual_craft,INST-visual_craft,v2,34,100,2026-01-25T00:00:00.000Z,true,70
ASM-0029290,E-0197,ux_research,INST-ux_research,v2,40,100,2026-03-31T00:00:00.000Z,true,31
ASM-0029308,E-0197,communication,INST-communication,v2,46,100,2026-07-23T00:00:00.000Z,true,52
ASM-0029310,E-0197,execution,INST-execution,v2,21,100,2026-09-16T00:00:00.000Z,false,40
ASM-0029312,E-0197,collaboration,INST-collaboration,v2,33,100,2026-09-13T00:00:00.000Z,false,57
ASM-0029314,E-0197,problem_solving,INST-problem_solving,v2,59,100,2026-09-05T00:00:00.000Z,true,74
ASM-0029316,E-0197,visual_craft,INST-visual_craft,v2,26,100,2026-08-22T00:00:00.000Z,true,66
ASM-0029318,E-0197,ux_research,INST-ux_research,v2,47,100,2026-07-13T00:00:00.000Z,true,82
ASM-0029353,E-0198,communication,INST-communication,v1,16,100,2025-01-03T00:00:00.000Z,true,59
ASM-0029355,E-0198,problem_solving,INST-problem_solving,v1,27,100,2025-03-18T00:00:00.000Z,true,51
ASM-0029357,E-0198,financial_modeling,INST-financial_modeling,v1,26,100,2025-03-16T00:00:00.000Z,true,28
ASM-0029359,E-0198,compliance_rigor,INST-compliance_rigor,v1,49,100,2025-03-15T00:00:00.000Z,false,56
ASM-0029390,E-0198,execution,INST-execution,v1,36,100,2025-07-26T00:00:00.000Z,true,39
ASM-0029392,E-0198,collaboration,INST-collaboration,v1,38,100,2025-07-29T00:00:00.000Z,true,81
ASM-0029394,E-0198,financial_modeling,INST-financial_modeling,v1,40,100,2025-07-21T00:00:00.000Z,true,56
ASM-0029420,E-0198,communication,INST-communication,v2,47,100,2026-01-20T00:00:00.000Z,false,84
ASM-0029422,E-0198,execution,INST-execution,v2,49,100,2026-01-08T00:00:00.000Z,true,82
ASM-0029424,E-0198,collaboration,INST-collaboration,v2,37,100,2026-01-15T00:00:00.000Z,false,63
ASM-0029426,E-0198,financial_modeling,INST-financial_modeling,v2,54,100,2026-03-02T00:00:00.000Z,false,40
ASM-0029428,E-0198,compliance_rigor,INST-compliance_rigor,v2,71,100,2026-01-05T00:00:00.000Z,false,65
ASM-0029463,E-0198,communication,INST-communication,v2,51,100,2026-08-18T00:00:00.000Z,true,50
ASM-0029465,E-0198,execution,INST-execution,v2,45,100,2026-08-18T00:00:00.000Z,false,49
ASM-0029467,E-0198,financial_modeling,INST-financial_modeling,v2,58,100,2026-08-24T00:00:00.000Z,true,71
ASM-0029469,E-0198,compliance_rigor,INST-compliance_rigor,v2,82,100,2026-09-18T00:00:00.000Z,true,81
ASM-0029527,E-0199,collaboration,INST-collaboration,v1,50,100,2025-03-22T00:00:00.000Z,false,50
ASM-0029529,E-0199,problem_solving,INST-problem_solving,v1,47,100,2025-01-10T00:00:00.000Z,false,60
ASM-0029531,E-0199,talent_assessment,INST-talent_assessment,v1,69,100,2025-01-03T00:00:00.000Z,true,20
ASM-0029561,E-0199,communication,INST-communication,v1,44,100,2025-07-12T00:00:00.000Z,true,71
ASM-0029563,E-0199,execution,INST-execution,v1,33,100,2025-07-18T00:00:00.000Z,true,45
ASM-0029565,E-0199,collaboration,INST-collaboration,v1,55,100,2025-08-28T00:00:00.000Z,true,32
ASM-0029567,E-0199,problem_solving,INST-problem_solving,v1,43,100,2025-09-26T00:00:00.000Z,false,32
ASM-0029569,E-0199,talent_assessment,INST-talent_assessment,v1,56,100,2025-08-09T00:00:00.000Z,true,28
ASM-0029571,E-0199,policy_navigation,INST-policy_navigation,v1,40,100,2025-08-02T00:00:00.000Z,false,62
ASM-0029605,E-0199,communication,INST-communication,v2,60,100,2026-02-05T00:00:00.000Z,true,57
ASM-0029607,E-0199,execution,INST-execution,v2,39,100,2026-03-01T00:00:00.000Z,false,52
ASM-0029609,E-0199,collaboration,INST-collaboration,v2,63,100,2026-02-16T00:00:00.000Z,true,59
ASM-0029611,E-0199,problem_solving,INST-problem_solving,v2,84,100,2026-02-03T00:00:00.000Z,true,41
ASM-0029613,E-0199,talent_assessment,INST-talent_assessment,v2,51,100,2026-01-02T00:00:00.000Z,true,46
ASM-0029640,E-0199,execution,INST-execution,v2,33,100,2026-07-08T00:00:00.000Z,false,60
ASM-0029642,E-0199,collaboration,INST-collaboration,v2,82,100,2026-09-15T00:00:00.000Z,true,37
ASM-0029644,E-0199,problem_solving,INST-problem_solving,v2,83,100,2026-07-08T00:00:00.000Z,false,55
ASM-0029646,E-0199,talent_assessment,INST-talent_assessment,v2,26,100,2026-09-07T00:00:00.000Z,false,83
ASM-0029681,E-0200,communication,INST-communication,v1,33,100,2025-02-01T00:00:00.000Z,true,38
ASM-0029683,E-0200,execution,INST-execution,v1,21,100,2025-03-18T00:00:00.000Z,true,60
ASM-0029685,E-0200,collaboration,INST-collaboration,v1,35,100,2025-03-10T00:00:00.000Z,true,25
ASM-0029687,E-0200,problem_solving,INST-problem_solving,v1,73,100,2025-01-27T00:00:00.000Z,false,68
ASM-0029689,E-0200,customer_resolution,INST-customer_resolution,v1,30,100,2025-01-15T00:00:00.000Z,false,20
ASM-0029691,E-0200,troubleshooting,INST-troubleshooting,v1,20,100,2025-01-23T00:00:00.000Z,true,42
ASM-0029726,E-0200,communication,INST-communication,v1,51,100,2025-09-01T00:00:00.000Z,true,35
ASM-0029728,E-0200,execution,INST-execution,v1,0,100,2025-08-31T00:00:00.000Z,true,33
ASM-0029730,E-0200,collaboration,INST-collaboration,v1,38,100,2025-08-11T00:00:00.000Z,false,66
ASM-0029732,E-0200,problem_solving,INST-problem_solving,v1,72,100,2025-08-08T00:00:00.000Z,true,37
ASM-0029734,E-0200,customer_resolution,INST-customer_resolution,v1,34,100,2025-09-03T00:00:00.000Z,true,88
ASM-0029736,E-0200,troubleshooting,INST-troubleshooting,v1,29,100,2025-09-29T00:00:00.000Z,true,72
ASM-0029765,E-0200,communication,INST-communication,v2,74,100,2026-03-10T00:00:00.000Z,true,35
ASM-0029767,E-0200,execution,INST-execution,v2,28,100,2026-02-25T00:00:00.000Z,true,57
ASM-0029769,E-0200,collaboration,INST-collaboration,v2,46,100,2026-02-05T00:00:00.000Z,false,48
ASM-0029771,E-0200,problem_solving,INST-problem_solving,v2,50,100,2026-02-13T00:00:00.000Z,true,51
ASM-0029773,E-0200,troubleshooting,INST-troubleshooting,v2,40,100,2026-02-02T00:00:00.000Z,false,33
ASM-0029798,E-0200,communication,INST-communication,v2,68,100,2026-08-02T00:00:00.000Z,true,87
ASM-0029800,E-0200,execution,INST-execution,v2,27,100,2026-07-16T00:00:00.000Z,false,38
ASM-0029802,E-0200,collaboration,INST-collaboration,v2,68,100,2026-07-05T00:00:00.000Z,false,69
ASM-0029804,E-0200,customer_resolution,INST-customer_resolution,v2,61,100,2026-08-26T00:00:00.000Z,false,78
ASM-0029806,E-0200,troubleshooting,INST-troubleshooting,v2,26,100,2026-08-14T00:00:00.000Z,true,57
ASM-0029851,E-0201,communication,INST-communication,v1,29,100,2025-01-11T00:00:00.000Z,false,76
ASM-0029853,E-0201,execution,INST-execution,v1,16,100,2025-03-31T00:00:00.000Z,true,89
ASM-0029855,E-0201,collaboration,INST-collaboration,v1,29,100,2025-02-03T00:00:00.000Z,true,27
ASM-0029857,E-0201,problem_solving,INST-problem_solving,v1,27,100,2025-01-30T00:00:00.000Z,true,76
ASM-0029859,E-0201,system_design,INST-system_design,v1,28,100,2025-02-02T00:00:00.000Z,true,83
ASM-0029861,E-0201,code_quality,INST-code_quality,v1,27,100,2025-03-15T00:00:00.000Z,true,86
ASM-0029886,E-0201,execution,INST-execution,v1,28,100,2025-07-11T00:00:00.000Z,false,80
ASM-0029888,E-0201,collaboration,INST-collaboration,v1,31,100,2025-07-19T00:00:00.000Z,true,66
ASM-0029890,E-0201,problem_solving,INST-problem_solving,v1,43,100,2025-09-07T00:00:00.000Z,true,39
ASM-0029892,E-0201,system_design,INST-system_design,v1,28,100,2025-07-22T00:00:00.000Z,true,76
ASM-0029894,E-0201,code_quality,INST-code_quality,v1,31,100,2025-08-12T00:00:00.000Z,true,35
ASM-0029916,E-0201,communication,INST-communication,v2,63,100,2026-03-05T00:00:00.000Z,true,45
ASM-0029918,E-0201,execution,INST-execution,v2,25,100,2026-02-17T00:00:00.000Z,false,50
ASM-0029920,E-0201,collaboration,INST-collaboration,v2,20,100,2026-03-17T00:00:00.000Z,false,46
ASM-0029922,E-0201,problem_solving,INST-problem_solving,v2,52,100,2026-02-03T00:00:00.000Z,false,37
ASM-0029924,E-0201,code_quality,INST-code_quality,v2,32,100,2026-02-02T00:00:00.000Z,false,80
ASM-0029943,E-0201,communication,INST-communication,v2,81,100,2026-08-17T00:00:00.000Z,true,25
ASM-0029945,E-0201,collaboration,INST-collaboration,v2,39,100,2026-09-25T00:00:00.000Z,false,37
ASM-0029947,E-0201,problem_solving,INST-problem_solving,v2,60,100,2026-08-27T00:00:00.000Z,false,62
ASM-0029949,E-0201,code_quality,INST-code_quality,v2,41,100,2026-07-15T00:00:00.000Z,false,77
ASM-0029979,E-0202,execution,INST-execution,v1,35,100,2025-03-22T00:00:00.000Z,true,26
ASM-0029981,E-0202,collaboration,INST-collaboration,v1,27,100,2025-02-03T00:00:00.000Z,true,74
ASM-0029983,E-0202,problem_solving,INST-problem_solving,v1,34,100,2025-03-15T00:00:00.000Z,false,22
ASM-0029985,E-0202,negotiation,INST-negotiation,v1,68,100,2025-03-28T00:00:00.000Z,true,80
ASM-0029987,E-0202,pipeline_mgmt,INST-pipeline_mgmt,v1,30,100,2025-02-11T00:00:00.000Z,false,86
ASM-0030010,E-0202,communication,INST-communication,v1,38,100,2025-08-09T00:00:00.000Z,true,46
ASM-0030012,E-0202,execution,INST-execution,v1,30,100,2025-08-29T00:00:00.000Z,false,62
ASM-0030014,E-0202,problem_solving,INST-problem_solving,v1,25,100,2025-09-24T00:00:00.000Z,false,48
ASM-0030016,E-0202,negotiation,INST-negotiation,v1,40,100,2025-09-23T00:00:00.000Z,true,23
ASM-0030018,E-0202,pipeline_mgmt,INST-pipeline_mgmt,v1,27,100,2025-08-26T00:00:00.000Z,true,45
ASM-0030047,E-0202,communication,INST-communication,v2,28,100,2026-01-30T00:00:00.000Z,true,52
ASM-0030049,E-0202,execution,INST-execution,v2,40,100,2026-03-31T00:00:00.000Z,true,58
ASM-0030051,E-0202,collaboration,INST-collaboration,v2,24,100,2026-03-01T00:00:00.000Z,true,62
ASM-0030053,E-0202,problem_solving,INST-problem_solving,v2,19,100,2026-02-13T00:00:00.000Z,true,25
ASM-0030055,E-0202,negotiation,INST-negotiation,v2,23,100,2026-03-13T00:00:00.000Z,false,48
ASM-0030057,E-0202,pipeline_mgmt,INST-pipeline_mgmt,v2,27,100,2026-03-13T00:00:00.000Z,false,58
ASM-0030085,E-0202,communication,INST-communication,v2,33,100,2026-09-26T00:00:00.000Z,false,78
ASM-0030087,E-0202,collaboration,INST-collaboration,v2,26,100,2026-07-21T00:00:00.000Z,true,35
ASM-0030089,E-0202,problem_solving,INST-problem_solving,v2,22,100,2026-08-01T00:00:00.000Z,false,51
ASM-0030091,E-0202,negotiation,INST-negotiation,v2,12,100,2026-07-22T00:00:00.000Z,true,47
ASM-0030093,E-0202,pipeline_mgmt,INST-pipeline_mgmt,v2,38,100,2026-09-04T00:00:00.000Z,true,67
ASM-0030127,E-0203,communication,INST-communication,v1,27,100,2025-02-06T00:00:00.000Z,false,78
ASM-0030129,E-0203,execution,INST-execution,v1,38,100,2025-01-21T00:00:00.000Z,true,84
ASM-0030131,E-0203,collaboration,INST-collaboration,v1,79,100,2025-03-29T00:00:00.000Z,false,32
ASM-0030133,E-0203,problem_solving,INST-problem_solving,v1,35,100,2025-02-22T00:00:00.000Z,false,61
ASM-0030135,E-0203,campaign_strategy,INST-campaign_strategy,v1,75,100,2025-01-25T00:00:00.000Z,true,44
ASM-0030137,E-0203,content_quality,INST-content_quality,v1,35,100,2025-03-28T00:00:00.000Z,true,20
ASM-0030166,E-0203,communication,INST-communication,v1,58,100,2025-09-03T00:00:00.000Z,true,71
ASM-0030168,E-0203,execution,INST-execution,v1,46,100,2025-08-23T00:00:00.000Z,true,53
ASM-0030170,E-0203,collaboration,INST-collaboration,v1,82,100,2025-09-07T00:00:00.000Z,true,74
ASM-0030172,E-0203,problem_solving,INST-problem_solving,v1,50,100,2025-08-03T00:00:00.000Z,true,42
ASM-0030174,E-0203,campaign_strategy,INST-campaign_strategy,v1,68,100,2025-07-19T00:00:00.000Z,true,54
ASM-0030176,E-0203,content_quality,INST-content_quality,v1,48,100,2025-09-19T00:00:00.000Z,false,63
ASM-0030200,E-0203,execution,INST-execution,v2,70,100,2026-01-20T00:00:00.000Z,true,86
ASM-0030202,E-0203,problem_solving,INST-problem_solving,v2,56,100,2026-02-27T00:00:00.000Z,true,50
ASM-0030204,E-0203,campaign_strategy,INST-campaign_strategy,v2,55,100,2026-01-14T00:00:00.000Z,false,21
ASM-0030218,E-0203,execution,INST-execution,v2,54,100,2026-09-29T00:00:00.000Z,false,34
ASM-0030220,E-0203,collaboration,INST-collaboration,v2,71,100,2026-08-29T00:00:00.000Z,false,34
ASM-0030222,E-0203,content_quality,INST-content_quality,v2,70,100,2026-07-14T00:00:00.000Z,true,83
ASM-0030271,E-0204,collaboration,INST-collaboration,v1,27,100,2025-03-11T00:00:00.000Z,true,77
ASM-0030273,E-0204,problem_solving,INST-problem_solving,v1,83,100,2025-01-19T00:00:00.000Z,true,74
ASM-0030275,E-0204,roadmap_prioritization,INST-roadmap_prioritization,v1,40,100,2025-02-16T00:00:00.000Z,true,31
ASM-0030300,E-0204,communication,INST-communication,v1,17,100,2025-08-10T00:00:00.000Z,false,46
ASM-0030302,E-0204,execution,INST-execution,v1,43,100,2025-07-17T00:00:00.000Z,true,36
ASM-0030304,E-0204,collaboration,INST-collaboration,v1,28,100,2025-09-03T00:00:00.000Z,true,84
ASM-0030306,E-0204,problem_solving,INST-problem_solving,v1,54,100,2025-09-08T00:00:00.000Z,true,30
ASM-0030308,E-0204,roadmap_prioritization,INST-roadmap_prioritization,v1,61,100,2025-09-06T00:00:00.000Z,false,74
ASM-0030310,E-0204,stakeholder_alignment,INST-stakeholder_alignment,v1,31,100,2025-09-04T00:00:00.000Z,false,72
ASM-0030339,E-0204,communication,INST-communication,v2,43,100,2026-03-18T00:00:00.000Z,true,81
ASM-0030341,E-0204,execution,INST-execution,v2,31,100,2026-03-04T00:00:00.000Z,true,23
ASM-0030343,E-0204,collaboration,INST-collaboration,v2,46,100,2026-01-16T00:00:00.000Z,true,57
ASM-0030345,E-0204,problem_solving,INST-problem_solving,v2,33,100,2026-02-19T00:00:00.000Z,true,50
ASM-0030347,E-0204,roadmap_prioritization,INST-roadmap_prioritization,v2,58,100,2026-01-13T00:00:00.000Z,true,41
ASM-0030349,E-0204,stakeholder_alignment,INST-stakeholder_alignment,v2,23,100,2026-03-25T00:00:00.000Z,true,25
ASM-0030376,E-0204,communication,INST-communication,v2,28,100,2026-08-06T00:00:00.000Z,true,50
ASM-0030378,E-0204,execution,INST-execution,v2,28,100,2026-07-22T00:00:00.000Z,true,71
ASM-0030380,E-0204,collaboration,INST-collaboration,v2,68,100,2026-08-18T00:00:00.000Z,true,23
ASM-0030382,E-0204,problem_solving,INST-problem_solving,v2,12,100,2026-09-15T00:00:00.000Z,false,88
ASM-0030384,E-0204,roadmap_prioritization,INST-roadmap_prioritization,v2,60,100,2026-08-23T00:00:00.000Z,true,31
ASM-0030386,E-0204,stakeholder_alignment,INST-stakeholder_alignment,v2,33,100,2026-09-29T00:00:00.000Z,true,57
ASM-0030434,E-0205,communication,INST-communication,v1,44,100,2025-01-07T00:00:00.000Z,true,87
ASM-0030436,E-0205,execution,INST-execution,v1,65,100,2025-02-12T00:00:00.000Z,true,86
ASM-0030438,E-0205,collaboration,INST-collaboration,v1,33,100,2025-02-12T00:00:00.000Z,true,68
ASM-0030440,E-0205,problem_solving,INST-problem_solving,v1,74,100,2025-01-07T00:00:00.000Z,true,20
ASM-0030442,E-0205,visual_craft,INST-visual_craft,v1,18,100,2025-01-16T00:00:00.000Z,true,42
ASM-0030470,E-0205,communication,INST-communication,v1,51,100,2025-07-01T00:00:00.000Z,true,78
ASM-0030472,E-0205,execution,INST-execution,v1,52,100,2025-07-24T00:00:00.000Z,true,54
ASM-0030474,E-0205,collaboration,INST-collaboration,v1,43,100,2025-08-03T00:00:00.000Z,true,87
ASM-0030476,E-0205,problem_solving,INST-problem_solving,v1,57,100,2025-08-03T00:00:00.000Z,true,47
ASM-0030478,E-0205,visual_craft,INST-visual_craft,v1,24,100,2025-09-08T00:00:00.000Z,true,74
ASM-0030502,E-0205,communication,INST-communication,v2,69,100,2026-03-31T00:00:00.000Z,false,36
ASM-0030504,E-0205,problem_solving,INST-problem_solving,v2,54,100,2026-01-25T00:00:00.000Z,true,26
ASM-0030534,E-0205,communication,INST-communication,v2,81,100,2026-07-27T00:00:00.000Z,false,77
ASM-0030536,E-0205,execution,INST-execution,v2,22,100,2026-09-10T00:00:00.000Z,false,42
ASM-0030538,E-0205,collaboration,INST-collaboration,v2,86,100,2026-08-11T00:00:00.000Z,false,34
ASM-0030540,E-0205,problem_solving,INST-problem_solving,v2,35,100,2026-07-14T00:00:00.000Z,false,86
ASM-0030542,E-0205,visual_craft,INST-visual_craft,v2,30,100,2026-07-18T00:00:00.000Z,true,54
ASM-0030577,E-0206,communication,INST-communication,v1,27,100,2025-02-01T00:00:00.000Z,true,24
ASM-0030579,E-0206,execution,INST-execution,v1,47,100,2025-01-04T00:00:00.000Z,false,24
ASM-0030581,E-0206,collaboration,INST-collaboration,v1,24,100,2025-01-16T00:00:00.000Z,true,80
ASM-0030583,E-0206,problem_solving,INST-problem_solving,v1,27,100,2025-02-12T00:00:00.000Z,false,61
ASM-0030585,E-0206,financial_modeling,INST-financial_modeling,v1,11,100,2025-02-23T00:00:00.000Z,true,39
ASM-0030587,E-0206,compliance_rigor,INST-compliance_rigor,v1,33,100,2025-01-15T00:00:00.000Z,true,67
ASM-0030621,E-0206,communication,INST-communication,v1,56,100,2025-08-19T00:00:00.000Z,false,83
ASM-0030623,E-0206,execution,INST-execution,v1,59,100,2025-08-11T00:00:00.000Z,true,79
ASM-0030625,E-0206,collaboration,INST-collaboration,v1,31,100,2025-07-22T00:00:00.000Z,false,69
ASM-0030627,E-0206,problem_solving,INST-problem_solving,v1,45,100,2025-07-27T00:00:00.000Z,true,53
ASM-0030629,E-0206,financial_modeling,INST-financial_modeling,v1,16,100,2025-08-31T00:00:00.000Z,true,42
ASM-0030653,E-0206,communication,INST-communication,v2,65,100,2026-02-11T00:00:00.000Z,true,44
ASM-0030655,E-0206,execution,INST-execution,v2,70,100,2026-01-28T00:00:00.000Z,false,80
ASM-0030657,E-0206,collaboration,INST-collaboration,v2,27,100,2026-02-06T00:00:00.000Z,true,71
ASM-0030659,E-0206,problem_solving,INST-problem_solving,v2,30,100,2026-01-29T00:00:00.000Z,true,53
ASM-0030661,E-0206,financial_modeling,INST-financial_modeling,v2,27,100,2026-02-05T00:00:00.000Z,true,22
ASM-0030663,E-0206,compliance_rigor,INST-compliance_rigor,v2,61,100,2026-03-03T00:00:00.000Z,true,35
ASM-0030682,E-0206,communication,INST-communication,v2,87,100,2026-08-07T00:00:00.000Z,true,82
ASM-0030684,E-0206,execution,INST-execution,v2,80,100,2026-07-13T00:00:00.000Z,false,50
ASM-0030686,E-0206,collaboration,INST-collaboration,v2,67,100,2026-09-17T00:00:00.000Z,true,60
ASM-0030688,E-0206,problem_solving,INST-problem_solving,v2,23,100,2026-08-09T00:00:00.000Z,true,24
ASM-0030690,E-0206,financial_modeling,INST-financial_modeling,v2,20,100,2026-07-19T00:00:00.000Z,true,37
ASM-0030692,E-0206,compliance_rigor,INST-compliance_rigor,v2,88,100,2026-08-06T00:00:00.000Z,true,27
ASM-0030735,E-0207,communication,INST-communication,v1,44,100,2025-01-24T00:00:00.000Z,false,37
ASM-0030737,E-0207,execution,INST-execution,v1,23,100,2025-02-26T00:00:00.000Z,true,52
ASM-0030739,E-0207,problem_solving,INST-problem_solving,v1,16,100,2025-03-04T00:00:00.000Z,false,62
ASM-0030741,E-0207,talent_assessment,INST-talent_assessment,v1,30,100,2025-03-14T00:00:00.000Z,true,52
ASM-0030743,E-0207,policy_navigation,INST-policy_navigation,v1,25,100,2025-01-04T00:00:00.000Z,true,68
ASM-0030777,E-0207,communication,INST-communication,v1,34,100,2025-08-20T00:00:00.000Z,true,60
ASM-0030779,E-0207,execution,INST-execution,v1,19,100,2025-08-30T00:00:00.000Z,true,40
ASM-0030781,E-0207,collaboration,INST-collaboration,v1,43,100,2025-09-07T00:00:00.000Z,true,61
ASM-0030783,E-0207,problem_solving,INST-problem_solving,v1,31,100,2025-09-11T00:00:00.000Z,false,42
ASM-0030785,E-0207,talent_assessment,INST-talent_assessment,v1,44,100,2025-09-20T00:00:00.000Z,false,74
ASM-0030787,E-0207,policy_navigation,INST-policy_navigation,v1,42,100,2025-07-17T00:00:00.000Z,false,80
ASM-0030818,E-0207,communication,INST-communication,v2,29,100,2026-02-08T00:00:00.000Z,true,37
ASM-0030820,E-0207,execution,INST-execution,v2,33,100,2026-02-08T00:00:00.000Z,false,27
ASM-0030822,E-0207,collaboration,INST-collaboration,v2,53,100,2026-02-15T00:00:00.000Z,true,39
ASM-0030824,E-0207,talent_assessment,INST-talent_assessment,v2,64,100,2026-01-10T00:00:00.000Z,true,65
ASM-0030826,E-0207,policy_navigation,INST-policy_navigation,v2,37,100,2026-01-06T00:00:00.000Z,true,25
ASM-0030860,E-0207,communication,INST-communication,v2,35,100,2026-09-25T00:00:00.000Z,true,41
ASM-0030862,E-0207,execution,INST-execution,v2,29,100,2026-07-27T00:00:00.000Z,true,83
ASM-0030864,E-0207,collaboration,INST-collaboration,v2,67,100,2026-09-21T00:00:00.000Z,true,77
ASM-0030866,E-0207,problem_solving,INST-problem_solving,v2,11,100,2026-07-03T00:00:00.000Z,true,77
ASM-0030868,E-0207,talent_assessment,INST-talent_assessment,v2,80,100,2026-08-12T00:00:00.000Z,true,75
ASM-0030870,E-0207,policy_navigation,INST-policy_navigation,v2,21,100,2026-08-28T00:00:00.000Z,true,60
ASM-0030906,E-0208,communication,INST-communication,v1,25,100,2025-03-05T00:00:00.000Z,true,81
ASM-0030908,E-0208,execution,INST-execution,v1,62,100,2025-01-11T00:00:00.000Z,true,67
ASM-0030910,E-0208,collaboration,INST-collaboration,v1,52,100,2025-02-15T00:00:00.000Z,true,76
ASM-0030912,E-0208,problem_solving,INST-problem_solving,v1,34,100,2025-01-14T00:00:00.000Z,true,75
ASM-0030914,E-0208,customer_resolution,INST-customer_resolution,v1,33,100,2025-01-06T00:00:00.000Z,true,63
ASM-0030916,E-0208,troubleshooting,INST-troubleshooting,v1,22,100,2025-02-17T00:00:00.000Z,true,42
ASM-0030953,E-0208,communication,INST-communication,v1,39,100,2025-09-16T00:00:00.000Z,true,70
ASM-0030955,E-0208,execution,INST-execution,v1,60,100,2025-08-29T00:00:00.000Z,false,51
ASM-0030957,E-0208,collaboration,INST-collaboration,v1,57,100,2025-07-08T00:00:00.000Z,true,87
ASM-0030959,E-0208,problem_solving,INST-problem_solving,v1,32,100,2025-09-15T00:00:00.000Z,false,84
ASM-0030961,E-0208,customer_resolution,INST-customer_resolution,v1,32,100,2025-08-19T00:00:00.000Z,true,54
ASM-0030963,E-0208,troubleshooting,INST-troubleshooting,v1,16,100,2025-08-17T00:00:00.000Z,true,79
ASM-0030978,E-0208,communication,INST-communication,v2,63,100,2026-03-12T00:00:00.000Z,true,29
ASM-0030980,E-0208,execution,INST-execution,v2,50,100,2026-01-17T00:00:00.000Z,false,42
ASM-0030982,E-0208,collaboration,INST-collaboration,v2,39,100,2026-02-01T00:00:00.000Z,true,42
ASM-0030984,E-0208,problem_solving,INST-problem_solving,v2,43,100,2026-01-23T00:00:00.000Z,true,52
ASM-0030986,E-0208,customer_resolution,INST-customer_resolution,v2,38,100,2026-03-04T00:00:00.000Z,false,84
ASM-0030988,E-0208,troubleshooting,INST-troubleshooting,v2,49,100,2026-02-27T00:00:00.000Z,false,26
ASM-0031013,E-0208,communication,INST-communication,v2,75,100,2026-08-21T00:00:00.000Z,true,52
ASM-0031015,E-0208,collaboration,INST-collaboration,v2,55,100,2026-08-11T00:00:00.000Z,false,88
ASM-0031017,E-0208,problem_solving,INST-problem_solving,v2,33,100,2026-09-16T00:00:00.000Z,true,24
ASM-0031019,E-0208,customer_resolution,INST-customer_resolution,v2,29,100,2026-09-04T00:00:00.000Z,true,73
ASM-0031021,E-0208,troubleshooting,INST-troubleshooting,v2,83,100,2026-08-29T00:00:00.000Z,false,59
ASM-0031070,E-0209,communication,INST-communication,v1,37,100,2025-02-05T00:00:00.000Z,true,76
ASM-0031072,E-0209,execution,INST-execution,v1,30,100,2025-03-17T00:00:00.000Z,true,36
ASM-0031074,E-0209,collaboration,INST-collaboration,v1,15,100,2025-01-14T00:00:00.000Z,true,56
ASM-0031076,E-0209,problem_solving,INST-problem_solving,v1,16,100,2025-02-27T00:00:00.000Z,true,71
ASM-0031078,E-0209,system_design,INST-system_design,v1,27,100,2025-03-14T00:00:00.000Z,false,52
ASM-0031080,E-0209,code_quality,INST-code_quality,v1,31,100,2025-01-05T00:00:00.000Z,true,75
ASM-0031112,E-0209,execution,INST-execution,v1,64,100,2025-09-04T00:00:00.000Z,true,48
ASM-0031114,E-0209,collaboration,INST-collaboration,v1,32,100,2025-09-19T00:00:00.000Z,true,35
ASM-0031116,E-0209,problem_solving,INST-problem_solving,v1,0,100,2025-08-01T00:00:00.000Z,true,64
ASM-0031118,E-0209,system_design,INST-system_design,v1,50,100,2025-08-06T00:00:00.000Z,true,86
ASM-0031120,E-0209,code_quality,INST-code_quality,v1,35,100,2025-07-19T00:00:00.000Z,false,24
ASM-0031143,E-0209,communication,INST-communication,v2,65,100,2026-01-05T00:00:00.000Z,false,59
ASM-0031145,E-0209,execution,INST-execution,v2,61,100,2026-02-18T00:00:00.000Z,true,36
ASM-0031147,E-0209,collaboration,INST-collaboration,v2,31,100,2026-03-04T00:00:00.000Z,false,55
ASM-0031149,E-0209,problem_solving,INST-problem_solving,v2,42,100,2026-01-03T00:00:00.000Z,true,83
ASM-0031151,E-0209,system_design,INST-system_design,v2,59,100,2026-03-12T00:00:00.000Z,true,67
ASM-0031153,E-0209,code_quality,INST-code_quality,v2,36,100,2026-03-27T00:00:00.000Z,true,52
ASM-0031175,E-0209,communication,INST-communication,v2,75,100,2026-08-17T00:00:00.000Z,false,70
ASM-0031177,E-0209,execution,INST-execution,v2,73,100,2026-09-13T00:00:00.000Z,true,42
ASM-0031179,E-0209,problem_solving,INST-problem_solving,v2,42,100,2026-09-11T00:00:00.000Z,false,39
ASM-0031181,E-0209,system_design,INST-system_design,v2,69,100,2026-08-11T00:00:00.000Z,false,38
ASM-0031183,E-0209,code_quality,INST-code_quality,v2,82,100,2026-08-26T00:00:00.000Z,true,28
ASM-0031228,E-0210,communication,INST-communication,v1,51,100,2025-03-13T00:00:00.000Z,true,30
ASM-0031230,E-0210,execution,INST-execution,v1,22,100,2025-01-10T00:00:00.000Z,true,21
ASM-0031232,E-0210,collaboration,INST-collaboration,v1,41,100,2025-02-11T00:00:00.000Z,false,61
ASM-0031234,E-0210,problem_solving,INST-problem_solving,v1,35,100,2025-03-04T00:00:00.000Z,true,60
ASM-0031236,E-0210,negotiation,INST-negotiation,v1,33,100,2025-03-30T00:00:00.000Z,true,54
ASM-0031238,E-0210,pipeline_mgmt,INST-pipeline_mgmt,v1,64,100,2025-01-07T00:00:00.000Z,true,82
ASM-0031265,E-0210,communication,INST-communication,v1,56,100,2025-07-29T00:00:00.000Z,false,34
ASM-0031267,E-0210,execution,INST-execution,v1,53,100,2025-09-13T00:00:00.000Z,true,59
ASM-0031269,E-0210,collaboration,INST-collaboration,v1,28,100,2025-07-26T00:00:00.000Z,true,46
ASM-0031271,E-0210,problem_solving,INST-problem_solving,v1,35,100,2025-09-03T00:00:00.000Z,true,50
ASM-0031273,E-0210,negotiation,INST-negotiation,v1,31,100,2025-09-20T00:00:00.000Z,true,38
ASM-0031275,E-0210,pipeline_mgmt,INST-pipeline_mgmt,v1,53,100,2025-07-08T00:00:00.000Z,false,59
ASM-0031299,E-0210,execution,INST-execution,v2,64,100,2026-01-07T00:00:00.000Z,true,72
ASM-0031301,E-0210,collaboration,INST-collaboration,v2,46,100,2026-01-31T00:00:00.000Z,false,80
ASM-0031303,E-0210,problem_solving,INST-problem_solving,v2,58,100,2026-01-20T00:00:00.000Z,false,38
ASM-0031305,E-0210,negotiation,INST-negotiation,v2,43,100,2026-03-24T00:00:00.000Z,true,28
ASM-0031307,E-0210,pipeline_mgmt,INST-pipeline_mgmt,v2,47,100,2026-01-31T00:00:00.000Z,false,87
ASM-0031342,E-0210,communication,INST-communication,v2,91,100,2026-08-10T00:00:00.000Z,true,32
ASM-0031344,E-0210,collaboration,INST-collaboration,v2,49,100,2026-09-16T00:00:00.000Z,true,87
ASM-0031346,E-0210,negotiation,INST-negotiation,v2,55,100,2026-09-21T00:00:00.000Z,false,56
ASM-0031348,E-0210,pipeline_mgmt,INST-pipeline_mgmt,v2,38,100,2026-07-14T00:00:00.000Z,true,22
ASM-0031380,E-0211,communication,INST-communication,v1,26,100,2025-03-24T00:00:00.000Z,true,79
ASM-0031382,E-0211,execution,INST-execution,v1,34,100,2025-02-09T00:00:00.000Z,true,38
ASM-0031384,E-0211,collaboration,INST-collaboration,v1,17,100,2025-01-05T00:00:00.000Z,true,59
ASM-0031386,E-0211,problem_solving,INST-problem_solving,v1,39,100,2025-03-16T00:00:00.000Z,true,28
ASM-0031388,E-0211,campaign_strategy,INST-campaign_strategy,v1,53,100,2025-02-22T00:00:00.000Z,true,80
ASM-0031409,E-0211,communication,INST-communication,v1,40,100,2025-07-22T00:00:00.000Z,true,75
ASM-0031411,E-0211,execution,INST-execution,v1,25,100,2025-08-15T00:00:00.000Z,true,55
ASM-0031413,E-0211,collaboration,INST-collaboration,v1,36,100,2025-08-08T00:00:00.000Z,false,53
ASM-0031415,E-0211,problem_solving,INST-problem_solving,v1,35,100,2025-08-11T00:00:00.000Z,true,21
ASM-0031417,E-0211,campaign_strategy,INST-campaign_strategy,v1,58,100,2025-09-16T00:00:00.000Z,false,39
ASM-0031441,E-0211,communication,INST-communication,v2,48,100,2026-03-01T00:00:00.000Z,true,58
ASM-0031443,E-0211,execution,INST-execution,v2,33,100,2026-01-06T00:00:00.000Z,false,72
ASM-0031445,E-0211,collaboration,INST-collaboration,v2,17,100,2026-01-31T00:00:00.000Z,true,68
ASM-0031447,E-0211,problem_solving,INST-problem_solving,v2,38,100,2026-01-05T00:00:00.000Z,true,76
ASM-0031449,E-0211,campaign_strategy,INST-campaign_strategy,v2,48,100,2026-01-13T00:00:00.000Z,true,22
ASM-0031451,E-0211,content_quality,INST-content_quality,v2,67,100,2026-03-05T00:00:00.000Z,true,77
ASM-0031466,E-0211,communication,INST-communication,v2,86,100,2026-08-17T00:00:00.000Z,true,23
ASM-0031468,E-0211,execution,INST-execution,v2,30,100,2026-07-17T00:00:00.000Z,true,48
ASM-0031470,E-0211,collaboration,INST-collaboration,v2,21,100,2026-09-24T00:00:00.000Z,true,22
ASM-0031472,E-0211,problem_solving,INST-problem_solving,v2,39,100,2026-07-29T00:00:00.000Z,true,54
ASM-0031474,E-0211,campaign_strategy,INST-campaign_strategy,v2,35,100,2026-07-08T00:00:00.000Z,false,87
ASM-0031476,E-0211,content_quality,INST-content_quality,v2,74,100,2026-09-10T00:00:00.000Z,true,77
ASM-0031511,E-0212,execution,INST-execution,v1,22,100,2025-03-17T00:00:00.000Z,true,22
ASM-0031513,E-0212,collaboration,INST-collaboration,v1,73,100,2025-01-17T00:00:00.000Z,true,80
ASM-0031515,E-0212,problem_solving,INST-problem_solving,v1,25,100,2025-01-28T00:00:00.000Z,true,48
ASM-0031517,E-0212,roadmap_prioritization,INST-roadmap_prioritization,v1,21,100,2025-01-30T00:00:00.000Z,true,24
ASM-0031519,E-0212,stakeholder_alignment,INST-stakeholder_alignment,v1,70,100,2025-02-26T00:00:00.000Z,true,65
ASM-0031542,E-0212,communication,INST-communication,v1,34,100,2025-08-25T00:00:00.000Z,true,62
ASM-0031544,E-0212,execution,INST-execution,v1,45,100,2025-08-03T00:00:00.000Z,true,34
ASM-0031546,E-0212,problem_solving,INST-problem_solving,v1,51,100,2025-08-10T00:00:00.000Z,true,64
ASM-0031548,E-0212,roadmap_prioritization,INST-roadmap_prioritization,v1,41,100,2025-08-05T00:00:00.000Z,false,22
ASM-0031550,E-0212,stakeholder_alignment,INST-stakeholder_alignment,v1,61,100,2025-09-25T00:00:00.000Z,true,50
ASM-0031576,E-0212,execution,INST-execution,v2,65,100,2026-01-24T00:00:00.000Z,true,81
ASM-0031578,E-0212,collaboration,INST-collaboration,v2,48,100,2026-01-21T00:00:00.000Z,true,34
ASM-0031580,E-0212,roadmap_prioritization,INST-roadmap_prioritization,v2,63,100,2026-03-26T00:00:00.000Z,true,75
ASM-0031582,E-0212,stakeholder_alignment,INST-stakeholder_alignment,v2,70,100,2026-01-18T00:00:00.000Z,true,58
ASM-0031611,E-0212,communication,INST-communication,v2,66,100,2026-09-13T00:00:00.000Z,false,58
ASM-0031613,E-0212,execution,INST-execution,v2,79,100,2026-08-14T00:00:00.000Z,true,43
ASM-0031615,E-0212,collaboration,INST-collaboration,v2,27,100,2026-07-28T00:00:00.000Z,true,46
ASM-0031617,E-0212,problem_solving,INST-problem_solving,v2,76,100,2026-08-19T00:00:00.000Z,true,88
ASM-0031619,E-0212,roadmap_prioritization,INST-roadmap_prioritization,v2,78,100,2026-08-12T00:00:00.000Z,true,35
ASM-0031621,E-0212,stakeholder_alignment,INST-stakeholder_alignment,v2,52,100,2026-09-24T00:00:00.000Z,true,51
ASM-0031649,E-0213,communication,INST-communication,v1,36,100,2025-03-20T00:00:00.000Z,true,88
ASM-0031651,E-0213,execution,INST-execution,v1,11,100,2025-03-09T00:00:00.000Z,true,23
ASM-0031653,E-0213,collaboration,INST-collaboration,v1,24,100,2025-01-19T00:00:00.000Z,true,89
ASM-0031655,E-0213,problem_solving,INST-problem_solving,v1,91,100,2025-01-25T00:00:00.000Z,true,48
ASM-0031657,E-0213,visual_craft,INST-visual_craft,v1,74,100,2025-03-20T00:00:00.000Z,true,44
ASM-0031678,E-0213,communication,INST-communication,v1,52,100,2025-07-23T00:00:00.000Z,true,56
ASM-0031680,E-0213,execution,INST-execution,v1,29,100,2025-07-25T00:00:00.000Z,true,50
ASM-0031682,E-0213,collaboration,INST-collaboration,v1,22,100,2025-07-25T00:00:00.000Z,true,63
ASM-0031684,E-0213,visual_craft,INST-visual_craft,v1,67,100,2025-09-26T00:00:00.000Z,true,54
ASM-0031686,E-0213,ux_research,INST-ux_research,v1,63,100,2025-09-08T00:00:00.000Z,false,81
ASM-0031714,E-0213,communication,INST-communication,v2,70,100,2026-01-08T00:00:00.000Z,true,42
ASM-0031716,E-0213,execution,INST-execution,v2,39,100,2026-03-12T00:00:00.000Z,true,33
ASM-0031718,E-0213,collaboration,INST-collaboration,v2,62,100,2026-03-29T00:00:00.000Z,false,77
ASM-0031720,E-0213,problem_solving,INST-problem_solving,v2,43,100,2026-02-28T00:00:00.000Z,true,64
ASM-0031735,E-0213,communication,INST-communication,v2,82,100,2026-07-12T00:00:00.000Z,false,80
ASM-0031737,E-0213,collaboration,INST-collaboration,v2,65,100,2026-07-03T00:00:00.000Z,true,40
ASM-0031739,E-0213,problem_solving,INST-problem_solving,v2,31,100,2026-09-25T00:00:00.000Z,false,35
ASM-0031741,E-0213,ux_research,INST-ux_research,v2,47,100,2026-08-08T00:00:00.000Z,false,46
ASM-0031765,E-0214,communication,INST-communication,v1,39,100,2025-02-14T00:00:00.000Z,true,77
ASM-0031767,E-0214,execution,INST-execution,v1,91,100,2025-01-31T00:00:00.000Z,true,71
ASM-0031769,E-0214,collaboration,INST-collaboration,v1,30,100,2025-03-31T00:00:00.000Z,false,57
ASM-0031771,E-0214,problem_solving,INST-problem_solving,v1,43,100,2025-02-01T00:00:00.000Z,true,82
ASM-0031773,E-0214,financial_modeling,INST-financial_modeling,v1,20,100,2025-02-06T00:00:00.000Z,false,76
ASM-0031775,E-0214,compliance_rigor,INST-compliance_rigor,v1,38,100,2025-03-19T00:00:00.000Z,true,23
ASM-0031793,E-0214,communication,INST-communication,v1,33,100,2025-08-21T00:00:00.000Z,true,24
ASM-0031795,E-0214,execution,INST-execution,v1,71,100,2025-09-15T00:00:00.000Z,true,77
ASM-0031797,E-0214,collaboration,INST-collaboration,v1,30,100,2025-09-14T00:00:00.000Z,true,21
ASM-0031799,E-0214,problem_solving,INST-problem_solving,v1,65,100,2025-08-10T00:00:00.000Z,false,43
ASM-0031801,E-0214,financial_modeling,INST-financial_modeling,v1,50,100,2025-09-29T00:00:00.000Z,false,74
ASM-0031803,E-0214,compliance_rigor,INST-compliance_rigor,v1,34,100,2025-08-18T00:00:00.000Z,true,79
ASM-0031825,E-0214,communication,INST-communication,v2,42,100,2026-02-01T00:00:00.000Z,false,73
ASM-0031827,E-0214,execution,INST-execution,v2,59,100,2026-03-28T00:00:00.000Z,true,58
ASM-0031829,E-0214,collaboration,INST-collaboration,v2,49,100,2026-01-16T00:00:00.000Z,true,67
ASM-0031831,E-0214,problem_solving,INST-problem_solving,v2,80,100,2026-03-27T00:00:00.000Z,true,49
ASM-0031833,E-0214,financial_modeling,INST-financial_modeling,v2,75,100,2026-01-17T00:00:00.000Z,true,62
ASM-0031835,E-0214,compliance_rigor,INST-compliance_rigor,v2,44,100,2026-02-26T00:00:00.000Z,true,85
ASM-0031854,E-0214,communication,INST-communication,v2,58,100,2026-07-30T00:00:00.000Z,true,77
ASM-0031856,E-0214,problem_solving,INST-problem_solving,v2,76,100,2026-07-25T00:00:00.000Z,true,76
ASM-0031858,E-0214,financial_modeling,INST-financial_modeling,v2,93,100,2026-07-22T00:00:00.000Z,true,44
ASM-0031860,E-0214,compliance_rigor,INST-compliance_rigor,v2,44,100,2026-08-20T00:00:00.000Z,true,34
ASM-0031911,E-0215,execution,INST-execution,v1,82,100,2025-01-17T00:00:00.000Z,true,86
ASM-0031913,E-0215,talent_assessment,INST-talent_assessment,v1,26,100,2025-01-15T00:00:00.000Z,true,39
ASM-0031915,E-0215,policy_navigation,INST-policy_navigation,v1,35,100,2025-03-18T00:00:00.000Z,false,73
ASM-0031937,E-0215,communication,INST-communication,v1,49,100,2025-08-15T00:00:00.000Z,false,43
ASM-0031939,E-0215,execution,INST-execution,v1,42,100,2025-08-02T00:00:00.000Z,true,71
ASM-0031941,E-0215,problem_solving,INST-problem_solving,v1,48,100,2025-09-23T00:00:00.000Z,true,49
ASM-0031943,E-0215,talent_assessment,INST-talent_assessment,v1,50,100,2025-08-30T00:00:00.000Z,false,36
ASM-0031945,E-0215,policy_navigation,INST-policy_navigation,v1,36,100,2025-08-29T00:00:00.000Z,true,53
ASM-0031973,E-0215,communication,INST-communication,v2,35,100,2026-02-11T00:00:00.000Z,false,25
ASM-0031999,E-0215,execution,INST-execution,v2,46,100,2026-07-13T00:00:00.000Z,true,71
ASM-0032001,E-0215,talent_assessment,INST-talent_assessment,v2,54,100,2026-09-25T00:00:00.000Z,true,42
ASM-0032042,E-0216,communication,INST-communication,v1,25,100,2025-02-08T00:00:00.000Z,true,33
ASM-0032044,E-0216,collaboration,INST-collaboration,v1,41,100,2025-03-07T00:00:00.000Z,false,20
ASM-0032046,E-0216,problem_solving,INST-problem_solving,v1,22,100,2025-03-14T00:00:00.000Z,true,45
ASM-0032048,E-0216,customer_resolution,INST-customer_resolution,v1,28,100,2025-02-15T00:00:00.000Z,true,44
ASM-0032084,E-0216,communication,INST-communication,v1,4,100,2025-08-18T00:00:00.000Z,false,72
ASM-0032086,E-0216,execution,INST-execution,v1,32,100,2025-09-30T00:00:00.000Z,true,33
ASM-0032088,E-0216,collaboration,INST-collaboration,v1,44,100,2025-09-16T00:00:00.000Z,true,45
ASM-0032090,E-0216,customer_resolution,INST-customer_resolution,v1,18,100,2025-09-11T00:00:00.000Z,false,58
ASM-0032092,E-0216,troubleshooting,INST-troubleshooting,v1,59,100,2025-09-14T00:00:00.000Z,true,59
ASM-0032122,E-0216,execution,INST-execution,v2,52,100,2026-03-20T00:00:00.000Z,true,45
ASM-0032124,E-0216,collaboration,INST-collaboration,v2,42,100,2026-02-09T00:00:00.000Z,false,50
ASM-0032126,E-0216,problem_solving,INST-problem_solving,v2,35,100,2026-02-27T00:00:00.000Z,true,64
ASM-0032128,E-0216,customer_resolution,INST-customer_resolution,v2,19,100,2026-01-17T00:00:00.000Z,true,80
ASM-0032130,E-0216,troubleshooting,INST-troubleshooting,v2,66,100,2026-02-15T00:00:00.000Z,true,64
ASM-0032164,E-0216,communication,INST-communication,v2,55,100,2026-07-24T00:00:00.000Z,false,52
ASM-0032166,E-0216,execution,INST-execution,v2,57,100,2026-07-06T00:00:00.000Z,true,86
ASM-0032168,E-0216,collaboration,INST-collaboration,v2,43,100,2026-07-19T00:00:00.000Z,true,47
ASM-0032170,E-0216,problem_solving,INST-problem_solving,v2,31,100,2026-08-06T00:00:00.000Z,true,30
ASM-0032172,E-0216,customer_resolution,INST-customer_resolution,v2,27,100,2026-09-19T00:00:00.000Z,true,46
ASM-0032174,E-0216,troubleshooting,INST-troubleshooting,v2,44,100,2026-08-12T00:00:00.000Z,true,63
ASM-0032213,E-0217,communication,INST-communication,v1,49,100,2025-01-20T00:00:00.000Z,true,71
ASM-0032215,E-0217,execution,INST-execution,v1,0,100,2025-02-08T00:00:00.000Z,false,45
ASM-0032217,E-0217,collaboration,INST-collaboration,v1,43,100,2025-02-10T00:00:00.000Z,true,35
ASM-0032219,E-0217,problem_solving,INST-problem_solving,v1,29,100,2025-01-23T00:00:00.000Z,false,80
ASM-0032221,E-0217,system_design,INST-system_design,v1,23,100,2025-02-26T00:00:00.000Z,true,88
ASM-0032223,E-0217,code_quality,INST-code_quality,v1,56,100,2025-01-03T00:00:00.000Z,true,50
ASM-0032253,E-0217,communication,INST-communication,v1,50,100,2025-08-02T00:00:00.000Z,true,38
ASM-0032255,E-0217,execution,INST-execution,v1,17,100,2025-08-08T00:00:00.000Z,false,58
ASM-0032257,E-0217,problem_solving,INST-problem_solving,v1,43,100,2025-07-16T00:00:00.000Z,true,70
ASM-0032284,E-0217,communication,INST-communication,v2,38,100,2026-03-19T00:00:00.000Z,true,66
ASM-0032286,E-0217,execution,INST-execution,v2,36,100,2026-01-01T00:00:00.000Z,true,46
ASM-0032288,E-0217,collaboration,INST-collaboration,v2,54,100,2026-03-29T00:00:00.000Z,true,60
ASM-0032290,E-0217,problem_solving,INST-problem_solving,v2,47,100,2026-01-20T00:00:00.000Z,true,21
ASM-0032292,E-0217,system_design,INST-system_design,v2,31,100,2026-03-16T00:00:00.000Z,false,46
ASM-0032326,E-0217,communication,INST-communication,v2,47,100,2026-09-26T00:00:00.000Z,true,38
ASM-0032328,E-0217,execution,INST-execution,v2,63,100,2026-08-11T00:00:00.000Z,true,54
ASM-0032330,E-0217,collaboration,INST-collaboration,v2,54,100,2026-07-03T00:00:00.000Z,true,84
ASM-0032332,E-0217,problem_solving,INST-problem_solving,v2,77,100,2026-09-09T00:00:00.000Z,true,49
ASM-0032334,E-0217,system_design,INST-system_design,v2,44,100,2026-07-26T00:00:00.000Z,false,22
ASM-0032371,E-0218,communication,INST-communication,v1,37,100,2025-02-08T00:00:00.000Z,true,67
ASM-0032373,E-0218,execution,INST-execution,v1,29,100,2025-01-31T00:00:00.000Z,false,68
ASM-0032375,E-0218,collaboration,INST-collaboration,v1,45,100,2025-02-17T00:00:00.000Z,true,59
ASM-0032377,E-0218,problem_solving,INST-problem_solving,v1,43,100,2025-03-08T00:00:00.000Z,true,25
ASM-0032379,E-0218,negotiation,INST-negotiation,v1,23,100,2025-02-11T00:00:00.000Z,false,78
ASM-0032381,E-0218,pipeline_mgmt,INST-pipeline_mgmt,v1,23,100,2025-01-10T00:00:00.000Z,false,85
ASM-0032414,E-0218,communication,INST-communication,v1,47,100,2025-09-21T00:00:00.000Z,true,71
ASM-0032416,E-0218,execution,INST-execution,v1,37,100,2025-09-29T00:00:00.000Z,true,49
ASM-0032418,E-0218,problem_solving,INST-problem_solving,v1,39,100,2025-08-18T00:00:00.000Z,true,66
ASM-0032420,E-0218,negotiation,INST-negotiation,v1,38,100,2025-09-04T00:00:00.000Z,false,67
ASM-0032422,E-0218,pipeline_mgmt,INST-pipeline_mgmt,v1,24,100,2025-07-20T00:00:00.000Z,false,41
ASM-0032452,E-0218,communication,INST-communication,v2,47,100,2026-01-11T00:00:00.000Z,false,75
ASM-0032454,E-0218,execution,INST-execution,v2,22,100,2026-01-26T00:00:00.000Z,true,31
ASM-0032456,E-0218,collaboration,INST-collaboration,v2,18,100,2026-02-10T00:00:00.000Z,false,22
ASM-0032458,E-0218,negotiation,INST-negotiation,v2,45,100,2026-01-14T00:00:00.000Z,true,26
ASM-0032483,E-0218,communication,INST-communication,v2,66,100,2026-08-22T00:00:00.000Z,true,71
ASM-0032485,E-0218,problem_solving,INST-problem_solving,v2,45,100,2026-09-25T00:00:00.000Z,true,42
ASM-0032487,E-0218,negotiation,INST-negotiation,v2,73,100,2026-09-18T00:00:00.000Z,false,63
ASM-0032489,E-0218,pipeline_mgmt,INST-pipeline_mgmt,v2,59,100,2026-07-13T00:00:00.000Z,true,25
ASM-0032533,E-0219,communication,INST-communication,v1,78,100,2025-01-21T00:00:00.000Z,true,53
ASM-0032535,E-0219,execution,INST-execution,v1,36,100,2025-03-12T00:00:00.000Z,false,88
ASM-0032537,E-0219,problem_solving,INST-problem_solving,v1,51,100,2025-03-14T00:00:00.000Z,true,77
ASM-0032539,E-0219,campaign_strategy,INST-campaign_strategy,v1,42,100,2025-03-31T00:00:00.000Z,true,37
ASM-0032541,E-0219,content_quality,INST-content_quality,v1,32,100,2025-01-24T00:00:00.000Z,false,71
ASM-0032564,E-0219,communication,INST-communication,v1,71,100,2025-07-05T00:00:00.000Z,true,67
ASM-0032566,E-0219,campaign_strategy,INST-campaign_strategy,v1,34,100,2025-09-14T00:00:00.000Z,true,64
ASM-0032583,E-0219,communication,INST-communication,v2,41,100,2026-03-01T00:00:00.000Z,false,59
ASM-0032585,E-0219,content_quality,INST-content_quality,v2,72,100,2026-03-28T00:00:00.000Z,true,79
ASM-0032621,E-0219,communication,INST-communication,v2,42,100,2026-07-10T00:00:00.000Z,true,75
ASM-0032623,E-0219,problem_solving,INST-problem_solving,v2,79,100,2026-07-20T00:00:00.000Z,false,53
ASM-0032625,E-0219,campaign_strategy,INST-campaign_strategy,v2,39,100,2026-07-21T00:00:00.000Z,true,67
ASM-0032627,E-0219,content_quality,INST-content_quality,v2,76,100,2026-09-27T00:00:00.000Z,true,87
ASM-0032673,E-0220,communication,INST-communication,v1,20,100,2025-03-22T00:00:00.000Z,true,75
ASM-0032675,E-0220,execution,INST-execution,v1,33,100,2025-03-19T00:00:00.000Z,true,36
ASM-0032677,E-0220,collaboration,INST-collaboration,v1,34,100,2025-01-31T00:00:00.000Z,true,36
ASM-0032679,E-0220,problem_solving,INST-problem_solving,v1,34,100,2025-02-01T00:00:00.000Z,true,89
ASM-0032681,E-0220,roadmap_prioritization,INST-roadmap_prioritization,v1,36,100,2025-02-10T00:00:00.000Z,true,86
ASM-0032683,E-0220,stakeholder_alignment,INST-stakeholder_alignment,v1,39,100,2025-02-07T00:00:00.000Z,true,76
ASM-0032706,E-0220,communication,INST-communication,v1,46,100,2025-08-30T00:00:00.000Z,true,88
ASM-0032708,E-0220,execution,INST-execution,v1,60,100,2025-09-09T00:00:00.000Z,true,77
ASM-0032710,E-0220,collaboration,INST-collaboration,v1,47,100,2025-08-26T00:00:00.000Z,true,54
ASM-0032712,E-0220,problem_solving,INST-problem_solving,v1,45,100,2025-08-20T00:00:00.000Z,false,86
ASM-0032714,E-0220,roadmap_prioritization,INST-roadmap_prioritization,v1,62,100,2025-08-25T00:00:00.000Z,false,74
ASM-0032746,E-0220,communication,INST-communication,v2,69,100,2026-02-01T00:00:00.000Z,true,60
ASM-0032748,E-0220,collaboration,INST-collaboration,v2,56,100,2026-02-19T00:00:00.000Z,false,88
ASM-0032750,E-0220,problem_solving,INST-problem_solving,v2,59,100,2026-03-26T00:00:00.000Z,true,54
ASM-0032752,E-0220,roadmap_prioritization,INST-roadmap_prioritization,v2,65,100,2026-02-24T00:00:00.000Z,true,39
ASM-0032754,E-0220,stakeholder_alignment,INST-stakeholder_alignment,v2,50,100,2026-03-21T00:00:00.000Z,false,28
ASM-0032779,E-0220,communication,INST-communication,v2,61,100,2026-09-18T00:00:00.000Z,false,79
ASM-0032781,E-0220,execution,INST-execution,v2,84,100,2026-08-23T00:00:00.000Z,true,69
ASM-0032783,E-0220,collaboration,INST-collaboration,v2,75,100,2026-08-07T00:00:00.000Z,true,85
ASM-0032785,E-0220,problem_solving,INST-problem_solving,v2,80,100,2026-08-17T00:00:00.000Z,true,37
ASM-0032787,E-0220,roadmap_prioritization,INST-roadmap_prioritization,v2,65,100,2026-09-13T00:00:00.000Z,false,56
ASM-0032789,E-0220,stakeholder_alignment,INST-stakeholder_alignment,v2,55,100,2026-08-20T00:00:00.000Z,false,24
ASM-0032821,E-0221,communication,INST-communication,v1,18,100,2025-01-29T00:00:00.000Z,true,62
ASM-0032823,E-0221,execution,INST-execution,v1,24,100,2025-02-11T00:00:00.000Z,true,58
ASM-0032825,E-0221,collaboration,INST-collaboration,v1,37,100,2025-01-20T00:00:00.000Z,false,83
ASM-0032827,E-0221,problem_solving,INST-problem_solving,v1,37,100,2025-03-06T00:00:00.000Z,true,30
ASM-0032829,E-0221,visual_craft,INST-visual_craft,v1,42,100,2025-02-03T00:00:00.000Z,true,56
ASM-0032831,E-0221,ux_research,INST-ux_research,v1,33,100,2025-03-04T00:00:00.000Z,true,87
ASM-0032867,E-0221,execution,INST-execution,v1,21,100,2025-09-09T00:00:00.000Z,true,66
ASM-0032869,E-0221,collaboration,INST-collaboration,v1,41,100,2025-07-24T00:00:00.000Z,true,88
ASM-0032871,E-0221,problem_solving,INST-problem_solving,v1,37,100,2025-09-13T00:00:00.000Z,false,65
ASM-0032873,E-0221,visual_craft,INST-visual_craft,v1,28,100,2025-08-24T00:00:00.000Z,true,83
ASM-0032875,E-0221,ux_research,INST-ux_research,v1,20,100,2025-08-09T00:00:00.000Z,true,61
ASM-0032913,E-0221,communication,INST-communication,v2,49,100,2026-02-11T00:00:00.000Z,false,42
ASM-0032915,E-0221,execution,INST-execution,v2,39,100,2026-03-08T00:00:00.000Z,false,50
ASM-0032917,E-0221,collaboration,INST-collaboration,v2,64,100,2026-03-13T00:00:00.000Z,true,24
ASM-0032919,E-0221,problem_solving,INST-problem_solving,v2,22,100,2026-01-18T00:00:00.000Z,true,40
ASM-0032921,E-0221,ux_research,INST-ux_research,v2,22,100,2026-01-04T00:00:00.000Z,false,84
ASM-0032960,E-0221,communication,INST-communication,v2,84,100,2026-09-28T00:00:00.000Z,false,39
ASM-0032962,E-0221,execution,INST-execution,v2,47,100,2026-08-15T00:00:00.000Z,false,79
ASM-0032964,E-0221,collaboration,INST-collaboration,v2,67,100,2026-07-16T00:00:00.000Z,false,58
ASM-0032966,E-0221,problem_solving,INST-problem_solving,v2,35,100,2026-09-28T00:00:00.000Z,true,85
ASM-0032968,E-0221,visual_craft,INST-visual_craft,v2,27,100,2026-07-14T00:00:00.000Z,true,20
ASM-0032970,E-0221,ux_research,INST-ux_research,v2,23,100,2026-09-12T00:00:00.000Z,true,38
ASM-0033015,E-0222,communication,INST-communication,v1,37,100,2025-03-08T00:00:00.000Z,true,47
ASM-0033017,E-0222,execution,INST-execution,v1,16,100,2025-01-09T00:00:00.000Z,true,67
ASM-0033019,E-0222,problem_solving,INST-problem_solving,v1,37,100,2025-03-04T00:00:00.000Z,true,67
ASM-0033021,E-0222,financial_modeling,INST-financial_modeling,v1,21,100,2025-03-11T00:00:00.000Z,true,24
ASM-0033047,E-0222,communication,INST-communication,v1,30,100,2025-09-17T00:00:00.000Z,true,37
ASM-0033049,E-0222,execution,INST-execution,v1,24,100,2025-09-13T00:00:00.000Z,false,57
ASM-0033051,E-0222,collaboration,INST-collaboration,v1,23,100,2025-08-14T00:00:00.000Z,false,25
ASM-0033053,E-0222,problem_solving,INST-problem_solving,v1,19,100,2025-07-08T00:00:00.000Z,false,67
ASM-0033055,E-0222,financial_modeling,INST-financial_modeling,v1,28,100,2025-08-28T00:00:00.000Z,false,57
ASM-0033057,E-0222,compliance_rigor,INST-compliance_rigor,v1,39,100,2025-09-20T00:00:00.000Z,true,44
ASM-0033080,E-0222,communication,INST-communication,v2,33,100,2026-01-23T00:00:00.000Z,false,58
ASM-0033082,E-0222,execution,INST-execution,v2,30,100,2026-03-20T00:00:00.000Z,true,23
ASM-0033084,E-0222,collaboration,INST-collaboration,v2,41,100,2026-01-12T00:00:00.000Z,true,88
ASM-0033086,E-0222,problem_solving,INST-problem_solving,v2,22,100,2026-01-27T00:00:00.000Z,true,25
ASM-0033088,E-0222,financial_modeling,INST-financial_modeling,v2,46,100,2026-01-21T00:00:00.000Z,true,27
ASM-0033090,E-0222,compliance_rigor,INST-compliance_rigor,v2,78,100,2026-01-13T00:00:00.000Z,false,63
ASM-0033104,E-0222,communication,INST-communication,v2,44,100,2026-07-10T00:00:00.000Z,true,21
ASM-0033106,E-0222,execution,INST-execution,v2,50,100,2026-09-22T00:00:00.000Z,false,46
ASM-0033108,E-0222,collaboration,INST-collaboration,v2,61,100,2026-09-04T00:00:00.000Z,true,73
ASM-0033110,E-0222,problem_solving,INST-problem_solving,v2,33,100,2026-09-15T00:00:00.000Z,true,69
ASM-0033112,E-0222,compliance_rigor,INST-compliance_rigor,v2,88,100,2026-09-28T00:00:00.000Z,true,54
ASM-0033148,E-0223,communication,INST-communication,v1,35,100,2025-03-03T00:00:00.000Z,true,77
ASM-0033150,E-0223,execution,INST-execution,v1,12,100,2025-01-15T00:00:00.000Z,true,65
ASM-0033152,E-0223,collaboration,INST-collaboration,v1,32,100,2025-03-05T00:00:00.000Z,false,28
ASM-0033154,E-0223,problem_solving,INST-problem_solving,v1,30,100,2025-01-22T00:00:00.000Z,true,51
ASM-0033156,E-0223,talent_assessment,INST-talent_assessment,v1,22,100,2025-01-16T00:00:00.000Z,true,33
ASM-0033158,E-0223,policy_navigation,INST-policy_navigation,v1,34,100,2025-03-20T00:00:00.000Z,true,88
ASM-0033187,E-0223,communication,INST-communication,v1,23,100,2025-09-14T00:00:00.000Z,true,76
ASM-0033189,E-0223,execution,INST-execution,v1,47,100,2025-07-18T00:00:00.000Z,true,74
ASM-0033191,E-0223,collaboration,INST-collaboration,v1,28,100,2025-09-16T00:00:00.000Z,true,24
ASM-0033193,E-0223,problem_solving,INST-problem_solving,v1,42,100,2025-09-24T00:00:00.000Z,false,40
ASM-0033195,E-0223,talent_assessment,INST-talent_assessment,v1,29,100,2025-08-03T00:00:00.000Z,true,70
ASM-0033197,E-0223,policy_navigation,INST-policy_navigation,v1,46,100,2025-09-06T00:00:00.000Z,true,58
ASM-0033220,E-0223,communication,INST-communication,v2,39,100,2026-03-03T00:00:00.000Z,false,30
ASM-0033222,E-0223,execution,INST-execution,v2,41,100,2026-03-13T00:00:00.000Z,true,45
ASM-0033224,E-0223,collaboration,INST-collaboration,v2,16,100,2026-01-26T00:00:00.000Z,false,28
ASM-0033226,E-0223,talent_assessment,INST-talent_assessment,v2,30,100,2026-01-14T00:00:00.000Z,true,71
ASM-0033228,E-0223,policy_navigation,INST-policy_navigation,v2,65,100,2026-02-25T00:00:00.000Z,true,41
ASM-0033256,E-0223,communication,INST-communication,v2,47,100,2026-07-20T00:00:00.000Z,false,38
ASM-0033258,E-0223,execution,INST-execution,v2,45,100,2026-07-24T00:00:00.000Z,true,47
ASM-0033260,E-0223,collaboration,INST-collaboration,v2,45,100,2026-07-04T00:00:00.000Z,true,21
ASM-0033262,E-0223,problem_solving,INST-problem_solving,v2,75,100,2026-07-23T00:00:00.000Z,true,70
ASM-0033264,E-0223,talent_assessment,INST-talent_assessment,v2,64,100,2026-07-29T00:00:00.000Z,true,25
ASM-0033266,E-0223,policy_navigation,INST-policy_navigation,v2,56,100,2026-08-17T00:00:00.000Z,true,74
ASM-0033303,E-0224,communication,INST-communication,v1,36,100,2025-01-17T00:00:00.000Z,true,44
ASM-0033305,E-0224,execution,INST-execution,v1,23,100,2025-01-18T00:00:00.000Z,true,60
ASM-0033307,E-0224,problem_solving,INST-problem_solving,v1,23,100,2025-01-20T00:00:00.000Z,true,87
ASM-0033309,E-0224,customer_resolution,INST-customer_resolution,v1,49,100,2025-01-01T00:00:00.000Z,true,42
ASM-0033311,E-0224,troubleshooting,INST-troubleshooting,v1,33,100,2025-03-23T00:00:00.000Z,true,27
ASM-0033330,E-0224,communication,INST-communication,v1,47,100,2025-07-22T00:00:00.000Z,true,89
ASM-0033332,E-0224,execution,INST-execution,v1,36,100,2025-09-10T00:00:00.000Z,true,84
ASM-0033334,E-0224,collaboration,INST-collaboration,v1,49,100,2025-07-15T00:00:00.000Z,true,83
ASM-0033336,E-0224,problem_solving,INST-problem_solving,v1,40,100,2025-07-25T00:00:00.000Z,true,87
ASM-0033338,E-0224,customer_resolution,INST-customer_resolution,v1,36,100,2025-07-07T00:00:00.000Z,true,82
ASM-0033340,E-0224,troubleshooting,INST-troubleshooting,v1,21,100,2025-07-30T00:00:00.000Z,true,55
ASM-0033382,E-0224,communication,INST-communication,v2,34,100,2026-03-21T00:00:00.000Z,true,67
ASM-0033384,E-0224,execution,INST-execution,v2,42,100,2026-03-11T00:00:00.000Z,true,88
ASM-0033386,E-0224,collaboration,INST-collaboration,v2,51,100,2026-03-14T00:00:00.000Z,true,57
ASM-0033388,E-0224,problem_solving,INST-problem_solving,v2,29,100,2026-03-15T00:00:00.000Z,true,72
ASM-0033390,E-0224,customer_resolution,INST-customer_resolution,v2,51,100,2026-01-22T00:00:00.000Z,true,78
ASM-0033392,E-0224,troubleshooting,INST-troubleshooting,v2,20,100,2026-02-06T00:00:00.000Z,true,62
ASM-0033419,E-0224,communication,INST-communication,v2,78,100,2026-07-20T00:00:00.000Z,false,63
ASM-0033421,E-0224,execution,INST-execution,v2,62,100,2026-07-10T00:00:00.000Z,true,67
ASM-0033423,E-0224,problem_solving,INST-problem_solving,v2,31,100,2026-08-05T00:00:00.000Z,false,86
ASM-0033425,E-0224,customer_resolution,INST-customer_resolution,v2,63,100,2026-08-17T00:00:00.000Z,true,28
ASM-0033427,E-0224,troubleshooting,INST-troubleshooting,v2,13,100,2026-09-07T00:00:00.000Z,true,75
ASM-0033450,E-0225,communication,INST-communication,v1,30,100,2025-02-19T00:00:00.000Z,true,58
ASM-0033452,E-0225,collaboration,INST-collaboration,v1,31,100,2025-03-05T00:00:00.000Z,false,89
ASM-0033454,E-0225,problem_solving,INST-problem_solving,v1,70,100,2025-01-08T00:00:00.000Z,true,64
ASM-0033456,E-0225,system_design,INST-system_design,v1,37,100,2025-01-25T00:00:00.000Z,true,43
ASM-0033458,E-0225,code_quality,INST-code_quality,v1,36,100,2025-01-14T00:00:00.000Z,true,44
ASM-0033492,E-0225,communication,INST-communication,v1,42,100,2025-08-22T00:00:00.000Z,false,24
ASM-0033494,E-0225,collaboration,INST-collaboration,v1,39,100,2025-09-01T00:00:00.000Z,true,34
ASM-0033496,E-0225,problem_solving,INST-problem_solving,v1,55,100,2025-09-19T00:00:00.000Z,true,73
ASM-0033498,E-0225,system_design,INST-system_design,v1,50,100,2025-09-23T00:00:00.000Z,true,71
ASM-0033500,E-0225,code_quality,INST-code_quality,v1,43,100,2025-08-12T00:00:00.000Z,true,23
ASM-0033530,E-0225,communication,INST-communication,v2,67,100,2026-03-10T00:00:00.000Z,true,32
ASM-0033532,E-0225,execution,INST-execution,v2,63,100,2026-01-04T00:00:00.000Z,true,64
ASM-0033534,E-0225,collaboration,INST-collaboration,v2,54,100,2026-01-07T00:00:00.000Z,false,83
ASM-0033536,E-0225,problem_solving,INST-problem_solving,v2,47,100,2026-03-20T00:00:00.000Z,true,74
ASM-0033538,E-0225,system_design,INST-system_design,v2,61,100,2026-02-20T00:00:00.000Z,true,69
ASM-0033540,E-0225,code_quality,INST-code_quality,v2,71,100,2026-02-06T00:00:00.000Z,true,52
ASM-0033559,E-0225,execution,INST-execution,v2,68,100,2026-08-10T00:00:00.000Z,true,27
ASM-0033561,E-0225,collaboration,INST-collaboration,v2,87,100,2026-07-01T00:00:00.000Z,true,74
ASM-0033563,E-0225,problem_solving,INST-problem_solving,v2,24,100,2026-07-13T00:00:00.000Z,false,80
ASM-0033565,E-0225,system_design,INST-system_design,v2,69,100,2026-08-30T00:00:00.000Z,true,27
ASM-0033567,E-0225,code_quality,INST-code_quality,v2,90,100,2026-07-05T00:00:00.000Z,false,85
ASM-0033616,E-0226,communication,INST-communication,v1,55,100,2025-02-04T00:00:00.000Z,true,56
ASM-0033618,E-0226,collaboration,INST-collaboration,v1,72,100,2025-02-06T00:00:00.000Z,false,54
ASM-0033620,E-0226,pipeline_mgmt,INST-pipeline_mgmt,v1,20,100,2025-02-16T00:00:00.000Z,true,31
ASM-0033640,E-0226,execution,INST-execution,v1,41,100,2025-07-18T00:00:00.000Z,true,45
ASM-0033642,E-0226,collaboration,INST-collaboration,v1,60,100,2025-08-16T00:00:00.000Z,false,72
ASM-0033644,E-0226,pipeline_mgmt,INST-pipeline_mgmt,v1,43,100,2025-08-15T00:00:00.000Z,true,49
ASM-0033689,E-0227,execution,INST-execution,v1,64,100,2025-02-19T00:00:00.000Z,false,58
ASM-0033691,E-0227,problem_solving,INST-problem_solving,v1,48,100,2025-03-19T00:00:00.000Z,true,51
ASM-0033693,E-0227,campaign_strategy,INST-campaign_strategy,v1,28,100,2025-03-13T00:00:00.000Z,true,89
ASM-0033721,E-0227,communication,INST-communication,v1,56,100,2025-07-26T00:00:00.000Z,true,58
ASM-0033723,E-0227,execution,INST-execution,v1,61,100,2025-09-08T00:00:00.000Z,true,88
ASM-0033725,E-0227,collaboration,INST-collaboration,v1,50,100,2025-09-06T00:00:00.000Z,true,83
ASM-0033727,E-0227,problem_solving,INST-problem_solving,v1,4,100,2025-09-09T00:00:00.000Z,false,52
ASM-0033729,E-0227,campaign_strategy,INST-campaign_strategy,v1,43,100,2025-07-07T00:00:00.000Z,true,21
ASM-0033731,E-0227,content_quality,INST-content_quality,v1,61,100,2025-09-12T00:00:00.000Z,true,43
ASM-0033759,E-0227,communication,INST-communication,v2,66,100,2026-02-23T00:00:00.000Z,false,38
ASM-0033761,E-0227,execution,INST-execution,v2,47,100,2026-01-24T00:00:00.000Z,true,23
ASM-0033763,E-0227,collaboration,INST-collaboration,v2,82,100,2026-03-25T00:00:00.000Z,false,82
ASM-0033765,E-0227,campaign_strategy,INST-campaign_strategy,v2,60,100,2026-02-19T00:00:00.000Z,true,68
ASM-0033767,E-0227,content_quality,INST-content_quality,v2,41,100,2026-03-01T00:00:00.000Z,true,44
ASM-0033798,E-0227,communication,INST-communication,v2,59,100,2026-08-24T00:00:00.000Z,true,57
ASM-0033800,E-0227,execution,INST-execution,v2,27,100,2026-07-06T00:00:00.000Z,false,25
ASM-0033802,E-0227,collaboration,INST-collaboration,v2,78,100,2026-08-26T00:00:00.000Z,true,26
ASM-0033804,E-0227,problem_solving,INST-problem_solving,v2,0,100,2026-08-16T00:00:00.000Z,false,67
ASM-0033806,E-0227,campaign_strategy,INST-campaign_strategy,v2,77,100,2026-08-20T00:00:00.000Z,true,72
ASM-0033808,E-0227,content_quality,INST-content_quality,v2,61,100,2026-07-16T00:00:00.000Z,true,59
ASM-0033843,E-0228,execution,INST-execution,v1,37,100,2025-02-15T00:00:00.000Z,false,31
ASM-0033845,E-0228,collaboration,INST-collaboration,v1,40,100,2025-01-07T00:00:00.000Z,false,68
ASM-0033847,E-0228,problem_solving,INST-problem_solving,v1,40,100,2025-03-20T00:00:00.000Z,true,25
ASM-0033849,E-0228,roadmap_prioritization,INST-roadmap_prioritization,v1,28,100,2025-01-10T00:00:00.000Z,true,47
ASM-0033851,E-0228,stakeholder_alignment,INST-stakeholder_alignment,v1,26,100,2025-03-26T00:00:00.000Z,true,46
ASM-0033879,E-0228,communication,INST-communication,v1,17,100,2025-08-29T00:00:00.000Z,false,70
ASM-0033881,E-0228,execution,INST-execution,v1,34,100,2025-08-05T00:00:00.000Z,false,63
ASM-0033883,E-0228,collaboration,INST-collaboration,v1,33,100,2025-07-29T00:00:00.000Z,true,66
ASM-0033885,E-0228,problem_solving,INST-problem_solving,v1,32,100,2025-08-24T00:00:00.000Z,false,82
ASM-0033887,E-0228,roadmap_prioritization,INST-roadmap_prioritization,v1,21,100,2025-07-29T00:00:00.000Z,false,28
ASM-0033889,E-0228,stakeholder_alignment,INST-stakeholder_alignment,v1,27,100,2025-08-17T00:00:00.000Z,false,76
ASM-0033914,E-0228,communication,INST-communication,v2,12,100,2026-03-14T00:00:00.000Z,true,35
ASM-0033916,E-0228,execution,INST-execution,v2,19,100,2026-03-04T00:00:00.000Z,true,61
ASM-0033918,E-0228,problem_solving,INST-problem_solving,v2,41,100,2026-02-24T00:00:00.000Z,false,26
ASM-0033920,E-0228,roadmap_prioritization,INST-roadmap_prioritization,v2,57,100,2026-03-02T00:00:00.000Z,true,60
ASM-0033922,E-0228,stakeholder_alignment,INST-stakeholder_alignment,v2,46,100,2026-03-16T00:00:00.000Z,true,70
ASM-0033941,E-0228,communication,INST-communication,v2,17,100,2026-09-14T00:00:00.000Z,true,57
ASM-0033943,E-0228,execution,INST-execution,v2,39,100,2026-09-05T00:00:00.000Z,false,35
ASM-0033945,E-0228,collaboration,INST-collaboration,v2,32,100,2026-09-17T00:00:00.000Z,true,51
ASM-0033947,E-0228,problem_solving,INST-problem_solving,v2,24,100,2026-08-25T00:00:00.000Z,true,67
ASM-0033949,E-0228,roadmap_prioritization,INST-roadmap_prioritization,v2,62,100,2026-09-17T00:00:00.000Z,true,27
ASM-0033951,E-0228,stakeholder_alignment,INST-stakeholder_alignment,v2,76,100,2026-08-03T00:00:00.000Z,true,68
ASM-0033986,E-0229,communication,INST-communication,v1,27,100,2025-01-01T00:00:00.000Z,true,69
ASM-0033988,E-0229,execution,INST-execution,v1,64,100,2025-03-11T00:00:00.000Z,true,20
ASM-0033990,E-0229,collaboration,INST-collaboration,v1,23,100,2025-01-14T00:00:00.000Z,true,25
ASM-0033992,E-0229,problem_solving,INST-problem_solving,v1,41,100,2025-02-03T00:00:00.000Z,true,83
ASM-0033994,E-0229,visual_craft,INST-visual_craft,v1,28,100,2025-02-05T00:00:00.000Z,true,39
ASM-0033996,E-0229,ux_research,INST-ux_research,v1,48,100,2025-03-11T00:00:00.000Z,true,50
ASM-0034024,E-0229,execution,INST-execution,v1,57,100,2025-07-26T00:00:00.000Z,true,53
ASM-0034026,E-0229,collaboration,INST-collaboration,v1,39,100,2025-07-03T00:00:00.000Z,true,33
ASM-0034028,E-0229,problem_solving,INST-problem_solving,v1,39,100,2025-08-13T00:00:00.000Z,true,86
ASM-0034030,E-0229,visual_craft,INST-visual_craft,v1,37,100,2025-09-13T00:00:00.000Z,true,86
ASM-0034032,E-0229,ux_research,INST-ux_research,v1,33,100,2025-07-13T00:00:00.000Z,true,84
ASM-0034066,E-0229,execution,INST-execution,v2,35,100,2026-01-10T00:00:00.000Z,false,44
ASM-0034068,E-0229,collaboration,INST-collaboration,v2,38,100,2026-03-03T00:00:00.000Z,false,87
ASM-0034070,E-0229,visual_craft,INST-visual_craft,v2,27,100,2026-01-29T00:00:00.000Z,true,73
ASM-0034072,E-0229,ux_research,INST-ux_research,v2,64,100,2026-01-08T00:00:00.000Z,true,44
ASM-0034104,E-0229,communication,INST-communication,v2,54,100,2026-08-25T00:00:00.000Z,false,21
ASM-0034106,E-0229,execution,INST-execution,v2,23,100,2026-09-16T00:00:00.000Z,true,31
ASM-0034108,E-0229,collaboration,INST-collaboration,v2,47,100,2026-09-16T00:00:00.000Z,true,67
ASM-0034110,E-0229,problem_solving,INST-problem_solving,v2,33,100,2026-07-05T00:00:00.000Z,false,71
ASM-0034112,E-0229,visual_craft,INST-visual_craft,v2,46,100,2026-08-09T00:00:00.000Z,true,87
ASM-0034114,E-0229,ux_research,INST-ux_research,v2,35,100,2026-07-08T00:00:00.000Z,true,56
ASM-0034159,E-0230,communication,INST-communication,v1,36,100,2025-02-12T00:00:00.000Z,false,24
ASM-0034161,E-0230,collaboration,INST-collaboration,v1,86,100,2025-01-24T00:00:00.000Z,true,75
ASM-0034163,E-0230,problem_solving,INST-problem_solving,v1,33,100,2025-03-03T00:00:00.000Z,true,34
ASM-0034165,E-0230,financial_modeling,INST-financial_modeling,v1,16,100,2025-03-22T00:00:00.000Z,true,85
ASM-0034167,E-0230,compliance_rigor,INST-compliance_rigor,v1,37,100,2025-03-02T00:00:00.000Z,true,49
ASM-0034199,E-0230,execution,INST-execution,v1,28,100,2025-07-09T00:00:00.000Z,true,25
ASM-0034201,E-0230,collaboration,INST-collaboration,v1,78,100,2025-09-01T00:00:00.000Z,true,44
ASM-0034203,E-0230,financial_modeling,INST-financial_modeling,v1,50,100,2025-07-29T00:00:00.000Z,true,66
ASM-0034205,E-0230,compliance_rigor,INST-compliance_rigor,v1,27,100,2025-09-12T00:00:00.000Z,true,74
ASM-0034238,E-0230,communication,INST-communication,v2,24,100,2026-02-20T00:00:00.000Z,true,48
ASM-0034240,E-0230,execution,INST-execution,v2,26,100,2026-01-06T00:00:00.000Z,true,87
ASM-0034242,E-0230,collaboration,INST-collaboration,v2,65,100,2026-03-11T00:00:00.000Z,false,53
ASM-0034244,E-0230,problem_solving,INST-problem_solving,v2,50,100,2026-02-21T00:00:00.000Z,true,32
ASM-0034246,E-0230,financial_modeling,INST-financial_modeling,v2,66,100,2026-03-24T00:00:00.000Z,false,87
ASM-0034248,E-0230,compliance_rigor,INST-compliance_rigor,v2,29,100,2026-02-21T00:00:00.000Z,true,74
ASM-0034280,E-0230,communication,INST-communication,v2,31,100,2026-09-19T00:00:00.000Z,false,40
ASM-0034282,E-0230,execution,INST-execution,v2,22,100,2026-08-27T00:00:00.000Z,true,43
ASM-0034284,E-0230,collaboration,INST-collaboration,v2,41,100,2026-07-17T00:00:00.000Z,false,49
ASM-0034286,E-0230,problem_solving,INST-problem_solving,v2,65,100,2026-08-02T00:00:00.000Z,true,54
ASM-0034288,E-0230,financial_modeling,INST-financial_modeling,v2,53,100,2026-08-16T00:00:00.000Z,false,29
ASM-0034290,E-0230,compliance_rigor,INST-compliance_rigor,v2,28,100,2026-08-12T00:00:00.000Z,true,69
ASM-0034345,E-0231,collaboration,INST-collaboration,v1,43,100,2025-01-26T00:00:00.000Z,true,84
ASM-0034347,E-0231,problem_solving,INST-problem_solving,v1,34,100,2025-01-16T00:00:00.000Z,true,30
ASM-0034349,E-0231,talent_assessment,INST-talent_assessment,v1,48,100,2025-02-14T00:00:00.000Z,true,75
ASM-0034351,E-0231,policy_navigation,INST-policy_navigation,v1,43,100,2025-01-12T00:00:00.000Z,true,49
ASM-0034372,E-0231,collaboration,INST-collaboration,v1,42,100,2025-08-14T00:00:00.000Z,true,89
ASM-0034374,E-0231,talent_assessment,INST-talent_assessment,v1,38,100,2025-09-27T00:00:00.000Z,true,82
ASM-0034376,E-0231,policy_navigation,INST-policy_navigation,v1,27,100,2025-07-26T00:00:00.000Z,true,67
ASM-0034406,E-0231,collaboration,INST-collaboration,v2,43,100,2026-01-21T00:00:00.000Z,true,28
ASM-0034408,E-0231,policy_navigation,INST-policy_navigation,v2,28,100,2026-03-11T00:00:00.000Z,true,48
ASM-0034436,E-0231,execution,INST-execution,v2,40,100,2026-09-26T00:00:00.000Z,false,56
ASM-0034438,E-0231,collaboration,INST-collaboration,v2,40,100,2026-08-28T00:00:00.000Z,true,44
ASM-0034440,E-0231,talent_assessment,INST-talent_assessment,v2,61,100,2026-09-01T00:00:00.000Z,true,71
ASM-0034442,E-0231,policy_navigation,INST-policy_navigation,v2,18,100,2026-08-29T00:00:00.000Z,true,61
ASM-0034470,E-0232,communication,INST-communication,v1,44,100,2025-01-30T00:00:00.000Z,true,77
ASM-0034472,E-0232,collaboration,INST-collaboration,v1,33,100,2025-02-07T00:00:00.000Z,true,62
ASM-0034474,E-0232,problem_solving,INST-problem_solving,v1,49,100,2025-02-21T00:00:00.000Z,true,39
ASM-0034476,E-0232,customer_resolution,INST-customer_resolution,v1,27,100,2025-02-21T00:00:00.000Z,true,70
ASM-0034478,E-0232,troubleshooting,INST-troubleshooting,v1,44,100,2025-03-17T00:00:00.000Z,false,33
ASM-0034500,E-0232,communication,INST-communication,v1,33,100,2025-07-12T00:00:00.000Z,true,54
ASM-0034502,E-0232,execution,INST-execution,v1,37,100,2025-09-10T00:00:00.000Z,false,58
ASM-0034504,E-0232,collaboration,INST-collaboration,v1,26,100,2025-07-06T00:00:00.000Z,true,74
ASM-0034506,E-0232,problem_solving,INST-problem_solving,v1,24,100,2025-07-16T00:00:00.000Z,true,46
ASM-0034508,E-0232,customer_resolution,INST-customer_resolution,v1,14,100,2025-08-26T00:00:00.000Z,true,85
ASM-0034510,E-0232,troubleshooting,INST-troubleshooting,v1,37,100,2025-09-17T00:00:00.000Z,true,66
ASM-0034527,E-0232,execution,INST-execution,v2,18,100,2026-01-27T00:00:00.000Z,true,25
ASM-0034529,E-0232,problem_solving,INST-problem_solving,v2,22,100,2026-02-08T00:00:00.000Z,true,48
ASM-0034531,E-0232,troubleshooting,INST-troubleshooting,v2,20,100,2026-02-03T00:00:00.000Z,true,67
ASM-0034549,E-0232,communication,INST-communication,v2,84,100,2026-09-09T00:00:00.000Z,true,82
ASM-0034551,E-0232,collaboration,INST-collaboration,v2,34,100,2026-07-30T00:00:00.000Z,true,25
ASM-0034553,E-0232,customer_resolution,INST-customer_resolution,v2,75,100,2026-07-27T00:00:00.000Z,true,30
ASM-0034555,E-0232,troubleshooting,INST-troubleshooting,v2,37,100,2026-08-19T00:00:00.000Z,true,29
ASM-0034577,E-0233,communication,INST-communication,v1,73,100,2025-02-10T00:00:00.000Z,false,80
ASM-0034579,E-0233,execution,INST-execution,v1,31,100,2025-02-08T00:00:00.000Z,true,60
ASM-0034581,E-0233,collaboration,INST-collaboration,v1,76,100,2025-02-22T00:00:00.000Z,true,58
ASM-0034583,E-0233,problem_solving,INST-problem_solving,v1,28,100,2025-02-10T00:00:00.000Z,true,42
ASM-0034585,E-0233,system_design,INST-system_design,v1,74,100,2025-03-04T00:00:00.000Z,true,41
ASM-0034600,E-0233,communication,INST-communication,v1,90,100,2025-08-06T00:00:00.000Z,true,36
ASM-0034602,E-0233,execution,INST-execution,v1,47,100,2025-09-02T00:00:00.000Z,false,75
ASM-0034604,E-0233,problem_solving,INST-problem_solving,v1,23,100,2025-09-20T00:00:00.000Z,true,74
ASM-0034606,E-0233,system_design,INST-system_design,v1,72,100,2025-08-08T00:00:00.000Z,false,87
ASM-0034608,E-0233,code_quality,INST-code_quality,v1,61,100,2025-08-11T00:00:00.000Z,false,82
ASM-0034629,E-0233,communication,INST-communication,v2,60,100,2026-02-24T00:00:00.000Z,true,89
ASM-0034631,E-0233,execution,INST-execution,v2,50,100,2026-01-30T00:00:00.000Z,true,68
ASM-0034633,E-0233,problem_solving,INST-problem_solving,v2,45,100,2026-01-20T00:00:00.000Z,true,57
ASM-0034635,E-0233,system_design,INST-system_design,v2,84,100,2026-01-24T00:00:00.000Z,false,37
ASM-0034637,E-0233,code_quality,INST-code_quality,v2,72,100,2026-03-09T00:00:00.000Z,false,29
ASM-0034650,E-0233,execution,INST-execution,v2,65,100,2026-07-16T00:00:00.000Z,false,25
ASM-0034652,E-0233,problem_solving,INST-problem_solving,v2,46,100,2026-09-09T00:00:00.000Z,true,78
ASM-0034654,E-0233,system_design,INST-system_design,v2,94,100,2026-09-28T00:00:00.000Z,false,42
ASM-0034656,E-0233,code_quality,INST-code_quality,v2,100,100,2026-09-03T00:00:00.000Z,true,41
ASM-0034688,E-0234,communication,INST-communication,v1,82,100,2025-01-13T00:00:00.000Z,true,56
ASM-0034690,E-0234,execution,INST-execution,v1,21,100,2025-01-24T00:00:00.000Z,true,50
ASM-0034692,E-0234,collaboration,INST-collaboration,v1,36,100,2025-02-02T00:00:00.000Z,false,41
ASM-0034694,E-0234,problem_solving,INST-problem_solving,v1,34,100,2025-01-06T00:00:00.000Z,true,55
ASM-0034696,E-0234,negotiation,INST-negotiation,v1,78,100,2025-03-14T00:00:00.000Z,false,53
ASM-0034698,E-0234,pipeline_mgmt,INST-pipeline_mgmt,v1,53,100,2025-02-22T00:00:00.000Z,false,24
ASM-0034734,E-0234,communication,INST-communication,v1,60,100,2025-09-20T00:00:00.000Z,true,69
ASM-0034736,E-0234,execution,INST-execution,v1,23,100,2025-09-15T00:00:00.000Z,true,82
ASM-0034738,E-0234,collaboration,INST-collaboration,v1,54,100,2025-07-20T00:00:00.000Z,false,55
ASM-0034740,E-0234,pipeline_mgmt,INST-pipeline_mgmt,v1,56,100,2025-09-27T00:00:00.000Z,true,59
ASM-0034770,E-0234,communication,INST-communication,v2,51,100,2026-02-26T00:00:00.000Z,true,46
ASM-0034772,E-0234,execution,INST-execution,v2,29,100,2026-01-25T00:00:00.000Z,true,35
ASM-0034774,E-0234,collaboration,INST-collaboration,v2,58,100,2026-03-05T00:00:00.000Z,false,66
ASM-0034776,E-0234,problem_solving,INST-problem_solving,v2,58,100,2026-02-16T00:00:00.000Z,true,39
ASM-0034778,E-0234,negotiation,INST-negotiation,v2,48,100,2026-03-14T00:00:00.000Z,true,32
ASM-0034780,E-0234,pipeline_mgmt,INST-pipeline_mgmt,v2,84,100,2026-02-26T00:00:00.000Z,true,35
ASM-0034815,E-0234,execution,INST-execution,v2,23,100,2026-08-28T00:00:00.000Z,true,72
ASM-0034817,E-0234,problem_solving,INST-problem_solving,v2,77,100,2026-08-17T00:00:00.000Z,false,20
ASM-0034819,E-0234,negotiation,INST-negotiation,v2,23,100,2026-08-30T00:00:00.000Z,false,41
ASM-0034863,E-0235,communication,INST-communication,v1,31,100,2025-02-16T00:00:00.000Z,true,51
ASM-0034865,E-0235,collaboration,INST-collaboration,v1,40,100,2025-01-11T00:00:00.000Z,true,48
ASM-0034867,E-0235,problem_solving,INST-problem_solving,v1,35,100,2025-01-08T00:00:00.000Z,true,43
ASM-0034869,E-0235,campaign_strategy,INST-campaign_strategy,v1,50,100,2025-02-07T00:00:00.000Z,true,31
ASM-0034911,E-0235,communication,INST-communication,v1,42,100,2025-08-14T00:00:00.000Z,false,37
ASM-0034913,E-0235,execution,INST-execution,v1,31,100,2025-09-26T00:00:00.000Z,false,34
ASM-0034915,E-0235,collaboration,INST-collaboration,v1,39,100,2025-07-17T00:00:00.000Z,true,20
ASM-0034917,E-0235,problem_solving,INST-problem_solving,v1,31,100,2025-08-02T00:00:00.000Z,true,22
ASM-0034919,E-0235,campaign_strategy,INST-campaign_strategy,v1,48,100,2025-09-24T00:00:00.000Z,true,40
ASM-0034921,E-0235,content_quality,INST-content_quality,v1,28,100,2025-08-17T00:00:00.000Z,true,31
ASM-0034952,E-0235,communication,INST-communication,v2,52,100,2026-01-06T00:00:00.000Z,false,89
ASM-0034954,E-0235,execution,INST-execution,v2,44,100,2026-02-13T00:00:00.000Z,true,67
ASM-0034956,E-0235,collaboration,INST-collaboration,v2,52,100,2026-01-05T00:00:00.000Z,true,63
ASM-0034958,E-0235,problem_solving,INST-problem_solving,v2,37,100,2026-03-20T00:00:00.000Z,true,40
ASM-0034960,E-0235,campaign_strategy,INST-campaign_strategy,v2,25,100,2026-03-13T00:00:00.000Z,true,65
ASM-0034962,E-0235,content_quality,INST-content_quality,v2,30,100,2026-02-24T00:00:00.000Z,true,29
ASM-0034988,E-0235,communication,INST-communication,v2,56,100,2026-09-21T00:00:00.000Z,true,57
ASM-0034990,E-0235,problem_solving,INST-problem_solving,v2,39,100,2026-09-13T00:00:00.000Z,true,48
ASM-0034992,E-0235,campaign_strategy,INST-campaign_strategy,v2,0,100,2026-09-01T00:00:00.000Z,true,46
ASM-0034994,E-0235,content_quality,INST-content_quality,v2,28,100,2026-09-06T00:00:00.000Z,true,39
ASM-0035032,E-0236,execution,INST-execution,v1,32,100,2025-01-03T00:00:00.000Z,true,58
ASM-0035034,E-0236,collaboration,INST-collaboration,v1,39,100,2025-01-03T00:00:00.000Z,true,72
ASM-0035036,E-0236,problem_solving,INST-problem_solving,v1,16,100,2025-03-07T00:00:00.000Z,false,64
ASM-0035038,E-0236,roadmap_prioritization,INST-roadmap_prioritization,v1,53,100,2025-03-22T00:00:00.000Z,true,44
ASM-0035040,E-0236,stakeholder_alignment,INST-stakeholder_alignment,v1,41,100,2025-03-23T00:00:00.000Z,true,87
ASM-0035081,E-0236,communication,INST-communication,v1,8,100,2025-07-17T00:00:00.000Z,true,39
ASM-0035083,E-0236,execution,INST-execution,v1,21,100,2025-07-11T00:00:00.000Z,false,70
ASM-0035085,E-0236,collaboration,INST-collaboration,v1,33,100,2025-08-18T00:00:00.000Z,false,69
ASM-0035087,E-0236,problem_solving,INST-problem_solving,v1,30,100,2025-08-31T00:00:00.000Z,false,89
ASM-0035089,E-0236,roadmap_prioritization,INST-roadmap_prioritization,v1,42,100,2025-07-27T00:00:00.000Z,false,68
ASM-0035112,E-0236,communication,INST-communication,v2,24,100,2026-03-06T00:00:00.000Z,true,27
ASM-0035114,E-0236,execution,INST-execution,v2,62,100,2026-03-07T00:00:00.000Z,false,82
ASM-0035116,E-0236,collaboration,INST-collaboration,v2,59,100,2026-03-12T00:00:00.000Z,true,54
ASM-0035118,E-0236,problem_solving,INST-problem_solving,v2,34,100,2026-03-27T00:00:00.000Z,true,63
ASM-0035145,E-0236,communication,INST-communication,v2,34,100,2026-07-10T00:00:00.000Z,true,61
ASM-0035147,E-0236,execution,INST-execution,v2,62,100,2026-09-18T00:00:00.000Z,true,38
ASM-0035149,E-0236,collaboration,INST-collaboration,v2,73,100,2026-07-07T00:00:00.000Z,true,53
ASM-0035151,E-0236,roadmap_prioritization,INST-roadmap_prioritization,v2,77,100,2026-08-05T00:00:00.000Z,false,67
ASM-0035189,E-0237,communication,INST-communication,v1,69,100,2025-01-29T00:00:00.000Z,true,71
ASM-0035191,E-0237,execution,INST-execution,v1,34,100,2025-03-30T00:00:00.000Z,true,53
ASM-0035193,E-0237,collaboration,INST-collaboration,v1,31,100,2025-01-15T00:00:00.000Z,true,30
ASM-0035195,E-0237,problem_solving,INST-problem_solving,v1,28,100,2025-03-01T00:00:00.000Z,true,45
ASM-0035197,E-0237,visual_craft,INST-visual_craft,v1,21,100,2025-03-27T00:00:00.000Z,false,70
ASM-0035227,E-0237,communication,INST-communication,v1,54,100,2025-07-19T00:00:00.000Z,false,89
ASM-0035229,E-0237,execution,INST-execution,v1,28,100,2025-09-14T00:00:00.000Z,false,73
ASM-0035231,E-0237,problem_solving,INST-problem_solving,v1,38,100,2025-09-09T00:00:00.000Z,true,64
ASM-0035233,E-0237,visual_craft,INST-visual_craft,v1,30,100,2025-07-23T00:00:00.000Z,false,26
ASM-0035235,E-0237,ux_research,INST-ux_research,v1,18,100,2025-07-03T00:00:00.000Z,true,83
ASM-0035266,E-0237,communication,INST-communication,v2,41,100,2026-03-04T00:00:00.000Z,false,47
ASM-0035268,E-0237,execution,INST-execution,v2,31,100,2026-01-14T00:00:00.000Z,true,22
ASM-0035270,E-0237,collaboration,INST-collaboration,v2,11,100,2026-03-28T00:00:00.000Z,true,82
ASM-0035272,E-0237,visual_craft,INST-visual_craft,v2,44,100,2026-01-21T00:00:00.000Z,true,33
ASM-0035274,E-0237,ux_research,INST-ux_research,v2,30,100,2026-02-19T00:00:00.000Z,true,64
ASM-0035307,E-0237,communication,INST-communication,v2,24,100,2026-08-04T00:00:00.000Z,true,45
ASM-0035309,E-0237,collaboration,INST-collaboration,v2,13,100,2026-08-08T00:00:00.000Z,false,83
ASM-0035311,E-0237,problem_solving,INST-problem_solving,v2,31,100,2026-08-15T00:00:00.000Z,true,46
ASM-0035313,E-0237,ux_research,INST-ux_research,v2,28,100,2026-09-20T00:00:00.000Z,true,41
ASM-0035345,E-0238,communication,INST-communication,v1,34,100,2025-02-09T00:00:00.000Z,true,33
ASM-0035347,E-0238,execution,INST-execution,v1,26,100,2025-01-05T00:00:00.000Z,true,42
ASM-0035349,E-0238,collaboration,INST-collaboration,v1,36,100,2025-02-25T00:00:00.000Z,true,53
ASM-0035351,E-0238,problem_solving,INST-problem_solving,v1,30,100,2025-01-01T00:00:00.000Z,true,44
ASM-0035353,E-0238,financial_modeling,INST-financial_modeling,v1,31,100,2025-02-06T00:00:00.000Z,false,67
ASM-0035355,E-0238,compliance_rigor,INST-compliance_rigor,v1,49,100,2025-01-25T00:00:00.000Z,false,28
ASM-0035373,E-0238,communication,INST-communication,v1,41,100,2025-07-05T00:00:00.000Z,true,78
ASM-0035375,E-0238,execution,INST-execution,v1,41,100,2025-07-28T00:00:00.000Z,true,44
ASM-0035377,E-0238,collaboration,INST-collaboration,v1,42,100,2025-09-21T00:00:00.000Z,false,40
ASM-0035379,E-0238,problem_solving,INST-problem_solving,v1,45,100,2025-07-18T00:00:00.000Z,true,47
ASM-0035381,E-0238,financial_modeling,INST-financial_modeling,v1,34,100,2025-07-29T00:00:00.000Z,false,86
ASM-0035383,E-0238,compliance_rigor,INST-compliance_rigor,v1,26,100,2025-09-10T00:00:00.000Z,true,88
ASM-0035408,E-0238,communication,INST-communication,v2,36,100,2026-02-27T00:00:00.000Z,true,39
ASM-0035410,E-0238,execution,INST-execution,v2,28,100,2026-02-21T00:00:00.000Z,true,34
ASM-0035412,E-0238,collaboration,INST-collaboration,v2,49,100,2026-01-22T00:00:00.000Z,true,64
ASM-0035414,E-0238,financial_modeling,INST-financial_modeling,v2,51,100,2026-03-18T00:00:00.000Z,true,56
ASM-0035416,E-0238,compliance_rigor,INST-compliance_rigor,v2,29,100,2026-03-16T00:00:00.000Z,true,55
ASM-0035448,E-0238,communication,INST-communication,v2,24,100,2026-07-23T00:00:00.000Z,true,71
ASM-0035450,E-0238,execution,INST-execution,v2,34,100,2026-09-15T00:00:00.000Z,true,76
ASM-0035452,E-0238,collaboration,INST-collaboration,v2,39,100,2026-08-01T00:00:00.000Z,true,34
ASM-0035454,E-0238,problem_solving,INST-problem_solving,v2,79,100,2026-08-24T00:00:00.000Z,false,51
ASM-0035456,E-0238,financial_modeling,INST-financial_modeling,v2,36,100,2026-08-20T00:00:00.000Z,true,29
ASM-0035501,E-0239,communication,INST-communication,v1,24,100,2025-03-22T00:00:00.000Z,true,37
ASM-0035503,E-0239,execution,INST-execution,v1,32,100,2025-02-11T00:00:00.000Z,false,54
ASM-0035505,E-0239,collaboration,INST-collaboration,v1,82,100,2025-02-04T00:00:00.000Z,true,45
ASM-0035507,E-0239,problem_solving,INST-problem_solving,v1,40,100,2025-03-09T00:00:00.000Z,false,57
ASM-0035509,E-0239,talent_assessment,INST-talent_assessment,v1,34,100,2025-01-04T00:00:00.000Z,true,50
ASM-0035511,E-0239,policy_navigation,INST-policy_navigation,v1,23,100,2025-02-23T00:00:00.000Z,false,62
ASM-0035534,E-0239,execution,INST-execution,v1,21,100,2025-09-02T00:00:00.000Z,true,49
ASM-0035536,E-0239,collaboration,INST-collaboration,v1,68,100,2025-09-16T00:00:00.000Z,false,38
ASM-0035538,E-0239,problem_solving,INST-problem_solving,v1,31,100,2025-08-06T00:00:00.000Z,true,79
ASM-0035540,E-0239,talent_assessment,INST-talent_assessment,v1,29,100,2025-07-22T00:00:00.000Z,true,46
ASM-0035542,E-0239,policy_navigation,INST-policy_navigation,v1,41,100,2025-08-23T00:00:00.000Z,true,54
ASM-0035573,E-0239,execution,INST-execution,v2,31,100,2026-03-19T00:00:00.000Z,true,36
ASM-0035575,E-0239,collaboration,INST-collaboration,v2,59,100,2026-02-13T00:00:00.000Z,true,63
ASM-0035577,E-0239,problem_solving,INST-problem_solving,v2,27,100,2026-03-10T00:00:00.000Z,true,71
ASM-0035579,E-0239,policy_navigation,INST-policy_navigation,v2,53,100,2026-02-20T00:00:00.000Z,true,85
ASM-0035610,E-0239,collaboration,INST-collaboration,v2,37,100,2026-07-14T00:00:00.000Z,true,45
ASM-0035612,E-0239,problem_solving,INST-problem_solving,v2,30,100,2026-07-01T00:00:00.000Z,true,73
ASM-0035614,E-0239,talent_assessment,INST-talent_assessment,v2,46,100,2026-07-10T00:00:00.000Z,true,59
ASM-0035616,E-0239,policy_navigation,INST-policy_navigation,v2,65,100,2026-07-25T00:00:00.000Z,true,77
ASM-0035660,E-0240,communication,INST-communication,v1,35,100,2025-03-08T00:00:00.000Z,true,38
ASM-0035662,E-0240,execution,INST-execution,v1,32,100,2025-01-08T00:00:00.000Z,false,74
ASM-0035664,E-0240,collaboration,INST-collaboration,v1,26,100,2025-02-20T00:00:00.000Z,true,69
ASM-0035666,E-0240,problem_solving,INST-problem_solving,v1,75,100,2025-03-04T00:00:00.000Z,false,63
ASM-0035668,E-0240,troubleshooting,INST-troubleshooting,v1,47,100,2025-03-06T00:00:00.000Z,true,65
ASM-0035692,E-0240,communication,INST-communication,v1,35,100,2025-08-28T00:00:00.000Z,true,22
ASM-0035694,E-0240,execution,INST-execution,v1,34,100,2025-09-04T00:00:00.000Z,true,54
ASM-0035696,E-0240,collaboration,INST-collaboration,v1,40,100,2025-07-17T00:00:00.000Z,true,33
ASM-0035698,E-0240,problem_solving,INST-problem_solving,v1,55,100,2025-08-10T00:00:00.000Z,true,76
ASM-0035700,E-0240,customer_resolution,INST-customer_resolution,v1,47,100,2025-08-09T00:00:00.000Z,true,78
ASM-0035728,E-0240,communication,INST-communication,v2,28,100,2026-02-17T00:00:00.000Z,true,50
ASM-0035730,E-0240,execution,INST-execution,v2,66,100,2026-01-26T00:00:00.000Z,true,41
ASM-0035732,E-0240,collaboration,INST-collaboration,v2,28,100,2026-02-16T00:00:00.000Z,true,88
ASM-0035734,E-0240,problem_solving,INST-problem_solving,v2,43,100,2026-01-18T00:00:00.000Z,true,52
ASM-0035736,E-0240,customer_resolution,INST-customer_resolution,v2,58,100,2026-03-28T00:00:00.000Z,true,27
ASM-0035762,E-0240,communication,INST-communication,v2,33,100,2026-09-25T00:00:00.000Z,false,36
ASM-0035764,E-0240,execution,INST-execution,v2,57,100,2026-09-14T00:00:00.000Z,true,21
ASM-0035766,E-0240,collaboration,INST-collaboration,v2,14,100,2026-07-05T00:00:00.000Z,true,54
ASM-0035768,E-0240,problem_solving,INST-problem_solving,v2,15,100,2026-07-21T00:00:00.000Z,true,68
ASM-0035770,E-0240,customer_resolution,INST-customer_resolution,v2,79,100,2026-08-09T00:00:00.000Z,true,69
ASM-0035803,E-0241,communication,INST-communication,v1,57,100,2025-03-01T00:00:00.000Z,false,48
ASM-0035805,E-0241,execution,INST-execution,v1,28,100,2025-02-09T00:00:00.000Z,true,59
ASM-0035807,E-0241,collaboration,INST-collaboration,v1,63,100,2025-03-15T00:00:00.000Z,true,33
ASM-0035809,E-0241,system_design,INST-system_design,v1,55,100,2025-03-27T00:00:00.000Z,true,61
ASM-0035811,E-0241,code_quality,INST-code_quality,v1,36,100,2025-03-28T00:00:00.000Z,false,51
ASM-0035835,E-0241,communication,INST-communication,v1,47,100,2025-09-24T00:00:00.000Z,false,35
ASM-0035837,E-0241,execution,INST-execution,v1,34,100,2025-09-24T00:00:00.000Z,false,70
ASM-0035839,E-0241,collaboration,INST-collaboration,v1,54,100,2025-08-13T00:00:00.000Z,false,75
ASM-0035841,E-0241,system_design,INST-system_design,v1,51,100,2025-09-25T00:00:00.000Z,false,55
ASM-0035843,E-0241,code_quality,INST-code_quality,v1,56,100,2025-09-19T00:00:00.000Z,true,84
ASM-0035872,E-0241,communication,INST-communication,v2,39,100,2026-02-26T00:00:00.000Z,true,20
ASM-0035874,E-0241,execution,INST-execution,v2,54,100,2026-02-20T00:00:00.000Z,false,37
ASM-0035876,E-0241,collaboration,INST-collaboration,v2,65,100,2026-02-24T00:00:00.000Z,true,84
ASM-0035878,E-0241,problem_solving,INST-problem_solving,v2,67,100,2026-03-01T00:00:00.000Z,false,77
ASM-0035880,E-0241,system_design,INST-system_design,v2,61,100,2026-01-14T00:00:00.000Z,true,83
ASM-0035882,E-0241,code_quality,INST-code_quality,v2,62,100,2026-02-13T00:00:00.000Z,true,86
ASM-0035923,E-0241,communication,INST-communication,v2,42,100,2026-07-28T00:00:00.000Z,true,84
ASM-0035925,E-0241,execution,INST-execution,v2,77,100,2026-09-23T00:00:00.000Z,false,87
ASM-0035927,E-0241,collaboration,INST-collaboration,v2,64,100,2026-07-05T00:00:00.000Z,true,63
ASM-0035929,E-0241,problem_solving,INST-problem_solving,v2,75,100,2026-09-21T00:00:00.000Z,true,53
ASM-0035931,E-0241,system_design,INST-system_design,v2,47,100,2026-08-14T00:00:00.000Z,true,42
ASM-0035933,E-0241,code_quality,INST-code_quality,v2,62,100,2026-07-19T00:00:00.000Z,true,87
ASM-0035975,E-0242,communication,INST-communication,v1,71,100,2025-01-30T00:00:00.000Z,true,40
ASM-0035977,E-0242,execution,INST-execution,v1,81,100,2025-03-20T00:00:00.000Z,false,34
ASM-0035979,E-0242,pipeline_mgmt,INST-pipeline_mgmt,v1,45,100,2025-03-30T00:00:00.000Z,true,35
ASM-0036007,E-0242,communication,INST-communication,v1,60,100,2025-08-13T00:00:00.000Z,true,37
ASM-0036009,E-0242,execution,INST-execution,v1,53,100,2025-07-09T00:00:00.000Z,true,43
ASM-0036011,E-0242,collaboration,INST-collaboration,v1,26,100,2025-07-25T00:00:00.000Z,true,32
ASM-0036013,E-0242,negotiation,INST-negotiation,v1,26,100,2025-08-20T00:00:00.000Z,true,39
ASM-0036015,E-0242,pipeline_mgmt,INST-pipeline_mgmt,v1,51,100,2025-08-09T00:00:00.000Z,true,48
ASM-0036042,E-0242,execution,INST-execution,v2,52,100,2026-01-22T00:00:00.000Z,true,27
ASM-0036044,E-0242,collaboration,INST-collaboration,v2,33,100,2026-02-17T00:00:00.000Z,true,79
ASM-0036046,E-0242,negotiation,INST-negotiation,v2,39,100,2026-01-12T00:00:00.000Z,true,64
ASM-0036048,E-0242,pipeline_mgmt,INST-pipeline_mgmt,v2,60,100,2026-03-13T00:00:00.000Z,true,25
ASM-0036071,E-0242,communication,INST-communication,v2,27,100,2026-07-21T00:00:00.000Z,true,57
ASM-0036073,E-0242,execution,INST-execution,v2,34,100,2026-08-24T00:00:00.000Z,true,78
ASM-0036075,E-0242,collaboration,INST-collaboration,v2,37,100,2026-08-01T00:00:00.000Z,false,24
ASM-0036077,E-0242,negotiation,INST-negotiation,v2,68,100,2026-07-28T00:00:00.000Z,false,60
ASM-0036079,E-0242,pipeline_mgmt,INST-pipeline_mgmt,v2,72,100,2026-08-14T00:00:00.000Z,true,44
ASM-0036124,E-0243,communication,INST-communication,v1,24,100,2025-01-17T00:00:00.000Z,true,88
ASM-0036126,E-0243,collaboration,INST-collaboration,v1,36,100,2025-01-14T00:00:00.000Z,true,27
ASM-0036128,E-0243,problem_solving,INST-problem_solving,v1,72,100,2025-03-10T00:00:00.000Z,true,88
ASM-0036130,E-0243,content_quality,INST-content_quality,v1,33,100,2025-01-29T00:00:00.000Z,true,62
ASM-0036156,E-0243,execution,INST-execution,v1,49,100,2025-07-22T00:00:00.000Z,true,40
ASM-0036158,E-0243,collaboration,INST-collaboration,v1,50,100,2025-09-13T00:00:00.000Z,false,47
ASM-0036160,E-0243,problem_solving,INST-problem_solving,v1,48,100,2025-08-07T00:00:00.000Z,true,46
ASM-0036162,E-0243,campaign_strategy,INST-campaign_strategy,v1,41,100,2025-07-10T00:00:00.000Z,true,51
ASM-0036164,E-0243,content_quality,INST-content_quality,v1,24,100,2025-09-22T00:00:00.000Z,false,35
ASM-0036195,E-0243,communication,INST-communication,v2,30,100,2026-02-01T00:00:00.000Z,true,48
ASM-0036197,E-0243,execution,INST-execution,v2,59,100,2026-01-26T00:00:00.000Z,true,48
ASM-0036199,E-0243,collaboration,INST-collaboration,v2,81,100,2026-01-22T00:00:00.000Z,true,85
ASM-0036201,E-0243,problem_solving,INST-problem_solving,v2,48,100,2026-03-13T00:00:00.000Z,false,34
ASM-0036203,E-0243,campaign_strategy,INST-campaign_strategy,v2,22,100,2026-03-19T00:00:00.000Z,false,20
ASM-0036205,E-0243,content_quality,INST-content_quality,v2,36,100,2026-02-09T00:00:00.000Z,false,57
ASM-0036239,E-0243,communication,INST-communication,v2,44,100,2026-09-15T00:00:00.000Z,true,63
ASM-0036241,E-0243,execution,INST-execution,v2,71,100,2026-07-12T00:00:00.000Z,false,62
ASM-0036243,E-0243,collaboration,INST-collaboration,v2,76,100,2026-07-22T00:00:00.000Z,true,29
ASM-0036245,E-0243,campaign_strategy,INST-campaign_strategy,v2,32,100,2026-09-05T00:00:00.000Z,true,37
ASM-0036247,E-0243,content_quality,INST-content_quality,v2,28,100,2026-09-18T00:00:00.000Z,true,68
ASM-0036279,E-0244,communication,INST-communication,v1,33,100,2025-03-19T00:00:00.000Z,true,60
ASM-0036281,E-0244,execution,INST-execution,v1,54,100,2025-03-27T00:00:00.000Z,true,77
ASM-0036283,E-0244,problem_solving,INST-problem_solving,v1,43,100,2025-03-17T00:00:00.000Z,true,27
ASM-0036285,E-0244,roadmap_prioritization,INST-roadmap_prioritization,v1,34,100,2025-02-05T00:00:00.000Z,true,67
ASM-0036287,E-0244,stakeholder_alignment,INST-stakeholder_alignment,v1,23,100,2025-02-18T00:00:00.000Z,true,43
ASM-0036319,E-0244,execution,INST-execution,v1,55,100,2025-09-29T00:00:00.000Z,false,39
ASM-0036321,E-0244,collaboration,INST-collaboration,v1,11,100,2025-08-15T00:00:00.000Z,false,46
ASM-0036323,E-0244,stakeholder_alignment,INST-stakeholder_alignment,v1,45,100,2025-08-05T00:00:00.000Z,true,38
ASM-0036355,E-0244,communication,INST-communication,v2,16,100,2026-01-23T00:00:00.000Z,true,29
ASM-0036357,E-0244,execution,INST-execution,v2,66,100,2026-02-03T00:00:00.000Z,true,41
ASM-0036359,E-0244,collaboration,INST-collaboration,v2,34,100,2026-02-24T00:00:00.000Z,true,85
ASM-0036361,E-0244,roadmap_prioritization,INST-roadmap_prioritization,v2,34,100,2026-01-08T00:00:00.000Z,true,67
ASM-0036363,E-0244,stakeholder_alignment,INST-stakeholder_alignment,v2,49,100,2026-02-05T00:00:00.000Z,true,62
ASM-0036394,E-0244,communication,INST-communication,v2,28,100,2026-09-25T00:00:00.000Z,false,43
ASM-0036396,E-0244,execution,INST-execution,v2,39,100,2026-07-01T00:00:00.000Z,true,69
ASM-0036398,E-0244,collaboration,INST-collaboration,v2,41,100,2026-08-04T00:00:00.000Z,true,80
ASM-0036400,E-0244,roadmap_prioritization,INST-roadmap_prioritization,v2,28,100,2026-07-11T00:00:00.000Z,false,54
ASM-0036402,E-0244,stakeholder_alignment,INST-stakeholder_alignment,v2,68,100,2026-07-07T00:00:00.000Z,true,65
ASM-0036437,E-0245,communication,INST-communication,v1,26,100,2025-01-29T00:00:00.000Z,true,74
ASM-0036439,E-0245,execution,INST-execution,v1,78,100,2025-03-04T00:00:00.000Z,true,46
ASM-0036441,E-0245,collaboration,INST-collaboration,v1,33,100,2025-03-20T00:00:00.000Z,true,20
ASM-0036443,E-0245,problem_solving,INST-problem_solving,v1,22,100,2025-02-06T00:00:00.000Z,false,88
ASM-0036445,E-0245,ux_research,INST-ux_research,v1,29,100,2025-02-17T00:00:00.000Z,true,57
ASM-0036479,E-0245,communication,INST-communication,v1,28,100,2025-09-28T00:00:00.000Z,true,71
ASM-0036481,E-0245,problem_solving,INST-problem_solving,v1,24,100,2025-08-11T00:00:00.000Z,true,24
ASM-0036483,E-0245,visual_craft,INST-visual_craft,v1,25,100,2025-09-25T00:00:00.000Z,true,89
ASM-0036485,E-0245,ux_research,INST-ux_research,v1,16,100,2025-09-09T00:00:00.000Z,true,47
ASM-0036505,E-0245,communication,INST-communication,v2,63,100,2026-02-02T00:00:00.000Z,true,75
ASM-0036507,E-0245,execution,INST-execution,v2,53,100,2026-01-18T00:00:00.000Z,false,78
ASM-0036509,E-0245,problem_solving,INST-problem_solving,v2,20,100,2026-03-25T00:00:00.000Z,true,29
ASM-0036511,E-0245,visual_craft,INST-visual_craft,v2,43,100,2026-02-01T00:00:00.000Z,true,45
ASM-0036513,E-0245,ux_research,INST-ux_research,v2,25,100,2026-03-24T00:00:00.000Z,false,57
ASM-0036551,E-0245,communication,INST-communication,v2,79,100,2026-09-27T00:00:00.000Z,false,22
ASM-0036553,E-0245,execution,INST-execution,v2,25,100,2026-07-22T00:00:00.000Z,true,83
ASM-0036555,E-0245,collaboration,INST-collaboration,v2,40,100,2026-07-12T00:00:00.000Z,true,71
ASM-0036557,E-0245,problem_solving,INST-problem_solving,v2,18,100,2026-08-04T00:00:00.000Z,true,41
ASM-0036559,E-0245,ux_research,INST-ux_research,v2,32,100,2026-08-24T00:00:00.000Z,true,37
ASM-0036593,E-0246,communication,INST-communication,v1,23,100,2025-02-26T00:00:00.000Z,false,52
ASM-0036595,E-0246,execution,INST-execution,v1,79,100,2025-03-27T00:00:00.000Z,true,53
ASM-0036597,E-0246,collaboration,INST-collaboration,v1,55,100,2025-03-30T00:00:00.000Z,true,85
ASM-0036599,E-0246,problem_solving,INST-problem_solving,v1,19,100,2025-03-21T00:00:00.000Z,false,88
ASM-0036601,E-0246,financial_modeling,INST-financial_modeling,v1,69,100,2025-03-08T00:00:00.000Z,true,45
ASM-0036603,E-0246,compliance_rigor,INST-compliance_rigor,v1,78,100,2025-03-06T00:00:00.000Z,true,53
ASM-0036625,E-0246,communication,INST-communication,v1,26,100,2025-09-24T00:00:00.000Z,false,20
ASM-0036627,E-0246,execution,INST-execution,v1,56,100,2025-07-15T00:00:00.000Z,true,39
ASM-0036629,E-0246,collaboration,INST-collaboration,v1,59,100,2025-07-07T00:00:00.000Z,false,66
ASM-0036631,E-0246,problem_solving,INST-problem_solving,v1,12,100,2025-09-10T00:00:00.000Z,false,27
ASM-0036633,E-0246,financial_modeling,INST-financial_modeling,v1,79,100,2025-08-10T00:00:00.000Z,true,36
ASM-0036652,E-0246,communication,INST-communication,v2,36,100,2026-01-03T00:00:00.000Z,false,87
ASM-0036654,E-0246,collaboration,INST-collaboration,v2,60,100,2026-02-18T00:00:00.000Z,true,42
ASM-0036656,E-0246,compliance_rigor,INST-compliance_rigor,v2,37,100,2026-02-18T00:00:00.000Z,false,37
ASM-0036669,E-0246,communication,INST-communication,v2,53,100,2026-09-23T00:00:00.000Z,true,43
ASM-0036671,E-0246,execution,INST-execution,v2,74,100,2026-09-19T00:00:00.000Z,false,71
ASM-0036673,E-0246,collaboration,INST-collaboration,v2,64,100,2026-08-02T00:00:00.000Z,false,20
ASM-0036675,E-0246,problem_solving,INST-problem_solving,v2,54,100,2026-08-18T00:00:00.000Z,true,67
ASM-0036677,E-0246,financial_modeling,INST-financial_modeling,v2,71,100,2026-07-17T00:00:00.000Z,true,57
ASM-0036679,E-0246,compliance_rigor,INST-compliance_rigor,v2,36,100,2026-08-31T00:00:00.000Z,true,70
ASM-0036719,E-0247,communication,INST-communication,v1,28,100,2025-01-15T00:00:00.000Z,false,69
ASM-0036721,E-0247,execution,INST-execution,v1,24,100,2025-02-08T00:00:00.000Z,true,60
ASM-0036723,E-0247,collaboration,INST-collaboration,v1,27,100,2025-01-15T00:00:00.000Z,true,67
ASM-0036725,E-0247,problem_solving,INST-problem_solving,v1,35,100,2025-01-10T00:00:00.000Z,false,84
ASM-0036727,E-0247,talent_assessment,INST-talent_assessment,v1,42,100,2025-01-03T00:00:00.000Z,true,32
ASM-0036729,E-0247,policy_navigation,INST-policy_navigation,v1,25,100,2025-02-07T00:00:00.000Z,true,61
ASM-0036761,E-0247,communication,INST-communication,v1,30,100,2025-08-18T00:00:00.000Z,true,59
ASM-0036763,E-0247,execution,INST-execution,v1,17,100,2025-07-29T00:00:00.000Z,true,37
ASM-0036765,E-0247,collaboration,INST-collaboration,v1,47,100,2025-08-31T00:00:00.000Z,true,22
ASM-0036767,E-0247,talent_assessment,INST-talent_assessment,v1,47,100,2025-07-10T00:00:00.000Z,false,26
ASM-0036769,E-0247,policy_navigation,INST-policy_navigation,v1,28,100,2025-09-02T00:00:00.000Z,false,58
ASM-0036798,E-0247,execution,INST-execution,v2,38,100,2026-02-03T00:00:00.000Z,true,74
ASM-0036800,E-0247,collaboration,INST-collaboration,v2,73,100,2026-02-18T00:00:00.000Z,false,70
ASM-0036802,E-0247,problem_solving,INST-problem_solving,v2,43,100,2026-02-16T00:00:00.000Z,false,36
ASM-0036804,E-0247,talent_assessment,INST-talent_assessment,v2,66,100,2026-01-23T00:00:00.000Z,false,26
ASM-0036806,E-0247,policy_navigation,INST-policy_navigation,v2,55,100,2026-03-29T00:00:00.000Z,true,58
ASM-0036843,E-0247,communication,INST-communication,v2,40,100,2026-07-13T00:00:00.000Z,true,20
ASM-0036845,E-0247,execution,INST-execution,v2,62,100,2026-09-21T00:00:00.000Z,true,73
ASM-0036847,E-0247,collaboration,INST-collaboration,v2,87,100,2026-09-25T00:00:00.000Z,false,38
ASM-0036849,E-0247,problem_solving,INST-problem_solving,v2,55,100,2026-09-13T00:00:00.000Z,true,23
ASM-0036851,E-0247,talent_assessment,INST-talent_assessment,v2,74,100,2026-07-19T00:00:00.000Z,true,54
ASM-0036892,E-0248,communication,INST-communication,v1,20,100,2025-03-14T00:00:00.000Z,true,46
ASM-0036894,E-0248,execution,INST-execution,v1,23,100,2025-03-13T00:00:00.000Z,false,45
ASM-0036896,E-0248,collaboration,INST-collaboration,v1,31,100,2025-01-14T00:00:00.000Z,true,77
ASM-0036898,E-0248,problem_solving,INST-problem_solving,v1,24,100,2025-03-30T00:00:00.000Z,false,80
ASM-0036900,E-0248,troubleshooting,INST-troubleshooting,v1,39,100,2025-02-11T00:00:00.000Z,true,76
ASM-0036923,E-0248,execution,INST-execution,v1,17,100,2025-07-18T00:00:00.000Z,true,74
ASM-0036925,E-0248,collaboration,INST-collaboration,v1,32,100,2025-08-17T00:00:00.000Z,false,63
ASM-0036927,E-0248,problem_solving,INST-problem_solving,v1,34,100,2025-08-23T00:00:00.000Z,true,69
ASM-0036929,E-0248,customer_resolution,INST-customer_resolution,v1,31,100,2025-09-09T00:00:00.000Z,true,72
ASM-0036963,E-0248,communication,INST-communication,v2,49,100,2026-02-19T00:00:00.000Z,true,77
ASM-0036965,E-0248,execution,INST-execution,v2,27,100,2026-03-12T00:00:00.000Z,true,70
ASM-0036967,E-0248,collaboration,INST-collaboration,v2,31,100,2026-02-08T00:00:00.000Z,true,65
ASM-0036969,E-0248,problem_solving,INST-problem_solving,v2,42,100,2026-03-20T00:00:00.000Z,true,26
ASM-0036971,E-0248,customer_resolution,INST-customer_resolution,v2,63,100,2026-01-23T00:00:00.000Z,false,40
ASM-0036973,E-0248,troubleshooting,INST-troubleshooting,v2,43,100,2026-03-08T00:00:00.000Z,true,73
ASM-0037010,E-0248,execution,INST-execution,v2,20,100,2026-09-08T00:00:00.000Z,true,70
ASM-0037012,E-0248,collaboration,INST-collaboration,v2,59,100,2026-09-18T00:00:00.000Z,false,47
ASM-0037014,E-0248,problem_solving,INST-problem_solving,v2,29,100,2026-07-08T00:00:00.000Z,true,84
ASM-0037016,E-0248,customer_resolution,INST-customer_resolution,v2,77,100,2026-07-30T00:00:00.000Z,true,70
ASM-0037018,E-0248,troubleshooting,INST-troubleshooting,v2,36,100,2026-09-09T00:00:00.000Z,true,68
ASM-0037062,E-0249,collaboration,INST-collaboration,v1,33,100,2025-03-28T00:00:00.000Z,true,52
ASM-0037064,E-0249,problem_solving,INST-problem_solving,v1,30,100,2025-02-07T00:00:00.000Z,false,50
ASM-0037066,E-0249,system_design,INST-system_design,v1,23,100,2025-02-15T00:00:00.000Z,false,68
ASM-0037068,E-0249,code_quality,INST-code_quality,v1,23,100,2025-03-31T00:00:00.000Z,true,60
ASM-0037103,E-0249,communication,INST-communication,v1,55,100,2025-09-18T00:00:00.000Z,false,58
ASM-0037105,E-0249,execution,INST-execution,v1,39,100,2025-07-07T00:00:00.000Z,true,73
ASM-0037107,E-0249,collaboration,INST-collaboration,v1,44,100,2025-09-22T00:00:00.000Z,true,30
ASM-0037109,E-0249,system_design,INST-system_design,v1,62,100,2025-09-13T00:00:00.000Z,true,35
ASM-0037111,E-0249,code_quality,INST-code_quality,v1,33,100,2025-08-08T00:00:00.000Z,false,46
ASM-0037145,E-0249,communication,INST-communication,v2,56,100,2026-03-05T00:00:00.000Z,false,61
ASM-0037147,E-0249,execution,INST-execution,v2,41,100,2026-03-14T00:00:00.000Z,true,50
ASM-0037149,E-0249,collaboration,INST-collaboration,v2,42,100,2026-01-11T00:00:00.000Z,true,52
ASM-0037151,E-0249,problem_solving,INST-problem_solving,v2,36,100,2026-02-04T00:00:00.000Z,true,29
ASM-0037153,E-0249,system_design,INST-system_design,v2,57,100,2026-02-04T00:00:00.000Z,true,31
ASM-0037171,E-0249,communication,INST-communication,v2,51,100,2026-09-15T00:00:00.000Z,false,42
ASM-0037173,E-0249,execution,INST-execution,v2,54,100,2026-08-26T00:00:00.000Z,true,42
ASM-0037175,E-0249,collaboration,INST-collaboration,v2,46,100,2026-07-09T00:00:00.000Z,false,59
ASM-0037177,E-0249,problem_solving,INST-problem_solving,v2,53,100,2026-07-22T00:00:00.000Z,false,73
ASM-0037179,E-0249,system_design,INST-system_design,v2,57,100,2026-07-10T00:00:00.000Z,true,25
ASM-0037181,E-0249,code_quality,INST-code_quality,v2,85,100,2026-07-19T00:00:00.000Z,false,81
ASM-0037218,E-0250,communication,INST-communication,v1,34,100,2025-03-28T00:00:00.000Z,true,42
ASM-0037220,E-0250,execution,INST-execution,v1,31,100,2025-02-04T00:00:00.000Z,true,51
ASM-0037222,E-0250,problem_solving,INST-problem_solving,v1,34,100,2025-02-12T00:00:00.000Z,true,23
ASM-0037224,E-0250,pipeline_mgmt,INST-pipeline_mgmt,v1,30,100,2025-03-16T00:00:00.000Z,true,20
ASM-0037258,E-0250,communication,INST-communication,v1,19,100,2025-08-25T00:00:00.000Z,true,67
ASM-0037260,E-0250,execution,INST-execution,v1,11,100,2025-07-21T00:00:00.000Z,false,64
ASM-0037262,E-0250,collaboration,INST-collaboration,v1,36,100,2025-08-14T00:00:00.000Z,true,25
ASM-0037264,E-0250,negotiation,INST-negotiation,v1,57,100,2025-08-13T00:00:00.000Z,false,64
ASM-0037266,E-0250,pipeline_mgmt,INST-pipeline_mgmt,v1,43,100,2025-07-20T00:00:00.000Z,true,78
ASM-0037297,E-0250,execution,INST-execution,v2,47,100,2026-01-01T00:00:00.000Z,true,54
ASM-0037299,E-0250,collaboration,INST-collaboration,v2,56,100,2026-01-06T00:00:00.000Z,true,34
ASM-0037301,E-0250,problem_solving,INST-problem_solving,v2,36,100,2026-02-16T00:00:00.000Z,true,75
ASM-0037303,E-0250,negotiation,INST-negotiation,v2,31,100,2026-03-22T00:00:00.000Z,true,67
ASM-0037305,E-0250,pipeline_mgmt,INST-pipeline_mgmt,v2,52,100,2026-03-29T00:00:00.000Z,false,20
ASM-0037337,E-0250,communication,INST-communication,v2,49,100,2026-07-06T00:00:00.000Z,true,65
ASM-0037339,E-0250,problem_solving,INST-problem_solving,v2,32,100,2026-07-20T00:00:00.000Z,false,31
ASM-0037341,E-0250,negotiation,INST-negotiation,v2,14,100,2026-08-23T00:00:00.000Z,true,62
ASM-0037382,E-0251,communication,INST-communication,v1,39,100,2025-01-07T00:00:00.000Z,true,30
ASM-0037384,E-0251,collaboration,INST-collaboration,v1,42,100,2025-03-06T00:00:00.000Z,false,54
ASM-0037386,E-0251,problem_solving,INST-problem_solving,v1,55,100,2025-03-01T00:00:00.000Z,true,81
ASM-0037388,E-0251,content_quality,INST-content_quality,v1,31,100,2025-01-27T00:00:00.000Z,true,47
ASM-0037420,E-0251,communication,INST-communication,v1,50,100,2025-07-24T00:00:00.000Z,true,27
ASM-0037422,E-0251,execution,INST-execution,v1,55,100,2025-08-08T00:00:00.000Z,false,24
ASM-0037424,E-0251,collaboration,INST-collaboration,v1,51,100,2025-07-08T00:00:00.000Z,true,33
ASM-0037426,E-0251,problem_solving,INST-problem_solving,v1,64,100,2025-07-17T00:00:00.000Z,false,59
ASM-0037428,E-0251,campaign_strategy,INST-campaign_strategy,v1,64,100,2025-09-19T00:00:00.000Z,false,46
ASM-0037430,E-0251,content_quality,INST-content_quality,v1,50,100,2025-09-06T00:00:00.000Z,true,59
ASM-0037454,E-0251,communication,INST-communication,v2,41,100,2026-03-25T00:00:00.000Z,true,33
ASM-0037456,E-0251,collaboration,INST-collaboration,v2,68,100,2026-01-05T00:00:00.000Z,true,77
ASM-0037458,E-0251,problem_solving,INST-problem_solving,v2,52,100,2026-01-21T00:00:00.000Z,true,75
ASM-0037460,E-0251,campaign_strategy,INST-campaign_strategy,v2,59,100,2026-02-10T00:00:00.000Z,false,78
ASM-0037462,E-0251,content_quality,INST-content_quality,v2,49,100,2026-01-14T00:00:00.000Z,true,41
ASM-0037488,E-0251,communication,INST-communication,v2,54,100,2026-09-25T00:00:00.000Z,false,78
ASM-0037490,E-0251,execution,INST-execution,v2,53,100,2026-07-26T00:00:00.000Z,true,39
ASM-0037492,E-0251,collaboration,INST-collaboration,v2,50,100,2026-09-03T00:00:00.000Z,false,21
ASM-0037494,E-0251,problem_solving,INST-problem_solving,v2,52,100,2026-08-18T00:00:00.000Z,true,52
ASM-0037496,E-0251,content_quality,INST-content_quality,v2,81,100,2026-07-02T00:00:00.000Z,false,61
ASM-0037543,E-0252,execution,INST-execution,v1,68,100,2025-02-05T00:00:00.000Z,true,62
ASM-0037545,E-0252,problem_solving,INST-problem_solving,v1,33,100,2025-02-16T00:00:00.000Z,true,66
ASM-0037547,E-0252,roadmap_prioritization,INST-roadmap_prioritization,v1,7,100,2025-01-07T00:00:00.000Z,true,62
ASM-0037549,E-0252,stakeholder_alignment,INST-stakeholder_alignment,v1,19,100,2025-01-13T00:00:00.000Z,true,45
ASM-0037577,E-0252,communication,INST-communication,v1,25,100,2025-09-14T00:00:00.000Z,true,87
ASM-0037579,E-0252,execution,INST-execution,v1,71,100,2025-09-10T00:00:00.000Z,true,32
ASM-0037581,E-0252,collaboration,INST-collaboration,v1,48,100,2025-07-14T00:00:00.000Z,true,39
ASM-0037583,E-0252,problem_solving,INST-problem_solving,v1,29,100,2025-08-10T00:00:00.000Z,false,63
ASM-0037585,E-0252,roadmap_prioritization,INST-roadmap_prioritization,v1,29,100,2025-07-21T00:00:00.000Z,false,68
ASM-0037587,E-0252,stakeholder_alignment,INST-stakeholder_alignment,v1,4,100,2025-08-03T00:00:00.000Z,true,54
ASM-0037608,E-0252,communication,INST-communication,v2,49,100,2026-01-27T00:00:00.000Z,true,56
ASM-0037610,E-0252,execution,INST-execution,v2,64,100,2026-03-04T00:00:00.000Z,true,89
ASM-0037612,E-0252,roadmap_prioritization,INST-roadmap_prioritization,v2,30,100,2026-01-22T00:00:00.000Z,true,53
ASM-0037614,E-0252,stakeholder_alignment,INST-stakeholder_alignment,v2,47,100,2026-03-14T00:00:00.000Z,false,58
ASM-0037647,E-0252,communication,INST-communication,v2,63,100,2026-07-23T00:00:00.000Z,true,74
ASM-0037649,E-0252,execution,INST-execution,v2,46,100,2026-09-16T00:00:00.000Z,false,29
ASM-0037651,E-0252,collaboration,INST-collaboration,v2,49,100,2026-07-31T00:00:00.000Z,true,55
ASM-0037653,E-0252,problem_solving,INST-problem_solving,v2,58,100,2026-08-02T00:00:00.000Z,false,48
ASM-0037655,E-0252,roadmap_prioritization,INST-roadmap_prioritization,v2,54,100,2026-08-10T00:00:00.000Z,true,39
ASM-0037657,E-0252,stakeholder_alignment,INST-stakeholder_alignment,v2,54,100,2026-08-18T00:00:00.000Z,true,81
ASM-0037685,E-0253,communication,INST-communication,v1,34,100,2025-02-04T00:00:00.000Z,true,23
ASM-0037687,E-0253,execution,INST-execution,v1,35,100,2025-01-30T00:00:00.000Z,false,58
ASM-0037689,E-0253,collaboration,INST-collaboration,v1,33,100,2025-01-15T00:00:00.000Z,true,48
ASM-0037691,E-0253,visual_craft,INST-visual_craft,v1,28,100,2025-01-24T00:00:00.000Z,true,85
ASM-0037693,E-0253,ux_research,INST-ux_research,v1,38,100,2025-02-18T00:00:00.000Z,true,76
ASM-0037727,E-0253,communication,INST-communication,v1,56,100,2025-07-16T00:00:00.000Z,false,55
ASM-0037729,E-0253,execution,INST-execution,v1,56,100,2025-09-08T00:00:00.000Z,false,33
ASM-0037731,E-0253,collaboration,INST-collaboration,v1,48,100,2025-07-18T00:00:00.000Z,true,48
ASM-0037733,E-0253,problem_solving,INST-problem_solving,v1,17,100,2025-09-20T00:00:00.000Z,false,34
ASM-0037735,E-0253,visual_craft,INST-visual_craft,v1,37,100,2025-09-10T00:00:00.000Z,true,70
ASM-0037737,E-0253,ux_research,INST-ux_research,v1,65,100,2025-08-27T00:00:00.000Z,false,61
ASM-0037766,E-0253,communication,INST-communication,v2,69,100,2026-01-05T00:00:00.000Z,true,75
ASM-0037768,E-0253,execution,INST-execution,v2,65,100,2026-01-31T00:00:00.000Z,true,21
ASM-0037770,E-0253,collaboration,INST-collaboration,v2,69,100,2026-01-10T00:00:00.000Z,false,33
ASM-0037772,E-0253,problem_solving,INST-problem_solving,v2,5,100,2026-02-11T00:00:00.000Z,false,23
ASM-0037774,E-0253,visual_craft,INST-visual_craft,v2,60,100,2026-03-04T00:00:00.000Z,true,20
ASM-0037808,E-0253,communication,INST-communication,v2,84,100,2026-09-26T00:00:00.000Z,true,46
ASM-0037810,E-0253,execution,INST-execution,v2,70,100,2026-09-16T00:00:00.000Z,false,83
ASM-0037812,E-0253,collaboration,INST-collaboration,v2,76,100,2026-08-01T00:00:00.000Z,true,51
ASM-0037814,E-0253,problem_solving,INST-problem_solving,v2,13,100,2026-09-14T00:00:00.000Z,false,61
ASM-0037816,E-0253,visual_craft,INST-visual_craft,v2,72,100,2026-07-20T00:00:00.000Z,true,24
ASM-0037818,E-0253,ux_research,INST-ux_research,v2,82,100,2026-08-07T00:00:00.000Z,true,34
ASM-0037864,E-0254,communication,INST-communication,v1,20,100,2025-02-06T00:00:00.000Z,true,24
ASM-0037866,E-0254,execution,INST-execution,v1,33,100,2025-02-10T00:00:00.000Z,false,22
ASM-0037868,E-0254,collaboration,INST-collaboration,v1,23,100,2025-02-15T00:00:00.000Z,true,57
ASM-0037870,E-0254,problem_solving,INST-problem_solving,v1,46,100,2025-03-03T00:00:00.000Z,false,54
ASM-0037872,E-0254,financial_modeling,INST-financial_modeling,v1,59,100,2025-02-14T00:00:00.000Z,true,78
ASM-0037874,E-0254,compliance_rigor,INST-compliance_rigor,v1,25,100,2025-02-09T00:00:00.000Z,true,80
ASM-0037902,E-0254,execution,INST-execution,v1,40,100,2025-07-24T00:00:00.000Z,false,60
ASM-0037904,E-0254,collaboration,INST-collaboration,v1,53,100,2025-07-14T00:00:00.000Z,true,46
ASM-0037906,E-0254,problem_solving,INST-problem_solving,v1,22,100,2025-08-24T00:00:00.000Z,false,48
ASM-0037908,E-0254,financial_modeling,INST-financial_modeling,v1,52,100,2025-09-17T00:00:00.000Z,true,52
ASM-0037910,E-0254,compliance_rigor,INST-compliance_rigor,v1,28,100,2025-07-18T00:00:00.000Z,true,30
ASM-0037939,E-0254,execution,INST-execution,v2,61,100,2026-03-06T00:00:00.000Z,false,32
ASM-0037941,E-0254,collaboration,INST-collaboration,v2,55,100,2026-03-24T00:00:00.000Z,false,38
ASM-0037943,E-0254,problem_solving,INST-problem_solving,v2,36,100,2026-01-24T00:00:00.000Z,true,46
ASM-0037945,E-0254,financial_modeling,INST-financial_modeling,v2,41,100,2026-01-19T00:00:00.000Z,true,89
ASM-0037947,E-0254,compliance_rigor,INST-compliance_rigor,v2,42,100,2026-02-07T00:00:00.000Z,true,74
ASM-0037973,E-0254,execution,INST-execution,v2,79,100,2026-09-07T00:00:00.000Z,true,85
ASM-0037975,E-0254,collaboration,INST-collaboration,v2,57,100,2026-07-17T00:00:00.000Z,true,44
ASM-0037977,E-0254,problem_solving,INST-problem_solving,v2,62,100,2026-08-26T00:00:00.000Z,true,22
ASM-0037979,E-0254,financial_modeling,INST-financial_modeling,v2,26,100,2026-07-26T00:00:00.000Z,true,23
ASM-0037981,E-0254,compliance_rigor,INST-compliance_rigor,v2,70,100,2026-08-13T00:00:00.000Z,true,42
ASM-0038031,E-0255,communication,INST-communication,v1,66,100,2025-03-02T00:00:00.000Z,false,30
ASM-0038033,E-0255,execution,INST-execution,v1,40,100,2025-01-09T00:00:00.000Z,true,87
ASM-0038035,E-0255,problem_solving,INST-problem_solving,v1,28,100,2025-03-28T00:00:00.000Z,false,44
ASM-0038037,E-0255,talent_assessment,INST-talent_assessment,v1,62,100,2025-01-23T00:00:00.000Z,true,60
ASM-0038039,E-0255,policy_navigation,INST-policy_navigation,v1,46,100,2025-01-19T00:00:00.000Z,false,47
ASM-0038052,E-0255,communication,INST-communication,v1,75,100,2025-08-07T00:00:00.000Z,false,89
ASM-0038054,E-0255,execution,INST-execution,v1,60,100,2025-07-28T00:00:00.000Z,true,33
ASM-0038056,E-0255,problem_solving,INST-problem_solving,v1,45,100,2025-08-10T00:00:00.000Z,true,35
ASM-0038058,E-0255,talent_assessment,INST-talent_assessment,v1,55,100,2025-08-30T00:00:00.000Z,false,44
ASM-0038060,E-0255,policy_navigation,INST-policy_navigation,v1,64,100,2025-09-18T00:00:00.000Z,true,81
ASM-0038088,E-0255,communication,INST-communication,v2,38,100,2026-03-01T00:00:00.000Z,false,88
ASM-0038090,E-0255,execution,INST-execution,v2,67,100,2026-01-15T00:00:00.000Z,true,65
ASM-0038092,E-0255,collaboration,INST-collaboration,v2,38,100,2026-01-07T00:00:00.000Z,false,79
ASM-0038094,E-0255,problem_solving,INST-problem_solving,v2,25,100,2026-03-10T00:00:00.000Z,false,37
ASM-0038096,E-0255,policy_navigation,INST-policy_navigation,v2,64,100,2026-03-01T00:00:00.000Z,true,87
ASM-0038115,E-0255,communication,INST-communication,v2,51,100,2026-09-23T00:00:00.000Z,false,54
ASM-0038117,E-0255,execution,INST-execution,v2,71,100,2026-09-14T00:00:00.000Z,true,89
ASM-0038119,E-0255,collaboration,INST-collaboration,v2,30,100,2026-08-25T00:00:00.000Z,false,54
ASM-0038121,E-0255,problem_solving,INST-problem_solving,v2,38,100,2026-09-16T00:00:00.000Z,false,89
ASM-0038123,E-0255,talent_assessment,INST-talent_assessment,v2,28,100,2026-07-27T00:00:00.000Z,true,42
ASM-0038159,E-0256,communication,INST-communication,v1,33,100,2025-03-23T00:00:00.000Z,true,53
ASM-0038161,E-0256,execution,INST-execution,v1,87,100,2025-02-12T00:00:00.000Z,false,40
ASM-0038163,E-0256,collaboration,INST-collaboration,v1,54,100,2025-02-26T00:00:00.000Z,false,33
ASM-0038165,E-0256,customer_resolution,INST-customer_resolution,v1,72,100,2025-01-17T00:00:00.000Z,true,23
ASM-0038167,E-0256,troubleshooting,INST-troubleshooting,v1,15,100,2025-02-03T00:00:00.000Z,false,54
ASM-0038201,E-0256,communication,INST-communication,v1,30,100,2025-09-28T00:00:00.000Z,true,46
ASM-0038203,E-0256,execution,INST-execution,v1,94,100,2025-09-07T00:00:00.000Z,true,75
ASM-0038205,E-0256,collaboration,INST-collaboration,v1,65,100,2025-09-15T00:00:00.000Z,false,75
ASM-0038207,E-0256,customer_resolution,INST-customer_resolution,v1,85,100,2025-07-11T00:00:00.000Z,true,31
ASM-0038209,E-0256,troubleshooting,INST-troubleshooting,v1,39,100,2025-09-02T00:00:00.000Z,true,27
ASM-0038231,E-0256,collaboration,INST-collaboration,v2,63,100,2026-02-16T00:00:00.000Z,true,28
ASM-0038233,E-0256,customer_resolution,INST-customer_resolution,v2,59,100,2026-01-06T00:00:00.000Z,true,25
ASM-0038235,E-0256,troubleshooting,INST-troubleshooting,v2,70,100,2026-03-31T00:00:00.000Z,true,26
ASM-0038248,E-0256,collaboration,INST-collaboration,v2,65,100,2026-09-25T00:00:00.000Z,false,24
ASM-0038250,E-0256,customer_resolution,INST-customer_resolution,v2,79,100,2026-08-24T00:00:00.000Z,true,61
ASM-0038252,E-0256,troubleshooting,INST-troubleshooting,v2,91,100,2026-08-24T00:00:00.000Z,true,50
ASM-0038288,E-0257,communication,INST-communication,v1,32,100,2025-03-14T00:00:00.000Z,true,30
ASM-0038290,E-0257,collaboration,INST-collaboration,v1,22,100,2025-02-21T00:00:00.000Z,true,56
ASM-0038292,E-0257,problem_solving,INST-problem_solving,v1,26,100,2025-03-01T00:00:00.000Z,false,38
ASM-0038294,E-0257,system_design,INST-system_design,v1,26,100,2025-01-05T00:00:00.000Z,false,39
ASM-0038296,E-0257,code_quality,INST-code_quality,v1,37,100,2025-03-21T00:00:00.000Z,true,24
ASM-0038325,E-0257,communication,INST-communication,v1,43,100,2025-07-29T00:00:00.000Z,true,47
ASM-0038327,E-0257,execution,INST-execution,v1,29,100,2025-07-22T00:00:00.000Z,false,34
ASM-0038329,E-0257,collaboration,INST-collaboration,v1,51,100,2025-08-13T00:00:00.000Z,false,28
ASM-0038331,E-0257,problem_solving,INST-problem_solving,v1,31,100,2025-08-25T00:00:00.000Z,false,39
ASM-0038333,E-0257,system_design,INST-system_design,v1,31,100,2025-09-11T00:00:00.000Z,true,83
ASM-0038335,E-0257,code_quality,INST-code_quality,v1,28,100,2025-09-27T00:00:00.000Z,false,24
ASM-0038371,E-0257,communication,INST-communication,v2,59,100,2026-03-12T00:00:00.000Z,true,71
ASM-0038373,E-0257,execution,INST-execution,v2,31,100,2026-03-13T00:00:00.000Z,true,75
ASM-0038375,E-0257,collaboration,INST-collaboration,v2,60,100,2026-01-05T00:00:00.000Z,false,46
ASM-0038377,E-0257,problem_solving,INST-problem_solving,v2,59,100,2026-01-29T00:00:00.000Z,true,33
ASM-0038379,E-0257,system_design,INST-system_design,v2,4,100,2026-03-06T00:00:00.000Z,true,33
ASM-0038381,E-0257,code_quality,INST-code_quality,v2,53,100,2026-01-10T00:00:00.000Z,true,44
ASM-0038414,E-0257,communication,INST-communication,v2,79,100,2026-07-26T00:00:00.000Z,false,57
ASM-0038416,E-0257,execution,INST-execution,v2,25,100,2026-07-18T00:00:00.000Z,true,80
ASM-0038418,E-0257,collaboration,INST-collaboration,v2,71,100,2026-08-19T00:00:00.000Z,true,39
ASM-0038420,E-0257,problem_solving,INST-problem_solving,v2,53,100,2026-09-06T00:00:00.000Z,true,87
ASM-0038422,E-0257,system_design,INST-system_design,v2,28,100,2026-09-23T00:00:00.000Z,true,26
ASM-0038469,E-0258,execution,INST-execution,v1,41,100,2025-02-26T00:00:00.000Z,false,53
ASM-0038471,E-0258,collaboration,INST-collaboration,v1,21,100,2025-01-14T00:00:00.000Z,true,22
ASM-0038473,E-0258,problem_solving,INST-problem_solving,v1,32,100,2025-02-09T00:00:00.000Z,true,77
ASM-0038475,E-0258,negotiation,INST-negotiation,v1,27,100,2025-03-09T00:00:00.000Z,true,81
ASM-0038477,E-0258,pipeline_mgmt,INST-pipeline_mgmt,v1,43,100,2025-01-07T00:00:00.000Z,true,34
ASM-0038496,E-0258,communication,INST-communication,v1,46,100,2025-07-07T00:00:00.000Z,false,55
ASM-0038498,E-0258,execution,INST-execution,v1,48,100,2025-08-21T00:00:00.000Z,true,31
ASM-0038500,E-0258,collaboration,INST-collaboration,v1,50,100,2025-09-23T00:00:00.000Z,true,30
ASM-0038502,E-0258,problem_solving,INST-problem_solving,v1,43,100,2025-08-27T00:00:00.000Z,false,29
ASM-0038504,E-0258,negotiation,INST-negotiation,v1,29,100,2025-09-10T00:00:00.000Z,true,69
ASM-0038506,E-0258,pipeline_mgmt,INST-pipeline_mgmt,v1,19,100,2025-08-29T00:00:00.000Z,true,71
ASM-0038540,E-0258,execution,INST-execution,v2,60,100,2026-02-16T00:00:00.000Z,true,28
ASM-0038542,E-0258,collaboration,INST-collaboration,v2,50,100,2026-01-30T00:00:00.000Z,true,58
ASM-0038544,E-0258,problem_solving,INST-problem_solving,v2,59,100,2026-01-07T00:00:00.000Z,false,86
ASM-0038546,E-0258,negotiation,INST-negotiation,v2,37,100,2026-02-01T00:00:00.000Z,false,25
ASM-0038548,E-0258,pipeline_mgmt,INST-pipeline_mgmt,v2,12,100,2026-01-19T00:00:00.000Z,true,26
ASM-0038575,E-0258,communication,INST-communication,v2,67,100,2026-08-07T00:00:00.000Z,true,36
ASM-0038577,E-0258,execution,INST-execution,v2,69,100,2026-07-04T00:00:00.000Z,true,50
ASM-0038579,E-0258,collaboration,INST-collaboration,v2,62,100,2026-07-01T00:00:00.000Z,true,29
ASM-0038581,E-0258,problem_solving,INST-problem_solving,v2,74,100,2026-07-30T00:00:00.000Z,true,36
ASM-0038583,E-0258,pipeline_mgmt,INST-pipeline_mgmt,v2,16,100,2026-07-01T00:00:00.000Z,true,48
ASM-0038621,E-0259,communication,INST-communication,v1,80,100,2025-01-14T00:00:00.000Z,true,70
ASM-0038623,E-0259,execution,INST-execution,v1,35,100,2025-03-11T00:00:00.000Z,true,48
ASM-0038625,E-0259,collaboration,INST-collaboration,v1,41,100,2025-02-09T00:00:00.000Z,true,60
ASM-0038627,E-0259,problem_solving,INST-problem_solving,v1,39,100,2025-01-23T00:00:00.000Z,true,58
ASM-0038629,E-0259,campaign_strategy,INST-campaign_strategy,v1,44,100,2025-02-26T00:00:00.000Z,true,64
ASM-0038631,E-0259,content_quality,INST-content_quality,v1,44,100,2025-01-10T00:00:00.000Z,true,37
ASM-0038673,E-0259,communication,INST-communication,v1,66,100,2025-09-04T00:00:00.000Z,true,62
ASM-0038675,E-0259,execution,INST-execution,v1,50,100,2025-08-04T00:00:00.000Z,true,20
ASM-0038677,E-0259,collaboration,INST-collaboration,v1,55,100,2025-07-13T00:00:00.000Z,false,60
ASM-0038679,E-0259,problem_solving,INST-problem_solving,v1,53,100,2025-07-06T00:00:00.000Z,true,67
ASM-0038681,E-0259,campaign_strategy,INST-campaign_strategy,v1,60,100,2025-07-20T00:00:00.000Z,true,25
ASM-0038683,E-0259,content_quality,INST-content_quality,v1,20,100,2025-09-14T00:00:00.000Z,true,68
ASM-0038705,E-0259,communication,INST-communication,v2,52,100,2026-03-19T00:00:00.000Z,false,69
ASM-0038707,E-0259,collaboration,INST-collaboration,v2,69,100,2026-03-20T00:00:00.000Z,false,49
ASM-0038709,E-0259,problem_solving,INST-problem_solving,v2,70,100,2026-01-13T00:00:00.000Z,true,28
ASM-0038711,E-0259,campaign_strategy,INST-campaign_strategy,v2,63,100,2026-03-28T00:00:00.000Z,false,74
ASM-0038713,E-0259,content_quality,INST-content_quality,v2,30,100,2026-03-12T00:00:00.000Z,true,64
ASM-0038732,E-0259,communication,INST-communication,v2,38,100,2026-09-01T00:00:00.000Z,true,75
ASM-0038734,E-0259,execution,INST-execution,v2,40,100,2026-07-11T00:00:00.000Z,false,67
ASM-0038736,E-0259,collaboration,INST-collaboration,v2,87,100,2026-08-22T00:00:00.000Z,true,34
ASM-0038738,E-0259,problem_solving,INST-problem_solving,v2,91,100,2026-09-26T00:00:00.000Z,false,71
ASM-0038740,E-0259,campaign_strategy,INST-campaign_strategy,v2,74,100,2026-09-26T00:00:00.000Z,true,29
ASM-0038774,E-0260,communication,INST-communication,v1,33,100,2025-01-14T00:00:00.000Z,false,32
ASM-0038776,E-0260,execution,INST-execution,v1,76,100,2025-03-27T00:00:00.000Z,true,34
ASM-0038778,E-0260,roadmap_prioritization,INST-roadmap_prioritization,v1,26,100,2025-01-24T00:00:00.000Z,true,64
ASM-0038807,E-0260,communication,INST-communication,v1,58,100,2025-07-07T00:00:00.000Z,true,81
ASM-0038809,E-0260,execution,INST-execution,v1,59,100,2025-07-02T00:00:00.000Z,true,38
ASM-0038811,E-0260,collaboration,INST-collaboration,v1,32,100,2025-07-23T00:00:00.000Z,true,83
ASM-0038813,E-0260,problem_solving,INST-problem_solving,v1,54,100,2025-09-30T00:00:00.000Z,true,72
ASM-0038815,E-0260,roadmap_prioritization,INST-roadmap_prioritization,v1,18,100,2025-09-18T00:00:00.000Z,false,86
ASM-0038842,E-0260,communication,INST-communication,v2,69,100,2026-02-05T00:00:00.000Z,true,81
ASM-0038844,E-0260,execution,INST-execution,v2,62,100,2026-03-30T00:00:00.000Z,false,51
ASM-0038846,E-0260,collaboration,INST-collaboration,v2,60,100,2026-02-27T00:00:00.000Z,true,31
ASM-0038848,E-0260,problem_solving,INST-problem_solving,v2,66,100,2026-03-09T00:00:00.000Z,true,68
ASM-0038850,E-0260,roadmap_prioritization,INST-roadmap_prioritization,v2,19,100,2026-02-21T00:00:00.000Z,true,56
ASM-0038881,E-0260,communication,INST-communication,v2,100,100,2026-07-18T00:00:00.000Z,true,64
ASM-0038883,E-0260,execution,INST-execution,v2,52,100,2026-08-19T00:00:00.000Z,true,72
ASM-0038885,E-0260,collaboration,INST-collaboration,v2,55,100,2026-09-10T00:00:00.000Z,true,87
ASM-0038917,E-0261,communication,INST-communication,v1,66,100,2025-03-23T00:00:00.000Z,true,77
ASM-0038919,E-0261,execution,INST-execution,v1,77,100,2025-01-08T00:00:00.000Z,true,89
ASM-0038921,E-0261,collaboration,INST-collaboration,v1,35,100,2025-01-11T00:00:00.000Z,true,75
ASM-0038923,E-0261,problem_solving,INST-problem_solving,v1,77,100,2025-02-17T00:00:00.000Z,true,33
ASM-0038925,E-0261,visual_craft,INST-visual_craft,v1,66,100,2025-02-19T00:00:00.000Z,true,77
ASM-0038955,E-0261,communication,INST-communication,v1,74,100,2025-09-04T00:00:00.000Z,true,58
ASM-0038957,E-0261,execution,INST-execution,v1,74,100,2025-09-19T00:00:00.000Z,false,41
ASM-0038959,E-0261,collaboration,INST-collaboration,v1,50,100,2025-08-04T00:00:00.000Z,true,22
ASM-0038961,E-0261,problem_solving,INST-problem_solving,v1,78,100,2025-08-03T00:00:00.000Z,true,59
ASM-0038963,E-0261,visual_craft,INST-visual_craft,v1,64,100,2025-09-07T00:00:00.000Z,false,71
ASM-0038965,E-0261,ux_research,INST-ux_research,v1,38,100,2025-07-30T00:00:00.000Z,true,54
ASM-0038975,E-0261,communication,INST-communication,v2,75,100,2026-02-04T00:00:00.000Z,false,61
ASM-0038977,E-0261,execution,INST-execution,v2,58,100,2026-01-01T00:00:00.000Z,true,32
ASM-0038979,E-0261,collaboration,INST-collaboration,v2,63,100,2026-03-29T00:00:00.000Z,true,27
ASM-0038981,E-0261,problem_solving,INST-problem_solving,v2,50,100,2026-02-22T00:00:00.000Z,true,58
ASM-0038983,E-0261,visual_craft,INST-visual_craft,v2,48,100,2026-01-09T00:00:00.000Z,true,28
ASM-0038985,E-0261,ux_research,INST-ux_research,v2,47,100,2026-02-18T00:00:00.000Z,false,23
ASM-0039006,E-0261,communication,INST-communication,v2,66,100,2026-07-13T00:00:00.000Z,true,87
ASM-0039008,E-0261,execution,INST-execution,v2,54,100,2026-08-14T00:00:00.000Z,false,35
ASM-0039010,E-0261,collaboration,INST-collaboration,v2,92,100,2026-08-26T00:00:00.000Z,true,54
ASM-0039012,E-0261,problem_solving,INST-problem_solving,v2,25,100,2026-08-29T00:00:00.000Z,false,45
ASM-0039014,E-0261,ux_research,INST-ux_research,v2,70,100,2026-08-23T00:00:00.000Z,true,56
ASM-0039053,E-0262,execution,INST-execution,v1,75,100,2025-01-28T00:00:00.000Z,true,51
ASM-0039055,E-0262,collaboration,INST-collaboration,v1,42,100,2025-01-04T00:00:00.000Z,true,81
ASM-0039057,E-0262,problem_solving,INST-problem_solving,v1,39,100,2025-02-21T00:00:00.000Z,false,66
ASM-0039059,E-0262,financial_modeling,INST-financial_modeling,v1,46,100,2025-01-18T00:00:00.000Z,true,20
ASM-0039061,E-0262,compliance_rigor,INST-compliance_rigor,v1,74,100,2025-02-11T00:00:00.000Z,false,50
ASM-0039074,E-0262,communication,INST-communication,v1,62,100,2025-09-15T00:00:00.000Z,false,21
ASM-0039076,E-0262,execution,INST-execution,v1,79,100,2025-07-24T00:00:00.000Z,true,34
ASM-0039078,E-0262,collaboration,INST-collaboration,v1,52,100,2025-07-23T00:00:00.000Z,true,64
ASM-0039080,E-0262,problem_solving,INST-problem_solving,v1,49,100,2025-09-11T00:00:00.000Z,true,89
ASM-0039082,E-0262,financial_modeling,INST-financial_modeling,v1,63,100,2025-08-08T00:00:00.000Z,false,84
ASM-0039084,E-0262,compliance_rigor,INST-compliance_rigor,v1,67,100,2025-07-03T00:00:00.000Z,true,29
ASM-0039118,E-0262,execution,INST-execution,v2,69,100,2026-02-24T00:00:00.000Z,false,29
ASM-0039120,E-0262,collaboration,INST-collaboration,v2,59,100,2026-02-24T00:00:00.000Z,true,61
ASM-0039122,E-0262,problem_solving,INST-problem_solving,v2,58,100,2026-01-24T00:00:00.000Z,true,27
ASM-0039124,E-0262,financial_modeling,INST-financial_modeling,v2,71,100,2026-01-01T00:00:00.000Z,true,39
ASM-0039126,E-0262,compliance_rigor,INST-compliance_rigor,v2,77,100,2026-01-14T00:00:00.000Z,true,89
ASM-0039142,E-0262,communication,INST-communication,v2,56,100,2026-07-02T00:00:00.000Z,true,77
ASM-0039144,E-0262,execution,INST-execution,v2,77,100,2026-09-25T00:00:00.000Z,true,42
ASM-0039146,E-0262,problem_solving,INST-problem_solving,v2,81,100,2026-09-26T00:00:00.000Z,true,89
ASM-0039148,E-0262,financial_modeling,INST-financial_modeling,v2,87,100,2026-07-12T00:00:00.000Z,false,38
ASM-0039150,E-0262,compliance_rigor,INST-compliance_rigor,v2,67,100,2026-07-01T00:00:00.000Z,true,42
ASM-0039194,E-0263,communication,INST-communication,v1,66,100,2025-03-29T00:00:00.000Z,false,74
ASM-0039196,E-0263,problem_solving,INST-problem_solving,v1,33,100,2025-03-23T00:00:00.000Z,true,88
ASM-0039198,E-0263,talent_assessment,INST-talent_assessment,v1,19,100,2025-03-07T00:00:00.000Z,true,43
ASM-0039200,E-0263,policy_navigation,INST-policy_navigation,v1,39,100,2025-01-21T00:00:00.000Z,false,27
ASM-0039235,E-0263,communication,INST-communication,v1,58,100,2025-07-20T00:00:00.000Z,true,21
ASM-0039237,E-0263,execution,INST-execution,v1,44,100,2025-07-03T00:00:00.000Z,false,40
ASM-0039239,E-0263,collaboration,INST-collaboration,v1,35,100,2025-07-06T00:00:00.000Z,true,41
ASM-0039241,E-0263,problem_solving,INST-problem_solving,v1,43,100,2025-08-04T00:00:00.000Z,true,37
ASM-0039243,E-0263,talent_assessment,INST-talent_assessment,v1,28,100,2025-07-28T00:00:00.000Z,false,25
ASM-0039245,E-0263,policy_navigation,INST-policy_navigation,v1,34,100,2025-07-18T00:00:00.000Z,true,81
ASM-0039271,E-0263,communication,INST-communication,v2,43,100,2026-03-30T00:00:00.000Z,false,70
ASM-0039273,E-0263,execution,INST-execution,v2,46,100,2026-02-06T00:00:00.000Z,true,86
ASM-0039275,E-0263,policy_navigation,INST-policy_navigation,v2,45,100,2026-01-25T00:00:00.000Z,false,55
ASM-0039307,E-0263,collaboration,INST-collaboration,v2,37,100,2026-07-23T00:00:00.000Z,true,82
ASM-0039309,E-0263,talent_assessment,INST-talent_assessment,v2,21,100,2026-07-20T00:00:00.000Z,true,74
ASM-0039346,E-0264,communication,INST-communication,v1,76,100,2025-01-10T00:00:00.000Z,true,86
ASM-0039348,E-0264,execution,INST-execution,v1,81,100,2025-03-26T00:00:00.000Z,false,53
ASM-0039350,E-0264,collaboration,INST-collaboration,v1,19,100,2025-03-21T00:00:00.000Z,true,71
ASM-0039352,E-0264,problem_solving,INST-problem_solving,v1,21,100,2025-01-12T00:00:00.000Z,true,34
ASM-0039354,E-0264,customer_resolution,INST-customer_resolution,v1,79,100,2025-03-30T00:00:00.000Z,true,69
ASM-0039356,E-0264,troubleshooting,INST-troubleshooting,v1,82,100,2025-03-30T00:00:00.000Z,false,56
ASM-0039367,E-0264,communication,INST-communication,v1,62,100,2025-08-22T00:00:00.000Z,true,76
ASM-0039369,E-0264,execution,INST-execution,v1,73,100,2025-07-17T00:00:00.000Z,false,87
ASM-0039371,E-0264,collaboration,INST-collaboration,v1,29,100,2025-09-26T00:00:00.000Z,false,70
ASM-0039373,E-0264,problem_solving,INST-problem_solving,v1,25,100,2025-09-06T00:00:00.000Z,false,81
ASM-0039375,E-0264,customer_resolution,INST-customer_resolution,v1,62,100,2025-08-08T00:00:00.000Z,true,46
ASM-0039377,E-0264,troubleshooting,INST-troubleshooting,v1,71,100,2025-07-21T00:00:00.000Z,true,20
ASM-0039386,E-0264,communication,INST-communication,v2,47,100,2026-02-21T00:00:00.000Z,true,25
ASM-0039388,E-0264,execution,INST-execution,v2,61,100,2026-03-19T00:00:00.000Z,false,20
ASM-0039390,E-0264,collaboration,INST-collaboration,v2,44,100,2026-01-01T00:00:00.000Z,false,49
ASM-0039392,E-0264,customer_resolution,INST-customer_resolution,v2,28,100,2026-03-07T00:00:00.000Z,false,78
ASM-0039394,E-0264,troubleshooting,INST-troubleshooting,v2,64,100,2026-03-21T00:00:00.000Z,true,62
ASM-0039420,E-0264,communication,INST-communication,v2,27,100,2026-09-28T00:00:00.000Z,true,86
ASM-0039422,E-0264,execution,INST-execution,v2,85,100,2026-08-05T00:00:00.000Z,true,74
ASM-0039424,E-0264,problem_solving,INST-problem_solving,v2,68,100,2026-09-08T00:00:00.000Z,true,62
ASM-0039426,E-0264,customer_resolution,INST-customer_resolution,v2,30,100,2026-08-22T00:00:00.000Z,true,81
ASM-0039428,E-0264,troubleshooting,INST-troubleshooting,v2,66,100,2026-07-08T00:00:00.000Z,false,72
ASM-0039471,E-0265,communication,INST-communication,v1,42,100,2025-01-18T00:00:00.000Z,false,84
ASM-0039473,E-0265,execution,INST-execution,v1,51,100,2025-01-16T00:00:00.000Z,true,23
ASM-0039475,E-0265,collaboration,INST-collaboration,v1,25,100,2025-02-08T00:00:00.000Z,false,68
ASM-0039477,E-0265,code_quality,INST-code_quality,v1,28,100,2025-03-06T00:00:00.000Z,true,28
ASM-0039494,E-0265,communication,INST-communication,v1,47,100,2025-07-02T00:00:00.000Z,false,88
ASM-0039496,E-0265,execution,INST-execution,v1,54,100,2025-08-05T00:00:00.000Z,true,23
ASM-0039498,E-0265,collaboration,INST-collaboration,v1,43,100,2025-08-27T00:00:00.000Z,false,23
ASM-0039500,E-0265,system_design,INST-system_design,v1,24,100,2025-07-06T00:00:00.000Z,false,89
ASM-0039502,E-0265,code_quality,INST-code_quality,v1,34,100,2025-09-17T00:00:00.000Z,true,40
ASM-0039528,E-0265,communication,INST-communication,v2,52,100,2026-01-22T00:00:00.000Z,true,85
ASM-0039530,E-0265,execution,INST-execution,v2,64,100,2026-02-25T00:00:00.000Z,false,54
ASM-0039532,E-0265,collaboration,INST-collaboration,v2,65,100,2026-01-30T00:00:00.000Z,true,53
ASM-0039534,E-0265,system_design,INST-system_design,v2,39,100,2026-01-13T00:00:00.000Z,false,55
ASM-0039536,E-0265,code_quality,INST-code_quality,v2,42,100,2026-01-08T00:00:00.000Z,false,88
ASM-0039563,E-0265,communication,INST-communication,v2,75,100,2026-09-26T00:00:00.000Z,true,68
ASM-0039565,E-0265,execution,INST-execution,v2,63,100,2026-08-25T00:00:00.000Z,true,47
ASM-0039567,E-0265,system_design,INST-system_design,v2,58,100,2026-08-25T00:00:00.000Z,true,58
ASM-0039569,E-0265,code_quality,INST-code_quality,v2,80,100,2026-09-02T00:00:00.000Z,true,61
ASM-0039607,E-0266,communication,INST-communication,v1,34,100,2025-02-09T00:00:00.000Z,true,40
ASM-0039609,E-0266,execution,INST-execution,v1,39,100,2025-03-18T00:00:00.000Z,true,76
ASM-0039611,E-0266,collaboration,INST-collaboration,v1,35,100,2025-03-25T00:00:00.000Z,false,74
ASM-0039613,E-0266,problem_solving,INST-problem_solving,v1,43,100,2025-02-14T00:00:00.000Z,true,24
ASM-0039615,E-0266,negotiation,INST-negotiation,v1,21,100,2025-01-29T00:00:00.000Z,false,86
ASM-0039617,E-0266,pipeline_mgmt,INST-pipeline_mgmt,v1,54,100,2025-01-19T00:00:00.000Z,true,63
ASM-0039641,E-0266,communication,INST-communication,v1,37,100,2025-09-11T00:00:00.000Z,false,33
ASM-0039643,E-0266,execution,INST-execution,v1,44,100,2025-07-01T00:00:00.000Z,true,68
ASM-0039645,E-0266,collaboration,INST-collaboration,v1,35,100,2025-07-07T00:00:00.000Z,true,48
ASM-0039647,E-0266,problem_solving,INST-problem_solving,v1,38,100,2025-09-14T00:00:00.000Z,true,68
ASM-0039649,E-0266,negotiation,INST-negotiation,v1,43,100,2025-07-08T00:00:00.000Z,false,72
ASM-0039702,E-0267,communication,INST-communication,v1,52,100,2025-02-25T00:00:00.000Z,true,50
ASM-0039704,E-0267,execution,INST-execution,v1,76,100,2025-01-07T00:00:00.000Z,true,43
ASM-0039706,E-0267,problem_solving,INST-problem_solving,v1,20,100,2025-03-12T00:00:00.000Z,true,44
ASM-0039708,E-0267,content_quality,INST-content_quality,v1,46,100,2025-02-14T00:00:00.000Z,false,44
ASM-0039736,E-0267,communication,INST-communication,v1,61,100,2025-07-15T00:00:00.000Z,false,76
ASM-0039738,E-0267,execution,INST-execution,v1,72,100,2025-08-16T00:00:00.000Z,true,70
ASM-0039740,E-0267,collaboration,INST-collaboration,v1,65,100,2025-09-02T00:00:00.000Z,false,76
ASM-0039742,E-0267,problem_solving,INST-problem_solving,v1,15,100,2025-07-08T00:00:00.000Z,false,71
ASM-0039744,E-0267,campaign_strategy,INST-campaign_strategy,v1,54,100,2025-07-11T00:00:00.000Z,true,43
ASM-0039746,E-0267,content_quality,INST-content_quality,v1,29,100,2025-09-02T00:00:00.000Z,true,27
ASM-0039768,E-0267,communication,INST-communication,v2,70,100,2026-02-24T00:00:00.000Z,true,44
ASM-0039770,E-0267,collaboration,INST-collaboration,v2,65,100,2026-02-20T00:00:00.000Z,true,41
ASM-0039772,E-0267,problem_solving,INST-problem_solving,v2,20,100,2026-01-19T00:00:00.000Z,true,76
ASM-0039774,E-0267,campaign_strategy,INST-campaign_strategy,v2,80,100,2026-01-26T00:00:00.000Z,false,73
ASM-0039776,E-0267,content_quality,INST-content_quality,v2,52,100,2026-01-04T00:00:00.000Z,true,30
ASM-0039801,E-0267,communication,INST-communication,v2,76,100,2026-09-20T00:00:00.000Z,false,84
ASM-0039803,E-0267,execution,INST-execution,v2,71,100,2026-08-23T00:00:00.000Z,false,50
ASM-0039805,E-0267,collaboration,INST-collaboration,v2,82,100,2026-09-07T00:00:00.000Z,false,29
ASM-0039807,E-0267,campaign_strategy,INST-campaign_strategy,v2,90,100,2026-07-10T00:00:00.000Z,false,44
ASM-0039809,E-0267,content_quality,INST-content_quality,v2,52,100,2026-08-07T00:00:00.000Z,true,23
ASM-0039856,E-0268,communication,INST-communication,v1,50,100,2025-01-25T00:00:00.000Z,true,62
ASM-0039858,E-0268,execution,INST-execution,v1,31,100,2025-01-02T00:00:00.000Z,true,21
ASM-0039860,E-0268,problem_solving,INST-problem_solving,v1,37,100,2025-03-28T00:00:00.000Z,true,80
ASM-0039862,E-0268,roadmap_prioritization,INST-roadmap_prioritization,v1,33,100,2025-01-23T00:00:00.000Z,true,26
ASM-0039864,E-0268,stakeholder_alignment,INST-stakeholder_alignment,v1,46,100,2025-02-10T00:00:00.000Z,true,50
ASM-0039881,E-0268,execution,INST-execution,v1,25,100,2025-08-10T00:00:00.000Z,true,89
ASM-0039883,E-0268,collaboration,INST-collaboration,v1,46,100,2025-09-16T00:00:00.000Z,true,64
ASM-0039885,E-0268,problem_solving,INST-problem_solving,v1,49,100,2025-07-25T00:00:00.000Z,true,36
ASM-0039887,E-0268,stakeholder_alignment,INST-stakeholder_alignment,v1,68,100,2025-07-30T00:00:00.000Z,false,35
ASM-0039914,E-0268,execution,INST-execution,v2,31,100,2026-02-21T00:00:00.000Z,true,66
ASM-0039916,E-0268,collaboration,INST-collaboration,v2,52,100,2026-03-18T00:00:00.000Z,true,49
ASM-0039918,E-0268,problem_solving,INST-problem_solving,v2,64,100,2026-02-13T00:00:00.000Z,true,51
ASM-0039920,E-0268,stakeholder_alignment,INST-stakeholder_alignment,v2,62,100,2026-02-11T00:00:00.000Z,false,71
ASM-0039941,E-0268,execution,INST-execution,v2,41,100,2026-07-30T00:00:00.000Z,true,22
ASM-0039943,E-0268,collaboration,INST-collaboration,v2,68,100,2026-07-27T00:00:00.000Z,true,47
ASM-0039945,E-0268,problem_solving,INST-problem_solving,v2,83,100,2026-09-07T00:00:00.000Z,false,42
ASM-0039947,E-0268,stakeholder_alignment,INST-stakeholder_alignment,v2,52,100,2026-09-09T00:00:00.000Z,true,21
ASM-0039979,E-0269,communication,INST-communication,v1,70,100,2025-02-18T00:00:00.000Z,false,74
ASM-0039981,E-0269,collaboration,INST-collaboration,v1,38,100,2025-02-01T00:00:00.000Z,false,47
ASM-0039983,E-0269,problem_solving,INST-problem_solving,v1,63,100,2025-02-12T00:00:00.000Z,true,51
ASM-0039985,E-0269,visual_craft,INST-visual_craft,v1,58,100,2025-01-29T00:00:00.000Z,true,50
ASM-0039987,E-0269,ux_research,INST-ux_research,v1,64,100,2025-02-21T00:00:00.000Z,false,53
ASM-0040003,E-0269,communication,INST-communication,v1,61,100,2025-09-17T00:00:00.000Z,true,37
ASM-0040005,E-0269,collaboration,INST-collaboration,v1,43,100,2025-08-08T00:00:00.000Z,false,65
ASM-0040007,E-0269,problem_solving,INST-problem_solving,v1,46,100,2025-08-09T00:00:00.000Z,true,43
ASM-0040009,E-0269,ux_research,INST-ux_research,v1,63,100,2025-07-18T00:00:00.000Z,true,20
ASM-0040035,E-0269,communication,INST-communication,v2,68,100,2026-02-14T00:00:00.000Z,true,86
ASM-0040037,E-0269,collaboration,INST-collaboration,v2,52,100,2026-03-12T00:00:00.000Z,true,55
ASM-0040039,E-0269,problem_solving,INST-problem_solving,v2,44,100,2026-02-10T00:00:00.000Z,true,79
ASM-0040055,E-0269,communication,INST-communication,v2,70,100,2026-07-26T00:00:00.000Z,true,70
ASM-0040057,E-0269,collaboration,INST-collaboration,v2,46,100,2026-07-10T00:00:00.000Z,true,41
ASM-0040059,E-0269,problem_solving,INST-problem_solving,v2,18,100,2026-08-18T00:00:00.000Z,false,28
ASM-0040061,E-0269,ux_research,INST-ux_research,v2,64,100,2026-07-06T00:00:00.000Z,false,64
ASM-0040101,E-0270,communication,INST-communication,v1,10,100,2025-02-26T00:00:00.000Z,true,27
ASM-0040103,E-0270,execution,INST-execution,v1,31,100,2025-03-02T00:00:00.000Z,true,54
ASM-0040105,E-0270,collaboration,INST-collaboration,v1,82,100,2025-01-02T00:00:00.000Z,true,56
ASM-0040107,E-0270,problem_solving,INST-problem_solving,v1,29,100,2025-01-19T00:00:00.000Z,true,52
ASM-0040109,E-0270,financial_modeling,INST-financial_modeling,v1,22,100,2025-01-31T00:00:00.000Z,true,38
ASM-0040140,E-0270,collaboration,INST-collaboration,v1,71,100,2025-07-15T00:00:00.000Z,true,45
ASM-0040142,E-0270,problem_solving,INST-problem_solving,v1,21,100,2025-07-19T00:00:00.000Z,true,21
ASM-0040144,E-0270,financial_modeling,INST-financial_modeling,v1,17,100,2025-08-11T00:00:00.000Z,false,60
ASM-0040146,E-0270,compliance_rigor,INST-compliance_rigor,v1,33,100,2025-07-16T00:00:00.000Z,false,31
ASM-0040180,E-0270,communication,INST-communication,v2,7,100,2026-03-15T00:00:00.000Z,true,42
ASM-0040182,E-0270,execution,INST-execution,v2,39,100,2026-01-01T00:00:00.000Z,false,35
ASM-0040184,E-0270,collaboration,INST-collaboration,v2,55,100,2026-02-16T00:00:00.000Z,true,23
ASM-0040186,E-0270,problem_solving,INST-problem_solving,v2,19,100,2026-01-07T00:00:00.000Z,true,30
ASM-0040188,E-0270,financial_modeling,INST-financial_modeling,v2,19,100,2026-01-19T00:00:00.000Z,true,69
ASM-0040190,E-0270,compliance_rigor,INST-compliance_rigor,v2,36,100,2026-03-14T00:00:00.000Z,false,56
ASM-0040227,E-0270,communication,INST-communication,v2,18,100,2026-08-27T00:00:00.000Z,false,45
ASM-0040229,E-0270,execution,INST-execution,v2,34,100,2026-09-26T00:00:00.000Z,true,79
ASM-0040231,E-0270,financial_modeling,INST-financial_modeling,v2,20,100,2026-07-31T00:00:00.000Z,true,55
ASM-0040233,E-0270,compliance_rigor,INST-compliance_rigor,v2,29,100,2026-08-20T00:00:00.000Z,true,57
ASM-0040259,E-0271,communication,INST-communication,v1,85,100,2025-03-28T00:00:00.000Z,true,35
ASM-0040261,E-0271,execution,INST-execution,v1,54,100,2025-03-21T00:00:00.000Z,false,77
ASM-0040263,E-0271,collaboration,INST-collaboration,v1,28,100,2025-03-17T00:00:00.000Z,false,65
ASM-0040265,E-0271,problem_solving,INST-problem_solving,v1,50,100,2025-02-24T00:00:00.000Z,true,72
ASM-0040267,E-0271,talent_assessment,INST-talent_assessment,v1,32,100,2025-03-21T00:00:00.000Z,true,77
ASM-0040269,E-0271,policy_navigation,INST-policy_navigation,v1,86,100,2025-01-18T00:00:00.000Z,false,31
ASM-0040305,E-0271,communication,INST-communication,v1,62,100,2025-08-17T00:00:00.000Z,true,88
ASM-0040307,E-0271,execution,INST-execution,v1,74,100,2025-09-06T00:00:00.000Z,true,54
ASM-0040309,E-0271,collaboration,INST-collaboration,v1,55,100,2025-07-17T00:00:00.000Z,true,57
ASM-0040311,E-0271,problem_solving,INST-problem_solving,v1,45,100,2025-07-27T00:00:00.000Z,true,30
ASM-0040313,E-0271,talent_assessment,INST-talent_assessment,v1,48,100,2025-09-22T00:00:00.000Z,true,78
ASM-0040315,E-0271,policy_navigation,INST-policy_navigation,v1,72,100,2025-07-11T00:00:00.000Z,true,71
ASM-0040335,E-0271,communication,INST-communication,v2,42,100,2026-01-24T00:00:00.000Z,true,27
ASM-0040337,E-0271,execution,INST-execution,v2,58,100,2026-03-22T00:00:00.000Z,false,45
ASM-0040339,E-0271,collaboration,INST-collaboration,v2,49,100,2026-02-26T00:00:00.000Z,true,51
ASM-0040341,E-0271,talent_assessment,INST-talent_assessment,v2,61,100,2026-02-19T00:00:00.000Z,true,27
ASM-0040343,E-0271,policy_navigation,INST-policy_navigation,v2,74,100,2026-02-27T00:00:00.000Z,false,42
ASM-0040375,E-0271,execution,INST-execution,v2,71,100,2026-09-21T00:00:00.000Z,true,34
ASM-0040377,E-0271,problem_solving,INST-problem_solving,v2,63,100,2026-07-15T00:00:00.000Z,true,32
ASM-0040379,E-0271,talent_assessment,INST-talent_assessment,v2,75,100,2026-09-19T00:00:00.000Z,true,42
ASM-0040381,E-0271,policy_navigation,INST-policy_navigation,v2,69,100,2026-08-29T00:00:00.000Z,true,21
ASM-0040423,E-0272,communication,INST-communication,v1,15,100,2025-02-12T00:00:00.000Z,true,25
ASM-0040425,E-0272,execution,INST-execution,v1,38,100,2025-02-23T00:00:00.000Z,true,43
ASM-0040427,E-0272,collaboration,INST-collaboration,v1,78,100,2025-03-05T00:00:00.000Z,true,22
ASM-0040429,E-0272,problem_solving,INST-problem_solving,v1,25,100,2025-01-21T00:00:00.000Z,true,20
ASM-0040431,E-0272,customer_resolution,INST-customer_resolution,v1,31,100,2025-02-02T00:00:00.000Z,false,75
ASM-0040433,E-0272,troubleshooting,INST-troubleshooting,v1,10,100,2025-02-13T00:00:00.000Z,true,54
ASM-0040468,E-0272,communication,INST-communication,v1,32,100,2025-09-16T00:00:00.000Z,false,23
ASM-0040470,E-0272,execution,INST-execution,v1,31,100,2025-08-26T00:00:00.000Z,true,30
ASM-0040472,E-0272,collaboration,INST-collaboration,v1,67,100,2025-08-14T00:00:00.000Z,true,25
ASM-0040474,E-0272,problem_solving,INST-problem_solving,v1,38,100,2025-07-27T00:00:00.000Z,true,56
ASM-0040476,E-0272,customer_resolution,INST-customer_resolution,v1,32,100,2025-08-29T00:00:00.000Z,true,89
ASM-0040478,E-0272,troubleshooting,INST-troubleshooting,v1,1,100,2025-09-07T00:00:00.000Z,true,33
ASM-0040506,E-0272,communication,INST-communication,v2,35,100,2026-02-17T00:00:00.000Z,false,20
ASM-0040508,E-0272,execution,INST-execution,v2,28,100,2026-03-09T00:00:00.000Z,false,29
ASM-0040510,E-0272,problem_solving,INST-problem_solving,v2,23,100,2026-02-07T00:00:00.000Z,true,38
ASM-0040512,E-0272,customer_resolution,INST-customer_resolution,v2,17,100,2026-02-05T00:00:00.000Z,true,22
ASM-0040514,E-0272,troubleshooting,INST-troubleshooting,v2,21,100,2026-03-20T00:00:00.000Z,true,62
ASM-0040543,E-0272,communication,INST-communication,v2,40,100,2026-07-23T00:00:00.000Z,false,38
ASM-0040545,E-0272,execution,INST-execution,v2,20,100,2026-07-25T00:00:00.000Z,true,88
ASM-0040547,E-0272,collaboration,INST-collaboration,v2,42,100,2026-09-28T00:00:00.000Z,true,20
ASM-0040549,E-0272,problem_solving,INST-problem_solving,v2,25,100,2026-08-15T00:00:00.000Z,true,24
ASM-0040551,E-0272,customer_resolution,INST-customer_resolution,v2,37,100,2026-07-05T00:00:00.000Z,true,22
ASM-0040553,E-0272,troubleshooting,INST-troubleshooting,v2,46,100,2026-08-20T00:00:00.000Z,true,22
ASM-0040595,E-0273,communication,INST-communication,v1,30,100,2025-02-26T00:00:00.000Z,true,86
ASM-0040597,E-0273,collaboration,INST-collaboration,v1,68,100,2025-01-29T00:00:00.000Z,true,89
ASM-0040599,E-0273,problem_solving,INST-problem_solving,v1,23,100,2025-01-15T00:00:00.000Z,true,28
ASM-0040601,E-0273,code_quality,INST-code_quality,v1,35,100,2025-03-05T00:00:00.000Z,true,21
ASM-0040633,E-0273,communication,INST-communication,v1,22,100,2025-08-12T00:00:00.000Z,true,26
ASM-0040635,E-0273,execution,INST-execution,v1,57,100,2025-09-16T00:00:00.000Z,true,86
ASM-0040637,E-0273,collaboration,INST-collaboration,v1,51,100,2025-07-17T00:00:00.000Z,true,50
ASM-0040639,E-0273,problem_solving,INST-problem_solving,v1,38,100,2025-08-24T00:00:00.000Z,true,26
ASM-0040641,E-0273,system_design,INST-system_design,v1,36,100,2025-07-23T00:00:00.000Z,true,36
ASM-0040661,E-0273,communication,INST-communication,v2,19,100,2026-03-11T00:00:00.000Z,true,60
ASM-0040663,E-0273,collaboration,INST-collaboration,v2,45,100,2026-01-08T00:00:00.000Z,false,45
ASM-0040665,E-0273,problem_solving,INST-problem_solving,v2,17,100,2026-03-27T00:00:00.000Z,true,36
ASM-0040667,E-0273,code_quality,INST-code_quality,v2,35,100,2026-02-13T00:00:00.000Z,true,76
ASM-0040686,E-0273,communication,INST-communication,v2,31,100,2026-09-20T00:00:00.000Z,true,64
ASM-0040688,E-0273,problem_solving,INST-problem_solving,v2,32,100,2026-08-02T00:00:00.000Z,false,50
ASM-0040690,E-0273,system_design,INST-system_design,v2,49,100,2026-08-26T00:00:00.000Z,true,82
ASM-0040725,E-0274,communication,INST-communication,v1,38,100,2025-03-26T00:00:00.000Z,true,27
ASM-0040727,E-0274,collaboration,INST-collaboration,v1,42,100,2025-01-14T00:00:00.000Z,false,73
ASM-0040729,E-0274,problem_solving,INST-problem_solving,v1,84,100,2025-03-28T00:00:00.000Z,true,22
ASM-0040731,E-0274,negotiation,INST-negotiation,v1,69,100,2025-03-10T00:00:00.000Z,true,57
ASM-0040733,E-0274,pipeline_mgmt,INST-pipeline_mgmt,v1,49,100,2025-03-18T00:00:00.000Z,false,58
ASM-0040751,E-0274,communication,INST-communication,v1,52,100,2025-07-06T00:00:00.000Z,true,75
ASM-0040753,E-0274,execution,INST-execution,v1,48,100,2025-07-02T00:00:00.000Z,false,74
ASM-0040755,E-0274,collaboration,INST-collaboration,v1,36,100,2025-07-07T00:00:00.000Z,true,55
ASM-0040757,E-0274,problem_solving,INST-problem_solving,v1,62,100,2025-09-20T00:00:00.000Z,true,59
ASM-0040759,E-0274,negotiation,INST-negotiation,v1,64,100,2025-08-15T00:00:00.000Z,true,64
ASM-0040761,E-0274,pipeline_mgmt,INST-pipeline_mgmt,v1,51,100,2025-07-14T00:00:00.000Z,false,27
ASM-0040795,E-0274,communication,INST-communication,v2,56,100,2026-01-17T00:00:00.000Z,true,78
ASM-0040797,E-0274,execution,INST-execution,v2,73,100,2026-03-29T00:00:00.000Z,false,65
ASM-0040799,E-0274,collaboration,INST-collaboration,v2,48,100,2026-01-13T00:00:00.000Z,false,55
ASM-0040801,E-0274,negotiation,INST-negotiation,v2,42,100,2026-03-23T00:00:00.000Z,false,40
ASM-0040818,E-0274,communication,INST-communication,v2,76,100,2026-08-09T00:00:00.000Z,true,80
ASM-0040820,E-0274,execution,INST-execution,v2,100,100,2026-09-10T00:00:00.000Z,false,66
ASM-0040822,E-0274,collaboration,INST-collaboration,v2,43,100,2026-09-28T00:00:00.000Z,true,87
ASM-0040824,E-0274,problem_solving,INST-problem_solving,v2,47,100,2026-08-25T00:00:00.000Z,true,31
ASM-0040826,E-0274,negotiation,INST-negotiation,v2,34,100,2026-08-25T00:00:00.000Z,false,82
ASM-0040828,E-0274,pipeline_mgmt,INST-pipeline_mgmt,v2,37,100,2026-07-02T00:00:00.000Z,true,42
ASM-0040863,E-0275,communication,INST-communication,v1,51,100,2025-03-13T00:00:00.000Z,false,86
ASM-0040865,E-0275,collaboration,INST-collaboration,v1,47,100,2025-01-06T00:00:00.000Z,false,64
ASM-0040867,E-0275,content_quality,INST-content_quality,v1,24,100,2025-01-07T00:00:00.000Z,true,78
ASM-0040892,E-0275,communication,INST-communication,v1,64,100,2025-09-26T00:00:00.000Z,true,61
ASM-0040894,E-0275,execution,INST-execution,v1,23,100,2025-08-16T00:00:00.000Z,false,55
ASM-0040896,E-0275,collaboration,INST-collaboration,v1,37,100,2025-09-02T00:00:00.000Z,false,27
ASM-0040898,E-0275,problem_solving,INST-problem_solving,v1,50,100,2025-09-30T00:00:00.000Z,true,43
ASM-0040900,E-0275,campaign_strategy,INST-campaign_strategy,v1,57,100,2025-07-30T00:00:00.000Z,true,60
ASM-0040902,E-0275,content_quality,INST-content_quality,v1,43,100,2025-07-24T00:00:00.000Z,false,34
ASM-0040924,E-0275,communication,INST-communication,v2,61,100,2026-03-30T00:00:00.000Z,false,52
ASM-0040926,E-0275,collaboration,INST-collaboration,v2,37,100,2026-03-08T00:00:00.000Z,true,45
ASM-0040928,E-0275,problem_solving,INST-problem_solving,v2,40,100,2026-03-28T00:00:00.000Z,true,87
ASM-0040930,E-0275,campaign_strategy,INST-campaign_strategy,v2,58,100,2026-01-05T00:00:00.000Z,true,22
ASM-0040932,E-0275,content_quality,INST-content_quality,v2,61,100,2026-02-03T00:00:00.000Z,true,48
ASM-0040969,E-0275,communication,INST-communication,v2,58,100,2026-08-10T00:00:00.000Z,true,63
ASM-0040971,E-0275,execution,INST-execution,v2,59,100,2026-07-11T00:00:00.000Z,true,48
ASM-0040973,E-0275,problem_solving,INST-problem_solving,v2,71,100,2026-07-03T00:00:00.000Z,false,89
ASM-0040975,E-0275,content_quality,INST-content_quality,v2,59,100,2026-08-11T00:00:00.000Z,false,25
ASM-0041009,E-0276,communication,INST-communication,v1,38,100,2025-01-24T00:00:00.000Z,true,30
ASM-0041011,E-0276,execution,INST-execution,v1,13,100,2025-02-06T00:00:00.000Z,true,89
ASM-0041013,E-0276,problem_solving,INST-problem_solving,v1,31,100,2025-01-27T00:00:00.000Z,true,42
ASM-0041015,E-0276,roadmap_prioritization,INST-roadmap_prioritization,v1,26,100,2025-02-17T00:00:00.000Z,true,58
ASM-0041017,E-0276,stakeholder_alignment,INST-stakeholder_alignment,v1,80,100,2025-03-23T00:00:00.000Z,true,31
ASM-0041053,E-0276,communication,INST-communication,v1,38,100,2025-09-24T00:00:00.000Z,true,69
ASM-0041055,E-0276,execution,INST-execution,v1,30,100,2025-08-13T00:00:00.000Z,true,32
ASM-0041057,E-0276,collaboration,INST-collaboration,v1,10,100,2025-07-31T00:00:00.000Z,true,26
ASM-0041059,E-0276,problem_solving,INST-problem_solving,v1,12,100,2025-08-25T00:00:00.000Z,false,43
ASM-0041061,E-0276,roadmap_prioritization,INST-roadmap_prioritization,v1,20,100,2025-07-01T00:00:00.000Z,true,83
ASM-0041063,E-0276,stakeholder_alignment,INST-stakeholder_alignment,v1,59,100,2025-08-01T00:00:00.000Z,true,34
ASM-0041091,E-0276,execution,INST-execution,v2,22,100,2026-03-13T00:00:00.000Z,true,43
ASM-0041093,E-0276,collaboration,INST-collaboration,v2,24,100,2026-01-16T00:00:00.000Z,false,36
ASM-0041095,E-0276,problem_solving,INST-problem_solving,v2,19,100,2026-03-07T00:00:00.000Z,false,23
ASM-0041097,E-0276,roadmap_prioritization,INST-roadmap_prioritization,v2,20,100,2026-01-28T00:00:00.000Z,true,26
ASM-0041099,E-0276,stakeholder_alignment,INST-stakeholder_alignment,v2,26,100,2026-01-12T00:00:00.000Z,false,31
ASM-0041133,E-0276,communication,INST-communication,v2,34,100,2026-09-29T00:00:00.000Z,false,41
ASM-0041135,E-0276,execution,INST-execution,v2,32,100,2026-07-02T00:00:00.000Z,true,34
ASM-0041137,E-0276,roadmap_prioritization,INST-roadmap_prioritization,v2,23,100,2026-09-25T00:00:00.000Z,true,35
ASM-0041139,E-0276,stakeholder_alignment,INST-stakeholder_alignment,v2,19,100,2026-07-05T00:00:00.000Z,true,73
ASM-0041177,E-0277,communication,INST-communication,v1,66,100,2025-01-16T00:00:00.000Z,true,22
ASM-0041179,E-0277,collaboration,INST-collaboration,v1,70,100,2025-01-08T00:00:00.000Z,true,45
ASM-0041181,E-0277,visual_craft,INST-visual_craft,v1,18,100,2025-03-24T00:00:00.000Z,false,56
ASM-0041183,E-0277,ux_research,INST-ux_research,v1,54,100,2025-03-03T00:00:00.000Z,true,54
ASM-0041209,E-0277,communication,INST-communication,v1,59,100,2025-09-11T00:00:00.000Z,false,54
ASM-0041211,E-0277,execution,INST-execution,v1,69,100,2025-07-01T00:00:00.000Z,true,62
ASM-0041213,E-0277,collaboration,INST-collaboration,v1,65,100,2025-08-19T00:00:00.000Z,true,66
ASM-0041215,E-0277,problem_solving,INST-problem_solving,v1,29,100,2025-08-22T00:00:00.000Z,false,25
ASM-0041217,E-0277,visual_craft,INST-visual_craft,v1,51,100,2025-07-25T00:00:00.000Z,true,47
ASM-0041219,E-0277,ux_research,INST-ux_research,v1,53,100,2025-08-06T00:00:00.000Z,true,51
ASM-0041251,E-0277,communication,INST-communication,v2,48,100,2026-02-28T00:00:00.000Z,true,31
ASM-0041253,E-0277,execution,INST-execution,v2,70,100,2026-03-07T00:00:00.000Z,true,43
ASM-0041255,E-0277,collaboration,INST-collaboration,v2,54,100,2026-03-23T00:00:00.000Z,false,43
ASM-0041257,E-0277,problem_solving,INST-problem_solving,v2,34,100,2026-01-06T00:00:00.000Z,true,77
ASM-0041259,E-0277,visual_craft,INST-visual_craft,v2,67,100,2026-01-05T00:00:00.000Z,true,46
ASM-0041261,E-0277,ux_research,INST-ux_research,v2,55,100,2026-01-06T00:00:00.000Z,true,45
ASM-0041290,E-0277,communication,INST-communication,v2,34,100,2026-07-14T00:00:00.000Z,true,28
ASM-0041292,E-0277,execution,INST-execution,v2,67,100,2026-07-23T00:00:00.000Z,true,40
ASM-0041294,E-0277,collaboration,INST-collaboration,v2,70,100,2026-09-07T00:00:00.000Z,false,81
ASM-0041296,E-0277,problem_solving,INST-problem_solving,v2,41,100,2026-07-18T00:00:00.000Z,true,48
ASM-0041298,E-0277,visual_craft,INST-visual_craft,v2,57,100,2026-08-11T00:00:00.000Z,true,26
ASM-0041300,E-0277,ux_research,INST-ux_research,v2,46,100,2026-07-01T00:00:00.000Z,false,39
ASM-0041324,E-0278,communication,INST-communication,v1,26,100,2025-01-11T00:00:00.000Z,false,48
ASM-0041326,E-0278,execution,INST-execution,v1,46,100,2025-02-18T00:00:00.000Z,true,53
ASM-0041328,E-0278,collaboration,INST-collaboration,v1,90,100,2025-02-20T00:00:00.000Z,false,89
ASM-0041330,E-0278,problem_solving,INST-problem_solving,v1,51,100,2025-01-14T00:00:00.000Z,false,53
ASM-0041332,E-0278,financial_modeling,INST-financial_modeling,v1,30,100,2025-01-06T00:00:00.000Z,true,69
ASM-0041334,E-0278,compliance_rigor,INST-compliance_rigor,v1,25,100,2025-01-20T00:00:00.000Z,false,34
ASM-0041350,E-0278,communication,INST-communication,v1,59,100,2025-09-11T00:00:00.000Z,true,20
ASM-0041352,E-0278,execution,INST-execution,v1,41,100,2025-07-09T00:00:00.000Z,true,80
ASM-0041354,E-0278,collaboration,INST-collaboration,v1,63,100,2025-07-31T00:00:00.000Z,true,82
ASM-0041356,E-0278,problem_solving,INST-problem_solving,v1,24,100,2025-09-11T00:00:00.000Z,true,35
ASM-0041358,E-0278,financial_modeling,INST-financial_modeling,v1,31,100,2025-09-30T00:00:00.000Z,true,38
ASM-0041360,E-0278,compliance_rigor,INST-compliance_rigor,v1,26,100,2025-08-30T00:00:00.000Z,true,60
ASM-0041397,E-0278,communication,INST-communication,v2,61,100,2026-03-03T00:00:00.000Z,true,24
ASM-0041399,E-0278,execution,INST-execution,v2,60,100,2026-03-03T00:00:00.000Z,true,27
ASM-0041401,E-0278,collaboration,INST-collaboration,v2,49,100,2026-03-29T00:00:00.000Z,true,67
ASM-0041403,E-0278,problem_solving,INST-problem_solving,v2,50,100,2026-02-28T00:00:00.000Z,true,82
ASM-0041405,E-0278,financial_modeling,INST-financial_modeling,v2,32,100,2026-02-02T00:00:00.000Z,true,84
ASM-0041407,E-0278,compliance_rigor,INST-compliance_rigor,v2,54,100,2026-02-03T00:00:00.000Z,true,20
ASM-0041445,E-0278,communication,INST-communication,v2,65,100,2026-07-11T00:00:00.000Z,true,85
ASM-0041447,E-0278,execution,INST-execution,v2,77,100,2026-07-06T00:00:00.000Z,true,77
ASM-0041449,E-0278,collaboration,INST-collaboration,v2,47,100,2026-08-02T00:00:00.000Z,true,43
ASM-0041451,E-0278,problem_solving,INST-problem_solving,v2,79,100,2026-08-07T00:00:00.000Z,true,66
ASM-0041453,E-0278,financial_modeling,INST-financial_modeling,v2,30,100,2026-09-28T00:00:00.000Z,true,24
ASM-0041455,E-0278,compliance_rigor,INST-compliance_rigor,v2,52,100,2026-07-19T00:00:00.000Z,true,76
ASM-0041502,E-0279,communication,INST-communication,v1,67,100,2025-03-02T00:00:00.000Z,true,39
ASM-0041504,E-0279,execution,INST-execution,v1,50,100,2025-03-14T00:00:00.000Z,true,55
ASM-0041506,E-0279,collaboration,INST-collaboration,v1,76,100,2025-02-08T00:00:00.000Z,true,53
ASM-0041508,E-0279,problem_solving,INST-problem_solving,v1,45,100,2025-03-16T00:00:00.000Z,false,45
ASM-0041510,E-0279,talent_assessment,INST-talent_assessment,v1,36,100,2025-03-28T00:00:00.000Z,true,54
ASM-0041541,E-0279,execution,INST-execution,v1,59,100,2025-08-01T00:00:00.000Z,true,34
ASM-0041543,E-0279,collaboration,INST-collaboration,v1,58,100,2025-09-07T00:00:00.000Z,false,34
ASM-0041545,E-0279,problem_solving,INST-problem_solving,v1,51,100,2025-08-12T00:00:00.000Z,false,56
ASM-0041547,E-0279,talent_assessment,INST-talent_assessment,v1,47,100,2025-07-16T00:00:00.000Z,true,48
ASM-0041581,E-0279,communication,INST-communication,v2,47,100,2026-01-18T00:00:00.000Z,true,41
ASM-0041583,E-0279,execution,INST-execution,v2,40,100,2026-02-16T00:00:00.000Z,true,65
ASM-0041585,E-0279,problem_solving,INST-problem_solving,v2,70,100,2026-03-22T00:00:00.000Z,true,81
ASM-0041587,E-0279,talent_assessment,INST-talent_assessment,v2,59,100,2026-03-09T00:00:00.000Z,true,21
ASM-0041589,E-0279,policy_navigation,INST-policy_navigation,v2,32,100,2026-02-08T00:00:00.000Z,true,68
ASM-0041608,E-0279,communication,INST-communication,v2,48,100,2026-09-13T00:00:00.000Z,false,20
ASM-0041610,E-0279,execution,INST-execution,v2,46,100,2026-07-05T00:00:00.000Z,false,69
ASM-0041612,E-0279,collaboration,INST-collaboration,v2,53,100,2026-09-14T00:00:00.000Z,false,48
ASM-0041614,E-0279,problem_solving,INST-problem_solving,v2,74,100,2026-08-06T00:00:00.000Z,true,84
ASM-0041616,E-0279,talent_assessment,INST-talent_assessment,v2,62,100,2026-09-29T00:00:00.000Z,true,47
ASM-0041662,E-0280,communication,INST-communication,v1,22,100,2025-03-01T00:00:00.000Z,false,85
ASM-0041664,E-0280,execution,INST-execution,v1,85,100,2025-03-17T00:00:00.000Z,false,41
ASM-0041666,E-0280,problem_solving,INST-problem_solving,v1,22,100,2025-03-17T00:00:00.000Z,false,57
ASM-0041668,E-0280,customer_resolution,INST-customer_resolution,v1,23,100,2025-02-27T00:00:00.000Z,false,68
ASM-0041670,E-0280,troubleshooting,INST-troubleshooting,v1,13,100,2025-01-26T00:00:00.000Z,true,67
ASM-0041700,E-0280,communication,INST-communication,v1,23,100,2025-07-28T00:00:00.000Z,false,25
ASM-0041702,E-0280,problem_solving,INST-problem_solving,v1,40,100,2025-07-07T00:00:00.000Z,true,44
ASM-0041704,E-0280,customer_resolution,INST-customer_resolution,v1,23,100,2025-07-14T00:00:00.000Z,true,32
ASM-0041706,E-0280,troubleshooting,INST-troubleshooting,v1,14,100,2025-09-16T00:00:00.000Z,true,46
ASM-0041739,E-0280,communication,INST-communication,v2,35,100,2026-01-24T00:00:00.000Z,true,82
ASM-0041741,E-0280,execution,INST-execution,v2,61,100,2026-02-03T00:00:00.000Z,true,45
ASM-0041743,E-0280,collaboration,INST-collaboration,v2,26,100,2026-02-12T00:00:00.000Z,false,61
ASM-0041745,E-0280,customer_resolution,INST-customer_resolution,v2,25,100,2026-02-25T00:00:00.000Z,true,79
ASM-0041747,E-0280,troubleshooting,INST-troubleshooting,v2,21,100,2026-03-20T00:00:00.000Z,true,86
ASM-0041765,E-0280,communication,INST-communication,v2,25,100,2026-07-18T00:00:00.000Z,true,45
ASM-0041767,E-0280,execution,INST-execution,v2,54,100,2026-07-15T00:00:00.000Z,true,42
ASM-0041769,E-0280,collaboration,INST-collaboration,v2,32,100,2026-09-22T00:00:00.000Z,true,53
ASM-0041771,E-0280,problem_solving,INST-problem_solving,v2,29,100,2026-07-06T00:00:00.000Z,false,26
ASM-0041773,E-0280,customer_resolution,INST-customer_resolution,v2,26,100,2026-07-10T00:00:00.000Z,true,68
ASM-0041775,E-0280,troubleshooting,INST-troubleshooting,v2,29,100,2026-07-28T00:00:00.000Z,true,79
ASM-0041810,E-0281,communication,INST-communication,v1,30,100,2025-03-04T00:00:00.000Z,true,40
ASM-0041812,E-0281,execution,INST-execution,v1,43,100,2025-01-28T00:00:00.000Z,false,20
ASM-0041814,E-0281,collaboration,INST-collaboration,v1,30,100,2025-01-13T00:00:00.000Z,true,86
ASM-0041816,E-0281,problem_solving,INST-problem_solving,v1,22,100,2025-02-09T00:00:00.000Z,false,56
ASM-0041818,E-0281,system_design,INST-system_design,v1,54,100,2025-02-09T00:00:00.000Z,true,47
ASM-0041820,E-0281,code_quality,INST-code_quality,v1,20,100,2025-02-11T00:00:00.000Z,true,88
ASM-0041855,E-0281,execution,INST-execution,v1,30,100,2025-09-22T00:00:00.000Z,true,66
ASM-0041857,E-0281,collaboration,INST-collaboration,v1,62,100,2025-09-03T00:00:00.000Z,true,54
ASM-0041859,E-0281,code_quality,INST-code_quality,v1,20,100,2025-08-07T00:00:00.000Z,true,22
ASM-0041887,E-0281,communication,INST-communication,v2,59,100,2026-01-18T00:00:00.000Z,true,60
ASM-0041889,E-0281,collaboration,INST-collaboration,v2,61,100,2026-01-13T00:00:00.000Z,false,86
ASM-0041891,E-0281,system_design,INST-system_design,v2,40,100,2026-03-03T00:00:00.000Z,true,79
ASM-0041893,E-0281,code_quality,INST-code_quality,v2,43,100,2026-03-30T00:00:00.000Z,false,44
ASM-0041918,E-0281,communication,INST-communication,v2,84,100,2026-08-19T00:00:00.000Z,true,74
ASM-0041920,E-0281,collaboration,INST-collaboration,v2,69,100,2026-08-14T00:00:00.000Z,true,73
ASM-0041922,E-0281,system_design,INST-system_design,v2,32,100,2026-07-09T00:00:00.000Z,true,29
ASM-0041924,E-0281,code_quality,INST-code_quality,v2,51,100,2026-09-04T00:00:00.000Z,false,88
ASM-0041961,E-0282,communication,INST-communication,v1,44,100,2025-03-19T00:00:00.000Z,true,50
ASM-0041963,E-0282,collaboration,INST-collaboration,v1,49,100,2025-01-14T00:00:00.000Z,true,56
ASM-0041965,E-0282,problem_solving,INST-problem_solving,v1,64,100,2025-01-06T00:00:00.000Z,true,22
ASM-0041967,E-0282,negotiation,INST-negotiation,v1,29,100,2025-02-21T00:00:00.000Z,true,50
ASM-0042004,E-0282,communication,INST-communication,v1,50,100,2025-07-28T00:00:00.000Z,true,42
ASM-0042006,E-0282,collaboration,INST-collaboration,v1,73,100,2025-08-06T00:00:00.000Z,true,76
ASM-0042008,E-0282,problem_solving,INST-problem_solving,v1,51,100,2025-08-25T00:00:00.000Z,true,20
ASM-0042010,E-0282,negotiation,INST-negotiation,v1,28,100,2025-07-10T00:00:00.000Z,false,39
ASM-0042012,E-0282,pipeline_mgmt,INST-pipeline_mgmt,v1,21,100,2025-08-18T00:00:00.000Z,true,89
ASM-0042056,E-0282,communication,INST-communication,v2,65,100,2026-03-18T00:00:00.000Z,true,43
ASM-0042058,E-0282,execution,INST-execution,v2,53,100,2026-01-22T00:00:00.000Z,true,64
ASM-0042060,E-0282,collaboration,INST-collaboration,v2,63,100,2026-02-11T00:00:00.000Z,true,77
ASM-0042062,E-0282,problem_solving,INST-problem_solving,v2,67,100,2026-01-05T00:00:00.000Z,true,29
ASM-0042064,E-0282,pipeline_mgmt,INST-pipeline_mgmt,v2,62,100,2026-02-20T00:00:00.000Z,true,84
ASM-0042101,E-0282,communication,INST-communication,v2,86,100,2026-09-04T00:00:00.000Z,true,47
ASM-0042103,E-0282,execution,INST-execution,v2,51,100,2026-08-27T00:00:00.000Z,true,28
ASM-0042105,E-0282,collaboration,INST-collaboration,v2,63,100,2026-07-03T00:00:00.000Z,true,78
ASM-0042107,E-0282,problem_solving,INST-problem_solving,v2,82,100,2026-07-30T00:00:00.000Z,true,87
ASM-0042109,E-0282,pipeline_mgmt,INST-pipeline_mgmt,v2,70,100,2026-07-08T00:00:00.000Z,false,66
ASM-0042152,E-0283,communication,INST-communication,v1,50,100,2025-02-08T00:00:00.000Z,false,29
ASM-0042154,E-0283,collaboration,INST-collaboration,v1,54,100,2025-03-16T00:00:00.000Z,false,20
ASM-0042156,E-0283,problem_solving,INST-problem_solving,v1,26,100,2025-03-21T00:00:00.000Z,true,83
ASM-0042158,E-0283,campaign_strategy,INST-campaign_strategy,v1,39,100,2025-03-04T00:00:00.000Z,false,23
ASM-0042160,E-0283,content_quality,INST-content_quality,v1,88,100,2025-03-23T00:00:00.000Z,true,53
ASM-0042188,E-0283,communication,INST-communication,v1,74,100,2025-08-04T00:00:00.000Z,true,77
ASM-0042190,E-0283,execution,INST-execution,v1,70,100,2025-08-06T00:00:00.000Z,false,50
ASM-0042192,E-0283,collaboration,INST-collaboration,v1,70,100,2025-09-01T00:00:00.000Z,true,67
ASM-0042194,E-0283,content_quality,INST-content_quality,v1,96,100,2025-09-13T00:00:00.000Z,false,46
ASM-0042204,E-0283,communication,INST-communication,v2,60,100,2026-03-21T00:00:00.000Z,false,39
ASM-0042206,E-0283,collaboration,INST-collaboration,v2,67,100,2026-02-10T00:00:00.000Z,true,60
ASM-0042208,E-0283,problem_solving,INST-problem_solving,v2,53,100,2026-02-12T00:00:00.000Z,false,36
ASM-0042210,E-0283,campaign_strategy,INST-campaign_strategy,v2,41,100,2026-03-18T00:00:00.000Z,false,89
ASM-0042230,E-0283,communication,INST-communication,v2,61,100,2026-09-26T00:00:00.000Z,true,24
ASM-0042232,E-0283,execution,INST-execution,v2,42,100,2026-07-01T00:00:00.000Z,true,60
ASM-0042234,E-0283,collaboration,INST-collaboration,v2,78,100,2026-09-13T00:00:00.000Z,true,55
ASM-0042236,E-0283,problem_solving,INST-problem_solving,v2,74,100,2026-07-29T00:00:00.000Z,false,59
ASM-0042238,E-0283,campaign_strategy,INST-campaign_strategy,v2,49,100,2026-08-27T00:00:00.000Z,false,69
ASM-0042287,E-0284,communication,INST-communication,v1,32,100,2025-03-20T00:00:00.000Z,true,44
ASM-0042289,E-0284,execution,INST-execution,v1,45,100,2025-03-21T00:00:00.000Z,true,70
ASM-0042291,E-0284,collaboration,INST-collaboration,v1,26,100,2025-01-31T00:00:00.000Z,true,23
ASM-0042293,E-0284,problem_solving,INST-problem_solving,v1,33,100,2025-02-10T00:00:00.000Z,true,55
ASM-0042295,E-0284,roadmap_prioritization,INST-roadmap_prioritization,v1,36,100,2025-03-23T00:00:00.000Z,true,79
ASM-0042297,E-0284,stakeholder_alignment,INST-stakeholder_alignment,v1,33,100,2025-02-20T00:00:00.000Z,false,84
ASM-0042336,E-0284,communication,INST-communication,v1,33,100,2025-09-08T00:00:00.000Z,false,59
ASM-0042338,E-0284,execution,INST-execution,v1,57,100,2025-09-12T00:00:00.000Z,false,64
ASM-0042340,E-0284,collaboration,INST-collaboration,v1,39,100,2025-09-08T00:00:00.000Z,true,25
ASM-0042342,E-0284,problem_solving,INST-problem_solving,v1,33,100,2025-07-18T00:00:00.000Z,true,30
ASM-0042344,E-0284,roadmap_prioritization,INST-roadmap_prioritization,v1,49,100,2025-09-19T00:00:00.000Z,true,40
ASM-0042346,E-0284,stakeholder_alignment,INST-stakeholder_alignment,v1,37,100,2025-09-14T00:00:00.000Z,false,32
ASM-0042376,E-0284,communication,INST-communication,v2,51,100,2026-01-01T00:00:00.000Z,true,64
ASM-0042378,E-0284,execution,INST-execution,v2,70,100,2026-03-10T00:00:00.000Z,true,75
ASM-0042380,E-0284,collaboration,INST-collaboration,v2,55,100,2026-01-07T00:00:00.000Z,true,24
ASM-0042382,E-0284,problem_solving,INST-problem_solving,v2,51,100,2026-01-26T00:00:00.000Z,false,68
ASM-0042384,E-0284,roadmap_prioritization,INST-roadmap_prioritization,v2,66,100,2026-03-22T00:00:00.000Z,true,86
ASM-0042386,E-0284,stakeholder_alignment,INST-stakeholder_alignment,v2,37,100,2026-01-28T00:00:00.000Z,true,65
ASM-0042407,E-0284,execution,INST-execution,v2,72,100,2026-07-20T00:00:00.000Z,true,83
ASM-0042409,E-0284,collaboration,INST-collaboration,v2,51,100,2026-07-23T00:00:00.000Z,false,34
ASM-0042411,E-0284,problem_solving,INST-problem_solving,v2,86,100,2026-08-14T00:00:00.000Z,true,79
ASM-0042413,E-0284,roadmap_prioritization,INST-roadmap_prioritization,v2,88,100,2026-09-27T00:00:00.000Z,true,23
ASM-0042449,E-0285,communication,INST-communication,v1,52,100,2025-01-17T00:00:00.000Z,false,35
ASM-0042451,E-0285,execution,INST-execution,v1,58,100,2025-03-07T00:00:00.000Z,false,67
ASM-0042453,E-0285,collaboration,INST-collaboration,v1,13,100,2025-03-13T00:00:00.000Z,false,29
ASM-0042455,E-0285,problem_solving,INST-problem_solving,v1,44,100,2025-01-04T00:00:00.000Z,true,72
ASM-0042457,E-0285,visual_craft,INST-visual_craft,v1,21,100,2025-02-15T00:00:00.000Z,true,23
ASM-0042459,E-0285,ux_research,INST-ux_research,v1,24,100,2025-02-12T00:00:00.000Z,true,77
ASM-0042496,E-0285,communication,INST-communication,v1,42,100,2025-08-17T00:00:00.000Z,true,72
ASM-0042498,E-0285,execution,INST-execution,v1,41,100,2025-07-05T00:00:00.000Z,false,45
ASM-0042500,E-0285,collaboration,INST-collaboration,v1,10,100,2025-07-05T00:00:00.000Z,false,68
ASM-0042502,E-0285,visual_craft,INST-visual_craft,v1,42,100,2025-07-11T00:00:00.000Z,true,56
ASM-0042504,E-0285,ux_research,INST-ux_research,v1,59,100,2025-09-15T00:00:00.000Z,false,86
ASM-0042529,E-0285,communication,INST-communication,v2,49,100,2026-01-31T00:00:00.000Z,true,77
ASM-0042531,E-0285,execution,INST-execution,v2,50,100,2026-03-02T00:00:00.000Z,true,33
ASM-0042533,E-0285,visual_craft,INST-visual_craft,v2,49,100,2026-01-27T00:00:00.000Z,true,24
ASM-0042535,E-0285,ux_research,INST-ux_research,v2,56,100,2026-03-28T00:00:00.000Z,false,42
ASM-0042569,E-0285,communication,INST-communication,v2,37,100,2026-08-26T00:00:00.000Z,true,63
ASM-0042571,E-0285,execution,INST-execution,v2,44,100,2026-08-24T00:00:00.000Z,true,48
ASM-0042573,E-0285,collaboration,INST-collaboration,v2,56,100,2026-08-30T00:00:00.000Z,true,23
ASM-0042575,E-0285,visual_craft,INST-visual_craft,v2,61,100,2026-08-09T00:00:00.000Z,true,84
ASM-0042577,E-0285,ux_research,INST-ux_research,v2,82,100,2026-08-05T00:00:00.000Z,false,73
ASM-0042608,E-0286,communication,INST-communication,v1,36,100,2025-03-25T00:00:00.000Z,true,87
ASM-0042610,E-0286,problem_solving,INST-problem_solving,v1,36,100,2025-02-22T00:00:00.000Z,true,42
ASM-0042612,E-0286,financial_modeling,INST-financial_modeling,v1,81,100,2025-03-10T00:00:00.000Z,false,41
ASM-0042639,E-0286,communication,INST-communication,v1,50,100,2025-07-13T00:00:00.000Z,true,64
ASM-0042641,E-0286,collaboration,INST-collaboration,v1,67,100,2025-08-14T00:00:00.000Z,true,58
ASM-0042643,E-0286,financial_modeling,INST-financial_modeling,v1,60,100,2025-08-18T00:00:00.000Z,false,43
ASM-0042669,E-0286,communication,INST-communication,v2,50,100,2026-02-03T00:00:00.000Z,true,73
ASM-0042671,E-0286,collaboration,INST-collaboration,v2,36,100,2026-01-27T00:00:00.000Z,true,85
ASM-0042673,E-0286,problem_solving,INST-problem_solving,v2,33,100,2026-03-19T00:00:00.000Z,true,35
ASM-0042675,E-0286,financial_modeling,INST-financial_modeling,v2,53,100,2026-03-08T00:00:00.000Z,true,33
ASM-0042677,E-0286,compliance_rigor,INST-compliance_rigor,v2,62,100,2026-03-09T00:00:00.000Z,false,34
ASM-0042700,E-0286,communication,INST-communication,v2,65,100,2026-08-22T00:00:00.000Z,true,56
ASM-0042702,E-0286,problem_solving,INST-problem_solving,v2,18,100,2026-08-01T00:00:00.000Z,true,60
ASM-0042704,E-0286,financial_modeling,INST-financial_modeling,v2,32,100,2026-08-04T00:00:00.000Z,false,28
ASM-0042706,E-0286,compliance_rigor,INST-compliance_rigor,v2,69,100,2026-08-01T00:00:00.000Z,false,32
ASM-0042737,E-0287,communication,INST-communication,v1,21,100,2025-03-16T00:00:00.000Z,true,65
ASM-0042739,E-0287,execution,INST-execution,v1,46,100,2025-02-09T00:00:00.000Z,false,82
ASM-0042741,E-0287,problem_solving,INST-problem_solving,v1,44,100,2025-02-18T00:00:00.000Z,false,88
ASM-0042743,E-0287,talent_assessment,INST-talent_assessment,v1,47,100,2025-03-16T00:00:00.000Z,false,30
ASM-0042745,E-0287,policy_navigation,INST-policy_navigation,v1,80,100,2025-03-07T00:00:00.000Z,true,52
ASM-0042766,E-0287,communication,INST-communication,v1,22,100,2025-08-07T00:00:00.000Z,false,70
ASM-0042768,E-0287,execution,INST-execution,v1,45,100,2025-08-05T00:00:00.000Z,false,26
ASM-0042770,E-0287,collaboration,INST-collaboration,v1,67,100,2025-09-04T00:00:00.000Z,true,31
ASM-0042772,E-0287,problem_solving,INST-problem_solving,v1,45,100,2025-08-16T00:00:00.000Z,true,63
ASM-0042774,E-0287,talent_assessment,INST-talent_assessment,v1,53,100,2025-07-27T00:00:00.000Z,true,44
ASM-0042776,E-0287,policy_navigation,INST-policy_navigation,v1,67,100,2025-09-22T00:00:00.000Z,true,44
ASM-0042805,E-0287,communication,INST-communication,v2,42,100,2026-01-23T00:00:00.000Z,true,35
ASM-0042807,E-0287,execution,INST-execution,v2,60,100,2026-01-29T00:00:00.000Z,true,77
ASM-0042809,E-0287,collaboration,INST-collaboration,v2,63,100,2026-03-04T00:00:00.000Z,true,78
ASM-0042811,E-0287,problem_solving,INST-problem_solving,v2,45,100,2026-01-10T00:00:00.000Z,true,45
ASM-0042813,E-0287,policy_navigation,INST-policy_navigation,v2,41,100,2026-02-19T00:00:00.000Z,true,73
ASM-0042845,E-0287,communication,INST-communication,v2,61,100,2026-09-26T00:00:00.000Z,true,59
ASM-0042847,E-0287,execution,INST-execution,v2,84,100,2026-08-25T00:00:00.000Z,true,41
ASM-0042849,E-0287,policy_navigation,INST-policy_navigation,v2,44,100,2026-07-02T00:00:00.000Z,true,42
ASM-0042884,E-0288,communication,INST-communication,v1,10,100,2025-01-04T00:00:00.000Z,false,84
ASM-0042886,E-0288,execution,INST-execution,v1,24,100,2025-02-22T00:00:00.000Z,false,83
ASM-0042888,E-0288,collaboration,INST-collaboration,v1,49,100,2025-03-20T00:00:00.000Z,true,55
ASM-0042890,E-0288,customer_resolution,INST-customer_resolution,v1,57,100,2025-01-10T00:00:00.000Z,true,87
ASM-0042918,E-0288,execution,INST-execution,v1,51,100,2025-08-01T00:00:00.000Z,true,25
ASM-0042920,E-0288,collaboration,INST-collaboration,v1,59,100,2025-07-27T00:00:00.000Z,true,53
ASM-0042922,E-0288,customer_resolution,INST-customer_resolution,v1,62,100,2025-09-15T00:00:00.000Z,false,39
ASM-0042924,E-0288,troubleshooting,INST-troubleshooting,v1,48,100,2025-07-08T00:00:00.000Z,true,80
ASM-0042954,E-0288,communication,INST-communication,v2,25,100,2026-03-15T00:00:00.000Z,true,80
ASM-0042956,E-0288,collaboration,INST-collaboration,v2,57,100,2026-03-04T00:00:00.000Z,true,48
ASM-0042958,E-0288,customer_resolution,INST-customer_resolution,v2,40,100,2026-03-31T00:00:00.000Z,true,26
ASM-0042960,E-0288,troubleshooting,INST-troubleshooting,v2,68,100,2026-01-31T00:00:00.000Z,true,37
ASM-0042990,E-0288,communication,INST-communication,v2,49,100,2026-08-27T00:00:00.000Z,true,85
ASM-0042992,E-0288,execution,INST-execution,v2,89,100,2026-09-15T00:00:00.000Z,true,71
ASM-0042994,E-0288,collaboration,INST-collaboration,v2,64,100,2026-08-01T00:00:00.000Z,true,88
ASM-0042996,E-0288,customer_resolution,INST-customer_resolution,v2,57,100,2026-07-20T00:00:00.000Z,false,43
ASM-0042998,E-0288,troubleshooting,INST-troubleshooting,v2,83,100,2026-09-25T00:00:00.000Z,true,43
ASM-0043031,E-0289,communication,INST-communication,v1,53,100,2025-03-16T00:00:00.000Z,true,78
ASM-0043033,E-0289,collaboration,INST-collaboration,v1,39,100,2025-03-13T00:00:00.000Z,true,21
ASM-0043035,E-0289,problem_solving,INST-problem_solving,v1,32,100,2025-03-07T00:00:00.000Z,false,32
ASM-0043037,E-0289,system_design,INST-system_design,v1,34,100,2025-02-12T00:00:00.000Z,true,79
ASM-0043039,E-0289,code_quality,INST-code_quality,v1,58,100,2025-01-12T00:00:00.000Z,true,83
ASM-0043065,E-0289,execution,INST-execution,v1,33,100,2025-07-12T00:00:00.000Z,true,81
ASM-0043067,E-0289,collaboration,INST-collaboration,v1,53,100,2025-09-23T00:00:00.000Z,false,77
ASM-0043069,E-0289,problem_solving,INST-problem_solving,v1,64,100,2025-07-14T00:00:00.000Z,true,40
ASM-0043071,E-0289,system_design,INST-system_design,v1,42,100,2025-07-11T00:00:00.000Z,false,63
ASM-0043073,E-0289,code_quality,INST-code_quality,v1,54,100,2025-09-06T00:00:00.000Z,false,81
ASM-0043099,E-0289,execution,INST-execution,v2,62,100,2026-01-22T00:00:00.000Z,true,35
ASM-0043101,E-0289,collaboration,INST-collaboration,v2,48,100,2026-01-12T00:00:00.000Z,true,60
ASM-0043103,E-0289,problem_solving,INST-problem_solving,v2,71,100,2026-03-05T00:00:00.000Z,true,53
ASM-0043105,E-0289,system_design,INST-system_design,v2,53,100,2026-03-31T00:00:00.000Z,true,44
ASM-0043107,E-0289,code_quality,INST-code_quality,v2,44,100,2026-01-02T00:00:00.000Z,false,60
ASM-0043140,E-0289,execution,INST-execution,v2,73,100,2026-08-14T00:00:00.000Z,true,77
ASM-0043142,E-0289,collaboration,INST-collaboration,v2,71,100,2026-09-02T00:00:00.000Z,true,34
ASM-0043144,E-0289,problem_solving,INST-problem_solving,v2,75,100,2026-07-11T00:00:00.000Z,false,88
ASM-0043146,E-0289,system_design,INST-system_design,v2,75,100,2026-08-18T00:00:00.000Z,true,53
ASM-0043148,E-0289,code_quality,INST-code_quality,v2,45,100,2026-07-03T00:00:00.000Z,true,36
ASM-0043195,E-0290,communication,INST-communication,v1,33,100,2025-02-16T00:00:00.000Z,true,82
ASM-0043197,E-0290,collaboration,INST-collaboration,v1,22,100,2025-02-12T00:00:00.000Z,true,61
ASM-0043199,E-0290,problem_solving,INST-problem_solving,v1,14,100,2025-01-19T00:00:00.000Z,false,70
ASM-0043201,E-0290,negotiation,INST-negotiation,v1,41,100,2025-03-22T00:00:00.000Z,true,28
ASM-0043203,E-0290,pipeline_mgmt,INST-pipeline_mgmt,v1,31,100,2025-02-27T00:00:00.000Z,false,57
ASM-0043237,E-0290,communication,INST-communication,v1,32,100,2025-08-26T00:00:00.000Z,true,33
ASM-0043239,E-0290,execution,INST-execution,v1,34,100,2025-09-08T00:00:00.000Z,true,53
ASM-0043241,E-0290,collaboration,INST-collaboration,v1,32,100,2025-09-15T00:00:00.000Z,true,31
ASM-0043243,E-0290,problem_solving,INST-problem_solving,v1,46,100,2025-08-28T00:00:00.000Z,true,40
ASM-0043245,E-0290,negotiation,INST-negotiation,v1,34,100,2025-07-08T00:00:00.000Z,true,60
ASM-0043247,E-0290,pipeline_mgmt,INST-pipeline_mgmt,v1,43,100,2025-09-07T00:00:00.000Z,true,70
ASM-0043279,E-0290,communication,INST-communication,v2,47,100,2026-03-16T00:00:00.000Z,false,62
ASM-0043281,E-0290,execution,INST-execution,v2,26,100,2026-02-11T00:00:00.000Z,true,58
ASM-0043283,E-0290,problem_solving,INST-problem_solving,v2,70,100,2026-02-10T00:00:00.000Z,true,30
ASM-0043285,E-0290,negotiation,INST-negotiation,v2,43,100,2026-03-11T00:00:00.000Z,true,28
ASM-0043287,E-0290,pipeline_mgmt,INST-pipeline_mgmt,v2,57,100,2026-01-28T00:00:00.000Z,false,55
ASM-0043317,E-0290,communication,INST-communication,v2,55,100,2026-09-17T00:00:00.000Z,false,80
ASM-0043319,E-0290,collaboration,INST-collaboration,v2,70,100,2026-07-29T00:00:00.000Z,true,36
ASM-0043321,E-0290,problem_solving,INST-problem_solving,v2,57,100,2026-09-02T00:00:00.000Z,true,21
ASM-0043323,E-0290,negotiation,INST-negotiation,v2,19,100,2026-07-27T00:00:00.000Z,true,27
ASM-0043325,E-0290,pipeline_mgmt,INST-pipeline_mgmt,v2,61,100,2026-07-11T00:00:00.000Z,false,24
ASM-0043373,E-0291,communication,INST-communication,v1,35,100,2025-03-22T00:00:00.000Z,true,80
ASM-0043375,E-0291,execution,INST-execution,v1,26,100,2025-02-15T00:00:00.000Z,true,23
ASM-0043377,E-0291,collaboration,INST-collaboration,v1,22,100,2025-02-11T00:00:00.000Z,true,46
ASM-0043379,E-0291,problem_solving,INST-problem_solving,v1,39,100,2025-02-12T00:00:00.000Z,true,53
ASM-0043381,E-0291,campaign_strategy,INST-campaign_strategy,v1,31,100,2025-02-09T00:00:00.000Z,true,68
ASM-0043393,E-0291,communication,INST-communication,v1,31,100,2025-08-21T00:00:00.000Z,true,60
ASM-0043395,E-0291,execution,INST-execution,v1,19,100,2025-07-24T00:00:00.000Z,false,26
ASM-0043397,E-0291,collaboration,INST-collaboration,v1,36,100,2025-09-09T00:00:00.000Z,true,39
ASM-0043399,E-0291,problem_solving,INST-problem_solving,v1,39,100,2025-08-05T00:00:00.000Z,true,75
ASM-0043401,E-0291,campaign_strategy,INST-campaign_strategy,v1,36,100,2025-08-15T00:00:00.000Z,true,78
ASM-0043432,E-0291,communication,INST-communication,v2,33,100,2026-02-19T00:00:00.000Z,true,47
ASM-0043434,E-0291,execution,INST-execution,v2,22,100,2026-03-15T00:00:00.000Z,true,65
ASM-0043436,E-0291,problem_solving,INST-problem_solving,v2,22,100,2026-03-31T00:00:00.000Z,false,80
ASM-0043438,E-0291,campaign_strategy,INST-campaign_strategy,v2,32,100,2026-01-09T00:00:00.000Z,true,75
ASM-0043474,E-0291,communication,INST-communication,v2,45,100,2026-08-31T00:00:00.000Z,false,88
ASM-0043476,E-0291,execution,INST-execution,v2,30,100,2026-08-22T00:00:00.000Z,true,24
ASM-0043478,E-0291,collaboration,INST-collaboration,v2,69,100,2026-08-09T00:00:00.000Z,false,42
ASM-0043480,E-0291,problem_solving,INST-problem_solving,v2,41,100,2026-09-02T00:00:00.000Z,true,54
ASM-0043482,E-0291,campaign_strategy,INST-campaign_strategy,v2,36,100,2026-09-11T00:00:00.000Z,true,32
ASM-0043520,E-0292,communication,INST-communication,v1,77,100,2025-03-21T00:00:00.000Z,true,60
ASM-0043522,E-0292,execution,INST-execution,v1,68,100,2025-03-17T00:00:00.000Z,true,84
ASM-0043524,E-0292,collaboration,INST-collaboration,v1,27,100,2025-02-19T00:00:00.000Z,false,61
ASM-0043526,E-0292,problem_solving,INST-problem_solving,v1,56,100,2025-02-07T00:00:00.000Z,false,38
ASM-0043528,E-0292,roadmap_prioritization,INST-roadmap_prioritization,v1,77,100,2025-01-19T00:00:00.000Z,true,64
ASM-0043530,E-0292,stakeholder_alignment,INST-stakeholder_alignment,v1,37,100,2025-03-01T00:00:00.000Z,true,62
ASM-0043554,E-0292,communication,INST-communication,v1,68,100,2025-08-10T00:00:00.000Z,false,33
ASM-0043556,E-0292,execution,INST-execution,v1,57,100,2025-08-15T00:00:00.000Z,true,25
ASM-0043558,E-0292,collaboration,INST-collaboration,v1,12,100,2025-08-03T00:00:00.000Z,true,72
ASM-0043560,E-0292,problem_solving,INST-problem_solving,v1,43,100,2025-07-23T00:00:00.000Z,true,50
ASM-0043562,E-0292,roadmap_prioritization,INST-roadmap_prioritization,v1,68,100,2025-08-14T00:00:00.000Z,true,30
ASM-0043564,E-0292,stakeholder_alignment,INST-stakeholder_alignment,v1,35,100,2025-07-23T00:00:00.000Z,true,39
ASM-0043583,E-0292,execution,INST-execution,v2,51,100,2026-01-25T00:00:00.000Z,true,37
ASM-0043585,E-0292,collaboration,INST-collaboration,v2,54,100,2026-03-17T00:00:00.000Z,false,46
ASM-0043587,E-0292,problem_solving,INST-problem_solving,v2,55,100,2026-02-05T00:00:00.000Z,true,75
ASM-0043589,E-0292,roadmap_prioritization,INST-roadmap_prioritization,v2,69,100,2026-03-07T00:00:00.000Z,true,20
ASM-0043591,E-0292,stakeholder_alignment,INST-stakeholder_alignment,v2,44,100,2026-03-22T00:00:00.000Z,false,24
ASM-0043619,E-0292,execution,INST-execution,v2,27,100,2026-07-30T00:00:00.000Z,false,40
ASM-0043621,E-0292,collaboration,INST-collaboration,v2,60,100,2026-08-11T00:00:00.000Z,true,30
ASM-0043623,E-0292,roadmap_prioritization,INST-roadmap_prioritization,v2,74,100,2026-09-01T00:00:00.000Z,true,35
ASM-0043625,E-0292,stakeholder_alignment,INST-stakeholder_alignment,v2,66,100,2026-09-20T00:00:00.000Z,false,56
ASM-0043652,E-0293,communication,INST-communication,v1,72,100,2025-02-15T00:00:00.000Z,true,89
ASM-0043654,E-0293,collaboration,INST-collaboration,v1,61,100,2025-01-09T00:00:00.000Z,true,89
ASM-0043656,E-0293,problem_solving,INST-problem_solving,v1,45,100,2025-02-26T00:00:00.000Z,true,46
ASM-0043658,E-0293,visual_craft,INST-visual_craft,v1,25,100,2025-01-05T00:00:00.000Z,true,28
ASM-0043660,E-0293,ux_research,INST-ux_research,v1,49,100,2025-03-22T00:00:00.000Z,true,61
ASM-0043697,E-0293,communication,INST-communication,v1,61,100,2025-07-05T00:00:00.000Z,true,37
ASM-0043699,E-0293,execution,INST-execution,v1,42,100,2025-07-13T00:00:00.000Z,false,67
ASM-0043701,E-0293,collaboration,INST-collaboration,v1,32,100,2025-09-23T00:00:00.000Z,false,25
ASM-0043703,E-0293,problem_solving,INST-problem_solving,v1,38,100,2025-07-02T00:00:00.000Z,false,44
ASM-0043705,E-0293,visual_craft,INST-visual_craft,v1,17,100,2025-08-27T00:00:00.000Z,true,55
ASM-0043736,E-0293,communication,INST-communication,v2,55,100,2026-01-14T00:00:00.000Z,true,49
ASM-0043738,E-0293,execution,INST-execution,v2,46,100,2026-02-06T00:00:00.000Z,false,53
ASM-0043740,E-0293,collaboration,INST-collaboration,v2,41,100,2026-03-17T00:00:00.000Z,true,55
ASM-0043742,E-0293,visual_craft,INST-visual_craft,v2,33,100,2026-02-21T00:00:00.000Z,false,79
ASM-0043777,E-0293,communication,INST-communication,v2,35,100,2026-07-07T00:00:00.000Z,true,56
ASM-0043779,E-0293,execution,INST-execution,v2,42,100,2026-09-19T00:00:00.000Z,true,58
ASM-0043781,E-0293,collaboration,INST-collaboration,v2,58,100,2026-08-26T00:00:00.000Z,false,58
ASM-0043816,E-0294,communication,INST-communication,v1,15,100,2025-03-07T00:00:00.000Z,true,65
ASM-0043818,E-0294,execution,INST-execution,v1,79,100,2025-03-22T00:00:00.000Z,true,86
ASM-0043820,E-0294,collaboration,INST-collaboration,v1,37,100,2025-03-11T00:00:00.000Z,true,81
ASM-0043822,E-0294,compliance_rigor,INST-compliance_rigor,v1,23,100,2025-03-26T00:00:00.000Z,true,78
ASM-0043846,E-0294,communication,INST-communication,v1,39,100,2025-09-13T00:00:00.000Z,false,24
ASM-0043848,E-0294,collaboration,INST-collaboration,v1,39,100,2025-09-19T00:00:00.000Z,true,82
ASM-0043850,E-0294,problem_solving,INST-problem_solving,v1,22,100,2025-08-16T00:00:00.000Z,true,37
ASM-0043852,E-0294,financial_modeling,INST-financial_modeling,v1,58,100,2025-07-17T00:00:00.000Z,true,55
ASM-0043854,E-0294,compliance_rigor,INST-compliance_rigor,v1,48,100,2025-07-21T00:00:00.000Z,true,30
ASM-0043881,E-0294,communication,INST-communication,v2,62,100,2026-02-08T00:00:00.000Z,false,48
ASM-0043883,E-0294,execution,INST-execution,v2,97,100,2026-03-24T00:00:00.000Z,true,57
ASM-0043885,E-0294,collaboration,INST-collaboration,v2,50,100,2026-02-16T00:00:00.000Z,false,73
ASM-0043887,E-0294,problem_solving,INST-problem_solving,v2,51,100,2026-01-24T00:00:00.000Z,false,61
ASM-0043889,E-0294,financial_modeling,INST-financial_modeling,v2,53,100,2026-03-21T00:00:00.000Z,true,65
ASM-0043891,E-0294,compliance_rigor,INST-compliance_rigor,v2,60,100,2026-01-01T00:00:00.000Z,false,43
ASM-0043915,E-0294,communication,INST-communication,v2,74,100,2026-09-22T00:00:00.000Z,true,22
ASM-0043917,E-0294,execution,INST-execution,v2,70,100,2026-09-29T00:00:00.000Z,true,45
ASM-0043919,E-0294,collaboration,INST-collaboration,v2,55,100,2026-09-25T00:00:00.000Z,true,30
ASM-0043921,E-0294,problem_solving,INST-problem_solving,v2,57,100,2026-08-26T00:00:00.000Z,true,56
ASM-0043923,E-0294,financial_modeling,INST-financial_modeling,v2,80,100,2026-09-04T00:00:00.000Z,false,77
ASM-0043925,E-0294,compliance_rigor,INST-compliance_rigor,v2,61,100,2026-07-30T00:00:00.000Z,true,43
ASM-0043975,E-0295,communication,INST-communication,v1,70,100,2025-02-09T00:00:00.000Z,false,81
ASM-0043977,E-0295,execution,INST-execution,v1,18,100,2025-02-25T00:00:00.000Z,true,60
ASM-0043979,E-0295,collaboration,INST-collaboration,v1,34,100,2025-03-03T00:00:00.000Z,false,51
ASM-0043981,E-0295,policy_navigation,INST-policy_navigation,v1,66,100,2025-03-30T00:00:00.000Z,false,83
ASM-0044002,E-0295,communication,INST-communication,v1,61,100,2025-09-04T00:00:00.000Z,true,46
ASM-0044004,E-0295,execution,INST-execution,v1,38,100,2025-08-29T00:00:00.000Z,true,58
ASM-0044006,E-0295,collaboration,INST-collaboration,v1,50,100,2025-08-07T00:00:00.000Z,true,87
ASM-0044008,E-0295,problem_solving,INST-problem_solving,v1,27,100,2025-07-21T00:00:00.000Z,true,25
ASM-0044010,E-0295,talent_assessment,INST-talent_assessment,v1,33,100,2025-09-08T00:00:00.000Z,true,51
ASM-0044012,E-0295,policy_navigation,INST-policy_navigation,v1,40,100,2025-09-04T00:00:00.000Z,true,63
ASM-0044046,E-0295,communication,INST-communication,v2,56,100,2026-03-21T00:00:00.000Z,true,66
ASM-0044048,E-0295,execution,INST-execution,v2,58,100,2026-02-07T00:00:00.000Z,true,43
ASM-0044050,E-0295,collaboration,INST-collaboration,v2,30,100,2026-03-08T00:00:00.000Z,true,58
ASM-0044052,E-0295,problem_solving,INST-problem_solving,v2,15,100,2026-01-29T00:00:00.000Z,true,80
ASM-0044054,E-0295,talent_assessment,INST-talent_assessment,v2,39,100,2026-01-12T00:00:00.000Z,true,51
ASM-0044056,E-0295,policy_navigation,INST-policy_navigation,v2,25,100,2026-03-02T00:00:00.000Z,true,85
ASM-0044086,E-0295,execution,INST-execution,v2,63,100,2026-09-01T00:00:00.000Z,true,62
ASM-0044088,E-0295,collaboration,INST-collaboration,v2,24,100,2026-07-06T00:00:00.000Z,false,84
ASM-0044090,E-0295,problem_solving,INST-problem_solving,v2,21,100,2026-09-14T00:00:00.000Z,true,63
ASM-0044092,E-0295,talent_assessment,INST-talent_assessment,v2,30,100,2026-08-07T00:00:00.000Z,false,63
ASM-0044133,E-0296,communication,INST-communication,v1,34,100,2025-01-04T00:00:00.000Z,false,81
ASM-0044135,E-0296,execution,INST-execution,v1,15,100,2025-02-18T00:00:00.000Z,true,52
ASM-0044137,E-0296,collaboration,INST-collaboration,v1,29,100,2025-03-02T00:00:00.000Z,false,75
ASM-0044139,E-0296,problem_solving,INST-problem_solving,v1,35,100,2025-01-10T00:00:00.000Z,false,34
ASM-0044141,E-0296,customer_resolution,INST-customer_resolution,v1,24,100,2025-01-05T00:00:00.000Z,true,57
ASM-0044170,E-0296,communication,INST-communication,v1,38,100,2025-08-16T00:00:00.000Z,false,37
ASM-0044172,E-0296,execution,INST-execution,v1,38,100,2025-08-01T00:00:00.000Z,true,64
ASM-0044174,E-0296,collaboration,INST-collaboration,v1,37,100,2025-07-08T00:00:00.000Z,false,87
ASM-0044176,E-0296,problem_solving,INST-problem_solving,v1,20,100,2025-08-01T00:00:00.000Z,true,32
ASM-0044178,E-0296,customer_resolution,INST-customer_resolution,v1,32,100,2025-07-17T00:00:00.000Z,true,83
ASM-0044196,E-0296,communication,INST-communication,v2,61,100,2026-02-13T00:00:00.000Z,true,57
ASM-0044198,E-0296,execution,INST-execution,v2,57,100,2026-01-21T00:00:00.000Z,true,59
ASM-0044200,E-0296,collaboration,INST-collaboration,v2,28,100,2026-02-03T00:00:00.000Z,true,47
ASM-0044202,E-0296,problem_solving,INST-problem_solving,v2,39,100,2026-01-10T00:00:00.000Z,true,78
ASM-0044204,E-0296,customer_resolution,INST-customer_resolution,v2,38,100,2026-01-25T00:00:00.000Z,true,24
ASM-0044234,E-0296,communication,INST-communication,v2,73,100,2026-08-14T00:00:00.000Z,true,43
ASM-0044236,E-0296,execution,INST-execution,v2,74,100,2026-09-29T00:00:00.000Z,false,30
ASM-0044238,E-0296,collaboration,INST-collaboration,v2,34,100,2026-09-20T00:00:00.000Z,true,81
ASM-0044240,E-0296,problem_solving,INST-problem_solving,v2,59,100,2026-08-06T00:00:00.000Z,false,37
ASM-0044242,E-0296,customer_resolution,INST-customer_resolution,v2,43,100,2026-07-18T00:00:00.000Z,true,75
ASM-0044294,E-0297,execution,INST-execution,v1,70,100,2025-02-28T00:00:00.000Z,true,23
ASM-0044296,E-0297,collaboration,INST-collaboration,v1,71,100,2025-03-28T00:00:00.000Z,true,36
ASM-0044298,E-0297,problem_solving,INST-problem_solving,v1,40,100,2025-01-10T00:00:00.000Z,false,89
ASM-0044300,E-0297,system_design,INST-system_design,v1,63,100,2025-02-25T00:00:00.000Z,true,66
ASM-0044302,E-0297,code_quality,INST-code_quality,v1,27,100,2025-02-12T00:00:00.000Z,true,34
ASM-0044331,E-0297,communication,INST-communication,v1,20,100,2025-07-24T00:00:00.000Z,true,63
ASM-0044333,E-0297,execution,INST-execution,v1,58,100,2025-07-28T00:00:00.000Z,true,49
ASM-0044335,E-0297,collaboration,INST-collaboration,v1,61,100,2025-08-15T00:00:00.000Z,true,61
ASM-0044337,E-0297,system_design,INST-system_design,v1,62,100,2025-07-10T00:00:00.000Z,true,82
ASM-0044339,E-0297,code_quality,INST-code_quality,v1,32,100,2025-07-07T00:00:00.000Z,true,31
ASM-0044366,E-0297,communication,INST-communication,v2,22,100,2026-03-12T00:00:00.000Z,true,59
ASM-0044368,E-0297,collaboration,INST-collaboration,v2,28,100,2026-03-26T00:00:00.000Z,true,86
ASM-0044370,E-0297,problem_solving,INST-problem_solving,v2,21,100,2026-02-03T00:00:00.000Z,false,50
ASM-0044372,E-0297,code_quality,INST-code_quality,v2,34,100,2026-01-28T00:00:00.000Z,true,39
ASM-0044399,E-0297,communication,INST-communication,v2,38,100,2026-08-12T00:00:00.000Z,false,55
ASM-0044401,E-0297,execution,INST-execution,v2,17,100,2026-09-29T00:00:00.000Z,true,75
ASM-0044403,E-0297,collaboration,INST-collaboration,v2,13,100,2026-09-12T00:00:00.000Z,true,35
ASM-0044405,E-0297,problem_solving,INST-problem_solving,v2,34,100,2026-07-07T00:00:00.000Z,true,81
ASM-0044407,E-0297,system_design,INST-system_design,v2,48,100,2026-08-24T00:00:00.000Z,true,27
ASM-0044409,E-0297,code_quality,INST-code_quality,v2,57,100,2026-08-31T00:00:00.000Z,false,48
ASM-0044458,E-0298,execution,INST-execution,v1,24,100,2025-03-22T00:00:00.000Z,true,33
ASM-0044460,E-0298,problem_solving,INST-problem_solving,v1,46,100,2025-02-24T00:00:00.000Z,true,69
ASM-0044462,E-0298,pipeline_mgmt,INST-pipeline_mgmt,v1,32,100,2025-03-19T00:00:00.000Z,false,22
ASM-0044498,E-0298,execution,INST-execution,v1,38,100,2025-08-18T00:00:00.000Z,false,86
ASM-0044500,E-0298,problem_solving,INST-problem_solving,v1,45,100,2025-07-18T00:00:00.000Z,true,54
ASM-0044502,E-0298,negotiation,INST-negotiation,v1,56,100,2025-09-15T00:00:00.000Z,false,82
ASM-0044504,E-0298,pipeline_mgmt,INST-pipeline_mgmt,v1,50,100,2025-09-14T00:00:00.000Z,false,36
ASM-0044542,E-0298,communication,INST-communication,v2,27,100,2026-03-20T00:00:00.000Z,false,59
ASM-0044544,E-0298,execution,INST-execution,v2,51,100,2026-03-17T00:00:00.000Z,true,23
ASM-0044546,E-0298,collaboration,INST-collaboration,v2,33,100,2026-01-12T00:00:00.000Z,false,53
ASM-0044548,E-0298,negotiation,INST-negotiation,v2,50,100,2026-01-28T00:00:00.000Z,true,33
ASM-0044550,E-0298,pipeline_mgmt,INST-pipeline_mgmt,v2,47,100,2026-03-05T00:00:00.000Z,false,85
ASM-0044581,E-0298,communication,INST-communication,v2,31,100,2026-09-22T00:00:00.000Z,false,83
ASM-0044583,E-0298,collaboration,INST-collaboration,v2,32,100,2026-09-07T00:00:00.000Z,true,37
ASM-0044585,E-0298,problem_solving,INST-problem_solving,v2,35,100,2026-08-01T00:00:00.000Z,true,84
ASM-0044587,E-0298,negotiation,INST-negotiation,v2,74,100,2026-09-02T00:00:00.000Z,true,54
ASM-0044589,E-0298,pipeline_mgmt,INST-pipeline_mgmt,v2,48,100,2026-08-20T00:00:00.000Z,false,63
ASM-0044633,E-0299,communication,INST-communication,v1,25,100,2025-02-28T00:00:00.000Z,true,38
ASM-0044635,E-0299,execution,INST-execution,v1,30,100,2025-02-10T00:00:00.000Z,false,60
ASM-0044637,E-0299,collaboration,INST-collaboration,v1,56,100,2025-03-06T00:00:00.000Z,true,51
ASM-0044639,E-0299,problem_solving,INST-problem_solving,v1,76,100,2025-01-01T00:00:00.000Z,true,38
ASM-0044641,E-0299,campaign_strategy,INST-campaign_strategy,v1,28,100,2025-03-13T00:00:00.000Z,true,26
ASM-0044643,E-0299,content_quality,INST-content_quality,v1,35,100,2025-03-26T00:00:00.000Z,true,59
ASM-0044672,E-0299,communication,INST-communication,v1,32,100,2025-08-16T00:00:00.000Z,false,67
ASM-0044674,E-0299,execution,INST-execution,v1,28,100,2025-07-15T00:00:00.000Z,false,57
ASM-0044676,E-0299,collaboration,INST-collaboration,v1,57,100,2025-08-20T00:00:00.000Z,false,41
ASM-0044678,E-0299,problem_solving,INST-problem_solving,v1,62,100,2025-09-19T00:00:00.000Z,true,48
ASM-0044680,E-0299,campaign_strategy,INST-campaign_strategy,v1,22,100,2025-09-15T00:00:00.000Z,true,89
ASM-0044682,E-0299,content_quality,INST-content_quality,v1,53,100,2025-09-03T00:00:00.000Z,false,55
ASM-0044710,E-0299,communication,INST-communication,v2,62,100,2026-01-22T00:00:00.000Z,true,64
ASM-0044712,E-0299,execution,INST-execution,v2,48,100,2026-02-14T00:00:00.000Z,false,53
ASM-0044714,E-0299,collaboration,INST-collaboration,v2,38,100,2026-02-07T00:00:00.000Z,false,58
ASM-0044716,E-0299,problem_solving,INST-problem_solving,v2,47,100,2026-01-29T00:00:00.000Z,true,42
ASM-0044718,E-0299,campaign_strategy,INST-campaign_strategy,v2,23,100,2026-01-02T00:00:00.000Z,true,58
ASM-0044720,E-0299,content_quality,INST-content_quality,v2,68,100,2026-03-09T00:00:00.000Z,true,63
ASM-0044742,E-0299,execution,INST-execution,v2,68,100,2026-08-16T00:00:00.000Z,false,22
ASM-0044744,E-0299,problem_solving,INST-problem_solving,v2,36,100,2026-07-03T00:00:00.000Z,false,60
ASM-0044746,E-0299,campaign_strategy,INST-campaign_strategy,v2,21,100,2026-07-31T00:00:00.000Z,true,22
ASM-0044748,E-0299,content_quality,INST-content_quality,v2,73,100,2026-09-10T00:00:00.000Z,false,72
ASM-0044788,E-0300,communication,INST-communication,v1,38,100,2025-02-14T00:00:00.000Z,true,46
ASM-0044790,E-0300,roadmap_prioritization,INST-roadmap_prioritization,v1,28,100,2025-01-19T00:00:00.000Z,true,41
ASM-0044792,E-0300,stakeholder_alignment,INST-stakeholder_alignment,v1,43,100,2025-02-21T00:00:00.000Z,false,87
ASM-0044825,E-0300,communication,INST-communication,v1,30,100,2025-08-04T00:00:00.000Z,true,56
ASM-0044827,E-0300,execution,INST-execution,v1,14,100,2025-09-05T00:00:00.000Z,true,72
ASM-0044829,E-0300,collaboration,INST-collaboration,v1,23,100,2025-08-24T00:00:00.000Z,false,61
ASM-0044831,E-0300,problem_solving,INST-problem_solving,v1,36,100,2025-07-05T00:00:00.000Z,false,35
ASM-0044833,E-0300,roadmap_prioritization,INST-roadmap_prioritization,v1,34,100,2025-07-24T00:00:00.000Z,true,43
ASM-0044835,E-0300,stakeholder_alignment,INST-stakeholder_alignment,v1,62,100,2025-07-23T00:00:00.000Z,false,74
ASM-0044872,E-0300,execution,INST-execution,v2,0,100,2026-03-11T00:00:00.000Z,false,26
ASM-0044874,E-0300,collaboration,INST-collaboration,v2,28,100,2026-01-10T00:00:00.000Z,true,86
ASM-0044876,E-0300,problem_solving,INST-problem_solving,v2,32,100,2026-02-05T00:00:00.000Z,true,26
ASM-0044878,E-0300,roadmap_prioritization,INST-roadmap_prioritization,v2,28,100,2026-02-11T00:00:00.000Z,false,49
ASM-0044880,E-0300,stakeholder_alignment,INST-stakeholder_alignment,v2,60,100,2026-03-08T00:00:00.000Z,false,38
ASM-0044898,E-0300,communication,INST-communication,v2,51,100,2026-09-28T00:00:00.000Z,true,69
ASM-0044900,E-0300,execution,INST-execution,v2,8,100,2026-07-02T00:00:00.000Z,true,22
ASM-0044902,E-0300,collaboration,INST-collaboration,v2,25,100,2026-07-29T00:00:00.000Z,false,36
ASM-0044904,E-0300,problem_solving,INST-problem_solving,v2,33,100,2026-09-03T00:00:00.000Z,true,55
ASM-0044906,E-0300,roadmap_prioritization,INST-roadmap_prioritization,v2,28,100,2026-07-13T00:00:00.000Z,false,31
ASM-0044908,E-0300,stakeholder_alignment,INST-stakeholder_alignment,v2,82,100,2026-09-20T00:00:00.000Z,true,73
ASM-0044947,E-0301,communication,INST-communication,v1,23,100,2025-02-15T00:00:00.000Z,true,59
ASM-0044949,E-0301,execution,INST-execution,v1,11,100,2025-03-20T00:00:00.000Z,true,75
ASM-0044951,E-0301,collaboration,INST-collaboration,v1,58,100,2025-03-12T00:00:00.000Z,true,33
ASM-0044953,E-0301,problem_solving,INST-problem_solving,v1,40,100,2025-03-07T00:00:00.000Z,true,43
ASM-0044955,E-0301,visual_craft,INST-visual_craft,v1,39,100,2025-03-23T00:00:00.000Z,true,24
ASM-0044957,E-0301,ux_research,INST-ux_research,v1,72,100,2025-01-11T00:00:00.000Z,false,69
ASM-0044984,E-0301,communication,INST-communication,v1,19,100,2025-07-15T00:00:00.000Z,false,75
ASM-0044986,E-0301,execution,INST-execution,v1,48,100,2025-07-30T00:00:00.000Z,false,85
ASM-0044988,E-0301,collaboration,INST-collaboration,v1,75,100,2025-09-13T00:00:00.000Z,true,60
ASM-0044990,E-0301,problem_solving,INST-problem_solving,v1,20,100,2025-07-11T00:00:00.000Z,false,87
ASM-0044992,E-0301,visual_craft,INST-visual_craft,v1,52,100,2025-08-17T00:00:00.000Z,true,24
ASM-0045020,E-0301,communication,INST-communication,v2,40,100,2026-02-17T00:00:00.000Z,false,82
ASM-0045022,E-0301,execution,INST-execution,v2,53,100,2026-02-12T00:00:00.000Z,true,31
ASM-0045024,E-0301,problem_solving,INST-problem_solving,v2,39,100,2026-01-17T00:00:00.000Z,false,87
ASM-0045026,E-0301,visual_craft,INST-visual_craft,v2,66,100,2026-02-03T00:00:00.000Z,false,69
ASM-0045028,E-0301,ux_research,INST-ux_research,v2,95,100,2026-03-21T00:00:00.000Z,true,60
ASM-0045042,E-0301,communication,INST-communication,v2,63,100,2026-07-18T00:00:00.000Z,true,76
ASM-0045044,E-0301,execution,INST-execution,v2,74,100,2026-08-01T00:00:00.000Z,false,55
ASM-0045046,E-0301,collaboration,INST-collaboration,v2,76,100,2026-08-03T00:00:00.000Z,true,68
ASM-0045048,E-0301,visual_craft,INST-visual_craft,v2,74,100,2026-09-14T00:00:00.000Z,false,46
ASM-0045073,E-0302,communication,INST-communication,v1,11,100,2025-03-15T00:00:00.000Z,false,76
ASM-0045075,E-0302,execution,INST-execution,v1,29,100,2025-01-07T00:00:00.000Z,false,57
ASM-0045077,E-0302,collaboration,INST-collaboration,v1,53,100,2025-02-14T00:00:00.000Z,true,27
ASM-0045079,E-0302,problem_solving,INST-problem_solving,v1,36,100,2025-03-20T00:00:00.000Z,true,30
ASM-0045081,E-0302,financial_modeling,INST-financial_modeling,v1,47,100,2025-03-13T00:00:00.000Z,true,47
ASM-0045083,E-0302,compliance_rigor,INST-compliance_rigor,v1,37,100,2025-02-19T00:00:00.000Z,false,51
ASM-0045103,E-0302,execution,INST-execution,v1,49,100,2025-07-21T00:00:00.000Z,false,23
ASM-0045105,E-0302,collaboration,INST-collaboration,v1,46,100,2025-07-30T00:00:00.000Z,true,30
ASM-0045107,E-0302,problem_solving,INST-problem_solving,v1,26,100,2025-07-13T00:00:00.000Z,true,53
ASM-0045109,E-0302,financial_modeling,INST-financial_modeling,v1,49,100,2025-07-16T00:00:00.000Z,true,26
ASM-0045111,E-0302,compliance_rigor,INST-compliance_rigor,v1,32,100,2025-09-24T00:00:00.000Z,true,77
ASM-0045145,E-0302,communication,INST-communication,v2,39,100,2026-01-26T00:00:00.000Z,false,66
ASM-0045147,E-0302,execution,INST-execution,v2,67,100,2026-02-25T00:00:00.000Z,false,32
ASM-0045149,E-0302,collaboration,INST-collaboration,v2,31,100,2026-01-31T00:00:00.000Z,false,87
ASM-0045151,E-0302,problem_solving,INST-problem_solving,v2,36,100,2026-03-11T00:00:00.000Z,true,87
ASM-0045153,E-0302,compliance_rigor,INST-compliance_rigor,v2,34,100,2026-01-07T00:00:00.000Z,true,23
ASM-0045176,E-0302,communication,INST-communication,v2,71,100,2026-08-04T00:00:00.000Z,true,39
ASM-0045178,E-0302,execution,INST-execution,v2,71,100,2026-07-11T00:00:00.000Z,true,81
ASM-0045180,E-0302,collaboration,INST-collaboration,v2,46,100,2026-07-09T00:00:00.000Z,false,42
ASM-0045182,E-0302,financial_modeling,INST-financial_modeling,v2,39,100,2026-09-01T00:00:00.000Z,false,34
ASM-0045184,E-0302,compliance_rigor,INST-compliance_rigor,v2,70,100,2026-07-19T00:00:00.000Z,false,62
ASM-0045234,E-0303,communication,INST-communication,v1,32,100,2025-01-07T00:00:00.000Z,true,87
ASM-0045236,E-0303,execution,INST-execution,v1,33,100,2025-03-14T00:00:00.000Z,false,25
ASM-0045238,E-0303,collaboration,INST-collaboration,v1,31,100,2025-03-11T00:00:00.000Z,true,56
ASM-0045240,E-0303,problem_solving,INST-problem_solving,v1,40,100,2025-03-06T00:00:00.000Z,false,72
ASM-0045242,E-0303,talent_assessment,INST-talent_assessment,v1,44,100,2025-02-05T00:00:00.000Z,true,49
ASM-0045244,E-0303,policy_navigation,INST-policy_navigation,v1,29,100,2025-02-06T00:00:00.000Z,true,39
ASM-0045278,E-0303,communication,INST-communication,v1,39,100,2025-09-27T00:00:00.000Z,true,80
ASM-0045280,E-0303,execution,INST-execution,v1,28,100,2025-08-25T00:00:00.000Z,true,29
ASM-0045282,E-0303,collaboration,INST-collaboration,v1,29,100,2025-07-03T00:00:00.000Z,true,71
ASM-0045284,E-0303,problem_solving,INST-problem_solving,v1,30,100,2025-08-18T00:00:00.000Z,true,61
ASM-0045286,E-0303,talent_assessment,INST-talent_assessment,v1,55,100,2025-09-22T00:00:00.000Z,true,33
ASM-0045288,E-0303,policy_navigation,INST-policy_navigation,v1,30,100,2025-07-20T00:00:00.000Z,false,22
ASM-0045303,E-0303,communication,INST-communication,v2,63,100,2026-02-21T00:00:00.000Z,true,69
ASM-0045305,E-0303,collaboration,INST-collaboration,v2,44,100,2026-01-05T00:00:00.000Z,false,48
ASM-0045307,E-0303,problem_solving,INST-problem_solving,v2,28,100,2026-02-21T00:00:00.000Z,true,63
ASM-0045309,E-0303,talent_assessment,INST-talent_assessment,v2,51,100,2026-02-19T00:00:00.000Z,true,68
ASM-0045311,E-0303,policy_navigation,INST-policy_navigation,v2,39,100,2026-01-25T00:00:00.000Z,true,86
ASM-0045336,E-0303,communication,INST-communication,v2,85,100,2026-09-24T00:00:00.000Z,true,68
ASM-0045338,E-0303,collaboration,INST-collaboration,v2,69,100,2026-08-06T00:00:00.000Z,true,22
ASM-0045340,E-0303,problem_solving,INST-problem_solving,v2,37,100,2026-08-30T00:00:00.000Z,true,20
ASM-0045342,E-0303,talent_assessment,INST-talent_assessment,v2,79,100,2026-08-21T00:00:00.000Z,false,56
ASM-0045344,E-0303,policy_navigation,INST-policy_navigation,v2,26,100,2026-08-13T00:00:00.000Z,true,68
ASM-0045379,E-0304,communication,INST-communication,v1,59,100,2025-01-26T00:00:00.000Z,true,39
ASM-0045381,E-0304,execution,INST-execution,v1,42,100,2025-02-10T00:00:00.000Z,true,33
ASM-0045383,E-0304,problem_solving,INST-problem_solving,v1,73,100,2025-01-18T00:00:00.000Z,true,25
ASM-0045385,E-0304,customer_resolution,INST-customer_resolution,v1,69,100,2025-01-13T00:00:00.000Z,false,57
ASM-0045387,E-0304,troubleshooting,INST-troubleshooting,v1,69,100,2025-03-21T00:00:00.000Z,true,80
ASM-0045404,E-0304,communication,INST-communication,v1,53,100,2025-07-12T00:00:00.000Z,false,46
ASM-0045406,E-0304,execution,INST-execution,v1,48,100,2025-09-18T00:00:00.000Z,true,68
ASM-0045408,E-0304,problem_solving,INST-problem_solving,v1,78,100,2025-07-30T00:00:00.000Z,true,69
ASM-0045410,E-0304,customer_resolution,INST-customer_resolution,v1,73,100,2025-07-31T00:00:00.000Z,true,87
ASM-0045435,E-0304,communication,INST-communication,v2,61,100,2026-02-04T00:00:00.000Z,true,38
ASM-0045437,E-0304,execution,INST-execution,v2,73,100,2026-02-07T00:00:00.000Z,false,84
ASM-0045439,E-0304,problem_solving,INST-problem_solving,v2,66,100,2026-02-01T00:00:00.000Z,true,22
ASM-0045441,E-0304,customer_resolution,INST-customer_resolution,v2,60,100,2026-01-13T00:00:00.000Z,false,71
ASM-0045469,E-0304,communication,INST-communication,v2,60,100,2026-08-30T00:00:00.000Z,true,22
ASM-0045471,E-0304,problem_solving,INST-problem_solving,v2,71,100,2026-08-17T00:00:00.000Z,true,75
ASM-0045473,E-0304,customer_resolution,INST-customer_resolution,v2,66,100,2026-08-23T00:00:00.000Z,true,36
ASM-0045475,E-0304,troubleshooting,INST-troubleshooting,v2,26,100,2026-07-22T00:00:00.000Z,true,44
ASM-0045515,E-0305,communication,INST-communication,v1,34,100,2025-01-21T00:00:00.000Z,false,57
ASM-0045517,E-0305,execution,INST-execution,v1,68,100,2025-01-15T00:00:00.000Z,true,66
ASM-0045519,E-0305,problem_solving,INST-problem_solving,v1,18,100,2025-03-13T00:00:00.000Z,true,84
ASM-0045521,E-0305,system_design,INST-system_design,v1,79,100,2025-01-16T00:00:00.000Z,true,54
ASM-0045540,E-0305,communication,INST-communication,v1,47,100,2025-09-26T00:00:00.000Z,false,66
ASM-0045542,E-0305,problem_solving,INST-problem_solving,v1,51,100,2025-09-07T00:00:00.000Z,false,65
ASM-0045544,E-0305,system_design,INST-system_design,v1,54,100,2025-09-04T00:00:00.000Z,true,78
ASM-0045546,E-0305,code_quality,INST-code_quality,v1,77,100,2025-08-19T00:00:00.000Z,false,49
ASM-0045569,E-0305,execution,INST-execution,v2,50,100,2026-01-31T00:00:00.000Z,true,29
ASM-0045571,E-0305,problem_solving,INST-problem_solving,v2,58,100,2026-01-29T00:00:00.000Z,true,22
ASM-0045573,E-0305,system_design,INST-system_design,v2,64,100,2026-02-05T00:00:00.000Z,true,60
ASM-0045575,E-0305,code_quality,INST-code_quality,v2,54,100,2026-03-04T00:00:00.000Z,true,66
ASM-0045585,E-0305,communication,INST-communication,v2,78,100,2026-09-17T00:00:00.000Z,true,59
ASM-0045587,E-0305,execution,INST-execution,v2,61,100,2026-08-23T00:00:00.000Z,false,73
ASM-0045589,E-0305,problem_solving,INST-problem_solving,v2,77,100,2026-09-02T00:00:00.000Z,true,21
ASM-0045591,E-0305,system_design,INST-system_design,v2,63,100,2026-07-31T00:00:00.000Z,false,75
ASM-0045593,E-0305,code_quality,INST-code_quality,v2,74,100,2026-09-13T00:00:00.000Z,false,81
ASM-0045631,E-0306,communication,INST-communication,v1,40,100,2025-01-03T00:00:00.000Z,true,30
ASM-0045633,E-0306,execution,INST-execution,v1,21,100,2025-03-03T00:00:00.000Z,false,71
ASM-0045635,E-0306,collaboration,INST-collaboration,v1,84,100,2025-02-26T00:00:00.000Z,true,30
ASM-0045637,E-0306,problem_solving,INST-problem_solving,v1,63,100,2025-01-24T00:00:00.000Z,true,54
ASM-0045639,E-0306,negotiation,INST-negotiation,v1,67,100,2025-02-22T00:00:00.000Z,false,46
ASM-0045641,E-0306,pipeline_mgmt,INST-pipeline_mgmt,v1,31,100,2025-01-05T00:00:00.000Z,true,60
ASM-0045662,E-0306,communication,INST-communication,v1,41,100,2025-07-30T00:00:00.000Z,true,55
ASM-0045664,E-0306,execution,INST-execution,v1,21,100,2025-09-15T00:00:00.000Z,false,69
ASM-0045666,E-0306,collaboration,INST-collaboration,v1,51,100,2025-07-29T00:00:00.000Z,true,21
ASM-0045668,E-0306,problem_solving,INST-problem_solving,v1,63,100,2025-08-04T00:00:00.000Z,false,72
ASM-0045670,E-0306,pipeline_mgmt,INST-pipeline_mgmt,v1,19,100,2025-08-06T00:00:00.000Z,true,20
ASM-0045713,E-0307,communication,INST-communication,v1,35,100,2025-03-12T00:00:00.000Z,true,69
ASM-0045715,E-0307,execution,INST-execution,v1,40,100,2025-01-19T00:00:00.000Z,false,44
ASM-0045717,E-0307,collaboration,INST-collaboration,v1,23,100,2025-01-16T00:00:00.000Z,true,44
ASM-0045719,E-0307,campaign_strategy,INST-campaign_strategy,v1,37,100,2025-03-05T00:00:00.000Z,false,51
ASM-0045721,E-0307,content_quality,INST-content_quality,v1,14,100,2025-03-28T00:00:00.000Z,true,46
ASM-0045741,E-0307,communication,INST-communication,v1,29,100,2025-08-24T00:00:00.000Z,true,23
ASM-0045743,E-0307,execution,INST-execution,v1,22,100,2025-09-14T00:00:00.000Z,false,78
ASM-0045745,E-0307,problem_solving,INST-problem_solving,v1,65,100,2025-07-05T00:00:00.000Z,true,42
ASM-0045747,E-0307,campaign_strategy,INST-campaign_strategy,v1,68,100,2025-09-29T00:00:00.000Z,true,83
ASM-0045749,E-0307,content_quality,INST-content_quality,v1,45,100,2025-07-19T00:00:00.000Z,true,22
ASM-0045781,E-0307,communication,INST-communication,v2,64,100,2026-03-05T00:00:00.000Z,false,58
ASM-0045783,E-0307,execution,INST-execution,v2,25,100,2026-01-29T00:00:00.000Z,false,88
ASM-0045785,E-0307,problem_solving,INST-problem_solving,v2,59,100,2026-01-03T00:00:00.000Z,false,58
ASM-0045787,E-0307,content_quality,INST-content_quality,v2,48,100,2026-01-22T00:00:00.000Z,false,58
ASM-0045811,E-0307,communication,INST-communication,v2,65,100,2026-09-22T00:00:00.000Z,true,76
ASM-0045813,E-0307,execution,INST-execution,v2,23,100,2026-07-17T00:00:00.000Z,false,74
ASM-0045815,E-0307,problem_solving,INST-problem_solving,v2,41,100,2026-07-30T00:00:00.000Z,true,79
ASM-0045817,E-0307,campaign_strategy,INST-campaign_strategy,v2,75,100,2026-07-03T00:00:00.000Z,true,32
ASM-0045819,E-0307,content_quality,INST-content_quality,v2,74,100,2026-08-27T00:00:00.000Z,false,31
ASM-0045857,E-0308,execution,INST-execution,v1,39,100,2025-01-16T00:00:00.000Z,true,45
ASM-0045859,E-0308,collaboration,INST-collaboration,v1,50,100,2025-03-18T00:00:00.000Z,true,54
ASM-0045861,E-0308,problem_solving,INST-problem_solving,v1,37,100,2025-02-08T00:00:00.000Z,true,86
ASM-0045863,E-0308,roadmap_prioritization,INST-roadmap_prioritization,v1,5,100,2025-01-17T00:00:00.000Z,false,50
ASM-0045865,E-0308,stakeholder_alignment,INST-stakeholder_alignment,v1,29,100,2025-03-25T00:00:00.000Z,true,34
ASM-0045890,E-0308,communication,INST-communication,v1,21,100,2025-07-15T00:00:00.000Z,true,88
ASM-0045892,E-0308,execution,INST-execution,v1,44,100,2025-09-19T00:00:00.000Z,true,52
ASM-0045894,E-0308,collaboration,INST-collaboration,v1,25,100,2025-07-27T00:00:00.000Z,false,75
ASM-0045896,E-0308,roadmap_prioritization,INST-roadmap_prioritization,v1,8,100,2025-07-08T00:00:00.000Z,false,42
ASM-0045898,E-0308,stakeholder_alignment,INST-stakeholder_alignment,v1,24,100,2025-09-30T00:00:00.000Z,false,86
ASM-0045925,E-0308,communication,INST-communication,v2,39,100,2026-02-17T00:00:00.000Z,true,34
ASM-0045927,E-0308,execution,INST-execution,v2,20,100,2026-03-22T00:00:00.000Z,true,74
ASM-0045929,E-0308,collaboration,INST-collaboration,v2,19,100,2026-03-18T00:00:00.000Z,true,87
ASM-0045931,E-0308,roadmap_prioritization,INST-roadmap_prioritization,v2,13,100,2026-03-28T00:00:00.000Z,true,65
ASM-0045933,E-0308,stakeholder_alignment,INST-stakeholder_alignment,v2,42,100,2026-02-14T00:00:00.000Z,true,67
ASM-0045956,E-0308,communication,INST-communication,v2,18,100,2026-09-09T00:00:00.000Z,true,80
ASM-0045958,E-0308,execution,INST-execution,v2,30,100,2026-09-28T00:00:00.000Z,true,62
ASM-0045960,E-0308,collaboration,INST-collaboration,v2,19,100,2026-09-10T00:00:00.000Z,true,82
ASM-0045962,E-0308,roadmap_prioritization,INST-roadmap_prioritization,v2,53,100,2026-08-24T00:00:00.000Z,true,52
ASM-0045964,E-0308,stakeholder_alignment,INST-stakeholder_alignment,v2,82,100,2026-09-28T00:00:00.000Z,true,48
ASM-0046006,E-0309,communication,INST-communication,v1,59,100,2025-01-05T00:00:00.000Z,true,56
ASM-0046008,E-0309,execution,INST-execution,v1,12,100,2025-03-18T00:00:00.000Z,true,22
ASM-0046010,E-0309,problem_solving,INST-problem_solving,v1,59,100,2025-03-22T00:00:00.000Z,true,32
ASM-0046012,E-0309,visual_craft,INST-visual_craft,v1,34,100,2025-01-22T00:00:00.000Z,true,43
ASM-0046014,E-0309,ux_research,INST-ux_research,v1,27,100,2025-01-14T00:00:00.000Z,true,54
ASM-0046044,E-0309,communication,INST-communication,v1,46,100,2025-08-20T00:00:00.000Z,false,33
ASM-0046046,E-0309,collaboration,INST-collaboration,v1,31,100,2025-07-14T00:00:00.000Z,true,26
ASM-0046048,E-0309,problem_solving,INST-problem_solving,v1,50,100,2025-08-29T00:00:00.000Z,true,33
ASM-0046050,E-0309,visual_craft,INST-visual_craft,v1,50,100,2025-07-16T00:00:00.000Z,true,33
ASM-0046083,E-0309,collaboration,INST-collaboration,v2,39,100,2026-02-15T00:00:00.000Z,true,88
ASM-0046085,E-0309,visual_craft,INST-visual_craft,v2,51,100,2026-01-07T00:00:00.000Z,true,59
ASM-0046110,E-0309,communication,INST-communication,v2,26,100,2026-08-14T00:00:00.000Z,true,27
ASM-0046112,E-0309,execution,INST-execution,v2,75,100,2026-07-31T00:00:00.000Z,false,28
ASM-0046114,E-0309,collaboration,INST-collaboration,v2,68,100,2026-08-14T00:00:00.000Z,true,48
ASM-0046116,E-0309,problem_solving,INST-problem_solving,v2,26,100,2026-09-12T00:00:00.000Z,true,77
ASM-0046118,E-0309,visual_craft,INST-visual_craft,v2,76,100,2026-07-22T00:00:00.000Z,true,48
ASM-0046120,E-0309,ux_research,INST-ux_research,v2,46,100,2026-07-26T00:00:00.000Z,true,38
ASM-0046162,E-0310,communication,INST-communication,v1,31,100,2025-02-19T00:00:00.000Z,false,70
ASM-0046164,E-0310,execution,INST-execution,v1,47,100,2025-01-30T00:00:00.000Z,true,48
ASM-0046166,E-0310,problem_solving,INST-problem_solving,v1,74,100,2025-03-21T00:00:00.000Z,false,50
ASM-0046168,E-0310,financial_modeling,INST-financial_modeling,v1,39,100,2025-01-31T00:00:00.000Z,true,69
ASM-0046170,E-0310,compliance_rigor,INST-compliance_rigor,v1,43,100,2025-03-15T00:00:00.000Z,true,83
ASM-0046189,E-0310,communication,INST-communication,v1,25,100,2025-08-30T00:00:00.000Z,true,57
ASM-0046191,E-0310,execution,INST-execution,v1,46,100,2025-07-11T00:00:00.000Z,true,39
ASM-0046193,E-0310,collaboration,INST-collaboration,v1,55,100,2025-08-31T00:00:00.000Z,true,44
ASM-0046195,E-0310,problem_solving,INST-problem_solving,v1,77,100,2025-08-02T00:00:00.000Z,true,72
ASM-0046197,E-0310,compliance_rigor,INST-compliance_rigor,v1,54,100,2025-09-18T00:00:00.000Z,false,73
ASM-0046226,E-0310,communication,INST-communication,v2,47,100,2026-02-16T00:00:00.000Z,true,47
ASM-0046228,E-0310,execution,INST-execution,v2,50,100,2026-03-12T00:00:00.000Z,true,51
ASM-0046230,E-0310,collaboration,INST-collaboration,v2,63,100,2026-02-20T00:00:00.000Z,true,37
ASM-0046232,E-0310,problem_solving,INST-problem_solving,v2,52,100,2026-01-14T00:00:00.000Z,true,53
ASM-0046234,E-0310,financial_modeling,INST-financial_modeling,v2,29,100,2026-03-06T00:00:00.000Z,true,89
ASM-0046236,E-0310,compliance_rigor,INST-compliance_rigor,v2,44,100,2026-03-16T00:00:00.000Z,false,26
ASM-0046255,E-0310,execution,INST-execution,v2,45,100,2026-09-14T00:00:00.000Z,true,57
ASM-0046257,E-0310,collaboration,INST-collaboration,v2,64,100,2026-09-28T00:00:00.000Z,true,31
ASM-0046259,E-0310,problem_solving,INST-problem_solving,v2,29,100,2026-08-31T00:00:00.000Z,true,54
ASM-0046261,E-0310,financial_modeling,INST-financial_modeling,v2,61,100,2026-07-13T00:00:00.000Z,true,51
ASM-0046263,E-0310,compliance_rigor,INST-compliance_rigor,v2,71,100,2026-08-25T00:00:00.000Z,true,69
ASM-0046300,E-0311,communication,INST-communication,v1,26,100,2025-03-28T00:00:00.000Z,true,87
ASM-0046302,E-0311,execution,INST-execution,v1,58,100,2025-01-08T00:00:00.000Z,true,51
ASM-0046304,E-0311,problem_solving,INST-problem_solving,v1,45,100,2025-02-17T00:00:00.000Z,true,68
ASM-0046306,E-0311,talent_assessment,INST-talent_assessment,v1,29,100,2025-01-08T00:00:00.000Z,true,48
ASM-0046334,E-0311,communication,INST-communication,v1,60,100,2025-09-11T00:00:00.000Z,false,26
ASM-0046336,E-0311,collaboration,INST-collaboration,v1,59,100,2025-09-14T00:00:00.000Z,true,59
ASM-0046338,E-0311,problem_solving,INST-problem_solving,v1,47,100,2025-07-30T00:00:00.000Z,true,39
ASM-0046340,E-0311,talent_assessment,INST-talent_assessment,v1,23,100,2025-07-14T00:00:00.000Z,true,76
ASM-0046372,E-0311,communication,INST-communication,v2,60,100,2026-02-24T00:00:00.000Z,true,67
ASM-0046374,E-0311,execution,INST-execution,v2,43,100,2026-02-23T00:00:00.000Z,true,64
ASM-0046376,E-0311,talent_assessment,INST-talent_assessment,v2,53,100,2026-03-05T00:00:00.000Z,true,34
ASM-0046394,E-0311,communication,INST-communication,v2,78,100,2026-08-04T00:00:00.000Z,true,43
ASM-0046396,E-0311,execution,INST-execution,v2,45,100,2026-09-11T00:00:00.000Z,true,48
ASM-0046398,E-0311,collaboration,INST-collaboration,v2,81,100,2026-09-18T00:00:00.000Z,true,32
ASM-0046400,E-0311,problem_solving,INST-problem_solving,v2,56,100,2026-07-28T00:00:00.000Z,true,87
ASM-0046402,E-0311,talent_assessment,INST-talent_assessment,v2,74,100,2026-09-24T00:00:00.000Z,true,33
ASM-0046439,E-0312,communication,INST-communication,v1,53,100,2025-01-07T00:00:00.000Z,false,63
ASM-0046441,E-0312,execution,INST-execution,v1,32,100,2025-03-22T00:00:00.000Z,true,62
ASM-0046443,E-0312,collaboration,INST-collaboration,v1,79,100,2025-01-22T00:00:00.000Z,true,65
ASM-0046445,E-0312,problem_solving,INST-problem_solving,v1,28,100,2025-03-27T00:00:00.000Z,false,44
ASM-0046447,E-0312,troubleshooting,INST-troubleshooting,v1,42,100,2025-03-18T00:00:00.000Z,true,46
ASM-0046471,E-0312,execution,INST-execution,v1,33,100,2025-09-24T00:00:00.000Z,true,64
ASM-0046473,E-0312,collaboration,INST-collaboration,v1,84,100,2025-09-30T00:00:00.000Z,false,28
ASM-0046475,E-0312,problem_solving,INST-problem_solving,v1,38,100,2025-07-01T00:00:00.000Z,true,84
ASM-0046481,E-0312,communication,INST-communication,v2,55,100,2026-03-12T00:00:00.000Z,false,86
ASM-0046483,E-0312,execution,INST-execution,v2,79,100,2026-01-06T00:00:00.000Z,true,32
ASM-0046485,E-0312,collaboration,INST-collaboration,v2,75,100,2026-02-27T00:00:00.000Z,false,59
ASM-0046487,E-0312,problem_solving,INST-problem_solving,v2,54,100,2026-02-21T00:00:00.000Z,false,37
ASM-0046489,E-0312,troubleshooting,INST-troubleshooting,v2,33,100,2026-03-15T00:00:00.000Z,true,80
ASM-0046501,E-0312,execution,INST-execution,v2,61,100,2026-09-01T00:00:00.000Z,true,71
ASM-0046503,E-0312,collaboration,INST-collaboration,v2,74,100,2026-07-13T00:00:00.000Z,true,27
ASM-0046505,E-0312,problem_solving,INST-problem_solving,v2,67,100,2026-09-07T00:00:00.000Z,true,68
ASM-0046507,E-0312,troubleshooting,INST-troubleshooting,v2,64,100,2026-08-02T00:00:00.000Z,true,86
ASM-0046550,E-0313,communication,INST-communication,v1,45,100,2025-03-01T00:00:00.000Z,false,42
ASM-0046552,E-0313,execution,INST-execution,v1,21,100,2025-01-20T00:00:00.000Z,true,83
ASM-0046554,E-0313,collaboration,INST-collaboration,v1,61,100,2025-01-13T00:00:00.000Z,true,83
ASM-0046556,E-0313,problem_solving,INST-problem_solving,v1,46,100,2025-01-14T00:00:00.000Z,true,32
ASM-0046558,E-0313,system_design,INST-system_design,v1,54,100,2025-03-18T00:00:00.000Z,true,27
ASM-0046560,E-0313,code_quality,INST-code_quality,v1,17,100,2025-03-20T00:00:00.000Z,false,89
ASM-0046581,E-0313,communication,INST-communication,v1,51,100,2025-09-12T00:00:00.000Z,false,45
ASM-0046583,E-0313,execution,INST-execution,v1,38,100,2025-09-11T00:00:00.000Z,true,79
ASM-0046585,E-0313,collaboration,INST-collaboration,v1,74,100,2025-08-31T00:00:00.000Z,true,39
ASM-0046587,E-0313,problem_solving,INST-problem_solving,v1,62,100,2025-09-07T00:00:00.000Z,true,84
ASM-0046615,E-0313,communication,INST-communication,v2,58,100,2026-03-23T00:00:00.000Z,true,31
ASM-0046617,E-0313,execution,INST-execution,v2,50,100,2026-02-13T00:00:00.000Z,true,60
ASM-0046619,E-0313,collaboration,INST-collaboration,v2,55,100,2026-02-17T00:00:00.000Z,true,67
ASM-0046621,E-0313,code_quality,INST-code_quality,v2,62,100,2026-01-23T00:00:00.000Z,true,73
ASM-0046645,E-0313,communication,INST-communication,v2,58,100,2026-08-18T00:00:00.000Z,false,67
ASM-0046647,E-0313,execution,INST-execution,v2,67,100,2026-09-02T00:00:00.000Z,true,53
ASM-0046649,E-0313,collaboration,INST-collaboration,v2,68,100,2026-09-08T00:00:00.000Z,true,44
ASM-0046651,E-0313,problem_solving,INST-problem_solving,v2,44,100,2026-08-04T00:00:00.000Z,false,57
ASM-0046653,E-0313,code_quality,INST-code_quality,v2,64,100,2026-09-03T00:00:00.000Z,false,87
ASM-0046690,E-0314,communication,INST-communication,v1,11,100,2025-01-13T00:00:00.000Z,true,24
ASM-0046692,E-0314,execution,INST-execution,v1,37,100,2025-01-31T00:00:00.000Z,false,68
ASM-0046694,E-0314,negotiation,INST-negotiation,v1,33,100,2025-02-07T00:00:00.000Z,true,78
ASM-0046726,E-0314,communication,INST-communication,v1,31,100,2025-07-23T00:00:00.000Z,true,40
ASM-0046728,E-0314,execution,INST-execution,v1,26,100,2025-08-31T00:00:00.000Z,true,34
ASM-0046730,E-0314,problem_solving,INST-problem_solving,v1,37,100,2025-07-12T00:00:00.000Z,true,67
ASM-0046763,E-0314,communication,INST-communication,v2,27,100,2026-03-17T00:00:00.000Z,true,57
ASM-0046765,E-0314,execution,INST-execution,v2,36,100,2026-02-02T00:00:00.000Z,true,27
ASM-0046767,E-0314,collaboration,INST-collaboration,v2,28,100,2026-03-03T00:00:00.000Z,true,30
ASM-0046769,E-0314,problem_solving,INST-problem_solving,v2,53,100,2026-03-19T00:00:00.000Z,true,24
ASM-0046771,E-0314,negotiation,INST-negotiation,v2,70,100,2026-02-10T00:00:00.000Z,true,36
ASM-0046790,E-0314,execution,INST-execution,v2,63,100,2026-09-10T00:00:00.000Z,true,84
ASM-0046792,E-0314,collaboration,INST-collaboration,v2,27,100,2026-07-07T00:00:00.000Z,true,79
ASM-0046794,E-0314,problem_solving,INST-problem_solving,v2,37,100,2026-09-26T00:00:00.000Z,false,84
ASM-0046796,E-0314,negotiation,INST-negotiation,v2,55,100,2026-08-07T00:00:00.000Z,true,49
ASM-0046835,E-0315,communication,INST-communication,v1,26,100,2025-02-09T00:00:00.000Z,true,24
ASM-0046837,E-0315,execution,INST-execution,v1,45,100,2025-03-19T00:00:00.000Z,false,20
ASM-0046839,E-0315,collaboration,INST-collaboration,v1,41,100,2025-02-19T00:00:00.000Z,true,62
ASM-0046841,E-0315,problem_solving,INST-problem_solving,v1,45,100,2025-01-07T00:00:00.000Z,true,29
ASM-0046843,E-0315,content_quality,INST-content_quality,v1,48,100,2025-02-13T00:00:00.000Z,true,20
ASM-0046868,E-0315,communication,INST-communication,v1,55,100,2025-07-31T00:00:00.000Z,true,46
ASM-0046870,E-0315,collaboration,INST-collaboration,v1,36,100,2025-07-29T00:00:00.000Z,true,42
ASM-0046872,E-0315,problem_solving,INST-problem_solving,v1,55,100,2025-08-01T00:00:00.000Z,false,27
ASM-0046874,E-0315,campaign_strategy,INST-campaign_strategy,v1,23,100,2025-09-25T00:00:00.000Z,true,44
ASM-0046876,E-0315,content_quality,INST-content_quality,v1,43,100,2025-09-14T00:00:00.000Z,true,65
ASM-0046894,E-0315,communication,INST-communication,v2,60,100,2026-02-12T00:00:00.000Z,true,41
ASM-0046896,E-0315,execution,INST-execution,v2,35,100,2026-03-01T00:00:00.000Z,true,30
ASM-0046898,E-0315,collaboration,INST-collaboration,v2,44,100,2026-03-17T00:00:00.000Z,false,59
ASM-0046900,E-0315,problem_solving,INST-problem_solving,v2,69,100,2026-03-03T00:00:00.000Z,false,71
ASM-0046902,E-0315,campaign_strategy,INST-campaign_strategy,v2,35,100,2026-03-26T00:00:00.000Z,true,23
ASM-0046904,E-0315,content_quality,INST-content_quality,v2,55,100,2026-03-20T00:00:00.000Z,false,37
ASM-0046932,E-0315,communication,INST-communication,v2,87,100,2026-07-30T00:00:00.000Z,true,52
ASM-0046934,E-0315,execution,INST-execution,v2,18,100,2026-09-09T00:00:00.000Z,true,55
ASM-0046936,E-0315,collaboration,INST-collaboration,v2,34,100,2026-08-24T00:00:00.000Z,true,79
ASM-0046938,E-0315,problem_solving,INST-problem_solving,v2,74,100,2026-08-16T00:00:00.000Z,true,73
ASM-0046940,E-0315,campaign_strategy,INST-campaign_strategy,v2,52,100,2026-08-28T00:00:00.000Z,true,86
ASM-0046942,E-0315,content_quality,INST-content_quality,v2,68,100,2026-07-08T00:00:00.000Z,true,36
ASM-0046989,E-0316,communication,INST-communication,v1,54,100,2025-03-13T00:00:00.000Z,true,23
ASM-0046991,E-0316,execution,INST-execution,v1,55,100,2025-03-02T00:00:00.000Z,false,74
ASM-0046993,E-0316,problem_solving,INST-problem_solving,v1,73,100,2025-03-30T00:00:00.000Z,true,68
ASM-0046995,E-0316,roadmap_prioritization,INST-roadmap_prioritization,v1,52,100,2025-03-22T00:00:00.000Z,true,83
ASM-0047017,E-0316,execution,INST-execution,v1,58,100,2025-09-29T00:00:00.000Z,true,84
ASM-0047019,E-0316,problem_solving,INST-problem_solving,v1,48,100,2025-08-02T00:00:00.000Z,false,79
ASM-0047021,E-0316,roadmap_prioritization,INST-roadmap_prioritization,v1,51,100,2025-07-27T00:00:00.000Z,true,31
ASM-0047023,E-0316,stakeholder_alignment,INST-stakeholder_alignment,v1,65,100,2025-08-21T00:00:00.000Z,true,72
ASM-0047065,E-0316,execution,INST-execution,v2,70,100,2026-03-27T00:00:00.000Z,true,49
ASM-0047067,E-0316,problem_solving,INST-problem_solving,v2,36,100,2026-01-14T00:00:00.000Z,true,33
ASM-0047069,E-0316,roadmap_prioritization,INST-roadmap_prioritization,v2,39,100,2026-03-06T00:00:00.000Z,false,70
ASM-0047071,E-0316,stakeholder_alignment,INST-stakeholder_alignment,v2,45,100,2026-02-14T00:00:00.000Z,true,26
ASM-0047100,E-0316,communication,INST-communication,v2,56,100,2026-07-01T00:00:00.000Z,true,85
ASM-0047102,E-0316,execution,INST-execution,v2,74,100,2026-09-15T00:00:00.000Z,false,42
ASM-0047104,E-0316,problem_solving,INST-problem_solving,v2,21,100,2026-07-01T00:00:00.000Z,true,60
ASM-0047106,E-0316,stakeholder_alignment,INST-stakeholder_alignment,v2,27,100,2026-09-29T00:00:00.000Z,true,56
ASM-0047158,E-0317,problem_solving,INST-problem_solving,v1,59,100,2025-03-18T00:00:00.000Z,false,62
ASM-0047160,E-0317,visual_craft,INST-visual_craft,v1,66,100,2025-02-09T00:00:00.000Z,true,33
ASM-0047162,E-0317,ux_research,INST-ux_research,v1,31,100,2025-03-07T00:00:00.000Z,true,43
ASM-0047181,E-0317,communication,INST-communication,v1,47,100,2025-09-12T00:00:00.000Z,true,21
ASM-0047183,E-0317,visual_craft,INST-visual_craft,v1,60,100,2025-09-03T00:00:00.000Z,false,41
ASM-0047185,E-0317,ux_research,INST-ux_research,v1,50,100,2025-08-01T00:00:00.000Z,true,71
ASM-0047216,E-0317,communication,INST-communication,v2,49,100,2026-03-14T00:00:00.000Z,true,33
ASM-0047218,E-0317,execution,INST-execution,v2,45,100,2026-03-04T00:00:00.000Z,true,69
ASM-0047220,E-0317,collaboration,INST-collaboration,v2,69,100,2026-01-04T00:00:00.000Z,true,28
ASM-0047222,E-0317,visual_craft,INST-visual_craft,v2,44,100,2026-01-31T00:00:00.000Z,true,44
ASM-0047224,E-0317,ux_research,INST-ux_research,v2,50,100,2026-02-03T00:00:00.000Z,true,66
ASM-0047252,E-0317,communication,INST-communication,v2,59,100,2026-08-11T00:00:00.000Z,false,66
ASM-0047254,E-0317,execution,INST-execution,v2,44,100,2026-09-07T00:00:00.000Z,true,52
ASM-0047256,E-0317,collaboration,INST-collaboration,v2,51,100,2026-08-30T00:00:00.000Z,true,78
ASM-0047258,E-0317,visual_craft,INST-visual_craft,v2,26,100,2026-09-25T00:00:00.000Z,true,29
ASM-0047260,E-0317,ux_research,INST-ux_research,v2,86,100,2026-07-05T00:00:00.000Z,true,31
ASM-0047293,E-0318,communication,INST-communication,v1,24,100,2025-01-04T00:00:00.000Z,true,67
ASM-0047295,E-0318,execution,INST-execution,v1,42,100,2025-03-04T00:00:00.000Z,true,21
ASM-0047297,E-0318,problem_solving,INST-problem_solving,v1,19,100,2025-01-22T00:00:00.000Z,true,65
ASM-0047299,E-0318,compliance_rigor,INST-compliance_rigor,v1,30,100,2025-01-04T00:00:00.000Z,true,51
ASM-0047337,E-0318,communication,INST-communication,v1,25,100,2025-09-05T00:00:00.000Z,true,84
ASM-0047339,E-0318,problem_solving,INST-problem_solving,v1,33,100,2025-07-23T00:00:00.000Z,true,75
ASM-0047341,E-0318,financial_modeling,INST-financial_modeling,v1,72,100,2025-08-14T00:00:00.000Z,true,66
ASM-0047343,E-0318,compliance_rigor,INST-compliance_rigor,v1,25,100,2025-07-03T00:00:00.000Z,true,88
ASM-0047369,E-0318,execution,INST-execution,v2,84,100,2026-02-21T00:00:00.000Z,true,77
ASM-0047371,E-0318,collaboration,INST-collaboration,v2,42,100,2026-03-12T00:00:00.000Z,false,56
ASM-0047373,E-0318,problem_solving,INST-problem_solving,v2,28,100,2026-01-12T00:00:00.000Z,true,58
ASM-0047375,E-0318,financial_modeling,INST-financial_modeling,v2,61,100,2026-02-14T00:00:00.000Z,false,60
ASM-0047377,E-0318,compliance_rigor,INST-compliance_rigor,v2,34,100,2026-02-03T00:00:00.000Z,true,21
ASM-0047406,E-0318,communication,INST-communication,v2,38,100,2026-07-12T00:00:00.000Z,true,68
ASM-0047408,E-0318,execution,INST-execution,v2,77,100,2026-08-27T00:00:00.000Z,true,25
ASM-0047410,E-0318,problem_solving,INST-problem_solving,v2,38,100,2026-07-31T00:00:00.000Z,true,20
ASM-0047412,E-0318,financial_modeling,INST-financial_modeling,v2,33,100,2026-08-26T00:00:00.000Z,true,70
ASM-0047414,E-0318,compliance_rigor,INST-compliance_rigor,v2,50,100,2026-08-28T00:00:00.000Z,true,30
ASM-0047448,E-0319,execution,INST-execution,v1,44,100,2025-01-01T00:00:00.000Z,true,85
ASM-0047450,E-0319,collaboration,INST-collaboration,v1,35,100,2025-03-01T00:00:00.000Z,true,60
ASM-0047452,E-0319,problem_solving,INST-problem_solving,v1,18,100,2025-03-06T00:00:00.000Z,true,76
ASM-0047454,E-0319,talent_assessment,INST-talent_assessment,v1,34,100,2025-03-14T00:00:00.000Z,false,49
ASM-0047456,E-0319,policy_navigation,INST-policy_navigation,v1,40,100,2025-03-04T00:00:00.000Z,false,49
ASM-0047484,E-0319,communication,INST-communication,v1,31,100,2025-07-02T00:00:00.000Z,true,69
ASM-0047486,E-0319,execution,INST-execution,v1,38,100,2025-09-30T00:00:00.000Z,true,43
ASM-0047488,E-0319,collaboration,INST-collaboration,v1,20,100,2025-09-11T00:00:00.000Z,false,71
ASM-0047490,E-0319,problem_solving,INST-problem_solving,v1,31,100,2025-07-10T00:00:00.000Z,true,55
ASM-0047492,E-0319,talent_assessment,INST-talent_assessment,v1,19,100,2025-09-19T00:00:00.000Z,true,66
ASM-0047525,E-0319,communication,INST-communication,v2,47,100,2026-01-18T00:00:00.000Z,true,29
ASM-0047527,E-0319,execution,INST-execution,v2,42,100,2026-03-15T00:00:00.000Z,true,54
ASM-0047529,E-0319,problem_solving,INST-problem_solving,v2,24,100,2026-03-30T00:00:00.000Z,false,20
ASM-0047531,E-0319,talent_assessment,INST-talent_assessment,v2,2,100,2026-01-21T00:00:00.000Z,true,78
ASM-0047533,E-0319,policy_navigation,INST-policy_navigation,v2,33,100,2026-03-20T00:00:00.000Z,false,23
ASM-0047574,E-0319,execution,INST-execution,v2,42,100,2026-09-02T00:00:00.000Z,true,77
ASM-0047576,E-0319,collaboration,INST-collaboration,v2,10,100,2026-08-05T00:00:00.000Z,true,50
ASM-0047578,E-0319,problem_solving,INST-problem_solving,v2,27,100,2026-07-01T00:00:00.000Z,false,40
ASM-0047580,E-0319,talent_assessment,INST-talent_assessment,v2,2,100,2026-08-10T00:00:00.000Z,true,55
ASM-0047582,E-0319,policy_navigation,INST-policy_navigation,v2,51,100,2026-08-24T00:00:00.000Z,true,50
ASM-0047624,E-0320,communication,INST-communication,v1,32,100,2025-03-30T00:00:00.000Z,false,32
ASM-0047626,E-0320,collaboration,INST-collaboration,v1,18,100,2025-03-27T00:00:00.000Z,false,25
ASM-0047628,E-0320,problem_solving,INST-problem_solving,v1,40,100,2025-03-11T00:00:00.000Z,false,32
ASM-0047630,E-0320,customer_resolution,INST-customer_resolution,v1,35,100,2025-01-22T00:00:00.000Z,true,89
ASM-0047657,E-0320,communication,INST-communication,v1,5,100,2025-09-26T00:00:00.000Z,true,71
ASM-0047659,E-0320,execution,INST-execution,v1,6,100,2025-07-27T00:00:00.000Z,false,31
ASM-0047661,E-0320,collaboration,INST-collaboration,v1,7,100,2025-09-25T00:00:00.000Z,false,34
ASM-0047663,E-0320,customer_resolution,INST-customer_resolution,v1,48,100,2025-08-19T00:00:00.000Z,true,20
ASM-0047689,E-0320,communication,INST-communication,v2,28,100,2026-02-14T00:00:00.000Z,true,49
ASM-0047691,E-0320,execution,INST-execution,v2,10,100,2026-02-27T00:00:00.000Z,true,21
ASM-0047693,E-0320,collaboration,INST-collaboration,v2,44,100,2026-01-19T00:00:00.000Z,true,57
ASM-0047695,E-0320,customer_resolution,INST-customer_resolution,v2,62,100,2026-03-16T00:00:00.000Z,true,56
ASM-0047718,E-0320,communication,INST-communication,v2,66,100,2026-08-08T00:00:00.000Z,true,24
ASM-0047720,E-0320,execution,INST-execution,v2,13,100,2026-08-12T00:00:00.000Z,false,83
ASM-0047722,E-0320,collaboration,INST-collaboration,v2,46,100,2026-08-19T00:00:00.000Z,true,77
ASM-0047724,E-0320,customer_resolution,INST-customer_resolution,v2,80,100,2026-09-03T00:00:00.000Z,true,52
ASM-0047759,E-0321,execution,INST-execution,v1,92,100,2025-03-07T00:00:00.000Z,true,20
ASM-0047761,E-0321,collaboration,INST-collaboration,v1,62,100,2025-02-12T00:00:00.000Z,false,55
ASM-0047763,E-0321,problem_solving,INST-problem_solving,v1,39,100,2025-01-11T00:00:00.000Z,true,61
ASM-0047765,E-0321,system_design,INST-system_design,v1,80,100,2025-03-29T00:00:00.000Z,true,78
ASM-0047767,E-0321,code_quality,INST-code_quality,v1,66,100,2025-02-27T00:00:00.000Z,true,40
ASM-0047798,E-0321,communication,INST-communication,v1,37,100,2025-08-29T00:00:00.000Z,true,73
ASM-0047800,E-0321,execution,INST-execution,v1,53,100,2025-09-21T00:00:00.000Z,true,79
ASM-0047802,E-0321,collaboration,INST-collaboration,v1,51,100,2025-08-16T00:00:00.000Z,false,86
ASM-0047804,E-0321,problem_solving,INST-problem_solving,v1,56,100,2025-08-01T00:00:00.000Z,true,29
ASM-0047806,E-0321,system_design,INST-system_design,v1,56,100,2025-08-04T00:00:00.000Z,true,37
ASM-0047808,E-0321,code_quality,INST-code_quality,v1,64,100,2025-07-27T00:00:00.000Z,true,75
ASM-0047839,E-0321,communication,INST-communication,v2,44,100,2026-03-06T00:00:00.000Z,false,77
ASM-0047841,E-0321,execution,INST-execution,v2,52,100,2026-03-15T00:00:00.000Z,false,52
ASM-0047843,E-0321,problem_solving,INST-problem_solving,v2,46,100,2026-02-09T00:00:00.000Z,true,41
ASM-0047845,E-0321,system_design,INST-system_design,v2,50,100,2026-02-07T00:00:00.000Z,true,51
ASM-0047847,E-0321,code_quality,INST-code_quality,v2,61,100,2026-02-02T00:00:00.000Z,true,57
ASM-0047888,E-0321,communication,INST-communication,v2,39,100,2026-09-13T00:00:00.000Z,false,24
ASM-0047890,E-0321,execution,INST-execution,v2,47,100,2026-07-05T00:00:00.000Z,true,84
ASM-0047892,E-0321,problem_solving,INST-problem_solving,v2,54,100,2026-07-20T00:00:00.000Z,false,72
ASM-0047894,E-0321,system_design,INST-system_design,v2,47,100,2026-07-29T00:00:00.000Z,false,64
ASM-0047896,E-0321,code_quality,INST-code_quality,v2,65,100,2026-07-21T00:00:00.000Z,true,59
ASM-0047938,E-0322,communication,INST-communication,v1,50,100,2025-01-29T00:00:00.000Z,false,58
ASM-0047940,E-0322,execution,INST-execution,v1,30,100,2025-02-17T00:00:00.000Z,false,85
ASM-0047942,E-0322,collaboration,INST-collaboration,v1,65,100,2025-01-22T00:00:00.000Z,false,72
ASM-0047944,E-0322,problem_solving,INST-problem_solving,v1,46,100,2025-01-15T00:00:00.000Z,true,34
ASM-0047946,E-0322,negotiation,INST-negotiation,v1,40,100,2025-02-27T00:00:00.000Z,true,46
ASM-0047948,E-0322,pipeline_mgmt,INST-pipeline_mgmt,v1,32,100,2025-01-11T00:00:00.000Z,true,48
ASM-0047970,E-0322,communication,INST-communication,v1,49,100,2025-09-16T00:00:00.000Z,false,47
ASM-0047972,E-0322,execution,INST-execution,v1,47,100,2025-08-11T00:00:00.000Z,false,66
ASM-0047974,E-0322,problem_solving,INST-problem_solving,v1,55,100,2025-07-12T00:00:00.000Z,true,78
ASM-0047976,E-0322,negotiation,INST-negotiation,v1,27,100,2025-07-21T00:00:00.000Z,true,51
ASM-0047978,E-0322,pipeline_mgmt,INST-pipeline_mgmt,v1,1,100,2025-08-07T00:00:00.000Z,true,43
ASM-0048012,E-0322,communication,INST-communication,v2,42,100,2026-03-16T00:00:00.000Z,false,80
ASM-0048014,E-0322,execution,INST-execution,v2,62,100,2026-01-08T00:00:00.000Z,true,67
ASM-0048016,E-0322,problem_solving,INST-problem_solving,v2,66,100,2026-03-16T00:00:00.000Z,true,64
ASM-0048018,E-0322,negotiation,INST-negotiation,v2,38,100,2026-01-16T00:00:00.000Z,true,66
ASM-0048052,E-0322,communication,INST-communication,v2,43,100,2026-08-21T00:00:00.000Z,false,62
ASM-0048054,E-0322,execution,INST-execution,v2,64,100,2026-09-14T00:00:00.000Z,true,73
ASM-0048056,E-0322,collaboration,INST-collaboration,v2,50,100,2026-08-14T00:00:00.000Z,true,26
ASM-0048058,E-0322,problem_solving,INST-problem_solving,v2,56,100,2026-07-14T00:00:00.000Z,true,89
ASM-0048060,E-0322,negotiation,INST-negotiation,v2,52,100,2026-09-15T00:00:00.000Z,true,68
ASM-0048062,E-0322,pipeline_mgmt,INST-pipeline_mgmt,v2,51,100,2026-07-02T00:00:00.000Z,true,44
ASM-0048089,E-0323,communication,INST-communication,v1,47,100,2025-02-13T00:00:00.000Z,true,70
ASM-0048091,E-0323,problem_solving,INST-problem_solving,v1,27,100,2025-01-08T00:00:00.000Z,true,86
ASM-0048093,E-0323,content_quality,INST-content_quality,v1,28,100,2025-02-24T00:00:00.000Z,false,51
ASM-0048117,E-0323,communication,INST-communication,v1,44,100,2025-07-12T00:00:00.000Z,true,59
ASM-0048119,E-0323,execution,INST-execution,v1,58,100,2025-09-21T00:00:00.000Z,true,48
ASM-0048121,E-0323,collaboration,INST-collaboration,v1,35,100,2025-07-06T00:00:00.000Z,true,34
ASM-0048123,E-0323,problem_solving,INST-problem_solving,v1,36,100,2025-08-28T00:00:00.000Z,true,65
ASM-0048125,E-0323,campaign_strategy,INST-campaign_strategy,v1,44,100,2025-08-09T00:00:00.000Z,true,59
ASM-0048127,E-0323,content_quality,INST-content_quality,v1,59,100,2025-07-23T00:00:00.000Z,true,48
ASM-0048171,E-0323,communication,INST-communication,v2,38,100,2026-03-06T00:00:00.000Z,true,51
ASM-0048173,E-0323,execution,INST-execution,v2,52,100,2026-01-16T00:00:00.000Z,false,55
ASM-0048175,E-0323,collaboration,INST-collaboration,v2,69,100,2026-03-20T00:00:00.000Z,false,80
ASM-0048177,E-0323,problem_solving,INST-problem_solving,v2,31,100,2026-02-04T00:00:00.000Z,true,75
ASM-0048179,E-0323,campaign_strategy,INST-campaign_strategy,v2,52,100,2026-03-07T00:00:00.000Z,true,70
ASM-0048181,E-0323,content_quality,INST-content_quality,v2,46,100,2026-02-28T00:00:00.000Z,true,28
ASM-0048212,E-0323,communication,INST-communication,v2,31,100,2026-08-22T00:00:00.000Z,true,58
ASM-0048214,E-0323,execution,INST-execution,v2,46,100,2026-07-25T00:00:00.000Z,true,86
ASM-0048216,E-0323,collaboration,INST-collaboration,v2,78,100,2026-09-05T00:00:00.000Z,false,86
ASM-0048218,E-0323,problem_solving,INST-problem_solving,v2,26,100,2026-08-06T00:00:00.000Z,true,45
ASM-0048220,E-0323,campaign_strategy,INST-campaign_strategy,v2,67,100,2026-08-18T00:00:00.000Z,true,57
ASM-0048222,E-0323,content_quality,INST-content_quality,v2,31,100,2026-09-23T00:00:00.000Z,false,85
ASM-0048262,E-0324,communication,INST-communication,v1,36,100,2025-03-09T00:00:00.000Z,true,63
ASM-0048264,E-0324,execution,INST-execution,v1,73,100,2025-01-21T00:00:00.000Z,true,86
ASM-0048266,E-0324,problem_solving,INST-problem_solving,v1,35,100,2025-02-16T00:00:00.000Z,true,80
ASM-0048268,E-0324,stakeholder_alignment,INST-stakeholder_alignment,v1,89,100,2025-02-28T00:00:00.000Z,true,30
ASM-0048302,E-0324,communication,INST-communication,v1,25,100,2025-07-30T00:00:00.000Z,true,88
ASM-0048304,E-0324,execution,INST-execution,v1,63,100,2025-09-11T00:00:00.000Z,true,69
ASM-0048306,E-0324,collaboration,INST-collaboration,v1,71,100,2025-08-14T00:00:00.000Z,false,40
ASM-0048308,E-0324,problem_solving,INST-problem_solving,v1,12,100,2025-09-13T00:00:00.000Z,true,58
ASM-0048310,E-0324,roadmap_prioritization,INST-roadmap_prioritization,v1,81,100,2025-08-22T00:00:00.000Z,true,21
ASM-0048312,E-0324,stakeholder_alignment,INST-stakeholder_alignment,v1,88,100,2025-08-05T00:00:00.000Z,true,41
ASM-0048340,E-0324,communication,INST-communication,v2,55,100,2026-01-08T00:00:00.000Z,true,85
ASM-0048342,E-0324,execution,INST-execution,v2,55,100,2026-01-04T00:00:00.000Z,false,49
ASM-0048344,E-0324,collaboration,INST-collaboration,v2,59,100,2026-02-28T00:00:00.000Z,true,89
ASM-0048346,E-0324,problem_solving,INST-problem_solving,v2,34,100,2026-01-18T00:00:00.000Z,true,54
ASM-0048348,E-0324,roadmap_prioritization,INST-roadmap_prioritization,v2,72,100,2026-01-15T00:00:00.000Z,true,86
ASM-0048350,E-0324,stakeholder_alignment,INST-stakeholder_alignment,v2,100,100,2026-01-28T00:00:00.000Z,true,53
ASM-0048368,E-0324,communication,INST-communication,v2,50,100,2026-07-11T00:00:00.000Z,true,71
ASM-0048370,E-0324,execution,INST-execution,v2,37,100,2026-09-09T00:00:00.000Z,true,52
ASM-0048372,E-0324,problem_solving,INST-problem_solving,v2,57,100,2026-09-05T00:00:00.000Z,true,47
ASM-0048374,E-0324,stakeholder_alignment,INST-stakeholder_alignment,v2,80,100,2026-09-24T00:00:00.000Z,false,63
ASM-0048430,E-0325,communication,INST-communication,v1,40,100,2025-01-08T00:00:00.000Z,true,76
ASM-0048432,E-0325,execution,INST-execution,v1,34,100,2025-01-22T00:00:00.000Z,true,78
ASM-0048434,E-0325,collaboration,INST-collaboration,v1,20,100,2025-03-11T00:00:00.000Z,true,89
ASM-0048436,E-0325,problem_solving,INST-problem_solving,v1,36,100,2025-02-09T00:00:00.000Z,true,40
ASM-0048438,E-0325,visual_craft,INST-visual_craft,v1,30,100,2025-01-29T00:00:00.000Z,false,75
ASM-0048440,E-0325,ux_research,INST-ux_research,v1,24,100,2025-02-18T00:00:00.000Z,false,23
ASM-0048464,E-0325,communication,INST-communication,v1,59,100,2025-07-26T00:00:00.000Z,true,48
ASM-0048466,E-0325,execution,INST-execution,v1,31,100,2025-09-03T00:00:00.000Z,false,51
ASM-0048468,E-0325,collaboration,INST-collaboration,v1,28,100,2025-08-16T00:00:00.000Z,true,26
ASM-0048470,E-0325,problem_solving,INST-problem_solving,v1,39,100,2025-07-02T00:00:00.000Z,true,20
ASM-0048472,E-0325,visual_craft,INST-visual_craft,v1,53,100,2025-08-30T00:00:00.000Z,true,75
ASM-0048507,E-0325,communication,INST-communication,v2,69,100,2026-02-07T00:00:00.000Z,true,54
ASM-0048509,E-0325,collaboration,INST-collaboration,v2,25,100,2026-02-11T00:00:00.000Z,true,83
ASM-0048511,E-0325,problem_solving,INST-problem_solving,v2,36,100,2026-01-28T00:00:00.000Z,true,28
ASM-0048513,E-0325,ux_research,INST-ux_research,v2,45,100,2026-03-01T00:00:00.000Z,true,43
ASM-0048537,E-0325,communication,INST-communication,v2,83,100,2026-07-05T00:00:00.000Z,true,43
ASM-0048539,E-0325,problem_solving,INST-problem_solving,v2,30,100,2026-07-01T00:00:00.000Z,false,80
ASM-0048541,E-0325,visual_craft,INST-visual_craft,v2,54,100,2026-07-22T00:00:00.000Z,true,61
ASM-0048581,E-0326,communication,INST-communication,v1,46,100,2025-02-21T00:00:00.000Z,true,76
ASM-0048583,E-0326,execution,INST-execution,v1,29,100,2025-01-12T00:00:00.000Z,true,62
ASM-0048585,E-0326,problem_solving,INST-problem_solving,v1,38,100,2025-01-18T00:00:00.000Z,true,49
ASM-0048587,E-0326,financial_modeling,INST-financial_modeling,v1,30,100,2025-03-28T00:00:00.000Z,false,37
ASM-0048589,E-0326,compliance_rigor,INST-compliance_rigor,v1,32,100,2025-03-02T00:00:00.000Z,true,24
ASM-0048621,E-0326,execution,INST-execution,v1,28,100,2025-08-21T00:00:00.000Z,true,20
ASM-0048623,E-0326,problem_solving,INST-problem_solving,v1,48,100,2025-07-14T00:00:00.000Z,true,41
ASM-0048625,E-0326,financial_modeling,INST-financial_modeling,v1,14,100,2025-08-20T00:00:00.000Z,true,64
ASM-0048627,E-0326,compliance_rigor,INST-compliance_rigor,v1,31,100,2025-09-26T00:00:00.000Z,true,51
ASM-0048656,E-0326,communication,INST-communication,v2,14,100,2026-03-14T00:00:00.000Z,true,25
ASM-0048658,E-0326,execution,INST-execution,v2,14,100,2026-01-30T00:00:00.000Z,false,72
ASM-0048660,E-0326,collaboration,INST-collaboration,v2,43,100,2026-01-25T00:00:00.000Z,true,48
ASM-0048662,E-0326,problem_solving,INST-problem_solving,v2,57,100,2026-01-19T00:00:00.000Z,true,63
ASM-0048664,E-0326,financial_modeling,INST-financial_modeling,v2,29,100,2026-03-18T00:00:00.000Z,false,33
ASM-0048666,E-0326,compliance_rigor,INST-compliance_rigor,v2,45,100,2026-01-10T00:00:00.000Z,false,61
ASM-0048707,E-0326,communication,INST-communication,v2,19,100,2026-09-02T00:00:00.000Z,true,53
ASM-0048709,E-0326,execution,INST-execution,v2,27,100,2026-09-09T00:00:00.000Z,true,58
ASM-0048711,E-0326,collaboration,INST-collaboration,v2,61,100,2026-07-14T00:00:00.000Z,false,73
ASM-0048713,E-0326,problem_solving,INST-problem_solving,v2,29,100,2026-09-16T00:00:00.000Z,true,27
ASM-0048715,E-0326,financial_modeling,INST-financial_modeling,v2,32,100,2026-07-18T00:00:00.000Z,false,78
ASM-0048717,E-0326,compliance_rigor,INST-compliance_rigor,v2,64,100,2026-09-06T00:00:00.000Z,true,28
ASM-0048763,E-0327,execution,INST-execution,v1,19,100,2025-01-12T00:00:00.000Z,true,48
ASM-0048765,E-0327,problem_solving,INST-problem_solving,v1,47,100,2025-01-28T00:00:00.000Z,false,54
ASM-0048767,E-0327,talent_assessment,INST-talent_assessment,v1,35,100,2025-01-02T00:00:00.000Z,true,41
ASM-0048798,E-0327,communication,INST-communication,v1,40,100,2025-07-30T00:00:00.000Z,true,39
ASM-0048800,E-0327,execution,INST-execution,v1,40,100,2025-08-17T00:00:00.000Z,false,75
ASM-0048802,E-0327,collaboration,INST-collaboration,v1,12,100,2025-08-13T00:00:00.000Z,true,44
ASM-0048804,E-0327,problem_solving,INST-problem_solving,v1,38,100,2025-08-08T00:00:00.000Z,false,78
ASM-0048806,E-0327,talent_assessment,INST-talent_assessment,v1,32,100,2025-07-23T00:00:00.000Z,true,73
ASM-0048808,E-0327,policy_navigation,INST-policy_navigation,v1,56,100,2025-09-02T00:00:00.000Z,true,36
ASM-0048837,E-0327,communication,INST-communication,v2,41,100,2026-02-15T00:00:00.000Z,true,37
ASM-0048839,E-0327,collaboration,INST-collaboration,v2,44,100,2026-01-04T00:00:00.000Z,false,33
ASM-0048841,E-0327,problem_solving,INST-problem_solving,v2,35,100,2026-01-22T00:00:00.000Z,true,80
ASM-0048843,E-0327,talent_assessment,INST-talent_assessment,v2,20,100,2026-02-14T00:00:00.000Z,false,67
ASM-0048868,E-0327,communication,INST-communication,v2,30,100,2026-07-13T00:00:00.000Z,true,62
ASM-0048870,E-0327,collaboration,INST-collaboration,v2,62,100,2026-08-29T00:00:00.000Z,true,30
ASM-0048872,E-0327,problem_solving,INST-problem_solving,v2,44,100,2026-09-13T00:00:00.000Z,true,24
ASM-0048874,E-0327,talent_assessment,INST-talent_assessment,v2,30,100,2026-07-03T00:00:00.000Z,true,76
ASM-0048876,E-0327,policy_navigation,INST-policy_navigation,v2,59,100,2026-07-28T00:00:00.000Z,true,62
ASM-0048917,E-0328,communication,INST-communication,v1,33,100,2025-02-13T00:00:00.000Z,true,84
ASM-0048919,E-0328,execution,INST-execution,v1,44,100,2025-02-13T00:00:00.000Z,false,75
ASM-0048921,E-0328,problem_solving,INST-problem_solving,v1,24,100,2025-03-01T00:00:00.000Z,true,57
ASM-0048923,E-0328,customer_resolution,INST-customer_resolution,v1,43,100,2025-01-25T00:00:00.000Z,true,66
ASM-0048925,E-0328,troubleshooting,INST-troubleshooting,v1,63,100,2025-02-19T00:00:00.000Z,false,23
ASM-0048952,E-0328,communication,INST-communication,v1,33,100,2025-09-21T00:00:00.000Z,true,22
ASM-0048954,E-0328,execution,INST-execution,v1,38,100,2025-09-15T00:00:00.000Z,false,86
ASM-0048956,E-0328,collaboration,INST-collaboration,v1,36,100,2025-09-15T00:00:00.000Z,true,73
ASM-0048958,E-0328,problem_solving,INST-problem_solving,v1,33,100,2025-07-27T00:00:00.000Z,true,53
ASM-0048960,E-0328,troubleshooting,INST-troubleshooting,v1,68,100,2025-07-25T00:00:00.000Z,false,63
ASM-0048987,E-0328,communication,INST-communication,v2,20,100,2026-03-13T00:00:00.000Z,false,41
ASM-0048989,E-0328,execution,INST-execution,v2,33,100,2026-03-21T00:00:00.000Z,true,73
ASM-0048991,E-0328,collaboration,INST-collaboration,v2,33,100,2026-02-19T00:00:00.000Z,true,39
ASM-0048993,E-0328,problem_solving,INST-problem_solving,v2,20,100,2026-01-10T00:00:00.000Z,true,58
ASM-0048995,E-0328,troubleshooting,INST-troubleshooting,v2,45,100,2026-02-11T00:00:00.000Z,false,84
ASM-0049026,E-0328,communication,INST-communication,v2,26,100,2026-07-15T00:00:00.000Z,false,74
ASM-0049028,E-0328,execution,INST-execution,v2,24,100,2026-09-22T00:00:00.000Z,false,47
ASM-0049030,E-0328,collaboration,INST-collaboration,v2,23,100,2026-08-27T00:00:00.000Z,true,24
ASM-0049032,E-0328,problem_solving,INST-problem_solving,v2,38,100,2026-07-30T00:00:00.000Z,true,84
ASM-0049034,E-0328,customer_resolution,INST-customer_resolution,v2,59,100,2026-08-06T00:00:00.000Z,true,60
ASM-0049036,E-0328,troubleshooting,INST-troubleshooting,v2,36,100,2026-07-07T00:00:00.000Z,true,28
ASM-0049066,E-0329,communication,INST-communication,v1,68,100,2025-01-06T00:00:00.000Z,true,89
ASM-0049068,E-0329,execution,INST-execution,v1,30,100,2025-03-07T00:00:00.000Z,true,75
ASM-0049070,E-0329,collaboration,INST-collaboration,v1,35,100,2025-03-22T00:00:00.000Z,false,40
ASM-0049072,E-0329,problem_solving,INST-problem_solving,v1,39,100,2025-03-18T00:00:00.000Z,true,67
ASM-0049074,E-0329,system_design,INST-system_design,v1,14,100,2025-02-20T00:00:00.000Z,true,35
ASM-0049076,E-0329,code_quality,INST-code_quality,v1,34,100,2025-02-24T00:00:00.000Z,true,41
ASM-0049105,E-0329,communication,INST-communication,v1,56,100,2025-09-01T00:00:00.000Z,true,51
ASM-0049107,E-0329,execution,INST-execution,v1,47,100,2025-08-06T00:00:00.000Z,true,51
ASM-0049109,E-0329,problem_solving,INST-problem_solving,v1,25,100,2025-07-30T00:00:00.000Z,false,39
ASM-0049111,E-0329,code_quality,INST-code_quality,v1,29,100,2025-07-16T00:00:00.000Z,true,55
ASM-0049141,E-0329,communication,INST-communication,v2,53,100,2026-01-03T00:00:00.000Z,false,41
ASM-0049143,E-0329,collaboration,INST-collaboration,v2,29,100,2026-01-14T00:00:00.000Z,true,34
ASM-0049145,E-0329,problem_solving,INST-problem_solving,v2,28,100,2026-01-27T00:00:00.000Z,false,34
ASM-0049147,E-0329,system_design,INST-system_design,v2,72,100,2026-02-03T00:00:00.000Z,true,89
ASM-0049149,E-0329,code_quality,INST-code_quality,v2,49,100,2026-01-15T00:00:00.000Z,false,41
ASM-0049169,E-0329,communication,INST-communication,v2,52,100,2026-07-14T00:00:00.000Z,false,43
ASM-0049171,E-0329,execution,INST-execution,v2,79,100,2026-07-05T00:00:00.000Z,true,55
ASM-0049173,E-0329,system_design,INST-system_design,v2,86,100,2026-08-29T00:00:00.000Z,false,72
ASM-0049175,E-0329,code_quality,INST-code_quality,v2,65,100,2026-08-08T00:00:00.000Z,true,80
ASM-0049218,E-0330,execution,INST-execution,v1,34,100,2025-03-12T00:00:00.000Z,true,45
ASM-0049220,E-0330,collaboration,INST-collaboration,v1,30,100,2025-03-30T00:00:00.000Z,true,31
ASM-0049222,E-0330,problem_solving,INST-problem_solving,v1,29,100,2025-03-21T00:00:00.000Z,true,29
ASM-0049224,E-0330,negotiation,INST-negotiation,v1,20,100,2025-03-12T00:00:00.000Z,true,51
ASM-0049252,E-0330,communication,INST-communication,v1,41,100,2025-08-24T00:00:00.000Z,true,31
ASM-0049254,E-0330,execution,INST-execution,v1,30,100,2025-08-02T00:00:00.000Z,true,30
ASM-0049256,E-0330,problem_solving,INST-problem_solving,v1,14,100,2025-08-04T00:00:00.000Z,true,45
ASM-0049258,E-0330,pipeline_mgmt,INST-pipeline_mgmt,v1,30,100,2025-08-17T00:00:00.000Z,false,73
ASM-0049287,E-0330,communication,INST-communication,v2,64,100,2026-02-16T00:00:00.000Z,false,76
ASM-0049289,E-0330,execution,INST-execution,v2,11,100,2026-03-13T00:00:00.000Z,true,69
ASM-0049291,E-0330,collaboration,INST-collaboration,v2,17,100,2026-02-15T00:00:00.000Z,true,71
ASM-0049293,E-0330,problem_solving,INST-problem_solving,v2,27,100,2026-02-26T00:00:00.000Z,true,86
ASM-0049295,E-0330,negotiation,INST-negotiation,v2,44,100,2026-01-01T00:00:00.000Z,true,89
ASM-0049297,E-0330,pipeline_mgmt,INST-pipeline_mgmt,v2,46,100,2026-02-13T00:00:00.000Z,true,77
ASM-0049329,E-0330,communication,INST-communication,v2,67,100,2026-09-08T00:00:00.000Z,true,70
ASM-0049331,E-0330,execution,INST-execution,v2,17,100,2026-09-13T00:00:00.000Z,false,34
ASM-0049333,E-0330,collaboration,INST-collaboration,v2,19,100,2026-08-10T00:00:00.000Z,true,52
ASM-0049335,E-0330,problem_solving,INST-problem_solving,v2,56,100,2026-08-25T00:00:00.000Z,true,81
ASM-0049378,E-0331,execution,INST-execution,v1,31,100,2025-01-31T00:00:00.000Z,false,24
ASM-0049380,E-0331,collaboration,INST-collaboration,v1,28,100,2025-01-15T00:00:00.000Z,true,63
ASM-0049382,E-0331,problem_solving,INST-problem_solving,v1,88,100,2025-03-06T00:00:00.000Z,true,57
ASM-0049384,E-0331,campaign_strategy,INST-campaign_strategy,v1,34,100,2025-01-25T00:00:00.000Z,true,61
ASM-0049386,E-0331,content_quality,INST-content_quality,v1,46,100,2025-02-25T00:00:00.000Z,false,43
ASM-0049415,E-0331,communication,INST-communication,v1,42,100,2025-08-06T00:00:00.000Z,false,35
ASM-0049417,E-0331,execution,INST-execution,v1,37,100,2025-08-07T00:00:00.000Z,true,22
ASM-0049419,E-0331,collaboration,INST-collaboration,v1,26,100,2025-08-10T00:00:00.000Z,false,75
ASM-0049421,E-0331,problem_solving,INST-problem_solving,v1,58,100,2025-08-27T00:00:00.000Z,true,36
ASM-0049423,E-0331,campaign_strategy,INST-campaign_strategy,v1,44,100,2025-07-16T00:00:00.000Z,true,61
ASM-0049425,E-0331,content_quality,INST-content_quality,v1,37,100,2025-09-04T00:00:00.000Z,false,84
ASM-0049461,E-0331,execution,INST-execution,v2,53,100,2026-01-29T00:00:00.000Z,true,73
ASM-0049463,E-0331,collaboration,INST-collaboration,v2,26,100,2026-02-22T00:00:00.000Z,true,53
ASM-0049465,E-0331,problem_solving,INST-problem_solving,v2,48,100,2026-02-02T00:00:00.000Z,false,72
ASM-0049467,E-0331,campaign_strategy,INST-campaign_strategy,v2,30,100,2026-02-08T00:00:00.000Z,true,63
ASM-0049469,E-0331,content_quality,INST-content_quality,v2,37,100,2026-02-19T00:00:00.000Z,true,81
ASM-0049492,E-0331,communication,INST-communication,v2,70,100,2026-07-08T00:00:00.000Z,true,67
ASM-0049494,E-0331,collaboration,INST-collaboration,v2,31,100,2026-09-17T00:00:00.000Z,true,82
ASM-0049496,E-0331,problem_solving,INST-problem_solving,v2,50,100,2026-07-16T00:00:00.000Z,true,46
ASM-0049498,E-0331,campaign_strategy,INST-campaign_strategy,v2,28,100,2026-07-24T00:00:00.000Z,true,80
ASM-0049500,E-0331,content_quality,INST-content_quality,v2,48,100,2026-08-24T00:00:00.000Z,true,57
ASM-0049544,E-0332,communication,INST-communication,v1,22,100,2025-01-25T00:00:00.000Z,false,71
ASM-0049546,E-0332,execution,INST-execution,v1,35,100,2025-02-02T00:00:00.000Z,true,75
ASM-0049548,E-0332,collaboration,INST-collaboration,v1,23,100,2025-03-26T00:00:00.000Z,false,21
ASM-0049550,E-0332,problem_solving,INST-problem_solving,v1,25,100,2025-01-25T00:00:00.000Z,true,43
ASM-0049552,E-0332,roadmap_prioritization,INST-roadmap_prioritization,v1,14,100,2025-03-08T00:00:00.000Z,true,36
ASM-0049554,E-0332,stakeholder_alignment,INST-stakeholder_alignment,v1,38,100,2025-01-07T00:00:00.000Z,false,60
ASM-0049571,E-0332,collaboration,INST-collaboration,v1,49,100,2025-08-23T00:00:00.000Z,false,72
ASM-0049573,E-0332,roadmap_prioritization,INST-roadmap_prioritization,v1,28,100,2025-09-18T00:00:00.000Z,true,59
ASM-0049575,E-0332,stakeholder_alignment,INST-stakeholder_alignment,v1,19,100,2025-07-29T00:00:00.000Z,true,27
ASM-0049593,E-0332,communication,INST-communication,v2,46,100,2026-01-08T00:00:00.000Z,true,64
ASM-0049595,E-0332,roadmap_prioritization,INST-roadmap_prioritization,v2,25,100,2026-02-27T00:00:00.000Z,false,27
ASM-0049597,E-0332,stakeholder_alignment,INST-stakeholder_alignment,v2,29,100,2026-02-18T00:00:00.000Z,false,42
ASM-0049622,E-0332,communication,INST-communication,v2,32,100,2026-09-18T00:00:00.000Z,true,84
ASM-0049624,E-0332,collaboration,INST-collaboration,v2,66,100,2026-09-03T00:00:00.000Z,true,48
ASM-0049626,E-0332,problem_solving,INST-problem_solving,v2,37,100,2026-07-23T00:00:00.000Z,true,84
ASM-0049669,E-0333,communication,INST-communication,v1,26,100,2025-03-16T00:00:00.000Z,true,32
ASM-0049671,E-0333,execution,INST-execution,v1,17,100,2025-01-23T00:00:00.000Z,false,50
ASM-0049673,E-0333,collaboration,INST-collaboration,v1,38,100,2025-01-09T00:00:00.000Z,true,49
ASM-0049675,E-0333,problem_solving,INST-problem_solving,v1,69,100,2025-02-10T00:00:00.000Z,false,21
ASM-0049677,E-0333,visual_craft,INST-visual_craft,v1,60,100,2025-03-18T00:00:00.000Z,true,30
ASM-0049679,E-0333,ux_research,INST-ux_research,v1,65,100,2025-01-28T00:00:00.000Z,false,67
ASM-0049723,E-0333,communication,INST-communication,v1,31,100,2025-08-31T00:00:00.000Z,true,41
ASM-0049725,E-0333,execution,INST-execution,v1,29,100,2025-07-02T00:00:00.000Z,true,78
ASM-0049727,E-0333,problem_solving,INST-problem_solving,v1,56,100,2025-09-18T00:00:00.000Z,true,59
ASM-0049729,E-0333,visual_craft,INST-visual_craft,v1,54,100,2025-08-05T00:00:00.000Z,true,65
ASM-0049731,E-0333,ux_research,INST-ux_research,v1,54,100,2025-08-21T00:00:00.000Z,true,83
ASM-0049757,E-0333,communication,INST-communication,v2,59,100,2026-01-11T00:00:00.000Z,true,55
ASM-0049759,E-0333,collaboration,INST-collaboration,v2,60,100,2026-02-09T00:00:00.000Z,true,24
ASM-0049761,E-0333,visual_craft,INST-visual_craft,v2,42,100,2026-03-25T00:00:00.000Z,false,20
ASM-0049794,E-0333,communication,INST-communication,v2,51,100,2026-07-11T00:00:00.000Z,true,40
ASM-0049796,E-0333,execution,INST-execution,v2,63,100,2026-08-28T00:00:00.000Z,true,23
ASM-0049798,E-0333,problem_solving,INST-problem_solving,v2,52,100,2026-08-23T00:00:00.000Z,true,41
ASM-0049800,E-0333,visual_craft,INST-visual_craft,v2,56,100,2026-07-14T00:00:00.000Z,false,29
ASM-0049802,E-0333,ux_research,INST-ux_research,v2,58,100,2026-08-20T00:00:00.000Z,true,63
ASM-0049836,E-0334,communication,INST-communication,v1,45,100,2025-01-28T00:00:00.000Z,true,80
ASM-0049838,E-0334,collaboration,INST-collaboration,v1,22,100,2025-03-29T00:00:00.000Z,false,36
ASM-0049840,E-0334,problem_solving,INST-problem_solving,v1,35,100,2025-01-03T00:00:00.000Z,false,43
ASM-0049842,E-0334,financial_modeling,INST-financial_modeling,v1,88,100,2025-01-20T00:00:00.000Z,true,44
ASM-0049844,E-0334,compliance_rigor,INST-compliance_rigor,v1,51,100,2025-01-02T00:00:00.000Z,true,39
ASM-0049882,E-0334,execution,INST-execution,v1,42,100,2025-07-17T00:00:00.000Z,false,53
ASM-0049884,E-0334,collaboration,INST-collaboration,v1,54,100,2025-08-06T00:00:00.000Z,false,34
ASM-0049886,E-0334,problem_solving,INST-problem_solving,v1,30,100,2025-07-06T00:00:00.000Z,false,42
ASM-0049888,E-0334,financial_modeling,INST-financial_modeling,v1,56,100,2025-07-25T00:00:00.000Z,true,54
ASM-0049890,E-0334,compliance_rigor,INST-compliance_rigor,v1,52,100,2025-09-25T00:00:00.000Z,true,47
ASM-0049911,E-0334,communication,INST-communication,v2,59,100,2026-01-22T00:00:00.000Z,true,78
ASM-0049913,E-0334,execution,INST-execution,v2,52,100,2026-03-11T00:00:00.000Z,false,88
ASM-0049915,E-0334,collaboration,INST-collaboration,v2,65,100,2026-03-13T00:00:00.000Z,true,75
ASM-0049917,E-0334,problem_solving,INST-problem_solving,v2,31,100,2026-01-05T00:00:00.000Z,true,20
ASM-0049919,E-0334,financial_modeling,INST-financial_modeling,v2,44,100,2026-03-10T00:00:00.000Z,false,73
ASM-0049921,E-0334,compliance_rigor,INST-compliance_rigor,v2,52,100,2026-02-25T00:00:00.000Z,true,23
ASM-0049947,E-0334,execution,INST-execution,v2,22,100,2026-07-12T00:00:00.000Z,true,54
ASM-0049949,E-0334,collaboration,INST-collaboration,v2,85,100,2026-08-09T00:00:00.000Z,true,29
ASM-0049951,E-0334,problem_solving,INST-problem_solving,v2,40,100,2026-09-29T00:00:00.000Z,true,54
ASM-0049953,E-0334,financial_modeling,INST-financial_modeling,v2,34,100,2026-08-09T00:00:00.000Z,false,23
ASM-0050010,E-0335,communication,INST-communication,v1,23,100,2025-01-24T00:00:00.000Z,false,20
ASM-0050012,E-0335,execution,INST-execution,v1,21,100,2025-02-25T00:00:00.000Z,false,78
ASM-0050014,E-0335,collaboration,INST-collaboration,v1,41,100,2025-03-31T00:00:00.000Z,false,69
ASM-0050016,E-0335,problem_solving,INST-problem_solving,v1,11,100,2025-01-11T00:00:00.000Z,true,37
ASM-0050018,E-0335,policy_navigation,INST-policy_navigation,v1,26,100,2025-02-02T00:00:00.000Z,false,66
ASM-0050039,E-0335,execution,INST-execution,v1,31,100,2025-09-08T00:00:00.000Z,true,27
ASM-0050041,E-0335,collaboration,INST-collaboration,v1,33,100,2025-07-17T00:00:00.000Z,true,55
ASM-0050043,E-0335,problem_solving,INST-problem_solving,v1,14,100,2025-09-04T00:00:00.000Z,true,68
ASM-0050045,E-0335,talent_assessment,INST-talent_assessment,v1,33,100,2025-07-14T00:00:00.000Z,true,86
ASM-0050059,E-0335,communication,INST-communication,v2,44,100,2026-03-23T00:00:00.000Z,true,37
ASM-0050061,E-0335,problem_solving,INST-problem_solving,v2,24,100,2026-02-16T00:00:00.000Z,false,38
ASM-0050063,E-0335,talent_assessment,INST-talent_assessment,v2,35,100,2026-01-09T00:00:00.000Z,true,65
ASM-0050065,E-0335,policy_navigation,INST-policy_navigation,v2,60,100,2026-01-08T00:00:00.000Z,true,43
ASM-0050099,E-0335,communication,INST-communication,v2,52,100,2026-09-27T00:00:00.000Z,false,82
ASM-0050101,E-0335,collaboration,INST-collaboration,v2,61,100,2026-08-09T00:00:00.000Z,true,56
ASM-0050103,E-0335,problem_solving,INST-problem_solving,v2,24,100,2026-09-16T00:00:00.000Z,true,71
ASM-0050147,E-0336,communication,INST-communication,v1,78,100,2025-03-14T00:00:00.000Z,false,35
ASM-0050149,E-0336,execution,INST-execution,v1,70,100,2025-01-09T00:00:00.000Z,true,57
ASM-0050151,E-0336,collaboration,INST-collaboration,v1,54,100,2025-03-16T00:00:00.000Z,true,65
ASM-0050153,E-0336,problem_solving,INST-problem_solving,v1,42,100,2025-03-31T00:00:00.000Z,true,25
ASM-0050155,E-0336,customer_resolution,INST-customer_resolution,v1,30,100,2025-01-08T00:00:00.000Z,false,86
ASM-0050157,E-0336,troubleshooting,INST-troubleshooting,v1,79,100,2025-02-26T00:00:00.000Z,false,69
ASM-0050181,E-0336,communication,INST-communication,v1,60,100,2025-07-16T00:00:00.000Z,true,58
ASM-0050183,E-0336,execution,INST-execution,v1,88,100,2025-08-14T00:00:00.000Z,true,82
ASM-0050185,E-0336,collaboration,INST-collaboration,v1,50,100,2025-07-26T00:00:00.000Z,true,40
ASM-0050212,E-0336,communication,INST-communication,v2,31,100,2026-01-30T00:00:00.000Z,true,45
ASM-0050214,E-0336,execution,INST-execution,v2,54,100,2026-01-24T00:00:00.000Z,false,61
ASM-0050216,E-0336,problem_solving,INST-problem_solving,v2,73,100,2026-03-14T00:00:00.000Z,false,70
ASM-0050218,E-0336,customer_resolution,INST-customer_resolution,v2,42,100,2026-03-31T00:00:00.000Z,false,83
ASM-0050243,E-0336,execution,INST-execution,v2,73,100,2026-07-17T00:00:00.000Z,true,73
ASM-0050245,E-0336,problem_solving,INST-problem_solving,v2,93,100,2026-09-03T00:00:00.000Z,false,64
ASM-0050247,E-0336,customer_resolution,INST-customer_resolution,v2,82,100,2026-08-11T00:00:00.000Z,false,26
ASM-0050249,E-0336,troubleshooting,INST-troubleshooting,v2,47,100,2026-07-08T00:00:00.000Z,true,49
ASM-0050297,E-0337,communication,INST-communication,v1,25,100,2025-02-13T00:00:00.000Z,true,29
ASM-0050299,E-0337,execution,INST-execution,v1,27,100,2025-01-07T00:00:00.000Z,true,83
ASM-0050301,E-0337,collaboration,INST-collaboration,v1,18,100,2025-02-15T00:00:00.000Z,true,88
ASM-0050303,E-0337,problem_solving,INST-problem_solving,v1,47,100,2025-03-17T00:00:00.000Z,true,57
ASM-0050305,E-0337,system_design,INST-system_design,v1,39,100,2025-01-30T00:00:00.000Z,true,38
ASM-0050307,E-0337,code_quality,INST-code_quality,v1,43,100,2025-01-27T00:00:00.000Z,true,36
ASM-0050323,E-0337,communication,INST-communication,v1,40,100,2025-08-23T00:00:00.000Z,true,81
ASM-0050325,E-0337,execution,INST-execution,v1,37,100,2025-09-19T00:00:00.000Z,false,44
ASM-0050327,E-0337,collaboration,INST-collaboration,v1,24,100,2025-07-14T00:00:00.000Z,true,33
ASM-0050329,E-0337,problem_solving,INST-problem_solving,v1,47,100,2025-07-25T00:00:00.000Z,false,75
ASM-0050331,E-0337,system_design,INST-system_design,v1,33,100,2025-07-13T00:00:00.000Z,true,48
ASM-0050333,E-0337,code_quality,INST-code_quality,v1,39,100,2025-08-04T00:00:00.000Z,true,65
ASM-0050347,E-0337,communication,INST-communication,v2,62,100,2026-01-21T00:00:00.000Z,true,69
ASM-0050349,E-0337,execution,INST-execution,v2,26,100,2026-03-17T00:00:00.000Z,true,76
ASM-0050351,E-0337,collaboration,INST-collaboration,v2,32,100,2026-03-30T00:00:00.000Z,true,40
ASM-0050353,E-0337,problem_solving,INST-problem_solving,v2,42,100,2026-03-11T00:00:00.000Z,true,36
ASM-0050355,E-0337,system_design,INST-system_design,v2,39,100,2026-03-19T00:00:00.000Z,true,62
ASM-0050357,E-0337,code_quality,INST-code_quality,v2,48,100,2026-03-16T00:00:00.000Z,true,77
ASM-0050394,E-0337,execution,INST-execution,v2,33,100,2026-07-02T00:00:00.000Z,true,80
ASM-0050396,E-0337,collaboration,INST-collaboration,v2,42,100,2026-08-14T00:00:00.000Z,false,75
ASM-0050398,E-0337,problem_solving,INST-problem_solving,v2,55,100,2026-09-25T00:00:00.000Z,false,40
ASM-0050400,E-0337,system_design,INST-system_design,v2,25,100,2026-08-01T00:00:00.000Z,false,61
ASM-0050402,E-0337,code_quality,INST-code_quality,v2,50,100,2026-09-06T00:00:00.000Z,true,29
ASM-0050444,E-0338,communication,INST-communication,v1,26,100,2025-01-05T00:00:00.000Z,true,54
ASM-0050446,E-0338,collaboration,INST-collaboration,v1,15,100,2025-01-02T00:00:00.000Z,true,64
ASM-0050448,E-0338,problem_solving,INST-problem_solving,v1,27,100,2025-01-07T00:00:00.000Z,true,61
ASM-0050450,E-0338,negotiation,INST-negotiation,v1,36,100,2025-03-08T00:00:00.000Z,false,89
ASM-0050452,E-0338,pipeline_mgmt,INST-pipeline_mgmt,v1,14,100,2025-01-20T00:00:00.000Z,true,48
ASM-0050478,E-0338,communication,INST-communication,v1,20,100,2025-07-08T00:00:00.000Z,true,61
ASM-0050480,E-0338,execution,INST-execution,v1,22,100,2025-08-15T00:00:00.000Z,false,24
ASM-0050482,E-0338,collaboration,INST-collaboration,v1,35,100,2025-07-04T00:00:00.000Z,true,30
ASM-0050484,E-0338,problem_solving,INST-problem_solving,v1,48,100,2025-08-02T00:00:00.000Z,true,31
ASM-0050486,E-0338,negotiation,INST-negotiation,v1,43,100,2025-09-20T00:00:00.000Z,true,32
ASM-0050488,E-0338,pipeline_mgmt,INST-pipeline_mgmt,v1,5,100,2025-07-11T00:00:00.000Z,true,57
ASM-0050517,E-0338,communication,INST-communication,v2,27,100,2026-01-08T00:00:00.000Z,true,89
ASM-0050519,E-0338,execution,INST-execution,v2,53,100,2026-03-09T00:00:00.000Z,true,66
ASM-0050521,E-0338,collaboration,INST-collaboration,v2,61,100,2026-01-30T00:00:00.000Z,true,38
ASM-0050523,E-0338,problem_solving,INST-problem_solving,v2,31,100,2026-01-31T00:00:00.000Z,false,55
ASM-0050525,E-0338,negotiation,INST-negotiation,v2,59,100,2026-01-05T00:00:00.000Z,true,89
ASM-0050527,E-0338,pipeline_mgmt,INST-pipeline_mgmt,v2,34,100,2026-03-23T00:00:00.000Z,true,81
ASM-0050561,E-0338,communication,INST-communication,v2,31,100,2026-09-21T00:00:00.000Z,false,86
ASM-0050563,E-0338,execution,INST-execution,v2,69,100,2026-09-24T00:00:00.000Z,false,71
ASM-0050565,E-0338,collaboration,INST-collaboration,v2,63,100,2026-09-04T00:00:00.000Z,false,65
ASM-0050567,E-0338,problem_solving,INST-problem_solving,v2,34,100,2026-08-07T00:00:00.000Z,true,20
ASM-0050569,E-0338,negotiation,INST-negotiation,v2,70,100,2026-07-17T00:00:00.000Z,true,45
ASM-0050571,E-0338,pipeline_mgmt,INST-pipeline_mgmt,v2,54,100,2026-08-25T00:00:00.000Z,true,56
ASM-0050602,E-0339,communication,INST-communication,v1,36,100,2025-01-21T00:00:00.000Z,false,56
ASM-0050604,E-0339,collaboration,INST-collaboration,v1,51,100,2025-01-30T00:00:00.000Z,true,32
ASM-0050606,E-0339,content_quality,INST-content_quality,v1,35,100,2025-03-04T00:00:00.000Z,true,46
ASM-0050622,E-0339,communication,INST-communication,v1,35,100,2025-07-02T00:00:00.000Z,false,61
ASM-0050624,E-0339,collaboration,INST-collaboration,v1,35,100,2025-08-15T00:00:00.000Z,true,60
ASM-0050626,E-0339,problem_solving,INST-problem_solving,v1,16,100,2025-08-07T00:00:00.000Z,true,63
ASM-0050628,E-0339,campaign_strategy,INST-campaign_strategy,v1,48,100,2025-09-06T00:00:00.000Z,false,28
ASM-0050630,E-0339,content_quality,INST-content_quality,v1,49,100,2025-07-22T00:00:00.000Z,true,48
ASM-0050650,E-0339,communication,INST-communication,v2,46,100,2026-03-13T00:00:00.000Z,true,46
ASM-0050652,E-0339,collaboration,INST-collaboration,v2,36,100,2026-03-12T00:00:00.000Z,true,49
ASM-0050654,E-0339,problem_solving,INST-problem_solving,v2,31,100,2026-03-17T00:00:00.000Z,false,58
ASM-0050656,E-0339,campaign_strategy,INST-campaign_strategy,v2,63,100,2026-03-23T00:00:00.000Z,true,43
ASM-0050658,E-0339,content_quality,INST-content_quality,v2,69,100,2026-01-20T00:00:00.000Z,true,46
ASM-0050685,E-0339,communication,INST-communication,v2,75,100,2026-07-02T00:00:00.000Z,true,31
ASM-0050687,E-0339,collaboration,INST-collaboration,v2,38,100,2026-08-19T00:00:00.000Z,true,58
ASM-0050689,E-0339,problem_solving,INST-problem_solving,v2,36,100,2026-08-13T00:00:00.000Z,false,49
ASM-0050691,E-0339,campaign_strategy,INST-campaign_strategy,v2,100,100,2026-09-14T00:00:00.000Z,true,29
ASM-0050693,E-0339,content_quality,INST-content_quality,v2,74,100,2026-08-20T00:00:00.000Z,true,64
ASM-0050723,E-0340,communication,INST-communication,v1,74,100,2025-02-24T00:00:00.000Z,true,42
ASM-0050725,E-0340,execution,INST-execution,v1,42,100,2025-03-07T00:00:00.000Z,true,69
ASM-0050727,E-0340,collaboration,INST-collaboration,v1,86,100,2025-02-22T00:00:00.000Z,true,83
ASM-0050729,E-0340,problem_solving,INST-problem_solving,v1,26,100,2025-02-06T00:00:00.000Z,true,87
ASM-0050731,E-0340,roadmap_prioritization,INST-roadmap_prioritization,v1,17,100,2025-03-09T00:00:00.000Z,true,30
ASM-0050733,E-0340,stakeholder_alignment,INST-stakeholder_alignment,v1,80,100,2025-02-05T00:00:00.000Z,true,61
ASM-0050759,E-0340,communication,INST-communication,v1,48,100,2025-09-13T00:00:00.000Z,true,43
ASM-0050761,E-0340,execution,INST-execution,v1,41,100,2025-07-10T00:00:00.000Z,true,64
ASM-0050763,E-0340,collaboration,INST-collaboration,v1,91,100,2025-09-12T00:00:00.000Z,true,84
ASM-0050765,E-0340,problem_solving,INST-problem_solving,v1,32,100,2025-08-16T00:00:00.000Z,false,28
ASM-0050767,E-0340,roadmap_prioritization,INST-roadmap_prioritization,v1,44,100,2025-07-30T00:00:00.000Z,false,32
ASM-0050769,E-0340,stakeholder_alignment,INST-stakeholder_alignment,v1,74,100,2025-09-23T00:00:00.000Z,false,56
ASM-0050792,E-0340,communication,INST-communication,v2,30,100,2026-03-17T00:00:00.000Z,true,72
ASM-0050794,E-0340,execution,INST-execution,v2,59,100,2026-01-17T00:00:00.000Z,true,68
ASM-0050796,E-0340,problem_solving,INST-problem_solving,v2,25,100,2026-02-01T00:00:00.000Z,true,67
ASM-0050798,E-0340,roadmap_prioritization,INST-roadmap_prioritization,v2,53,100,2026-01-04T00:00:00.000Z,true,60
ASM-0050800,E-0340,stakeholder_alignment,INST-stakeholder_alignment,v2,74,100,2026-03-24T00:00:00.000Z,true,73
ASM-0050831,E-0340,communication,INST-communication,v2,15,100,2026-08-11T00:00:00.000Z,true,84
ASM-0050833,E-0340,execution,INST-execution,v2,70,100,2026-07-22T00:00:00.000Z,true,45
ASM-0050835,E-0340,collaboration,INST-collaboration,v2,97,100,2026-08-20T00:00:00.000Z,false,38
ASM-0050837,E-0340,roadmap_prioritization,INST-roadmap_prioritization,v2,56,100,2026-07-15T00:00:00.000Z,true,69
ASM-0050839,E-0340,stakeholder_alignment,INST-stakeholder_alignment,v2,77,100,2026-07-09T00:00:00.000Z,true,77
ASM-0050878,E-0341,communication,INST-communication,v1,33,100,2025-03-31T00:00:00.000Z,true,73
ASM-0050880,E-0341,execution,INST-execution,v1,67,100,2025-01-24T00:00:00.000Z,true,73
ASM-0050882,E-0341,collaboration,INST-collaboration,v1,34,100,2025-03-06T00:00:00.000Z,true,23
ASM-0050884,E-0341,problem_solving,INST-problem_solving,v1,57,100,2025-02-15T00:00:00.000Z,false,69
ASM-0050886,E-0341,visual_craft,INST-visual_craft,v1,60,100,2025-03-13T00:00:00.000Z,true,66
ASM-0050888,E-0341,ux_research,INST-ux_research,v1,32,100,2025-03-06T00:00:00.000Z,false,75
ASM-0050911,E-0341,communication,INST-communication,v1,17,100,2025-07-25T00:00:00.000Z,false,41
ASM-0050913,E-0341,execution,INST-execution,v1,79,100,2025-09-29T00:00:00.000Z,true,33
ASM-0050915,E-0341,collaboration,INST-collaboration,v1,48,100,2025-08-11T00:00:00.000Z,true,65
ASM-0050917,E-0341,problem_solving,INST-problem_solving,v1,50,100,2025-09-10T00:00:00.000Z,true,38
ASM-0050919,E-0341,visual_craft,INST-visual_craft,v1,66,100,2025-08-22T00:00:00.000Z,true,52
ASM-0050921,E-0341,ux_research,INST-ux_research,v1,52,100,2025-09-19T00:00:00.000Z,false,69
ASM-0050946,E-0341,communication,INST-communication,v2,60,100,2026-01-23T00:00:00.000Z,true,65
ASM-0050948,E-0341,execution,INST-execution,v2,75,100,2026-02-05T00:00:00.000Z,true,31
ASM-0050950,E-0341,collaboration,INST-collaboration,v2,58,100,2026-03-24T00:00:00.000Z,true,34
ASM-0050952,E-0341,ux_research,INST-ux_research,v2,55,100,2026-02-20T00:00:00.000Z,true,53
ASM-0050973,E-0341,communication,INST-communication,v2,51,100,2026-08-24T00:00:00.000Z,true,36
ASM-0050975,E-0341,execution,INST-execution,v2,67,100,2026-07-14T00:00:00.000Z,true,60
ASM-0050977,E-0341,collaboration,INST-collaboration,v2,82,100,2026-08-01T00:00:00.000Z,true,32
ASM-0050979,E-0341,problem_solving,INST-problem_solving,v2,63,100,2026-09-15T00:00:00.000Z,true,29
ASM-0050981,E-0341,ux_research,INST-ux_research,v2,77,100,2026-08-22T00:00:00.000Z,false,58
ASM-0051012,E-0342,communication,INST-communication,v1,58,100,2025-02-24T00:00:00.000Z,true,89
ASM-0051014,E-0342,execution,INST-execution,v1,49,100,2025-03-09T00:00:00.000Z,true,57
ASM-0051016,E-0342,collaboration,INST-collaboration,v1,75,100,2025-03-21T00:00:00.000Z,false,27
ASM-0051018,E-0342,problem_solving,INST-problem_solving,v1,21,100,2025-01-01T00:00:00.000Z,true,44
ASM-0051020,E-0342,financial_modeling,INST-financial_modeling,v1,70,100,2025-01-16T00:00:00.000Z,false,40
ASM-0051022,E-0342,compliance_rigor,INST-compliance_rigor,v1,54,100,2025-02-13T00:00:00.000Z,false,71
ASM-0051056,E-0342,communication,INST-communication,v1,53,100,2025-09-05T00:00:00.000Z,true,59
ASM-0051058,E-0342,execution,INST-execution,v1,43,100,2025-08-14T00:00:00.000Z,true,50
ASM-0051060,E-0342,problem_solving,INST-problem_solving,v1,39,100,2025-07-20T00:00:00.000Z,false,29
ASM-0051062,E-0342,financial_modeling,INST-financial_modeling,v1,52,100,2025-09-28T00:00:00.000Z,false,69
ASM-0051064,E-0342,compliance_rigor,INST-compliance_rigor,v1,48,100,2025-07-07T00:00:00.000Z,true,60
ASM-0051103,E-0342,communication,INST-communication,v2,48,100,2026-02-22T00:00:00.000Z,true,55
ASM-0051105,E-0342,execution,INST-execution,v2,25,100,2026-02-28T00:00:00.000Z,false,74
ASM-0051107,E-0342,collaboration,INST-collaboration,v2,27,100,2026-03-31T00:00:00.000Z,false,31
ASM-0051109,E-0342,problem_solving,INST-problem_solving,v2,62,100,2026-02-28T00:00:00.000Z,true,40
ASM-0051111,E-0342,financial_modeling,INST-financial_modeling,v2,67,100,2026-03-09T00:00:00.000Z,false,68
ASM-0051113,E-0342,compliance_rigor,INST-compliance_rigor,v2,46,100,2026-03-13T00:00:00.000Z,false,21
ASM-0051141,E-0342,communication,INST-communication,v2,46,100,2026-07-30T00:00:00.000Z,true,44
ASM-0051143,E-0342,execution,INST-execution,v2,44,100,2026-08-08T00:00:00.000Z,true,68
ASM-0051145,E-0342,collaboration,INST-collaboration,v2,30,100,2026-07-18T00:00:00.000Z,false,54
ASM-0051147,E-0342,problem_solving,INST-problem_solving,v2,69,100,2026-07-11T00:00:00.000Z,false,73
ASM-0051149,E-0342,financial_modeling,INST-financial_modeling,v2,69,100,2026-08-29T00:00:00.000Z,true,46
ASM-0051151,E-0342,compliance_rigor,INST-compliance_rigor,v2,62,100,2026-09-25T00:00:00.000Z,false,85
ASM-0051183,E-0343,communication,INST-communication,v1,8,100,2025-02-19T00:00:00.000Z,true,87
ASM-0051185,E-0343,problem_solving,INST-problem_solving,v1,78,100,2025-01-13T00:00:00.000Z,true,89
ASM-0051187,E-0343,talent_assessment,INST-talent_assessment,v1,34,100,2025-03-10T00:00:00.000Z,true,43
ASM-0051189,E-0343,policy_navigation,INST-policy_navigation,v1,42,100,2025-01-21T00:00:00.000Z,true,74
ASM-0051216,E-0343,communication,INST-communication,v1,26,100,2025-09-26T00:00:00.000Z,true,87
ASM-0051218,E-0343,collaboration,INST-collaboration,v1,20,100,2025-07-22T00:00:00.000Z,true,40
ASM-0051220,E-0343,problem_solving,INST-problem_solving,v1,59,100,2025-07-13T00:00:00.000Z,true,86
ASM-0051222,E-0343,talent_assessment,INST-talent_assessment,v1,53,100,2025-08-17T00:00:00.000Z,true,51
ASM-0051224,E-0343,policy_navigation,INST-policy_navigation,v1,34,100,2025-07-14T00:00:00.000Z,true,20
ASM-0051242,E-0343,communication,INST-communication,v2,70,100,2026-03-26T00:00:00.000Z,false,59
ASM-0051244,E-0343,execution,INST-execution,v2,61,100,2026-01-21T00:00:00.000Z,true,23
ASM-0051246,E-0343,collaboration,INST-collaboration,v2,25,100,2026-03-31T00:00:00.000Z,true,79
ASM-0051248,E-0343,problem_solving,INST-problem_solving,v2,45,100,2026-02-20T00:00:00.000Z,false,38
ASM-0051250,E-0343,talent_assessment,INST-talent_assessment,v2,62,100,2026-01-21T00:00:00.000Z,true,54
ASM-0051266,E-0343,communication,INST-communication,v2,72,100,2026-07-20T00:00:00.000Z,false,73
ASM-0051268,E-0343,execution,INST-execution,v2,95,100,2026-08-14T00:00:00.000Z,false,27
ASM-0051270,E-0343,collaboration,INST-collaboration,v2,38,100,2026-08-03T00:00:00.000Z,false,47
ASM-0051272,E-0343,problem_solving,INST-problem_solving,v2,39,100,2026-08-17T00:00:00.000Z,true,83
ASM-0051274,E-0343,talent_assessment,INST-talent_assessment,v2,84,100,2026-08-18T00:00:00.000Z,true,70
ASM-0051304,E-0344,communication,INST-communication,v1,40,100,2025-02-26T00:00:00.000Z,true,89
ASM-0051306,E-0344,execution,INST-execution,v1,65,100,2025-02-25T00:00:00.000Z,false,36
ASM-0051308,E-0344,collaboration,INST-collaboration,v1,29,100,2025-01-03T00:00:00.000Z,true,50
ASM-0051310,E-0344,problem_solving,INST-problem_solving,v1,18,100,2025-02-28T00:00:00.000Z,true,55
ASM-0051312,E-0344,customer_resolution,INST-customer_resolution,v1,31,100,2025-01-01T00:00:00.000Z,true,63
ASM-0051332,E-0344,communication,INST-communication,v1,49,100,2025-08-04T00:00:00.000Z,true,36
ASM-0051334,E-0344,execution,INST-execution,v1,59,100,2025-09-29T00:00:00.000Z,false,45
ASM-0051336,E-0344,problem_solving,INST-problem_solving,v1,62,100,2025-09-21T00:00:00.000Z,false,27
ASM-0051338,E-0344,troubleshooting,INST-troubleshooting,v1,42,100,2025-09-29T00:00:00.000Z,true,58
ASM-0051359,E-0344,collaboration,INST-collaboration,v2,64,100,2026-02-07T00:00:00.000Z,false,85
ASM-0051361,E-0344,problem_solving,INST-problem_solving,v2,57,100,2026-03-29T00:00:00.000Z,true,36
ASM-0051363,E-0344,customer_resolution,INST-customer_resolution,v2,76,100,2026-03-24T00:00:00.000Z,false,26
ASM-0051365,E-0344,troubleshooting,INST-troubleshooting,v2,62,100,2026-01-11T00:00:00.000Z,false,29
ASM-0051385,E-0344,communication,INST-communication,v2,80,100,2026-09-22T00:00:00.000Z,true,66
ASM-0051387,E-0344,collaboration,INST-collaboration,v2,76,100,2026-08-15T00:00:00.000Z,false,54
ASM-0051389,E-0344,customer_resolution,INST-customer_resolution,v2,86,100,2026-07-30T00:00:00.000Z,true,38
ASM-0051391,E-0344,troubleshooting,INST-troubleshooting,v2,82,100,2026-07-21T00:00:00.000Z,true,40
ASM-0051423,E-0345,communication,INST-communication,v1,35,100,2025-01-21T00:00:00.000Z,false,70
ASM-0051425,E-0345,execution,INST-execution,v1,21,100,2025-03-25T00:00:00.000Z,true,85
ASM-0051427,E-0345,collaboration,INST-collaboration,v1,22,100,2025-03-09T00:00:00.000Z,true,69
ASM-0051429,E-0345,system_design,INST-system_design,v1,31,100,2025-02-24T00:00:00.000Z,false,20
ASM-0051431,E-0345,code_quality,INST-code_quality,v1,52,100,2025-03-20T00:00:00.000Z,false,20
ASM-0051455,E-0345,communication,INST-communication,v1,55,100,2025-08-09T00:00:00.000Z,true,47
ASM-0051457,E-0345,problem_solving,INST-problem_solving,v1,32,100,2025-09-03T00:00:00.000Z,false,42
ASM-0051459,E-0345,system_design,INST-system_design,v1,14,100,2025-08-08T00:00:00.000Z,true,47
ASM-0051461,E-0345,code_quality,INST-code_quality,v1,48,100,2025-08-31T00:00:00.000Z,true,31
ASM-0051485,E-0345,communication,INST-communication,v2,59,100,2026-02-14T00:00:00.000Z,false,23
ASM-0051487,E-0345,execution,INST-execution,v2,28,100,2026-01-05T00:00:00.000Z,false,35
ASM-0051489,E-0345,problem_solving,INST-problem_solving,v2,38,100,2026-01-19T00:00:00.000Z,false,67
ASM-0051491,E-0345,system_design,INST-system_design,v2,51,100,2026-02-04T00:00:00.000Z,true,54
ASM-0051493,E-0345,code_quality,INST-code_quality,v2,44,100,2026-01-09T00:00:00.000Z,true,69
ASM-0051518,E-0345,communication,INST-communication,v2,76,100,2026-07-21T00:00:00.000Z,false,77
ASM-0051520,E-0345,execution,INST-execution,v2,42,100,2026-08-03T00:00:00.000Z,true,73
ASM-0051522,E-0345,collaboration,INST-collaboration,v2,40,100,2026-08-17T00:00:00.000Z,true,60
ASM-0051524,E-0345,problem_solving,INST-problem_solving,v2,49,100,2026-09-18T00:00:00.000Z,true,86
ASM-0051526,E-0345,system_design,INST-system_design,v2,25,100,2026-08-05T00:00:00.000Z,false,25
ASM-0051528,E-0345,code_quality,INST-code_quality,v2,47,100,2026-07-27T00:00:00.000Z,true,43
ASM-0051573,E-0346,execution,INST-execution,v1,37,100,2025-02-15T00:00:00.000Z,true,73
ASM-0051575,E-0346,collaboration,INST-collaboration,v1,41,100,2025-03-07T00:00:00.000Z,true,62
ASM-0051577,E-0346,problem_solving,INST-problem_solving,v1,29,100,2025-01-23T00:00:00.000Z,false,89
ASM-0051579,E-0346,negotiation,INST-negotiation,v1,25,100,2025-01-02T00:00:00.000Z,true,64
ASM-0051581,E-0346,pipeline_mgmt,INST-pipeline_mgmt,v1,19,100,2025-02-09T00:00:00.000Z,true,57
ASM-0051610,E-0346,communication,INST-communication,v1,36,100,2025-09-17T00:00:00.000Z,false,72
ASM-0051612,E-0346,execution,INST-execution,v1,46,100,2025-07-26T00:00:00.000Z,false,60
ASM-0051614,E-0346,collaboration,INST-collaboration,v1,18,100,2025-09-03T00:00:00.000Z,true,57
ASM-0051616,E-0346,problem_solving,INST-problem_solving,v1,44,100,2025-09-03T00:00:00.000Z,true,75
ASM-0051618,E-0346,negotiation,INST-negotiation,v1,23,100,2025-08-28T00:00:00.000Z,false,69
ASM-0051620,E-0346,pipeline_mgmt,INST-pipeline_mgmt,v1,17,100,2025-09-14T00:00:00.000Z,true,43
ASM-0051668,E-0347,communication,INST-communication,v1,23,100,2025-01-04T00:00:00.000Z,true,49
ASM-0051670,E-0347,execution,INST-execution,v1,33,100,2025-03-15T00:00:00.000Z,true,38
ASM-0051672,E-0347,collaboration,INST-collaboration,v1,34,100,2025-03-10T00:00:00.000Z,false,21
ASM-0051674,E-0347,problem_solving,INST-problem_solving,v1,31,100,2025-03-16T00:00:00.000Z,true,35
ASM-0051676,E-0347,content_quality,INST-content_quality,v1,21,100,2025-01-01T00:00:00.000Z,true,73
ASM-0051699,E-0347,communication,INST-communication,v1,29,100,2025-09-02T00:00:00.000Z,true,48
ASM-0051701,E-0347,execution,INST-execution,v1,31,100,2025-08-09T00:00:00.000Z,true,60
ASM-0051703,E-0347,problem_solving,INST-problem_solving,v1,23,100,2025-08-12T00:00:00.000Z,false,47
ASM-0051705,E-0347,content_quality,INST-content_quality,v1,43,100,2025-07-13T00:00:00.000Z,true,29
ASM-0051719,E-0347,communication,INST-communication,v2,50,100,2026-02-08T00:00:00.000Z,false,30
ASM-0051721,E-0347,collaboration,INST-collaboration,v2,45,100,2026-02-14T00:00:00.000Z,true,54
ASM-0051723,E-0347,problem_solving,INST-problem_solving,v2,26,100,2026-01-06T00:00:00.000Z,true,48
ASM-0051725,E-0347,content_quality,INST-content_quality,v2,65,100,2026-02-07T00:00:00.000Z,false,48
ASM-0051740,E-0347,execution,INST-execution,v2,37,100,2026-08-01T00:00:00.000Z,true,43
ASM-0051742,E-0347,problem_solving,INST-problem_solving,v2,25,100,2026-09-14T00:00:00.000Z,true,43
ASM-0051744,E-0347,content_quality,INST-content_quality,v2,76,100,2026-07-03T00:00:00.000Z,true,72
ASM-0051784,E-0348,communication,INST-communication,v1,44,100,2025-01-10T00:00:00.000Z,false,82
ASM-0051786,E-0348,execution,INST-execution,v1,33,100,2025-01-06T00:00:00.000Z,true,78
ASM-0051788,E-0348,collaboration,INST-collaboration,v1,26,100,2025-03-11T00:00:00.000Z,false,31
ASM-0051790,E-0348,problem_solving,INST-problem_solving,v1,17,100,2025-01-14T00:00:00.000Z,true,59
ASM-0051792,E-0348,roadmap_prioritization,INST-roadmap_prioritization,v1,29,100,2025-03-18T00:00:00.000Z,false,36
ASM-0051794,E-0348,stakeholder_alignment,INST-stakeholder_alignment,v1,26,100,2025-03-15T00:00:00.000Z,true,63
ASM-0051825,E-0348,communication,INST-communication,v1,6,100,2025-08-16T00:00:00.000Z,false,50
ASM-0051827,E-0348,execution,INST-execution,v1,50,100,2025-07-08T00:00:00.000Z,false,66
ASM-0051829,E-0348,roadmap_prioritization,INST-roadmap_prioritization,v1,47,100,2025-09-13T00:00:00.000Z,true,34
ASM-0051831,E-0348,stakeholder_alignment,INST-stakeholder_alignment,v1,41,100,2025-07-29T00:00:00.000Z,true,83
ASM-0051858,E-0348,execution,INST-execution,v2,69,100,2026-02-03T00:00:00.000Z,false,54
ASM-0051860,E-0348,collaboration,INST-collaboration,v2,56,100,2026-01-07T00:00:00.000Z,true,74
ASM-0051862,E-0348,problem_solving,INST-problem_solving,v2,9,100,2026-02-23T00:00:00.000Z,true,69
ASM-0051864,E-0348,roadmap_prioritization,INST-roadmap_prioritization,v2,48,100,2026-02-18T00:00:00.000Z,true,38
ASM-0051866,E-0348,stakeholder_alignment,INST-stakeholder_alignment,v2,50,100,2026-02-27T00:00:00.000Z,true,63
ASM-0051894,E-0348,communication,INST-communication,v2,41,100,2026-08-13T00:00:00.000Z,true,29
ASM-0051896,E-0348,execution,INST-execution,v2,50,100,2026-08-25T00:00:00.000Z,true,81
ASM-0051898,E-0348,collaboration,INST-collaboration,v2,54,100,2026-08-02T00:00:00.000Z,true,33
ASM-0051900,E-0348,problem_solving,INST-problem_solving,v2,21,100,2026-07-27T00:00:00.000Z,true,72
ASM-0051902,E-0348,stakeholder_alignment,INST-stakeholder_alignment,v2,57,100,2026-07-22T00:00:00.000Z,false,35
ASM-0051941,E-0349,communication,INST-communication,v1,25,100,2025-03-28T00:00:00.000Z,true,61
ASM-0051943,E-0349,execution,INST-execution,v1,24,100,2025-01-09T00:00:00.000Z,false,23
ASM-0051945,E-0349,problem_solving,INST-problem_solving,v1,39,100,2025-03-19T00:00:00.000Z,true,37
ASM-0051947,E-0349,visual_craft,INST-visual_craft,v1,32,100,2025-01-01T00:00:00.000Z,true,68
ASM-0051949,E-0349,ux_research,INST-ux_research,v1,45,100,2025-01-04T00:00:00.000Z,true,38
ASM-0051972,E-0349,communication,INST-communication,v1,27,100,2025-08-09T00:00:00.000Z,true,70
ASM-0051974,E-0349,collaboration,INST-collaboration,v1,29,100,2025-09-06T00:00:00.000Z,false,41
ASM-0051976,E-0349,problem_solving,INST-problem_solving,v1,19,100,2025-08-22T00:00:00.000Z,true,63
ASM-0051978,E-0349,visual_craft,INST-visual_craft,v1,36,100,2025-08-09T00:00:00.000Z,true,25
ASM-0051980,E-0349,ux_research,INST-ux_research,v1,21,100,2025-07-24T00:00:00.000Z,true,39
ASM-0052010,E-0349,communication,INST-communication,v2,34,100,2026-03-13T00:00:00.000Z,true,43
ASM-0052012,E-0349,execution,INST-execution,v2,67,100,2026-03-25T00:00:00.000Z,false,88
ASM-0052014,E-0349,collaboration,INST-collaboration,v2,29,100,2026-03-18T00:00:00.000Z,true,81
ASM-0052016,E-0349,visual_craft,INST-visual_craft,v2,59,100,2026-03-23T00:00:00.000Z,true,53
ASM-0052018,E-0349,ux_research,INST-ux_research,v2,53,100,2026-01-14T00:00:00.000Z,false,69
ASM-0052047,E-0349,communication,INST-communication,v2,22,100,2026-08-31T00:00:00.000Z,true,36
ASM-0052049,E-0349,execution,INST-execution,v2,67,100,2026-08-21T00:00:00.000Z,true,30
ASM-0052051,E-0349,collaboration,INST-collaboration,v2,11,100,2026-07-27T00:00:00.000Z,false,88
ASM-0052053,E-0349,problem_solving,INST-problem_solving,v2,20,100,2026-07-24T00:00:00.000Z,false,71
ASM-0052055,E-0349,visual_craft,INST-visual_craft,v2,77,100,2026-09-24T00:00:00.000Z,false,25
ASM-0052093,E-0350,communication,INST-communication,v1,66,100,2025-02-24T00:00:00.000Z,true,35
ASM-0052095,E-0350,execution,INST-execution,v1,34,100,2025-02-04T00:00:00.000Z,false,71
ASM-0052097,E-0350,collaboration,INST-collaboration,v1,65,100,2025-03-17T00:00:00.000Z,false,68
ASM-0052099,E-0350,financial_modeling,INST-financial_modeling,v1,68,100,2025-01-03T00:00:00.000Z,true,77
ASM-0052101,E-0350,compliance_rigor,INST-compliance_rigor,v1,24,100,2025-01-20T00:00:00.000Z,true,54
ASM-0052113,E-0350,communication,INST-communication,v1,68,100,2025-09-11T00:00:00.000Z,false,58
ASM-0052115,E-0350,execution,INST-execution,v1,35,100,2025-09-03T00:00:00.000Z,true,52
ASM-0052117,E-0350,collaboration,INST-collaboration,v1,75,100,2025-07-25T00:00:00.000Z,true,55
ASM-0052119,E-0350,problem_solving,INST-problem_solving,v1,4,100,2025-08-18T00:00:00.000Z,true,21
ASM-0052121,E-0350,financial_modeling,INST-financial_modeling,v1,84,100,2025-07-03T00:00:00.000Z,true,49
ASM-0052123,E-0350,compliance_rigor,INST-compliance_rigor,v1,14,100,2025-07-18T00:00:00.000Z,true,25
ASM-0052136,E-0350,collaboration,INST-collaboration,v2,78,100,2026-03-18T00:00:00.000Z,true,78
ASM-0052138,E-0350,problem_solving,INST-problem_solving,v2,34,100,2026-02-20T00:00:00.000Z,true,31
ASM-0052140,E-0350,financial_modeling,INST-financial_modeling,v2,75,100,2026-03-07T00:00:00.000Z,true,20
ASM-0052142,E-0350,compliance_rigor,INST-compliance_rigor,v2,64,100,2026-01-06T00:00:00.000Z,true,25
ASM-0052167,E-0350,communication,INST-communication,v2,70,100,2026-08-03T00:00:00.000Z,false,88
ASM-0052169,E-0350,collaboration,INST-collaboration,v2,75,100,2026-09-06T00:00:00.000Z,true,47
ASM-0052171,E-0350,problem_solving,INST-problem_solving,v2,56,100,2026-08-23T00:00:00.000Z,true,52
ASM-0052173,E-0350,compliance_rigor,INST-compliance_rigor,v2,62,100,2026-08-04T00:00:00.000Z,true,64
ASM-0052206,E-0351,communication,INST-communication,v1,69,100,2025-01-11T00:00:00.000Z,true,40
ASM-0052208,E-0351,execution,INST-execution,v1,34,100,2025-03-27T00:00:00.000Z,true,84
ASM-0052210,E-0351,problem_solving,INST-problem_solving,v1,77,100,2025-01-21T00:00:00.000Z,true,65
ASM-0052212,E-0351,talent_assessment,INST-talent_assessment,v1,22,100,2025-01-10T00:00:00.000Z,false,41
ASM-0052214,E-0351,policy_navigation,INST-policy_navigation,v1,14,100,2025-03-16T00:00:00.000Z,false,80
ASM-0052246,E-0351,communication,INST-communication,v1,78,100,2025-08-07T00:00:00.000Z,true,29
ASM-0052248,E-0351,execution,INST-execution,v1,33,100,2025-09-23T00:00:00.000Z,false,47
ASM-0052250,E-0351,policy_navigation,INST-policy_navigation,v1,29,100,2025-09-02T00:00:00.000Z,false,67
ASM-0052275,E-0351,communication,INST-communication,v2,72,100,2026-02-20T00:00:00.000Z,false,31
ASM-0052277,E-0351,execution,INST-execution,v2,43,100,2026-03-03T00:00:00.000Z,true,51
ASM-0052279,E-0351,problem_solving,INST-problem_solving,v2,60,100,2026-03-29T00:00:00.000Z,true,33
ASM-0052281,E-0351,talent_assessment,INST-talent_assessment,v2,45,100,2026-02-09T00:00:00.000Z,false,85
ASM-0052306,E-0351,communication,INST-communication,v2,74,100,2026-07-14T00:00:00.000Z,true,28
ASM-0052308,E-0351,execution,INST-execution,v2,63,100,2026-07-04T00:00:00.000Z,true,62
ASM-0052310,E-0351,talent_assessment,INST-talent_assessment,v2,55,100,2026-08-23T00:00:00.000Z,true,76
ASM-0052312,E-0351,policy_navigation,INST-policy_navigation,v2,59,100,2026-08-28T00:00:00.000Z,false,50
ASM-0052342,E-0352,communication,INST-communication,v1,33,100,2025-02-25T00:00:00.000Z,true,56
ASM-0052344,E-0352,execution,INST-execution,v1,32,100,2025-02-13T00:00:00.000Z,true,75
ASM-0052346,E-0352,collaboration,INST-collaboration,v1,63,100,2025-03-17T00:00:00.000Z,true,85
ASM-0052348,E-0352,problem_solving,INST-problem_solving,v1,45,100,2025-02-27T00:00:00.000Z,true,44
ASM-0052350,E-0352,customer_resolution,INST-customer_resolution,v1,73,100,2025-02-21T00:00:00.000Z,true,45
ASM-0052352,E-0352,troubleshooting,INST-troubleshooting,v1,31,100,2025-03-19T00:00:00.000Z,false,62
ASM-0052375,E-0352,communication,INST-communication,v1,46,100,2025-09-06T00:00:00.000Z,true,34
ASM-0052377,E-0352,execution,INST-execution,v1,45,100,2025-08-04T00:00:00.000Z,true,74
ASM-0052379,E-0352,collaboration,INST-collaboration,v1,61,100,2025-09-26T00:00:00.000Z,false,79
ASM-0052381,E-0352,problem_solving,INST-problem_solving,v1,62,100,2025-07-06T00:00:00.000Z,true,67
ASM-0052383,E-0352,customer_resolution,INST-customer_resolution,v1,65,100,2025-09-04T00:00:00.000Z,true,58
ASM-0052385,E-0352,troubleshooting,INST-troubleshooting,v1,38,100,2025-07-02T00:00:00.000Z,false,77
ASM-0052411,E-0352,communication,INST-communication,v2,60,100,2026-01-01T00:00:00.000Z,true,55
ASM-0052413,E-0352,execution,INST-execution,v2,44,100,2026-01-31T00:00:00.000Z,true,23
ASM-0052415,E-0352,collaboration,INST-collaboration,v2,42,100,2026-03-03T00:00:00.000Z,false,77
ASM-0052417,E-0352,problem_solving,INST-problem_solving,v2,86,100,2026-01-16T00:00:00.000Z,true,30
ASM-0052419,E-0352,customer_resolution,INST-customer_resolution,v2,85,100,2026-01-24T00:00:00.000Z,true,33
ASM-0052445,E-0352,communication,INST-communication,v2,66,100,2026-09-15T00:00:00.000Z,true,50
ASM-0052447,E-0352,execution,INST-execution,v2,76,100,2026-07-11T00:00:00.000Z,true,64
ASM-0052449,E-0352,collaboration,INST-collaboration,v2,34,100,2026-08-07T00:00:00.000Z,true,35
ASM-0052451,E-0352,problem_solving,INST-problem_solving,v2,64,100,2026-09-05T00:00:00.000Z,true,64
ASM-0052485,E-0353,communication,INST-communication,v1,63,100,2025-03-22T00:00:00.000Z,false,41
ASM-0052487,E-0353,execution,INST-execution,v1,64,100,2025-03-26T00:00:00.000Z,true,87
ASM-0052489,E-0353,collaboration,INST-collaboration,v1,87,100,2025-03-02T00:00:00.000Z,true,39
ASM-0052491,E-0353,problem_solving,INST-problem_solving,v1,19,100,2025-02-23T00:00:00.000Z,true,70
ASM-0052493,E-0353,system_design,INST-system_design,v1,70,100,2025-02-17T00:00:00.000Z,false,66
ASM-0052513,E-0353,communication,INST-communication,v1,75,100,2025-09-02T00:00:00.000Z,false,29
ASM-0052515,E-0353,execution,INST-execution,v1,75,100,2025-08-20T00:00:00.000Z,true,65
ASM-0052517,E-0353,collaboration,INST-collaboration,v1,74,100,2025-09-08T00:00:00.000Z,true,26
ASM-0052519,E-0353,system_design,INST-system_design,v1,79,100,2025-07-24T00:00:00.000Z,true,42
ASM-0052521,E-0353,code_quality,INST-code_quality,v1,87,100,2025-08-30T00:00:00.000Z,true,47
ASM-0052547,E-0353,communication,INST-communication,v2,85,100,2026-03-15T00:00:00.000Z,true,56
ASM-0052549,E-0353,execution,INST-execution,v2,82,100,2026-02-15T00:00:00.000Z,true,85
ASM-0052551,E-0353,collaboration,INST-collaboration,v2,69,100,2026-01-11T00:00:00.000Z,true,45
ASM-0052553,E-0353,problem_solving,INST-problem_solving,v2,55,100,2026-03-03T00:00:00.000Z,true,37
ASM-0052555,E-0353,system_design,INST-system_design,v2,77,100,2026-01-30T00:00:00.000Z,true,84
ASM-0052557,E-0353,code_quality,INST-code_quality,v2,68,100,2026-03-03T00:00:00.000Z,true,66
ASM-0052578,E-0353,communication,INST-communication,v2,65,100,2026-07-06T00:00:00.000Z,false,43
ASM-0052580,E-0353,collaboration,INST-collaboration,v2,59,100,2026-09-22T00:00:00.000Z,true,74
ASM-0052582,E-0353,problem_solving,INST-problem_solving,v2,60,100,2026-07-03T00:00:00.000Z,true,65
ASM-0052584,E-0353,system_design,INST-system_design,v2,74,100,2026-08-15T00:00:00.000Z,true,24
ASM-0052586,E-0353,code_quality,INST-code_quality,v2,72,100,2026-09-29T00:00:00.000Z,true,29
ASM-0052612,E-0354,communication,INST-communication,v1,39,100,2025-03-21T00:00:00.000Z,true,35
ASM-0052614,E-0354,execution,INST-execution,v1,74,100,2025-01-20T00:00:00.000Z,true,34
ASM-0052616,E-0354,collaboration,INST-collaboration,v1,61,100,2025-02-12T00:00:00.000Z,true,65
ASM-0052618,E-0354,negotiation,INST-negotiation,v1,97,100,2025-03-22T00:00:00.000Z,true,75
ASM-0052620,E-0354,pipeline_mgmt,INST-pipeline_mgmt,v1,56,100,2025-02-05T00:00:00.000Z,false,74
ASM-0052651,E-0354,communication,INST-communication,v1,61,100,2025-09-07T00:00:00.000Z,true,63
ASM-0052653,E-0354,collaboration,INST-collaboration,v1,54,100,2025-07-14T00:00:00.000Z,true,43
ASM-0052655,E-0354,problem_solving,INST-problem_solving,v1,75,100,2025-07-28T00:00:00.000Z,true,44
ASM-0052657,E-0354,negotiation,INST-negotiation,v1,84,100,2025-09-01T00:00:00.000Z,true,25
ASM-0052659,E-0354,pipeline_mgmt,INST-pipeline_mgmt,v1,43,100,2025-09-27T00:00:00.000Z,false,35
ASM-0052681,E-0354,communication,INST-communication,v2,58,100,2026-01-26T00:00:00.000Z,false,35
ASM-0052683,E-0354,collaboration,INST-collaboration,v2,64,100,2026-03-09T00:00:00.000Z,true,63
ASM-0052685,E-0354,negotiation,INST-negotiation,v2,59,100,2026-03-15T00:00:00.000Z,true,59
ASM-0052687,E-0354,pipeline_mgmt,INST-pipeline_mgmt,v2,45,100,2026-01-18T00:00:00.000Z,false,33
ASM-0052715,E-0354,communication,INST-communication,v2,45,100,2026-08-25T00:00:00.000Z,false,41
ASM-0052717,E-0354,execution,INST-execution,v2,71,100,2026-08-14T00:00:00.000Z,true,50
ASM-0052719,E-0354,collaboration,INST-collaboration,v2,50,100,2026-08-25T00:00:00.000Z,false,27
ASM-0052721,E-0354,problem_solving,INST-problem_solving,v2,64,100,2026-07-02T00:00:00.000Z,true,65
ASM-0052723,E-0354,negotiation,INST-negotiation,v2,47,100,2026-09-26T00:00:00.000Z,true,73
ASM-0052725,E-0354,pipeline_mgmt,INST-pipeline_mgmt,v2,46,100,2026-08-19T00:00:00.000Z,true,59
ASM-0052765,E-0355,communication,INST-communication,v1,14,100,2025-03-13T00:00:00.000Z,false,76
ASM-0052767,E-0355,execution,INST-execution,v1,24,100,2025-02-26T00:00:00.000Z,true,29
ASM-0052769,E-0355,collaboration,INST-collaboration,v1,34,100,2025-02-18T00:00:00.000Z,true,22
ASM-0052771,E-0355,problem_solving,INST-problem_solving,v1,41,100,2025-03-11T00:00:00.000Z,true,34
ASM-0052773,E-0355,campaign_strategy,INST-campaign_strategy,v1,34,100,2025-03-16T00:00:00.000Z,true,74
ASM-0052775,E-0355,content_quality,INST-content_quality,v1,39,100,2025-02-17T00:00:00.000Z,true,29
ASM-0052799,E-0355,communication,INST-communication,v1,27,100,2025-07-18T00:00:00.000Z,true,71
ASM-0052801,E-0355,execution,INST-execution,v1,36,100,2025-07-24T00:00:00.000Z,true,71
ASM-0052803,E-0355,collaboration,INST-collaboration,v1,25,100,2025-07-16T00:00:00.000Z,false,61
ASM-0052805,E-0355,campaign_strategy,INST-campaign_strategy,v1,29,100,2025-08-02T00:00:00.000Z,true,86
ASM-0052807,E-0355,content_quality,INST-content_quality,v1,30,100,2025-07-06T00:00:00.000Z,false,78
ASM-0052834,E-0355,execution,INST-execution,v2,21,100,2026-02-20T00:00:00.000Z,true,41
ASM-0052836,E-0355,collaboration,INST-collaboration,v2,28,100,2026-03-09T00:00:00.000Z,true,24
ASM-0052838,E-0355,content_quality,INST-content_quality,v2,41,100,2026-01-28T00:00:00.000Z,true,78
ASM-0052865,E-0355,communication,INST-communication,v2,49,100,2026-07-10T00:00:00.000Z,true,45
ASM-0052867,E-0355,execution,INST-execution,v2,23,100,2026-07-25T00:00:00.000Z,false,54
ASM-0052869,E-0355,problem_solving,INST-problem_solving,v2,100,100,2026-09-04T00:00:00.000Z,false,76
ASM-0052871,E-0355,campaign_strategy,INST-campaign_strategy,v2,27,100,2026-09-03T00:00:00.000Z,true,78
ASM-0052873,E-0355,content_quality,INST-content_quality,v2,50,100,2026-07-23T00:00:00.000Z,false,63
ASM-0052901,E-0356,communication,INST-communication,v1,76,100,2025-02-20T00:00:00.000Z,true,63
ASM-0052903,E-0356,execution,INST-execution,v1,84,100,2025-03-31T00:00:00.000Z,false,77
ASM-0052905,E-0356,collaboration,INST-collaboration,v1,62,100,2025-02-10T00:00:00.000Z,true,60
ASM-0052907,E-0356,problem_solving,INST-problem_solving,v1,70,100,2025-03-11T00:00:00.000Z,true,87
ASM-0052909,E-0356,roadmap_prioritization,INST-roadmap_prioritization,v1,57,100,2025-01-16T00:00:00.000Z,true,48
ASM-0052918,E-0356,collaboration,INST-collaboration,v1,63,100,2025-08-20T00:00:00.000Z,true,36
ASM-0052920,E-0356,problem_solving,INST-problem_solving,v1,80,100,2025-08-18T00:00:00.000Z,true,37
ASM-0052922,E-0356,roadmap_prioritization,INST-roadmap_prioritization,v1,50,100,2025-07-29T00:00:00.000Z,false,57
ASM-0052924,E-0356,stakeholder_alignment,INST-stakeholder_alignment,v1,13,100,2025-07-07T00:00:00.000Z,true,85
ASM-0052940,E-0356,communication,INST-communication,v2,58,100,2026-01-10T00:00:00.000Z,true,57
ASM-0052942,E-0356,collaboration,INST-collaboration,v2,72,100,2026-02-03T00:00:00.000Z,true,73
ASM-0052944,E-0356,problem_solving,INST-problem_solving,v2,74,100,2026-02-16T00:00:00.000Z,false,20
ASM-0052946,E-0356,roadmap_prioritization,INST-roadmap_prioritization,v2,64,100,2026-02-14T00:00:00.000Z,true,87
ASM-0052948,E-0356,stakeholder_alignment,INST-stakeholder_alignment,v2,44,100,2026-02-03T00:00:00.000Z,false,42
ASM-0052958,E-0356,communication,INST-communication,v2,79,100,2026-07-01T00:00:00.000Z,false,25
ASM-0052960,E-0356,collaboration,INST-collaboration,v2,70,100,2026-09-07T00:00:00.000Z,true,66
ASM-0052962,E-0356,problem_solving,INST-problem_solving,v2,77,100,2026-08-28T00:00:00.000Z,true,65
ASM-0052964,E-0356,roadmap_prioritization,INST-roadmap_prioritization,v2,68,100,2026-08-09T00:00:00.000Z,true,75
ASM-0052966,E-0356,stakeholder_alignment,INST-stakeholder_alignment,v2,57,100,2026-08-08T00:00:00.000Z,true,34
ASM-0052992,E-0357,communication,INST-communication,v1,31,100,2025-01-30T00:00:00.000Z,true,22
ASM-0052994,E-0357,execution,INST-execution,v1,34,100,2025-01-22T00:00:00.000Z,true,33
ASM-0052996,E-0357,collaboration,INST-collaboration,v1,33,100,2025-01-17T00:00:00.000Z,true,35
ASM-0052998,E-0357,problem_solving,INST-problem_solving,v1,42,100,2025-03-18T00:00:00.000Z,false,48
ASM-0053000,E-0357,visual_craft,INST-visual_craft,v1,20,100,2025-01-31T00:00:00.000Z,false,55
ASM-0053002,E-0357,ux_research,INST-ux_research,v1,33,100,2025-02-26T00:00:00.000Z,false,69
ASM-0053033,E-0357,communication,INST-communication,v1,19,100,2025-08-13T00:00:00.000Z,true,63
ASM-0053035,E-0357,execution,INST-execution,v1,29,100,2025-08-05T00:00:00.000Z,true,44
ASM-0053037,E-0357,collaboration,INST-collaboration,v1,49,100,2025-07-27T00:00:00.000Z,true,76
ASM-0053039,E-0357,problem_solving,INST-problem_solving,v1,32,100,2025-07-21T00:00:00.000Z,true,65
ASM-0053041,E-0357,visual_craft,INST-visual_craft,v1,20,100,2025-09-17T00:00:00.000Z,true,59
ASM-0053043,E-0357,ux_research,INST-ux_research,v1,50,100,2025-09-09T00:00:00.000Z,true,76
ASM-0053075,E-0357,communication,INST-communication,v2,31,100,2026-03-20T00:00:00.000Z,true,74
ASM-0053077,E-0357,execution,INST-execution,v2,23,100,2026-03-07T00:00:00.000Z,true,40
ASM-0053079,E-0357,collaboration,INST-collaboration,v2,62,100,2026-03-02T00:00:00.000Z,true,62
ASM-0053081,E-0357,problem_solving,INST-problem_solving,v2,40,100,2026-03-07T00:00:00.000Z,false,29
ASM-0053083,E-0357,visual_craft,INST-visual_craft,v2,36,100,2026-02-06T00:00:00.000Z,false,29
ASM-0053085,E-0357,ux_research,INST-ux_research,v2,31,100,2026-03-16T00:00:00.000Z,false,39
ASM-0053111,E-0357,communication,INST-communication,v2,15,100,2026-08-26T00:00:00.000Z,false,86
ASM-0053113,E-0357,execution,INST-execution,v2,40,100,2026-08-08T00:00:00.000Z,true,35
ASM-0053115,E-0357,collaboration,INST-collaboration,v2,78,100,2026-07-29T00:00:00.000Z,true,24
ASM-0053117,E-0357,problem_solving,INST-problem_solving,v2,42,100,2026-09-20T00:00:00.000Z,true,64
ASM-0053119,E-0357,visual_craft,INST-visual_craft,v2,56,100,2026-08-28T00:00:00.000Z,false,25
ASM-0053121,E-0357,ux_research,INST-ux_research,v2,23,100,2026-08-01T00:00:00.000Z,true,63
ASM-0053161,E-0358,communication,INST-communication,v1,33,100,2025-03-04T00:00:00.000Z,false,71
ASM-0053163,E-0358,execution,INST-execution,v1,44,100,2025-03-22T00:00:00.000Z,true,40
ASM-0053165,E-0358,collaboration,INST-collaboration,v1,31,100,2025-02-15T00:00:00.000Z,false,36
ASM-0053167,E-0358,problem_solving,INST-problem_solving,v1,43,100,2025-03-11T00:00:00.000Z,false,58
ASM-0053169,E-0358,financial_modeling,INST-financial_modeling,v1,52,100,2025-02-03T00:00:00.000Z,false,81
ASM-0053171,E-0358,compliance_rigor,INST-compliance_rigor,v1,26,100,2025-02-10T00:00:00.000Z,true,27
ASM-0053204,E-0358,execution,INST-execution,v1,56,100,2025-08-08T00:00:00.000Z,false,65
ASM-0053206,E-0358,collaboration,INST-collaboration,v1,47,100,2025-08-13T00:00:00.000Z,true,42
ASM-0053208,E-0358,financial_modeling,INST-financial_modeling,v1,48,100,2025-08-07T00:00:00.000Z,false,62
ASM-0053210,E-0358,compliance_rigor,INST-compliance_rigor,v1,33,100,2025-07-20T00:00:00.000Z,false,58
ASM-0053239,E-0358,communication,INST-communication,v2,42,100,2026-03-16T00:00:00.000Z,true,38
ASM-0053241,E-0358,execution,INST-execution,v2,67,100,2026-01-20T00:00:00.000Z,true,80
ASM-0053243,E-0358,collaboration,INST-collaboration,v2,59,100,2026-02-25T00:00:00.000Z,true,43
ASM-0053245,E-0358,problem_solving,INST-problem_solving,v2,51,100,2026-02-01T00:00:00.000Z,false,85
ASM-0053247,E-0358,financial_modeling,INST-financial_modeling,v2,34,100,2026-02-25T00:00:00.000Z,false,72
ASM-0053249,E-0358,compliance_rigor,INST-compliance_rigor,v2,36,100,2026-03-11T00:00:00.000Z,true,47
ASM-0053268,E-0358,execution,INST-execution,v2,80,100,2026-09-17T00:00:00.000Z,true,40
ASM-0053270,E-0358,collaboration,INST-collaboration,v2,82,100,2026-08-12T00:00:00.000Z,true,44
ASM-0053272,E-0358,problem_solving,INST-problem_solving,v2,26,100,2026-08-11T00:00:00.000Z,true,59
ASM-0053274,E-0358,financial_modeling,INST-financial_modeling,v2,26,100,2026-07-19T00:00:00.000Z,true,69
ASM-0053276,E-0358,compliance_rigor,INST-compliance_rigor,v2,41,100,2026-09-14T00:00:00.000Z,true,21
ASM-0053311,E-0359,communication,INST-communication,v1,67,100,2025-02-06T00:00:00.000Z,true,84
ASM-0053313,E-0359,execution,INST-execution,v1,22,100,2025-02-25T00:00:00.000Z,true,67
ASM-0053315,E-0359,problem_solving,INST-problem_solving,v1,35,100,2025-01-29T00:00:00.000Z,true,27
ASM-0053317,E-0359,policy_navigation,INST-policy_navigation,v1,29,100,2025-03-26T00:00:00.000Z,true,40
ASM-0053351,E-0359,communication,INST-communication,v1,60,100,2025-08-17T00:00:00.000Z,true,36
ASM-0053353,E-0359,execution,INST-execution,v1,44,100,2025-07-22T00:00:00.000Z,true,25
ASM-0053355,E-0359,collaboration,INST-collaboration,v1,30,100,2025-07-16T00:00:00.000Z,false,24
ASM-0053357,E-0359,problem_solving,INST-problem_solving,v1,32,100,2025-08-26T00:00:00.000Z,true,42
ASM-0053359,E-0359,talent_assessment,INST-talent_assessment,v1,27,100,2025-09-16T00:00:00.000Z,true,83
ASM-0053361,E-0359,policy_navigation,INST-policy_navigation,v1,17,100,2025-09-17T00:00:00.000Z,false,80
ASM-0053382,E-0359,communication,INST-communication,v2,44,100,2026-03-04T00:00:00.000Z,false,65
ASM-0053384,E-0359,execution,INST-execution,v2,42,100,2026-02-22T00:00:00.000Z,false,64
ASM-0053386,E-0359,problem_solving,INST-problem_solving,v2,30,100,2026-02-14T00:00:00.000Z,false,35
ASM-0053388,E-0359,talent_assessment,INST-talent_assessment,v2,27,100,2026-03-18T00:00:00.000Z,true,68
ASM-0053408,E-0359,communication,INST-communication,v2,24,100,2026-07-31T00:00:00.000Z,true,21
ASM-0053410,E-0359,execution,INST-execution,v2,60,100,2026-07-08T00:00:00.000Z,true,68
ASM-0053412,E-0359,collaboration,INST-collaboration,v2,42,100,2026-08-15T00:00:00.000Z,true,74
ASM-0053414,E-0359,talent_assessment,INST-talent_assessment,v2,44,100,2026-09-28T00:00:00.000Z,false,87
ASM-0053416,E-0359,policy_navigation,INST-policy_navigation,v2,39,100,2026-09-26T00:00:00.000Z,true,79
ASM-0053455,E-0360,communication,INST-communication,v1,25,100,2025-03-10T00:00:00.000Z,true,70
ASM-0053457,E-0360,execution,INST-execution,v1,39,100,2025-03-26T00:00:00.000Z,true,63
ASM-0053459,E-0360,collaboration,INST-collaboration,v1,54,100,2025-02-10T00:00:00.000Z,false,79
ASM-0053461,E-0360,problem_solving,INST-problem_solving,v1,47,100,2025-01-13T00:00:00.000Z,false,24
ASM-0053463,E-0360,customer_resolution,INST-customer_resolution,v1,56,100,2025-03-05T00:00:00.000Z,false,29
ASM-0053465,E-0360,troubleshooting,INST-troubleshooting,v1,78,100,2025-01-18T00:00:00.000Z,true,83
ASM-0053494,E-0360,execution,INST-execution,v1,26,100,2025-08-19T00:00:00.000Z,true,49
ASM-0053496,E-0360,collaboration,INST-collaboration,v1,32,100,2025-09-10T00:00:00.000Z,true,26
ASM-0053498,E-0360,problem_solving,INST-problem_solving,v1,65,100,2025-08-21T00:00:00.000Z,true,52
ASM-0053500,E-0360,customer_resolution,INST-customer_resolution,v1,54,100,2025-09-23T00:00:00.000Z,false,89
ASM-0053529,E-0360,communication,INST-communication,v2,35,100,2026-02-11T00:00:00.000Z,true,62
ASM-0053531,E-0360,execution,INST-execution,v2,27,100,2026-03-24T00:00:00.000Z,false,74
ASM-0053533,E-0360,collaboration,INST-collaboration,v2,50,100,2026-01-02T00:00:00.000Z,false,78
ASM-0053535,E-0360,problem_solving,INST-problem_solving,v2,66,100,2026-02-12T00:00:00.000Z,true,76
ASM-0053537,E-0360,customer_resolution,INST-customer_resolution,v2,54,100,2026-03-06T00:00:00.000Z,false,64
ASM-0053576,E-0360,communication,INST-communication,v2,30,100,2026-09-21T00:00:00.000Z,true,39
ASM-0053578,E-0360,execution,INST-execution,v2,41,100,2026-09-11T00:00:00.000Z,false,54
ASM-0053580,E-0360,collaboration,INST-collaboration,v2,30,100,2026-08-12T00:00:00.000Z,true,84
ASM-0053582,E-0360,problem_solving,INST-problem_solving,v2,77,100,2026-09-09T00:00:00.000Z,false,88
ASM-0053584,E-0360,customer_resolution,INST-customer_resolution,v2,98,100,2026-09-14T00:00:00.000Z,true,38
ASM-0053586,E-0360,troubleshooting,INST-troubleshooting,v2,25,100,2026-07-08T00:00:00.000Z,true,42
ASM-0053633,E-0361,communication,INST-communication,v1,30,100,2025-02-02T00:00:00.000Z,true,28
ASM-0053635,E-0361,system_design,INST-system_design,v1,20,100,2025-01-23T00:00:00.000Z,true,84
ASM-0053637,E-0361,code_quality,INST-code_quality,v1,32,100,2025-03-04T00:00:00.000Z,false,72
ASM-0053654,E-0361,communication,INST-communication,v1,41,100,2025-07-24T00:00:00.000Z,true,37
ASM-0053656,E-0361,collaboration,INST-collaboration,v1,61,100,2025-09-07T00:00:00.000Z,false,81
ASM-0053658,E-0361,system_design,INST-system_design,v1,22,100,2025-08-17T00:00:00.000Z,true,29
ASM-0053684,E-0361,communication,INST-communication,v2,58,100,2026-02-14T00:00:00.000Z,true,82
ASM-0053686,E-0361,execution,INST-execution,v2,42,100,2026-01-19T00:00:00.000Z,true,85
ASM-0053688,E-0361,collaboration,INST-collaboration,v2,67,100,2026-02-06T00:00:00.000Z,false,51
ASM-0053690,E-0361,problem_solving,INST-problem_solving,v2,70,100,2026-02-04T00:00:00.000Z,true,31
ASM-0053692,E-0361,code_quality,INST-code_quality,v2,19,100,2026-02-02T00:00:00.000Z,false,48
ASM-0053710,E-0361,communication,INST-communication,v2,62,100,2026-09-01T00:00:00.000Z,true,45
ASM-0053712,E-0361,problem_solving,INST-problem_solving,v2,72,100,2026-07-03T00:00:00.000Z,true,44
ASM-0053714,E-0361,system_design,INST-system_design,v2,59,100,2026-08-04T00:00:00.000Z,false,47
ASM-0053716,E-0361,code_quality,INST-code_quality,v2,63,100,2026-07-26T00:00:00.000Z,false,37
ASM-0053757,E-0362,communication,INST-communication,v1,62,100,2025-02-02T00:00:00.000Z,true,61
ASM-0053759,E-0362,execution,INST-execution,v1,26,100,2025-02-20T00:00:00.000Z,true,44
ASM-0053761,E-0362,collaboration,INST-collaboration,v1,28,100,2025-02-22T00:00:00.000Z,false,34
ASM-0053763,E-0362,problem_solving,INST-problem_solving,v1,49,100,2025-01-18T00:00:00.000Z,true,76
ASM-0053765,E-0362,negotiation,INST-negotiation,v1,41,100,2025-03-12T00:00:00.000Z,false,64
ASM-0053767,E-0362,pipeline_mgmt,INST-pipeline_mgmt,v1,51,100,2025-03-04T00:00:00.000Z,true,31
ASM-0053808,E-0362,execution,INST-execution,v1,21,100,2025-08-19T00:00:00.000Z,false,84
ASM-0053810,E-0362,collaboration,INST-collaboration,v1,41,100,2025-07-23T00:00:00.000Z,true,46
ASM-0053812,E-0362,negotiation,INST-negotiation,v1,23,100,2025-09-20T00:00:00.000Z,true,81
ASM-0053814,E-0362,pipeline_mgmt,INST-pipeline_mgmt,v1,44,100,2025-08-09T00:00:00.000Z,true,40
ASM-0053842,E-0362,execution,INST-execution,v2,48,100,2026-02-06T00:00:00.000Z,true,63
ASM-0053844,E-0362,collaboration,INST-collaboration,v2,46,100,2026-01-18T00:00:00.000Z,false,72
ASM-0053846,E-0362,negotiation,INST-negotiation,v2,40,100,2026-01-15T00:00:00.000Z,true,30
ASM-0053871,E-0362,execution,INST-execution,v2,62,100,2026-08-07T00:00:00.000Z,false,63
ASM-0053873,E-0362,collaboration,INST-collaboration,v2,58,100,2026-07-19T00:00:00.000Z,true,72
ASM-0053875,E-0362,negotiation,INST-negotiation,v2,45,100,2026-08-28T00:00:00.000Z,true,86
ASM-0053900,E-0363,communication,INST-communication,v1,47,100,2025-02-18T00:00:00.000Z,false,88
ASM-0053902,E-0363,execution,INST-execution,v1,38,100,2025-03-03T00:00:00.000Z,false,84
ASM-0053904,E-0363,problem_solving,INST-problem_solving,v1,60,100,2025-03-01T00:00:00.000Z,true,67
ASM-0053906,E-0363,campaign_strategy,INST-campaign_strategy,v1,20,100,2025-02-15T00:00:00.000Z,true,46
ASM-0053938,E-0363,communication,INST-communication,v1,49,100,2025-09-22T00:00:00.000Z,true,28
ASM-0053940,E-0363,execution,INST-execution,v1,51,100,2025-09-21T00:00:00.000Z,false,68
ASM-0053942,E-0363,collaboration,INST-collaboration,v1,26,100,2025-08-02T00:00:00.000Z,true,44
ASM-0053944,E-0363,problem_solving,INST-problem_solving,v1,74,100,2025-08-11T00:00:00.000Z,true,38
ASM-0053946,E-0363,campaign_strategy,INST-campaign_strategy,v1,36,100,2025-08-27T00:00:00.000Z,false,55
ASM-0053948,E-0363,content_quality,INST-content_quality,v1,44,100,2025-08-02T00:00:00.000Z,false,28
ASM-0053979,E-0363,communication,INST-communication,v2,59,100,2026-03-21T00:00:00.000Z,true,45
ASM-0053981,E-0363,execution,INST-execution,v2,74,100,2026-01-27T00:00:00.000Z,true,78
ASM-0053983,E-0363,collaboration,INST-collaboration,v2,46,100,2026-01-23T00:00:00.000Z,true,58
ASM-0053985,E-0363,problem_solving,INST-problem_solving,v2,54,100,2026-01-11T00:00:00.000Z,false,66
ASM-0053987,E-0363,campaign_strategy,INST-campaign_strategy,v2,55,100,2026-03-28T00:00:00.000Z,false,62
ASM-0054012,E-0363,communication,INST-communication,v2,45,100,2026-07-04T00:00:00.000Z,false,57
ASM-0054014,E-0363,collaboration,INST-collaboration,v2,74,100,2026-08-09T00:00:00.000Z,true,87
ASM-0054016,E-0363,problem_solving,INST-problem_solving,v2,51,100,2026-08-24T00:00:00.000Z,false,87
ASM-0054018,E-0363,campaign_strategy,INST-campaign_strategy,v2,75,100,2026-08-20T00:00:00.000Z,true,83
ASM-0054020,E-0363,content_quality,INST-content_quality,v2,81,100,2026-09-03T00:00:00.000Z,false,38
ASM-0054058,E-0364,communication,INST-communication,v1,42,100,2025-01-13T00:00:00.000Z,false,36
ASM-0054060,E-0364,execution,INST-execution,v1,25,100,2025-03-11T00:00:00.000Z,true,31
ASM-0054062,E-0364,collaboration,INST-collaboration,v1,16,100,2025-02-28T00:00:00.000Z,true,77
ASM-0054064,E-0364,problem_solving,INST-problem_solving,v1,11,100,2025-02-24T00:00:00.000Z,true,22
ASM-0054066,E-0364,stakeholder_alignment,INST-stakeholder_alignment,v1,37,100,2025-02-24T00:00:00.000Z,false,57
ASM-0054094,E-0364,collaboration,INST-collaboration,v1,24,100,2025-07-09T00:00:00.000Z,true,58
ASM-0054096,E-0364,problem_solving,INST-problem_solving,v1,45,100,2025-08-11T00:00:00.000Z,true,75
ASM-0054098,E-0364,roadmap_prioritization,INST-roadmap_prioritization,v1,45,100,2025-07-09T00:00:00.000Z,true,79
ASM-0054113,E-0364,execution,INST-execution,v2,13,100,2026-02-04T00:00:00.000Z,false,39
ASM-0054115,E-0364,collaboration,INST-collaboration,v2,51,100,2026-03-11T00:00:00.000Z,true,69
ASM-0054117,E-0364,problem_solving,INST-problem_solving,v2,34,100,2026-03-10T00:00:00.000Z,false,58
ASM-0054119,E-0364,roadmap_prioritization,INST-roadmap_prioritization,v2,64,100,2026-03-02T00:00:00.000Z,true,38
ASM-0054121,E-0364,stakeholder_alignment,INST-stakeholder_alignment,v2,41,100,2026-02-19T00:00:00.000Z,false,52
ASM-0054160,E-0364,execution,INST-execution,v2,16,100,2026-07-01T00:00:00.000Z,false,33
ASM-0054162,E-0364,collaboration,INST-collaboration,v2,69,100,2026-09-11T00:00:00.000Z,false,57
ASM-0054164,E-0364,problem_solving,INST-problem_solving,v2,42,100,2026-09-28T00:00:00.000Z,true,84
ASM-0054166,E-0364,roadmap_prioritization,INST-roadmap_prioritization,v2,74,100,2026-09-14T00:00:00.000Z,false,72
ASM-0054195,E-0365,communication,INST-communication,v1,21,100,2025-01-16T00:00:00.000Z,true,60
ASM-0054197,E-0365,execution,INST-execution,v1,27,100,2025-03-16T00:00:00.000Z,true,82
ASM-0054199,E-0365,collaboration,INST-collaboration,v1,44,100,2025-01-14T00:00:00.000Z,true,35
ASM-0054201,E-0365,problem_solving,INST-problem_solving,v1,38,100,2025-03-09T00:00:00.000Z,true,53
ASM-0054203,E-0365,visual_craft,INST-visual_craft,v1,45,100,2025-02-18T00:00:00.000Z,true,67
ASM-0054205,E-0365,ux_research,INST-ux_research,v1,35,100,2025-01-31T00:00:00.000Z,true,36
ASM-0054249,E-0365,communication,INST-communication,v1,49,100,2025-07-04T00:00:00.000Z,true,63
ASM-0054251,E-0365,execution,INST-execution,v1,31,100,2025-07-03T00:00:00.000Z,true,77
ASM-0054253,E-0365,collaboration,INST-collaboration,v1,53,100,2025-07-15T00:00:00.000Z,true,40
ASM-0054255,E-0365,problem_solving,INST-problem_solving,v1,33,100,2025-08-06T00:00:00.000Z,true,60
ASM-0054257,E-0365,visual_craft,INST-visual_craft,v1,58,100,2025-09-05T00:00:00.000Z,false,27
ASM-0054282,E-0365,communication,INST-communication,v2,54,100,2026-03-15T00:00:00.000Z,false,27
ASM-0054284,E-0365,execution,INST-execution,v2,19,100,2026-01-10T00:00:00.000Z,true,57
ASM-0054286,E-0365,collaboration,INST-collaboration,v2,60,100,2026-03-28T00:00:00.000Z,true,76
ASM-0054288,E-0365,visual_craft,INST-visual_craft,v2,79,100,2026-03-29T00:00:00.000Z,false,44
ASM-0054312,E-0365,execution,INST-execution,v2,31,100,2026-07-25T00:00:00.000Z,true,53
ASM-0054314,E-0365,collaboration,INST-collaboration,v2,79,100,2026-07-11T00:00:00.000Z,true,21
ASM-0054316,E-0365,problem_solving,INST-problem_solving,v2,26,100,2026-07-08T00:00:00.000Z,false,71
ASM-0054349,E-0366,execution,INST-execution,v1,33,100,2025-01-03T00:00:00.000Z,true,35
ASM-0054351,E-0366,collaboration,INST-collaboration,v1,67,100,2025-03-04T00:00:00.000Z,true,70
ASM-0054353,E-0366,problem_solving,INST-problem_solving,v1,43,100,2025-01-25T00:00:00.000Z,false,36
ASM-0054355,E-0366,financial_modeling,INST-financial_modeling,v1,67,100,2025-03-02T00:00:00.000Z,true,47
ASM-0054357,E-0366,compliance_rigor,INST-compliance_rigor,v1,66,100,2025-01-10T00:00:00.000Z,true,44
ASM-0054396,E-0366,execution,INST-execution,v1,48,100,2025-09-04T00:00:00.000Z,true,54
ASM-0054398,E-0366,collaboration,INST-collaboration,v1,54,100,2025-07-10T00:00:00.000Z,true,62
ASM-0054400,E-0366,compliance_rigor,INST-compliance_rigor,v1,49,100,2025-08-08T00:00:00.000Z,true,79
ASM-0054432,E-0366,collaboration,INST-collaboration,v2,45,100,2026-02-22T00:00:00.000Z,true,45
ASM-0054434,E-0366,problem_solving,INST-problem_solving,v2,52,100,2026-03-05T00:00:00.000Z,false,79
ASM-0054436,E-0366,financial_modeling,INST-financial_modeling,v2,46,100,2026-02-23T00:00:00.000Z,true,32
ASM-0054438,E-0366,compliance_rigor,INST-compliance_rigor,v2,54,100,2026-01-22T00:00:00.000Z,true,81
ASM-0054482,E-0366,communication,INST-communication,v2,23,100,2026-07-14T00:00:00.000Z,true,55
ASM-0054484,E-0366,execution,INST-execution,v2,84,100,2026-08-08T00:00:00.000Z,true,37
ASM-0054486,E-0366,collaboration,INST-collaboration,v2,39,100,2026-08-25T00:00:00.000Z,true,47
ASM-0054488,E-0366,problem_solving,INST-problem_solving,v2,59,100,2026-08-22T00:00:00.000Z,true,54
ASM-0054490,E-0366,financial_modeling,INST-financial_modeling,v2,32,100,2026-07-04T00:00:00.000Z,true,60
ASM-0054492,E-0366,compliance_rigor,INST-compliance_rigor,v2,47,100,2026-09-21T00:00:00.000Z,true,33
ASM-0054525,E-0367,problem_solving,INST-problem_solving,v1,38,100,2025-01-19T00:00:00.000Z,true,70
ASM-0054527,E-0367,talent_assessment,INST-talent_assessment,v1,33,100,2025-02-17T00:00:00.000Z,true,78
ASM-0054529,E-0367,policy_navigation,INST-policy_navigation,v1,40,100,2025-03-22T00:00:00.000Z,true,21
ASM-0054564,E-0367,collaboration,INST-collaboration,v1,29,100,2025-08-29T00:00:00.000Z,true,79
ASM-0054566,E-0367,problem_solving,INST-problem_solving,v1,20,100,2025-07-09T00:00:00.000Z,false,47
ASM-0054568,E-0367,talent_assessment,INST-talent_assessment,v1,54,100,2025-07-10T00:00:00.000Z,true,62
ASM-0054570,E-0367,policy_navigation,INST-policy_navigation,v1,29,100,2025-07-13T00:00:00.000Z,true,58
ASM-0054600,E-0367,communication,INST-communication,v2,52,100,2026-01-26T00:00:00.000Z,true,65
ASM-0054602,E-0367,execution,INST-execution,v2,41,100,2026-02-18T00:00:00.000Z,true,48
ASM-0054604,E-0367,collaboration,INST-collaboration,v2,28,100,2026-01-13T00:00:00.000Z,true,29
ASM-0054606,E-0367,problem_solving,INST-problem_solving,v2,66,100,2026-01-16T00:00:00.000Z,false,56
ASM-0054608,E-0367,talent_assessment,INST-talent_assessment,v2,53,100,2026-01-25T00:00:00.000Z,false,58
ASM-0054610,E-0367,policy_navigation,INST-policy_navigation,v2,30,100,2026-03-14T00:00:00.000Z,true,44
ASM-0054628,E-0367,communication,INST-communication,v2,58,100,2026-07-26T00:00:00.000Z,true,70
ASM-0054630,E-0367,collaboration,INST-collaboration,v2,35,100,2026-09-21T00:00:00.000Z,false,61
ASM-0054632,E-0367,problem_solving,INST-problem_solving,v2,68,100,2026-07-28T00:00:00.000Z,true,71
ASM-0054634,E-0367,policy_navigation,INST-policy_navigation,v2,23,100,2026-08-09T00:00:00.000Z,true,75
ASM-0054678,E-0368,communication,INST-communication,v1,37,100,2025-03-29T00:00:00.000Z,true,88
ASM-0054680,E-0368,execution,INST-execution,v1,75,100,2025-03-15T00:00:00.000Z,true,30
ASM-0054682,E-0368,collaboration,INST-collaboration,v1,28,100,2025-02-02T00:00:00.000Z,true,60
ASM-0054684,E-0368,customer_resolution,INST-customer_resolution,v1,31,100,2025-03-21T00:00:00.000Z,false,67
ASM-0054686,E-0368,troubleshooting,INST-troubleshooting,v1,29,100,2025-02-12T00:00:00.000Z,false,22
ASM-0054720,E-0368,communication,INST-communication,v1,37,100,2025-08-01T00:00:00.000Z,true,32
ASM-0054722,E-0368,execution,INST-execution,v1,72,100,2025-09-06T00:00:00.000Z,false,76
ASM-0054724,E-0368,collaboration,INST-collaboration,v1,12,100,2025-08-15T00:00:00.000Z,true,82
ASM-0054726,E-0368,problem_solving,INST-problem_solving,v1,31,100,2025-07-26T00:00:00.000Z,true,66
ASM-0054728,E-0368,customer_resolution,INST-customer_resolution,v1,35,100,2025-09-21T00:00:00.000Z,true,42
ASM-0054749,E-0368,communication,INST-communication,v2,34,100,2026-01-22T00:00:00.000Z,false,51
ASM-0054751,E-0368,collaboration,INST-collaboration,v2,18,100,2026-02-11T00:00:00.000Z,false,76
ASM-0054753,E-0368,problem_solving,INST-problem_solving,v2,61,100,2026-01-11T00:00:00.000Z,true,26
ASM-0054755,E-0368,customer_resolution,INST-customer_resolution,v2,38,100,2026-03-11T00:00:00.000Z,false,43
ASM-0054757,E-0368,troubleshooting,INST-troubleshooting,v2,58,100,2026-03-30T00:00:00.000Z,false,37
ASM-0054784,E-0368,communication,INST-communication,v2,32,100,2026-07-26T00:00:00.000Z,true,29
ASM-0054786,E-0368,execution,INST-execution,v2,39,100,2026-09-07T00:00:00.000Z,true,88
ASM-0054788,E-0368,collaboration,INST-collaboration,v2,64,100,2026-07-27T00:00:00.000Z,true,61
ASM-0054790,E-0368,problem_solving,INST-problem_solving,v2,78,100,2026-09-24T00:00:00.000Z,true,32
ASM-0054792,E-0368,customer_resolution,INST-customer_resolution,v2,53,100,2026-08-10T00:00:00.000Z,true,45
ASM-0054794,E-0368,troubleshooting,INST-troubleshooting,v2,60,100,2026-09-24T00:00:00.000Z,true,44
ASM-0054825,E-0369,communication,INST-communication,v1,55,100,2025-03-02T00:00:00.000Z,true,73
ASM-0054827,E-0369,execution,INST-execution,v1,32,100,2025-02-01T00:00:00.000Z,true,35
ASM-0054829,E-0369,collaboration,INST-collaboration,v1,28,100,2025-02-09T00:00:00.000Z,true,82
ASM-0054831,E-0369,problem_solving,INST-problem_solving,v1,23,100,2025-03-28T00:00:00.000Z,true,83
ASM-0054833,E-0369,system_design,INST-system_design,v1,34,100,2025-01-04T00:00:00.000Z,true,22
ASM-0054835,E-0369,code_quality,INST-code_quality,v1,30,100,2025-02-01T00:00:00.000Z,true,73
ASM-0054873,E-0369,communication,INST-communication,v1,35,100,2025-09-21T00:00:00.000Z,false,65
ASM-0054875,E-0369,execution,INST-execution,v1,30,100,2025-08-24T00:00:00.000Z,false,52
ASM-0054877,E-0369,collaboration,INST-collaboration,v1,46,100,2025-09-12T00:00:00.000Z,true,81
ASM-0054879,E-0369,problem_solving,INST-problem_solving,v1,35,100,2025-07-13T00:00:00.000Z,true,36
ASM-0054881,E-0369,system_design,INST-system_design,v1,55,100,2025-09-08T00:00:00.000Z,false,69
ASM-0054883,E-0369,code_quality,INST-code_quality,v1,43,100,2025-07-04T00:00:00.000Z,false,61
ASM-0054905,E-0369,communication,INST-communication,v2,54,100,2026-02-19T00:00:00.000Z,true,34
ASM-0054907,E-0369,collaboration,INST-collaboration,v2,69,100,2026-02-05T00:00:00.000Z,true,75
ASM-0054909,E-0369,code_quality,INST-code_quality,v2,58,100,2026-03-21T00:00:00.000Z,true,68
ASM-0054931,E-0369,communication,INST-communication,v2,40,100,2026-08-30T00:00:00.000Z,false,62
ASM-0054933,E-0369,execution,INST-execution,v2,41,100,2026-08-16T00:00:00.000Z,true,78
ASM-0054935,E-0369,collaboration,INST-collaboration,v2,76,100,2026-09-24T00:00:00.000Z,true,44
ASM-0054937,E-0369,problem_solving,INST-problem_solving,v2,68,100,2026-08-30T00:00:00.000Z,false,88
ASM-0054939,E-0369,code_quality,INST-code_quality,v2,63,100,2026-08-08T00:00:00.000Z,false,31
ASM-0054978,E-0370,communication,INST-communication,v1,45,100,2025-02-21T00:00:00.000Z,false,87
ASM-0054980,E-0370,execution,INST-execution,v1,19,100,2025-02-19T00:00:00.000Z,true,68
ASM-0054982,E-0370,collaboration,INST-collaboration,v1,58,100,2025-01-19T00:00:00.000Z,false,64
ASM-0054984,E-0370,negotiation,INST-negotiation,v1,55,100,2025-03-04T00:00:00.000Z,false,70
ASM-0054986,E-0370,pipeline_mgmt,INST-pipeline_mgmt,v1,51,100,2025-03-03T00:00:00.000Z,false,82
ASM-0055025,E-0370,communication,INST-communication,v1,54,100,2025-08-01T00:00:00.000Z,true,30
ASM-0055027,E-0370,execution,INST-execution,v1,29,100,2025-09-05T00:00:00.000Z,true,40
ASM-0055029,E-0370,collaboration,INST-collaboration,v1,57,100,2025-09-06T00:00:00.000Z,true,76
ASM-0055031,E-0370,negotiation,INST-negotiation,v1,41,100,2025-08-28T00:00:00.000Z,false,75
ASM-0055033,E-0370,pipeline_mgmt,INST-pipeline_mgmt,v1,51,100,2025-07-14T00:00:00.000Z,true,84
ASM-0055055,E-0370,communication,INST-communication,v2,66,100,2026-02-04T00:00:00.000Z,true,74
ASM-0055057,E-0370,execution,INST-execution,v2,52,100,2026-01-01T00:00:00.000Z,false,77
ASM-0055059,E-0370,collaboration,INST-collaboration,v2,67,100,2026-01-20T00:00:00.000Z,true,72
ASM-0055061,E-0370,negotiation,INST-negotiation,v2,32,100,2026-03-22T00:00:00.000Z,true,31
ASM-0055063,E-0370,pipeline_mgmt,INST-pipeline_mgmt,v2,50,100,2026-03-16T00:00:00.000Z,true,73
ASM-0055085,E-0370,communication,INST-communication,v2,92,100,2026-09-21T00:00:00.000Z,true,61
ASM-0055087,E-0370,execution,INST-execution,v2,61,100,2026-09-18T00:00:00.000Z,true,22
ASM-0055089,E-0370,collaboration,INST-collaboration,v2,43,100,2026-07-17T00:00:00.000Z,false,40
ASM-0055091,E-0370,negotiation,INST-negotiation,v2,28,100,2026-08-16T00:00:00.000Z,false,32
ASM-0055093,E-0370,pipeline_mgmt,INST-pipeline_mgmt,v2,65,100,2026-09-07T00:00:00.000Z,true,78
ASM-0055146,E-0371,communication,INST-communication,v1,34,100,2025-01-22T00:00:00.000Z,true,79
ASM-0055148,E-0371,execution,INST-execution,v1,32,100,2025-03-02T00:00:00.000Z,true,38
ASM-0055150,E-0371,collaboration,INST-collaboration,v1,34,100,2025-03-09T00:00:00.000Z,false,73
ASM-0055152,E-0371,problem_solving,INST-problem_solving,v1,0,100,2025-03-13T00:00:00.000Z,true,85
ASM-0055154,E-0371,campaign_strategy,INST-campaign_strategy,v1,25,100,2025-02-19T00:00:00.000Z,false,50
ASM-0055181,E-0371,execution,INST-execution,v1,52,100,2025-07-20T00:00:00.000Z,true,76
ASM-0055183,E-0371,collaboration,INST-collaboration,v1,35,100,2025-07-21T00:00:00.000Z,true,53
ASM-0055185,E-0371,campaign_strategy,INST-campaign_strategy,v1,43,100,2025-09-05T00:00:00.000Z,true,48
ASM-0055187,E-0371,content_quality,INST-content_quality,v1,23,100,2025-09-12T00:00:00.000Z,false,27
ASM-0055204,E-0371,communication,INST-communication,v2,47,100,2026-01-29T00:00:00.000Z,true,21
ASM-0055206,E-0371,execution,INST-execution,v2,33,100,2026-01-27T00:00:00.000Z,true,31
ASM-0055208,E-0371,collaboration,INST-collaboration,v2,33,100,2026-02-04T00:00:00.000Z,true,66
ASM-0055210,E-0371,problem_solving,INST-problem_solving,v2,20,100,2026-02-10T00:00:00.000Z,false,26
ASM-0055212,E-0371,campaign_strategy,INST-campaign_strategy,v2,44,100,2026-01-17T00:00:00.000Z,false,38
ASM-0055214,E-0371,content_quality,INST-content_quality,v2,43,100,2026-02-11T00:00:00.000Z,true,25
ASM-0055258,E-0371,communication,INST-communication,v2,71,100,2026-08-06T00:00:00.000Z,true,31
ASM-0055260,E-0371,execution,INST-execution,v2,65,100,2026-07-30T00:00:00.000Z,true,38
ASM-0055262,E-0371,collaboration,INST-collaboration,v2,36,100,2026-08-17T00:00:00.000Z,true,22
ASM-0055264,E-0371,problem_solving,INST-problem_solving,v2,32,100,2026-08-05T00:00:00.000Z,true,55
ASM-0055266,E-0371,campaign_strategy,INST-campaign_strategy,v2,21,100,2026-08-27T00:00:00.000Z,true,56
ASM-0055268,E-0371,content_quality,INST-content_quality,v2,51,100,2026-09-10T00:00:00.000Z,true,51
ASM-0055302,E-0372,communication,INST-communication,v1,42,100,2025-02-19T00:00:00.000Z,false,71
ASM-0055304,E-0372,execution,INST-execution,v1,35,100,2025-01-06T00:00:00.000Z,false,79
ASM-0055306,E-0372,collaboration,INST-collaboration,v1,80,100,2025-03-20T00:00:00.000Z,true,47
ASM-0055308,E-0372,problem_solving,INST-problem_solving,v1,25,100,2025-01-11T00:00:00.000Z,true,61
ASM-0055310,E-0372,roadmap_prioritization,INST-roadmap_prioritization,v1,35,100,2025-02-27T00:00:00.000Z,true,48
ASM-0055312,E-0372,stakeholder_alignment,INST-stakeholder_alignment,v1,37,100,2025-02-13T00:00:00.000Z,true,35
ASM-0055337,E-0372,collaboration,INST-collaboration,v1,68,100,2025-07-30T00:00:00.000Z,true,67
ASM-0055339,E-0372,problem_solving,INST-problem_solving,v1,54,100,2025-09-26T00:00:00.000Z,false,32
ASM-0055341,E-0372,roadmap_prioritization,INST-roadmap_prioritization,v1,27,100,2025-07-10T00:00:00.000Z,true,64
ASM-0055343,E-0372,stakeholder_alignment,INST-stakeholder_alignment,v1,61,100,2025-09-05T00:00:00.000Z,true,56
ASM-0055361,E-0372,communication,INST-communication,v2,39,100,2026-01-25T00:00:00.000Z,true,60
ASM-0055363,E-0372,execution,INST-execution,v2,62,100,2026-01-20T00:00:00.000Z,false,61
ASM-0055365,E-0372,collaboration,INST-collaboration,v2,44,100,2026-03-23T00:00:00.000Z,true,38
ASM-0055367,E-0372,roadmap_prioritization,INST-roadmap_prioritization,v2,28,100,2026-02-14T00:00:00.000Z,false,24
ASM-0055369,E-0372,stakeholder_alignment,INST-stakeholder_alignment,v2,63,100,2026-03-19T00:00:00.000Z,true,42
ASM-0055390,E-0372,communication,INST-communication,v2,50,100,2026-08-27T00:00:00.000Z,true,56
ASM-0055392,E-0372,execution,INST-execution,v2,71,100,2026-08-19T00:00:00.000Z,false,34
ASM-0055394,E-0372,collaboration,INST-collaboration,v2,41,100,2026-08-19T00:00:00.000Z,true,88
ASM-0055396,E-0372,roadmap_prioritization,INST-roadmap_prioritization,v2,28,100,2026-07-05T00:00:00.000Z,true,75
ASM-0055398,E-0372,stakeholder_alignment,INST-stakeholder_alignment,v2,74,100,2026-09-26T00:00:00.000Z,true,40
ASM-0055444,E-0373,execution,INST-execution,v1,19,100,2025-02-12T00:00:00.000Z,true,39
ASM-0055446,E-0373,collaboration,INST-collaboration,v1,23,100,2025-01-04T00:00:00.000Z,false,75
ASM-0055448,E-0373,problem_solving,INST-problem_solving,v1,29,100,2025-01-27T00:00:00.000Z,true,63
ASM-0055450,E-0373,visual_craft,INST-visual_craft,v1,54,100,2025-01-31T00:00:00.000Z,true,68
ASM-0055452,E-0373,ux_research,INST-ux_research,v1,21,100,2025-03-18T00:00:00.000Z,true,75
ASM-0055470,E-0373,communication,INST-communication,v1,43,100,2025-07-27T00:00:00.000Z,false,63
ASM-0055472,E-0373,execution,INST-execution,v1,44,100,2025-08-11T00:00:00.000Z,true,50
ASM-0055474,E-0373,problem_solving,INST-problem_solving,v1,59,100,2025-07-16T00:00:00.000Z,true,56
ASM-0055476,E-0373,visual_craft,INST-visual_craft,v1,53,100,2025-09-25T00:00:00.000Z,true,85
ASM-0055497,E-0373,collaboration,INST-collaboration,v2,38,100,2026-03-31T00:00:00.000Z,true,27
ASM-0055499,E-0373,problem_solving,INST-problem_solving,v2,57,100,2026-01-23T00:00:00.000Z,false,31
ASM-0055501,E-0373,visual_craft,INST-visual_craft,v2,57,100,2026-02-01T00:00:00.000Z,true,89
ASM-0055503,E-0373,ux_research,INST-ux_research,v2,28,100,2026-01-09T00:00:00.000Z,false,65
ASM-0055535,E-0373,communication,INST-communication,v2,47,100,2026-09-04T00:00:00.000Z,true,31
ASM-0055537,E-0373,execution,INST-execution,v2,68,100,2026-09-06T00:00:00.000Z,false,80
ASM-0055539,E-0373,collaboration,INST-collaboration,v2,74,100,2026-09-20T00:00:00.000Z,true,50
ASM-0055541,E-0373,problem_solving,INST-problem_solving,v2,83,100,2026-07-28T00:00:00.000Z,true,89
ASM-0055543,E-0373,visual_craft,INST-visual_craft,v2,43,100,2026-08-21T00:00:00.000Z,true,82
ASM-0055545,E-0373,ux_research,INST-ux_research,v2,54,100,2026-09-03T00:00:00.000Z,true,25
ASM-0055576,E-0374,communication,INST-communication,v1,37,100,2025-01-31T00:00:00.000Z,true,88
ASM-0055578,E-0374,execution,INST-execution,v1,74,100,2025-01-28T00:00:00.000Z,true,34
ASM-0055580,E-0374,collaboration,INST-collaboration,v1,61,100,2025-03-14T00:00:00.000Z,true,21
ASM-0055582,E-0374,problem_solving,INST-problem_solving,v1,75,100,2025-01-03T00:00:00.000Z,false,83
ASM-0055584,E-0374,financial_modeling,INST-financial_modeling,v1,30,100,2025-03-23T00:00:00.000Z,true,85
ASM-0055586,E-0374,compliance_rigor,INST-compliance_rigor,v1,51,100,2025-03-03T00:00:00.000Z,true,27
ASM-0055611,E-0374,communication,INST-communication,v1,63,100,2025-07-10T00:00:00.000Z,true,88
ASM-0055613,E-0374,execution,INST-execution,v1,67,100,2025-09-17T00:00:00.000Z,false,66
ASM-0055615,E-0374,collaboration,INST-collaboration,v1,74,100,2025-09-17T00:00:00.000Z,false,62
ASM-0055617,E-0374,problem_solving,INST-problem_solving,v1,79,100,2025-08-23T00:00:00.000Z,true,88
ASM-0055619,E-0374,financial_modeling,INST-financial_modeling,v1,51,100,2025-09-16T00:00:00.000Z,false,44
ASM-0055621,E-0374,compliance_rigor,INST-compliance_rigor,v1,44,100,2025-08-29T00:00:00.000Z,true,88
ASM-0055650,E-0374,communication,INST-communication,v2,61,100,2026-03-23T00:00:00.000Z,false,76
ASM-0055652,E-0374,execution,INST-execution,v2,67,100,2026-01-03T00:00:00.000Z,false,88
ASM-0055654,E-0374,problem_solving,INST-problem_solving,v2,63,100,2026-01-12T00:00:00.000Z,true,61
ASM-0055656,E-0374,financial_modeling,INST-financial_modeling,v2,44,100,2026-02-13T00:00:00.000Z,false,62
ASM-0055658,E-0374,compliance_rigor,INST-compliance_rigor,v2,70,100,2026-01-08T00:00:00.000Z,true,64
ASM-0055689,E-0374,communication,INST-communication,v2,77,100,2026-07-13T00:00:00.000Z,true,42
ASM-0055691,E-0374,execution,INST-execution,v2,46,100,2026-08-16T00:00:00.000Z,false,36
ASM-0055693,E-0374,collaboration,INST-collaboration,v2,45,100,2026-09-06T00:00:00.000Z,true,42
ASM-0055695,E-0374,problem_solving,INST-problem_solving,v2,76,100,2026-09-02T00:00:00.000Z,true,61
ASM-0055697,E-0374,financial_modeling,INST-financial_modeling,v2,80,100,2026-07-03T00:00:00.000Z,false,49
ASM-0055699,E-0374,compliance_rigor,INST-compliance_rigor,v2,83,100,2026-07-28T00:00:00.000Z,true,81
ASM-0055745,E-0375,execution,INST-execution,v1,42,100,2025-02-20T00:00:00.000Z,true,44
ASM-0055747,E-0375,collaboration,INST-collaboration,v1,24,100,2025-02-02T00:00:00.000Z,true,62
ASM-0055749,E-0375,problem_solving,INST-problem_solving,v1,55,100,2025-03-02T00:00:00.000Z,true,40
ASM-0055751,E-0375,talent_assessment,INST-talent_assessment,v1,81,100,2025-01-21T00:00:00.000Z,true,74
ASM-0055753,E-0375,policy_navigation,INST-policy_navigation,v1,26,100,2025-02-14T00:00:00.000Z,true,58
ASM-0055772,E-0375,communication,INST-communication,v1,25,100,2025-09-17T00:00:00.000Z,true,66
ASM-0055774,E-0375,collaboration,INST-collaboration,v1,49,100,2025-08-18T00:00:00.000Z,true,56
ASM-0055776,E-0375,problem_solving,INST-problem_solving,v1,26,100,2025-07-12T00:00:00.000Z,true,33
ASM-0055778,E-0375,talent_assessment,INST-talent_assessment,v1,53,100,2025-08-05T00:00:00.000Z,true,71
ASM-0055780,E-0375,policy_navigation,INST-policy_navigation,v1,40,100,2025-08-23T00:00:00.000Z,true,51
ASM-0055807,E-0375,collaboration,INST-collaboration,v2,54,100,2026-02-09T00:00:00.000Z,false,27
ASM-0055809,E-0375,talent_assessment,INST-talent_assessment,v2,40,100,2026-01-31T00:00:00.000Z,true,82
ASM-0055822,E-0375,collaboration,INST-collaboration,v2,75,100,2026-08-02T00:00:00.000Z,true,76
ASM-0055824,E-0375,problem_solving,INST-problem_solving,v2,64,100,2026-07-27T00:00:00.000Z,false,71
ASM-0055826,E-0375,talent_assessment,INST-talent_assessment,v2,38,100,2026-07-09T00:00:00.000Z,false,37
ASM-0055828,E-0375,policy_navigation,INST-policy_navigation,v2,30,100,2026-08-27T00:00:00.000Z,true,40
ASM-0055871,E-0376,communication,INST-communication,v1,22,100,2025-03-16T00:00:00.000Z,true,36
ASM-0055873,E-0376,execution,INST-execution,v1,34,100,2025-02-25T00:00:00.000Z,true,71
ASM-0055875,E-0376,collaboration,INST-collaboration,v1,22,100,2025-03-30T00:00:00.000Z,true,65
ASM-0055877,E-0376,customer_resolution,INST-customer_resolution,v1,34,100,2025-02-01T00:00:00.000Z,true,45
ASM-0055879,E-0376,troubleshooting,INST-troubleshooting,v1,37,100,2025-02-20T00:00:00.000Z,true,76
ASM-0055903,E-0376,communication,INST-communication,v1,39,100,2025-08-30T00:00:00.000Z,true,68
ASM-0055905,E-0376,execution,INST-execution,v1,44,100,2025-09-30T00:00:00.000Z,false,61
ASM-0055907,E-0376,collaboration,INST-collaboration,v1,23,100,2025-07-22T00:00:00.000Z,false,87
ASM-0055909,E-0376,problem_solving,INST-problem_solving,v1,33,100,2025-08-06T00:00:00.000Z,true,75
ASM-0055911,E-0376,customer_resolution,INST-customer_resolution,v1,62,100,2025-08-27T00:00:00.000Z,false,73
ASM-0055913,E-0376,troubleshooting,INST-troubleshooting,v1,34,100,2025-09-07T00:00:00.000Z,true,57
ASM-0055941,E-0376,collaboration,INST-collaboration,v2,49,100,2026-02-02T00:00:00.000Z,true,22
ASM-0055943,E-0376,problem_solving,INST-problem_solving,v2,30,100,2026-02-23T00:00:00.000Z,false,86
ASM-0055945,E-0376,customer_resolution,INST-customer_resolution,v2,89,100,2026-02-14T00:00:00.000Z,true,62
ASM-0055947,E-0376,troubleshooting,INST-troubleshooting,v2,33,100,2026-01-05T00:00:00.000Z,true,88
ASM-0055977,E-0376,communication,INST-communication,v2,75,100,2026-09-23T00:00:00.000Z,true,67
ASM-0055979,E-0376,collaboration,INST-collaboration,v2,53,100,2026-08-07T00:00:00.000Z,true,35
ASM-0055981,E-0376,problem_solving,INST-problem_solving,v2,46,100,2026-08-02T00:00:00.000Z,false,28
ASM-0055983,E-0376,customer_resolution,INST-customer_resolution,v2,88,100,2026-07-31T00:00:00.000Z,true,24
ASM-0055985,E-0376,troubleshooting,INST-troubleshooting,v2,46,100,2026-07-20T00:00:00.000Z,true,60
ASM-0056031,E-0377,communication,INST-communication,v1,40,100,2025-03-24T00:00:00.000Z,false,44
ASM-0056033,E-0377,execution,INST-execution,v1,22,100,2025-03-06T00:00:00.000Z,true,58
ASM-0056035,E-0377,collaboration,INST-collaboration,v1,15,100,2025-01-01T00:00:00.000Z,true,61
ASM-0056037,E-0377,problem_solving,INST-problem_solving,v1,17,100,2025-01-27T00:00:00.000Z,true,58
ASM-0056039,E-0377,code_quality,INST-code_quality,v1,77,100,2025-02-06T00:00:00.000Z,true,82
ASM-0056063,E-0377,communication,INST-communication,v1,37,100,2025-09-27T00:00:00.000Z,true,53
ASM-0056065,E-0377,execution,INST-execution,v1,40,100,2025-08-11T00:00:00.000Z,true,75
ASM-0056067,E-0377,collaboration,INST-collaboration,v1,44,100,2025-09-16T00:00:00.000Z,false,44
ASM-0056069,E-0377,system_design,INST-system_design,v1,50,100,2025-09-25T00:00:00.000Z,true,64
ASM-0056071,E-0377,code_quality,INST-code_quality,v1,78,100,2025-09-24T00:00:00.000Z,false,46
ASM-0056095,E-0377,execution,INST-execution,v2,10,100,2026-02-07T00:00:00.000Z,true,77
ASM-0056097,E-0377,collaboration,INST-collaboration,v2,68,100,2026-03-07T00:00:00.000Z,true,30
ASM-0056099,E-0377,problem_solving,INST-problem_solving,v2,32,100,2026-01-26T00:00:00.000Z,true,64
ASM-0056101,E-0377,system_design,INST-system_design,v2,73,100,2026-03-12T00:00:00.000Z,true,40
ASM-0056129,E-0377,communication,INST-communication,v2,21,100,2026-08-31T00:00:00.000Z,true,48
ASM-0056131,E-0377,execution,INST-execution,v2,35,100,2026-08-10T00:00:00.000Z,true,35
ASM-0056133,E-0377,collaboration,INST-collaboration,v2,75,100,2026-07-19T00:00:00.000Z,true,52
ASM-0056135,E-0377,problem_solving,INST-problem_solving,v2,19,100,2026-08-06T00:00:00.000Z,true,66
ASM-0056137,E-0377,code_quality,INST-code_quality,v2,48,100,2026-07-08T00:00:00.000Z,false,84
ASM-0056176,E-0378,communication,INST-communication,v1,37,100,2025-03-15T00:00:00.000Z,false,77
ASM-0056178,E-0378,execution,INST-execution,v1,28,100,2025-02-24T00:00:00.000Z,true,85
ASM-0056180,E-0378,collaboration,INST-collaboration,v1,88,100,2025-01-21T00:00:00.000Z,true,51
ASM-0056182,E-0378,negotiation,INST-negotiation,v1,60,100,2025-02-03T00:00:00.000Z,false,41
ASM-0056184,E-0378,pipeline_mgmt,INST-pipeline_mgmt,v1,47,100,2025-02-13T00:00:00.000Z,true,50
ASM-0056208,E-0378,execution,INST-execution,v1,52,100,2025-08-11T00:00:00.000Z,false,61
ASM-0056210,E-0378,collaboration,INST-collaboration,v1,57,100,2025-07-01T00:00:00.000Z,true,53
ASM-0056212,E-0378,problem_solving,INST-problem_solving,v1,27,100,2025-08-09T00:00:00.000Z,true,33
ASM-0056214,E-0378,negotiation,INST-negotiation,v1,67,100,2025-08-04T00:00:00.000Z,false,68
ASM-0056216,E-0378,pipeline_mgmt,INST-pipeline_mgmt,v1,49,100,2025-09-30T00:00:00.000Z,true,86
ASM-0056255,E-0378,communication,INST-communication,v2,72,100,2026-01-08T00:00:00.000Z,true,62
ASM-0056257,E-0378,execution,INST-execution,v2,51,100,2026-03-09T00:00:00.000Z,true,64
ASM-0056259,E-0378,collaboration,INST-collaboration,v2,67,100,2026-03-16T00:00:00.000Z,false,29
ASM-0056261,E-0378,problem_solving,INST-problem_solving,v2,35,100,2026-01-20T00:00:00.000Z,true,49
ASM-0056263,E-0378,negotiation,INST-negotiation,v2,45,100,2026-01-17T00:00:00.000Z,false,55
ASM-0056265,E-0378,pipeline_mgmt,INST-pipeline_mgmt,v2,68,100,2026-02-28T00:00:00.000Z,true,27
ASM-0056301,E-0378,execution,INST-execution,v2,70,100,2026-08-29T00:00:00.000Z,true,88
ASM-0056303,E-0378,collaboration,INST-collaboration,v2,50,100,2026-07-08T00:00:00.000Z,false,60
ASM-0056305,E-0378,problem_solving,INST-problem_solving,v2,56,100,2026-07-04T00:00:00.000Z,true,22
ASM-0056307,E-0378,negotiation,INST-negotiation,v2,28,100,2026-08-30T00:00:00.000Z,true,51
ASM-0056309,E-0378,pipeline_mgmt,INST-pipeline_mgmt,v2,92,100,2026-08-21T00:00:00.000Z,true,70
ASM-0056345,E-0379,communication,INST-communication,v1,20,100,2025-02-15T00:00:00.000Z,true,73
ASM-0056347,E-0379,execution,INST-execution,v1,39,100,2025-01-27T00:00:00.000Z,true,29
ASM-0056349,E-0379,problem_solving,INST-problem_solving,v1,23,100,2025-02-05T00:00:00.000Z,false,20
ASM-0056351,E-0379,campaign_strategy,INST-campaign_strategy,v1,36,100,2025-03-16T00:00:00.000Z,true,87
ASM-0056353,E-0379,content_quality,INST-content_quality,v1,18,100,2025-01-08T00:00:00.000Z,false,69
ASM-0056373,E-0379,communication,INST-communication,v1,15,100,2025-07-28T00:00:00.000Z,true,39
ASM-0056375,E-0379,execution,INST-execution,v1,43,100,2025-07-18T00:00:00.000Z,false,61
ASM-0056377,E-0379,problem_solving,INST-problem_solving,v1,20,100,2025-07-13T00:00:00.000Z,true,64
ASM-0056379,E-0379,campaign_strategy,INST-campaign_strategy,v1,52,100,2025-09-30T00:00:00.000Z,true,25
ASM-0056381,E-0379,content_quality,INST-content_quality,v1,22,100,2025-09-29T00:00:00.000Z,false,36
ASM-0056415,E-0379,communication,INST-communication,v2,22,100,2026-01-24T00:00:00.000Z,true,68
ASM-0056417,E-0379,campaign_strategy,INST-campaign_strategy,v2,61,100,2026-03-29T00:00:00.000Z,true,31
ASM-0056419,E-0379,content_quality,INST-content_quality,v2,44,100,2026-01-21T00:00:00.000Z,true,65
ASM-0056443,E-0379,communication,INST-communication,v2,21,100,2026-08-05T00:00:00.000Z,false,54
ASM-0056445,E-0379,problem_solving,INST-problem_solving,v2,67,100,2026-07-22T00:00:00.000Z,false,39
ASM-0056447,E-0379,campaign_strategy,INST-campaign_strategy,v2,86,100,2026-08-11T00:00:00.000Z,false,68
ASM-0056449,E-0379,content_quality,INST-content_quality,v2,45,100,2026-08-21T00:00:00.000Z,false,74
ASM-0056497,E-0380,communication,INST-communication,v1,33,100,2025-02-27T00:00:00.000Z,true,34
ASM-0056499,E-0380,execution,INST-execution,v1,41,100,2025-03-31T00:00:00.000Z,true,42
ASM-0056501,E-0380,collaboration,INST-collaboration,v1,45,100,2025-01-08T00:00:00.000Z,false,88
ASM-0056503,E-0380,problem_solving,INST-problem_solving,v1,71,100,2025-02-21T00:00:00.000Z,true,37
ASM-0056505,E-0380,roadmap_prioritization,INST-roadmap_prioritization,v1,48,100,2025-01-19T00:00:00.000Z,true,64
ASM-0056507,E-0380,stakeholder_alignment,INST-stakeholder_alignment,v1,31,100,2025-01-02T00:00:00.000Z,true,39
ASM-0056530,E-0380,execution,INST-execution,v1,32,100,2025-08-28T00:00:00.000Z,false,43
ASM-0056532,E-0380,collaboration,INST-collaboration,v1,52,100,2025-07-20T00:00:00.000Z,true,24
ASM-0056534,E-0380,roadmap_prioritization,INST-roadmap_prioritization,v1,45,100,2025-08-08T00:00:00.000Z,true,63
ASM-0056566,E-0380,communication,INST-communication,v2,55,100,2026-03-21T00:00:00.000Z,false,83
ASM-0056568,E-0380,execution,INST-execution,v2,23,100,2026-03-24T00:00:00.000Z,true,28
ASM-0056570,E-0380,collaboration,INST-collaboration,v2,35,100,2026-02-24T00:00:00.000Z,true,31
ASM-0056572,E-0380,problem_solving,INST-problem_solving,v2,60,100,2026-01-04T00:00:00.000Z,true,26
ASM-0056574,E-0380,stakeholder_alignment,INST-stakeholder_alignment,v2,33,100,2026-03-03T00:00:00.000Z,false,67
ASM-0056602,E-0380,communication,INST-communication,v2,36,100,2026-07-31T00:00:00.000Z,true,61
ASM-0056604,E-0380,execution,INST-execution,v2,22,100,2026-08-13T00:00:00.000Z,false,88
ASM-0056606,E-0380,collaboration,INST-collaboration,v2,49,100,2026-07-17T00:00:00.000Z,false,76
ASM-0056608,E-0380,problem_solving,INST-problem_solving,v2,31,100,2026-09-07T00:00:00.000Z,true,25
ASM-0056610,E-0380,roadmap_prioritization,INST-roadmap_prioritization,v2,29,100,2026-09-01T00:00:00.000Z,true,51
ASM-0056612,E-0380,stakeholder_alignment,INST-stakeholder_alignment,v2,19,100,2026-08-28T00:00:00.000Z,false,53
ASM-0056648,E-0381,communication,INST-communication,v1,43,100,2025-03-18T00:00:00.000Z,true,37
ASM-0056650,E-0381,execution,INST-execution,v1,20,100,2025-01-31T00:00:00.000Z,true,56
ASM-0056652,E-0381,collaboration,INST-collaboration,v1,41,100,2025-02-17T00:00:00.000Z,true,47
ASM-0056654,E-0381,problem_solving,INST-problem_solving,v1,25,100,2025-01-16T00:00:00.000Z,true,75
ASM-0056656,E-0381,visual_craft,INST-visual_craft,v1,33,100,2025-01-25T00:00:00.000Z,false,46
ASM-0056658,E-0381,ux_research,INST-ux_research,v1,30,100,2025-03-15T00:00:00.000Z,false,53
ASM-0056685,E-0381,execution,INST-execution,v1,17,100,2025-09-11T00:00:00.000Z,true,40
ASM-0056687,E-0381,collaboration,INST-collaboration,v1,17,100,2025-07-18T00:00:00.000Z,true,24
ASM-0056689,E-0381,problem_solving,INST-problem_solving,v1,37,100,2025-07-11T00:00:00.000Z,true,70
ASM-0056691,E-0381,visual_craft,INST-visual_craft,v1,36,100,2025-07-14T00:00:00.000Z,true,67
ASM-0056693,E-0381,ux_research,INST-ux_research,v1,44,100,2025-07-15T00:00:00.000Z,true,21
ASM-0056732,E-0381,communication,INST-communication,v2,50,100,2026-02-23T00:00:00.000Z,false,40
ASM-0056734,E-0381,execution,INST-execution,v2,36,100,2026-02-12T00:00:00.000Z,true,59
ASM-0056736,E-0381,collaboration,INST-collaboration,v2,32,100,2026-01-13T00:00:00.000Z,true,64
ASM-0056738,E-0381,problem_solving,INST-problem_solving,v2,60,100,2026-02-19T00:00:00.000Z,true,80
ASM-0056740,E-0381,visual_craft,INST-visual_craft,v2,48,100,2026-01-01T00:00:00.000Z,true,49
ASM-0056766,E-0381,communication,INST-communication,v2,47,100,2026-09-07T00:00:00.000Z,false,53
ASM-0056768,E-0381,execution,INST-execution,v2,65,100,2026-09-27T00:00:00.000Z,true,27
ASM-0056770,E-0381,collaboration,INST-collaboration,v2,62,100,2026-07-08T00:00:00.000Z,true,46
ASM-0056772,E-0381,problem_solving,INST-problem_solving,v2,58,100,2026-07-08T00:00:00.000Z,false,46
ASM-0056822,E-0382,communication,INST-communication,v1,32,100,2025-02-21T00:00:00.000Z,false,36
ASM-0056824,E-0382,execution,INST-execution,v1,42,100,2025-03-31T00:00:00.000Z,true,33
ASM-0056826,E-0382,collaboration,INST-collaboration,v1,16,100,2025-01-12T00:00:00.000Z,false,61
ASM-0056828,E-0382,problem_solving,INST-problem_solving,v1,26,100,2025-02-02T00:00:00.000Z,true,83
ASM-0056830,E-0382,financial_modeling,INST-financial_modeling,v1,26,100,2025-01-23T00:00:00.000Z,true,54
ASM-0056832,E-0382,compliance_rigor,INST-compliance_rigor,v1,58,100,2025-03-28T00:00:00.000Z,false,66
ASM-0056863,E-0382,communication,INST-communication,v1,17,100,2025-07-29T00:00:00.000Z,true,59
ASM-0056865,E-0382,execution,INST-execution,v1,31,100,2025-09-29T00:00:00.000Z,true,43
ASM-0056867,E-0382,problem_solving,INST-problem_solving,v1,44,100,2025-07-12T00:00:00.000Z,false,89
ASM-0056869,E-0382,financial_modeling,INST-financial_modeling,v1,34,100,2025-09-16T00:00:00.000Z,true,33
ASM-0056871,E-0382,compliance_rigor,INST-compliance_rigor,v1,14,100,2025-08-22T00:00:00.000Z,false,79
ASM-0056896,E-0382,communication,INST-communication,v2,22,100,2026-03-27T00:00:00.000Z,false,63
ASM-0056898,E-0382,collaboration,INST-collaboration,v2,38,100,2026-03-04T00:00:00.000Z,true,56
ASM-0056900,E-0382,problem_solving,INST-problem_solving,v2,41,100,2026-01-16T00:00:00.000Z,false,65
ASM-0056902,E-0382,financial_modeling,INST-financial_modeling,v2,33,100,2026-01-21T00:00:00.000Z,false,50
ASM-0056904,E-0382,compliance_rigor,INST-compliance_rigor,v2,25,100,2026-01-12T00:00:00.000Z,true,31
ASM-0056935,E-0382,communication,INST-communication,v2,41,100,2026-07-20T00:00:00.000Z,true,76
ASM-0056937,E-0382,execution,INST-execution,v2,41,100,2026-08-25T00:00:00.000Z,true,82
ASM-0056939,E-0382,collaboration,INST-collaboration,v2,56,100,2026-07-11T00:00:00.000Z,false,74
ASM-0056941,E-0382,problem_solving,INST-problem_solving,v2,36,100,2026-07-22T00:00:00.000Z,true,55
ASM-0056943,E-0382,compliance_rigor,INST-compliance_rigor,v2,40,100,2026-09-25T00:00:00.000Z,true,22
ASM-0056970,E-0383,execution,INST-execution,v1,77,100,2025-01-03T00:00:00.000Z,true,44
ASM-0056972,E-0383,collaboration,INST-collaboration,v1,32,100,2025-02-28T00:00:00.000Z,true,70
ASM-0056974,E-0383,problem_solving,INST-problem_solving,v1,43,100,2025-03-08T00:00:00.000Z,true,57
ASM-0056976,E-0383,talent_assessment,INST-talent_assessment,v1,33,100,2025-02-16T00:00:00.000Z,true,67
ASM-0056978,E-0383,policy_navigation,INST-policy_navigation,v1,37,100,2025-01-10T00:00:00.000Z,true,21
ASM-0056995,E-0383,communication,INST-communication,v1,82,100,2025-08-19T00:00:00.000Z,true,56
ASM-0056997,E-0383,execution,INST-execution,v1,46,100,2025-08-18T00:00:00.000Z,true,86
ASM-0056999,E-0383,collaboration,INST-collaboration,v1,60,100,2025-09-30T00:00:00.000Z,false,62
ASM-0057001,E-0383,talent_assessment,INST-talent_assessment,v1,45,100,2025-08-28T00:00:00.000Z,true,81
ASM-0057003,E-0383,policy_navigation,INST-policy_navigation,v1,36,100,2025-09-14T00:00:00.000Z,false,53
ASM-0057029,E-0383,communication,INST-communication,v2,66,100,2026-02-20T00:00:00.000Z,true,51
ASM-0057031,E-0383,collaboration,INST-collaboration,v2,57,100,2026-03-01T00:00:00.000Z,true,87
ASM-0057033,E-0383,problem_solving,INST-problem_solving,v2,52,100,2026-03-12T00:00:00.000Z,false,66
ASM-0057035,E-0383,talent_assessment,INST-talent_assessment,v2,52,100,2026-02-07T00:00:00.000Z,false,73
ASM-0057057,E-0383,collaboration,INST-collaboration,v2,82,100,2026-07-03T00:00:00.000Z,true,51
ASM-0057059,E-0383,problem_solving,INST-problem_solving,v2,68,100,2026-08-08T00:00:00.000Z,true,54
ASM-0057061,E-0383,talent_assessment,INST-talent_assessment,v2,67,100,2026-09-19T00:00:00.000Z,true,43
ASM-0057063,E-0383,policy_navigation,INST-policy_navigation,v2,84,100,2026-07-07T00:00:00.000Z,false,36
ASM-0057103,E-0384,communication,INST-communication,v1,27,100,2025-02-16T00:00:00.000Z,true,46
ASM-0057105,E-0384,execution,INST-execution,v1,34,100,2025-03-28T00:00:00.000Z,true,49
ASM-0057107,E-0384,collaboration,INST-collaboration,v1,78,100,2025-01-01T00:00:00.000Z,true,68
ASM-0057109,E-0384,problem_solving,INST-problem_solving,v1,24,100,2025-03-11T00:00:00.000Z,true,34
ASM-0057111,E-0384,customer_resolution,INST-customer_resolution,v1,46,100,2025-03-08T00:00:00.000Z,true,54
ASM-0057113,E-0384,troubleshooting,INST-troubleshooting,v1,68,100,2025-01-10T00:00:00.000Z,true,30
ASM-0057137,E-0384,communication,INST-communication,v1,50,100,2025-09-29T00:00:00.000Z,false,21
ASM-0057139,E-0384,execution,INST-execution,v1,56,100,2025-07-13T00:00:00.000Z,false,84
ASM-0057141,E-0384,collaboration,INST-collaboration,v1,90,100,2025-08-15T00:00:00.000Z,true,66
ASM-0057143,E-0384,customer_resolution,INST-customer_resolution,v1,53,100,2025-09-11T00:00:00.000Z,false,25
ASM-0057145,E-0384,troubleshooting,INST-troubleshooting,v1,64,100,2025-09-11T00:00:00.000Z,true,29
ASM-0057172,E-0384,communication,INST-communication,v2,52,100,2026-02-26T00:00:00.000Z,true,75
ASM-0057174,E-0384,execution,INST-execution,v2,63,100,2026-01-07T00:00:00.000Z,true,73
ASM-0057176,E-0384,collaboration,INST-collaboration,v2,74,100,2026-03-31T00:00:00.000Z,true,48
ASM-0057178,E-0384,problem_solving,INST-problem_solving,v2,58,100,2026-01-02T00:00:00.000Z,false,71
ASM-0057180,E-0384,customer_resolution,INST-customer_resolution,v2,69,100,2026-02-13T00:00:00.000Z,true,59
ASM-0057198,E-0384,execution,INST-execution,v2,69,100,2026-08-21T00:00:00.000Z,true,48
ASM-0057200,E-0384,customer_resolution,INST-customer_resolution,v2,72,100,2026-07-24T00:00:00.000Z,false,69
ASM-0057235,E-0385,communication,INST-communication,v1,40,100,2025-01-20T00:00:00.000Z,false,50
ASM-0057237,E-0385,execution,INST-execution,v1,35,100,2025-01-09T00:00:00.000Z,true,67
ASM-0057239,E-0385,collaboration,INST-collaboration,v1,45,100,2025-03-09T00:00:00.000Z,true,27
ASM-0057241,E-0385,problem_solving,INST-problem_solving,v1,73,100,2025-02-02T00:00:00.000Z,true,82
ASM-0057243,E-0385,system_design,INST-system_design,v1,27,100,2025-03-01T00:00:00.000Z,true,39
ASM-0057245,E-0385,code_quality,INST-code_quality,v1,64,100,2025-02-21T00:00:00.000Z,true,31
ASM-0057279,E-0385,communication,INST-communication,v1,38,100,2025-08-02T00:00:00.000Z,true,70
ASM-0057281,E-0385,execution,INST-execution,v1,36,100,2025-07-14T00:00:00.000Z,true,41
ASM-0057283,E-0385,collaboration,INST-collaboration,v1,51,100,2025-08-11T00:00:00.000Z,true,86
ASM-0057285,E-0385,system_design,INST-system_design,v1,34,100,2025-07-13T00:00:00.000Z,false,39
ASM-0057287,E-0385,code_quality,INST-code_quality,v1,40,100,2025-07-14T00:00:00.000Z,false,72
ASM-0057320,E-0385,communication,INST-communication,v2,39,100,2026-02-10T00:00:00.000Z,true,88
ASM-0057322,E-0385,execution,INST-execution,v2,64,100,2026-03-11T00:00:00.000Z,false,76
ASM-0057324,E-0385,collaboration,INST-collaboration,v2,44,100,2026-02-02T00:00:00.000Z,true,72
ASM-0057326,E-0385,system_design,INST-system_design,v2,46,100,2026-01-06T00:00:00.000Z,true,30
ASM-0057328,E-0385,code_quality,INST-code_quality,v2,38,100,2026-01-04T00:00:00.000Z,false,88
ASM-0057361,E-0385,communication,INST-communication,v2,69,100,2026-09-04T00:00:00.000Z,false,70
ASM-0057363,E-0385,execution,INST-execution,v2,80,100,2026-07-17T00:00:00.000Z,true,61
ASM-0057365,E-0385,collaboration,INST-collaboration,v2,79,100,2026-09-05T00:00:00.000Z,false,79
ASM-0057367,E-0385,system_design,INST-system_design,v2,53,100,2026-09-21T00:00:00.000Z,true,72
ASM-0057409,E-0386,communication,INST-communication,v1,47,100,2025-02-19T00:00:00.000Z,true,38
ASM-0057411,E-0386,execution,INST-execution,v1,46,100,2025-03-15T00:00:00.000Z,true,38
ASM-0057413,E-0386,collaboration,INST-collaboration,v1,35,100,2025-03-04T00:00:00.000Z,true,52
ASM-0057415,E-0386,problem_solving,INST-problem_solving,v1,25,100,2025-01-19T00:00:00.000Z,true,49
ASM-0057417,E-0386,negotiation,INST-negotiation,v1,32,100,2025-01-02T00:00:00.000Z,true,68
ASM-0057456,E-0386,communication,INST-communication,v1,42,100,2025-09-08T00:00:00.000Z,true,20
ASM-0057458,E-0386,execution,INST-execution,v1,28,100,2025-08-09T00:00:00.000Z,true,51
ASM-0057460,E-0386,collaboration,INST-collaboration,v1,38,100,2025-07-11T00:00:00.000Z,false,81
ASM-0057462,E-0386,negotiation,INST-negotiation,v1,50,100,2025-08-25T00:00:00.000Z,true,61
ASM-0057464,E-0386,pipeline_mgmt,INST-pipeline_mgmt,v1,56,100,2025-07-28T00:00:00.000Z,true,30
ASM-0057491,E-0386,execution,INST-execution,v2,28,100,2026-02-09T00:00:00.000Z,true,65
ASM-0057493,E-0386,problem_solving,INST-problem_solving,v2,20,100,2026-03-14T00:00:00.000Z,true,52
ASM-0057495,E-0386,negotiation,INST-negotiation,v2,61,100,2026-03-13T00:00:00.000Z,true,65
ASM-0057497,E-0386,pipeline_mgmt,INST-pipeline_mgmt,v2,36,100,2026-02-11T00:00:00.000Z,true,49
ASM-0057514,E-0386,communication,INST-communication,v2,47,100,2026-09-29T00:00:00.000Z,true,81
ASM-0057516,E-0386,collaboration,INST-collaboration,v2,59,100,2026-09-11T00:00:00.000Z,true,54
ASM-0057518,E-0386,problem_solving,INST-problem_solving,v2,51,100,2026-07-15T00:00:00.000Z,false,73
ASM-0057520,E-0386,negotiation,INST-negotiation,v2,68,100,2026-09-24T00:00:00.000Z,true,79
ASM-0057522,E-0386,pipeline_mgmt,INST-pipeline_mgmt,v2,37,100,2026-07-23T00:00:00.000Z,true,43
ASM-0057576,E-0387,communication,INST-communication,v1,64,100,2025-03-12T00:00:00.000Z,true,38
ASM-0057578,E-0387,execution,INST-execution,v1,38,100,2025-03-26T00:00:00.000Z,true,86
ASM-0057580,E-0387,collaboration,INST-collaboration,v1,24,100,2025-02-15T00:00:00.000Z,true,22
ASM-0057582,E-0387,problem_solving,INST-problem_solving,v1,55,100,2025-01-31T00:00:00.000Z,true,43
ASM-0057584,E-0387,content_quality,INST-content_quality,v1,38,100,2025-01-11T00:00:00.000Z,true,39
ASM-0057606,E-0387,communication,INST-communication,v1,49,100,2025-07-31T00:00:00.000Z,true,44
ASM-0057608,E-0387,execution,INST-execution,v1,50,100,2025-09-20T00:00:00.000Z,false,48
ASM-0057610,E-0387,collaboration,INST-collaboration,v1,41,100,2025-07-20T00:00:00.000Z,true,50
ASM-0057612,E-0387,problem_solving,INST-problem_solving,v1,37,100,2025-07-01T00:00:00.000Z,true,75
ASM-0057641,E-0387,communication,INST-communication,v2,50,100,2026-03-01T00:00:00.000Z,true,84
ASM-0057643,E-0387,execution,INST-execution,v2,59,100,2026-03-09T00:00:00.000Z,false,44
ASM-0057645,E-0387,collaboration,INST-collaboration,v2,46,100,2026-02-23T00:00:00.000Z,false,33
ASM-0057647,E-0387,problem_solving,INST-problem_solving,v2,39,100,2026-03-28T00:00:00.000Z,true,88
ASM-0057649,E-0387,content_quality,INST-content_quality,v2,51,100,2026-02-14T00:00:00.000Z,true,70
ASM-0057681,E-0387,communication,INST-communication,v2,59,100,2026-07-29T00:00:00.000Z,false,82
ASM-0057683,E-0387,execution,INST-execution,v2,77,100,2026-07-24T00:00:00.000Z,true,74
ASM-0057685,E-0387,collaboration,INST-collaboration,v2,80,100,2026-09-27T00:00:00.000Z,false,50
ASM-0057687,E-0387,content_quality,INST-content_quality,v2,74,100,2026-08-12T00:00:00.000Z,true,63
ASM-0057739,E-0388,communication,INST-communication,v1,27,100,2025-01-25T00:00:00.000Z,true,52
ASM-0057741,E-0388,execution,INST-execution,v1,39,100,2025-02-06T00:00:00.000Z,false,25
ASM-0057743,E-0388,collaboration,INST-collaboration,v1,31,100,2025-01-06T00:00:00.000Z,true,52
ASM-0057745,E-0388,problem_solving,INST-problem_solving,v1,27,100,2025-01-07T00:00:00.000Z,true,82
ASM-0057747,E-0388,roadmap_prioritization,INST-roadmap_prioritization,v1,43,100,2025-03-24T00:00:00.000Z,false,48
ASM-0057749,E-0388,stakeholder_alignment,INST-stakeholder_alignment,v1,56,100,2025-02-07T00:00:00.000Z,true,62
ASM-0057765,E-0388,communication,INST-communication,v1,34,100,2025-08-25T00:00:00.000Z,true,23
ASM-0057767,E-0388,execution,INST-execution,v1,36,100,2025-09-09T00:00:00.000Z,true,79
ASM-0057769,E-0388,collaboration,INST-collaboration,v1,28,100,2025-08-15T00:00:00.000Z,true,58
ASM-0057771,E-0388,problem_solving,INST-problem_solving,v1,39,100,2025-09-08T00:00:00.000Z,true,27
ASM-0057773,E-0388,roadmap_prioritization,INST-roadmap_prioritization,v1,52,100,2025-07-25T00:00:00.000Z,true,73
ASM-0057775,E-0388,stakeholder_alignment,INST-stakeholder_alignment,v1,65,100,2025-09-11T00:00:00.000Z,true,30
ASM-0057808,E-0388,communication,INST-communication,v2,21,100,2026-01-01T00:00:00.000Z,true,50
ASM-0057810,E-0388,execution,INST-execution,v2,20,100,2026-01-18T00:00:00.000Z,true,72
ASM-0057812,E-0388,collaboration,INST-collaboration,v2,56,100,2026-02-05T00:00:00.000Z,true,86
ASM-0057814,E-0388,roadmap_prioritization,INST-roadmap_prioritization,v2,43,100,2026-01-12T00:00:00.000Z,false,26
ASM-0057816,E-0388,stakeholder_alignment,INST-stakeholder_alignment,v2,33,100,2026-01-27T00:00:00.000Z,true,57
ASM-0057838,E-0388,communication,INST-communication,v2,17,100,2026-09-29T00:00:00.000Z,false,49
ASM-0057840,E-0388,execution,INST-execution,v2,12,100,2026-09-09T00:00:00.000Z,true,71
ASM-0057842,E-0388,collaboration,INST-collaboration,v2,55,100,2026-08-04T00:00:00.000Z,true,61
ASM-0057844,E-0388,problem_solving,INST-problem_solving,v2,34,100,2026-07-31T00:00:00.000Z,true,60
ASM-0057846,E-0388,stakeholder_alignment,INST-stakeholder_alignment,v2,26,100,2026-07-21T00:00:00.000Z,false,68
ASM-0057885,E-0389,communication,INST-communication,v1,56,100,2025-01-26T00:00:00.000Z,true,57
ASM-0057887,E-0389,execution,INST-execution,v1,22,100,2025-03-18T00:00:00.000Z,true,70
ASM-0057889,E-0389,problem_solving,INST-problem_solving,v1,70,100,2025-02-17T00:00:00.000Z,true,81
ASM-0057891,E-0389,visual_craft,INST-visual_craft,v1,84,100,2025-02-01T00:00:00.000Z,false,62
ASM-0057893,E-0389,ux_research,INST-ux_research,v1,65,100,2025-03-30T00:00:00.000Z,true,32
ASM-0057912,E-0389,communication,INST-communication,v1,47,100,2025-09-06T00:00:00.000Z,true,65
ASM-0057914,E-0389,execution,INST-execution,v1,51,100,2025-08-08T00:00:00.000Z,false,61
ASM-0057916,E-0389,collaboration,INST-collaboration,v1,40,100,2025-07-21T00:00:00.000Z,true,51
ASM-0057918,E-0389,problem_solving,INST-problem_solving,v1,61,100,2025-07-09T00:00:00.000Z,true,69
ASM-0057920,E-0389,visual_craft,INST-visual_craft,v1,67,100,2025-08-11T00:00:00.000Z,true,69
ASM-0057922,E-0389,ux_research,INST-ux_research,v1,69,100,2025-08-03T00:00:00.000Z,false,58
ASM-0057935,E-0389,communication,INST-communication,v2,44,100,2026-01-11T00:00:00.000Z,true,28
ASM-0057937,E-0389,execution,INST-execution,v2,59,100,2026-01-11T00:00:00.000Z,false,78
ASM-0057939,E-0389,problem_solving,INST-problem_solving,v2,37,100,2026-03-21T00:00:00.000Z,true,35
ASM-0057941,E-0389,visual_craft,INST-visual_craft,v2,80,100,2026-01-30T00:00:00.000Z,true,47
ASM-0057943,E-0389,ux_research,INST-ux_research,v2,61,100,2026-01-20T00:00:00.000Z,true,88
ASM-0057969,E-0389,communication,INST-communication,v2,16,100,2026-09-25T00:00:00.000Z,true,41
ASM-0057971,E-0389,execution,INST-execution,v2,77,100,2026-08-17T00:00:00.000Z,true,56
ASM-0057973,E-0389,problem_solving,INST-problem_solving,v2,27,100,2026-07-23T00:00:00.000Z,true,44
ASM-0057975,E-0389,visual_craft,INST-visual_craft,v2,83,100,2026-09-12T00:00:00.000Z,false,42
ASM-0057977,E-0389,ux_research,INST-ux_research,v2,45,100,2026-09-13T00:00:00.000Z,false,43
ASM-0058014,E-0390,communication,INST-communication,v1,29,100,2025-03-22T00:00:00.000Z,true,62
ASM-0058016,E-0390,execution,INST-execution,v1,79,100,2025-03-16T00:00:00.000Z,true,69
ASM-0058018,E-0390,collaboration,INST-collaboration,v1,10,100,2025-01-12T00:00:00.000Z,true,52
ASM-0058020,E-0390,problem_solving,INST-problem_solving,v1,34,100,2025-02-01T00:00:00.000Z,true,42
ASM-0058022,E-0390,compliance_rigor,INST-compliance_rigor,v1,33,100,2025-01-20T00:00:00.000Z,true,25
ASM-0058055,E-0390,communication,INST-communication,v1,31,100,2025-09-26T00:00:00.000Z,true,55
ASM-0058057,E-0390,execution,INST-execution,v1,72,100,2025-09-27T00:00:00.000Z,true,79
ASM-0058059,E-0390,problem_solving,INST-problem_solving,v1,35,100,2025-07-04T00:00:00.000Z,true,67
ASM-0058061,E-0390,financial_modeling,INST-financial_modeling,v1,41,100,2025-09-09T00:00:00.000Z,false,50
ASM-0058063,E-0390,compliance_rigor,INST-compliance_rigor,v1,54,100,2025-07-15T00:00:00.000Z,true,26
ASM-0058091,E-0390,communication,INST-communication,v2,13,100,2026-03-13T00:00:00.000Z,true,26
ASM-0058093,E-0390,execution,INST-execution,v2,51,100,2026-02-28T00:00:00.000Z,true,87
ASM-0058095,E-0390,problem_solving,INST-problem_solving,v2,70,100,2026-01-17T00:00:00.000Z,false,50
ASM-0058097,E-0390,compliance_rigor,INST-compliance_rigor,v2,31,100,2026-02-08T00:00:00.000Z,true,64
ASM-0058123,E-0390,communication,INST-communication,v2,22,100,2026-09-25T00:00:00.000Z,true,34
ASM-0058125,E-0390,collaboration,INST-collaboration,v2,43,100,2026-09-21T00:00:00.000Z,true,39
ASM-0058127,E-0390,problem_solving,INST-problem_solving,v2,63,100,2026-09-07T00:00:00.000Z,true,49
ASM-0058129,E-0390,compliance_rigor,INST-compliance_rigor,v2,56,100,2026-08-09T00:00:00.000Z,true,70
ASM-0058162,E-0391,communication,INST-communication,v1,22,100,2025-01-07T00:00:00.000Z,true,29
ASM-0058164,E-0391,execution,INST-execution,v1,19,100,2025-01-18T00:00:00.000Z,true,54
ASM-0058166,E-0391,collaboration,INST-collaboration,v1,29,100,2025-01-14T00:00:00.000Z,true,49
ASM-0058168,E-0391,problem_solving,INST-problem_solving,v1,39,100,2025-01-18T00:00:00.000Z,true,44
ASM-0058170,E-0391,policy_navigation,INST-policy_navigation,v1,20,100,2025-02-03T00:00:00.000Z,true,76
ASM-0058195,E-0391,communication,INST-communication,v1,50,100,2025-09-08T00:00:00.000Z,true,87
ASM-0058197,E-0391,execution,INST-execution,v1,29,100,2025-07-30T00:00:00.000Z,true,66
ASM-0058199,E-0391,collaboration,INST-collaboration,v1,28,100,2025-07-30T00:00:00.000Z,true,34
ASM-0058201,E-0391,talent_assessment,INST-talent_assessment,v1,38,100,2025-09-16T00:00:00.000Z,true,49
ASM-0058203,E-0391,policy_navigation,INST-policy_navigation,v1,48,100,2025-08-25T00:00:00.000Z,false,39
ASM-0058239,E-0391,communication,INST-communication,v2,55,100,2026-02-06T00:00:00.000Z,false,58
ASM-0058241,E-0391,execution,INST-execution,v2,6,100,2026-01-06T00:00:00.000Z,true,53
ASM-0058243,E-0391,collaboration,INST-collaboration,v2,46,100,2026-02-16T00:00:00.000Z,true,69
ASM-0058245,E-0391,talent_assessment,INST-talent_assessment,v2,34,100,2026-01-12T00:00:00.000Z,true,35
ASM-0058247,E-0391,policy_navigation,INST-policy_navigation,v2,52,100,2026-02-22T00:00:00.000Z,false,37
ASM-0058274,E-0391,communication,INST-communication,v2,36,100,2026-09-22T00:00:00.000Z,false,69
ASM-0058276,E-0391,execution,INST-execution,v2,25,100,2026-07-23T00:00:00.000Z,true,23
ASM-0058278,E-0391,talent_assessment,INST-talent_assessment,v2,44,100,2026-09-01T00:00:00.000Z,true,81
ASM-0058316,E-0392,execution,INST-execution,v1,61,100,2025-03-02T00:00:00.000Z,true,77
ASM-0058318,E-0392,problem_solving,INST-problem_solving,v1,39,100,2025-01-31T00:00:00.000Z,false,34
ASM-0058320,E-0392,customer_resolution,INST-customer_resolution,v1,50,100,2025-03-05T00:00:00.000Z,false,33
ASM-0058322,E-0392,troubleshooting,INST-troubleshooting,v1,42,100,2025-01-12T00:00:00.000Z,true,50
ASM-0058344,E-0392,communication,INST-communication,v1,35,100,2025-09-13T00:00:00.000Z,true,38
ASM-0058346,E-0392,execution,INST-execution,v1,54,100,2025-08-13T00:00:00.000Z,true,34
ASM-0058348,E-0392,collaboration,INST-collaboration,v1,65,100,2025-09-28T00:00:00.000Z,true,24
ASM-0058350,E-0392,problem_solving,INST-problem_solving,v1,30,100,2025-09-21T00:00:00.000Z,true,68
ASM-0058352,E-0392,customer_resolution,INST-customer_resolution,v1,74,100,2025-08-06T00:00:00.000Z,false,61
ASM-0058354,E-0392,troubleshooting,INST-troubleshooting,v1,48,100,2025-08-27T00:00:00.000Z,true,35
ASM-0058387,E-0392,communication,INST-communication,v2,46,100,2026-01-26T00:00:00.000Z,true,29
ASM-0058389,E-0392,execution,INST-execution,v2,43,100,2026-03-27T00:00:00.000Z,true,61
ASM-0058391,E-0392,collaboration,INST-collaboration,v2,41,100,2026-02-23T00:00:00.000Z,true,34
ASM-0058393,E-0392,problem_solving,INST-problem_solving,v2,13,100,2026-03-28T00:00:00.000Z,false,72
ASM-0058395,E-0392,customer_resolution,INST-customer_resolution,v2,60,100,2026-03-22T00:00:00.000Z,true,61
ASM-0058397,E-0392,troubleshooting,INST-troubleshooting,v2,38,100,2026-03-18T00:00:00.000Z,false,28
ASM-0058431,E-0392,collaboration,INST-collaboration,v2,37,100,2026-07-18T00:00:00.000Z,false,87
ASM-0058433,E-0392,problem_solving,INST-problem_solving,v2,40,100,2026-09-09T00:00:00.000Z,false,44
ASM-0058435,E-0392,troubleshooting,INST-troubleshooting,v2,50,100,2026-07-19T00:00:00.000Z,true,86
ASM-0058466,E-0393,communication,INST-communication,v1,46,100,2025-03-24T00:00:00.000Z,true,40
ASM-0058468,E-0393,execution,INST-execution,v1,43,100,2025-03-21T00:00:00.000Z,true,53
ASM-0058470,E-0393,collaboration,INST-collaboration,v1,39,100,2025-02-25T00:00:00.000Z,true,82
ASM-0058472,E-0393,problem_solving,INST-problem_solving,v1,9,100,2025-01-13T00:00:00.000Z,true,55
ASM-0058474,E-0393,system_design,INST-system_design,v1,19,100,2025-01-12T00:00:00.000Z,true,46
ASM-0058499,E-0393,execution,INST-execution,v1,57,100,2025-09-22T00:00:00.000Z,true,67
ASM-0058501,E-0393,collaboration,INST-collaboration,v1,33,100,2025-08-09T00:00:00.000Z,true,33
ASM-0058503,E-0393,system_design,INST-system_design,v1,23,100,2025-09-07T00:00:00.000Z,true,25
ASM-0058505,E-0393,code_quality,INST-code_quality,v1,42,100,2025-08-20T00:00:00.000Z,false,71
ASM-0058532,E-0393,communication,INST-communication,v2,43,100,2026-02-15T00:00:00.000Z,false,84
ASM-0058534,E-0393,execution,INST-execution,v2,69,100,2026-01-07T00:00:00.000Z,true,47
ASM-0058536,E-0393,collaboration,INST-collaboration,v2,43,100,2026-01-04T00:00:00.000Z,false,47
ASM-0058538,E-0393,problem_solving,INST-problem_solving,v2,32,100,2026-03-26T00:00:00.000Z,true,30
ASM-0058569,E-0393,communication,INST-communication,v2,26,100,2026-08-15T00:00:00.000Z,true,25
ASM-0058571,E-0393,execution,INST-execution,v2,74,100,2026-07-28T00:00:00.000Z,false,33
ASM-0058573,E-0393,collaboration,INST-collaboration,v2,40,100,2026-07-06T00:00:00.000Z,true,42
ASM-0058575,E-0393,problem_solving,INST-problem_solving,v2,47,100,2026-07-17T00:00:00.000Z,false,34
ASM-0058612,E-0394,communication,INST-communication,v1,19,100,2025-02-06T00:00:00.000Z,false,53
ASM-0058614,E-0394,execution,INST-execution,v1,28,100,2025-03-17T00:00:00.000Z,true,25
ASM-0058616,E-0394,collaboration,INST-collaboration,v1,30,100,2025-02-05T00:00:00.000Z,true,42
ASM-0058618,E-0394,negotiation,INST-negotiation,v1,24,100,2025-03-30T00:00:00.000Z,true,28
ASM-0058639,E-0394,communication,INST-communication,v1,43,100,2025-09-06T00:00:00.000Z,true,88
ASM-0058641,E-0394,negotiation,INST-negotiation,v1,40,100,2025-07-29T00:00:00.000Z,true,27
ASM-0058653,E-0394,problem_solving,INST-problem_solving,v2,29,100,2026-03-01T00:00:00.000Z,true,74
ASM-0058669,E-0394,communication,INST-communication,v2,16,100,2026-09-29T00:00:00.000Z,true,79
ASM-0058671,E-0394,problem_solving,INST-problem_solving,v2,27,100,2026-08-05T00:00:00.000Z,true,54
ASM-0058673,E-0394,negotiation,INST-negotiation,v2,10,100,2026-07-03T00:00:00.000Z,true,71
ASM-0058716,E-0395,communication,INST-communication,v1,30,100,2025-03-18T00:00:00.000Z,true,33
ASM-0058718,E-0395,execution,INST-execution,v1,11,100,2025-03-18T00:00:00.000Z,false,30
ASM-0058720,E-0395,collaboration,INST-collaboration,v1,9,100,2025-03-20T00:00:00.000Z,false,66
ASM-0058722,E-0395,problem_solving,INST-problem_solving,v1,35,100,2025-03-13T00:00:00.000Z,true,64
ASM-0058724,E-0395,content_quality,INST-content_quality,v1,54,100,2025-01-02T00:00:00.000Z,true,40
ASM-0058746,E-0395,communication,INST-communication,v1,23,100,2025-09-08T00:00:00.000Z,true,29
ASM-0058748,E-0395,execution,INST-execution,v1,13,100,2025-08-23T00:00:00.000Z,true,40
ASM-0058750,E-0395,collaboration,INST-collaboration,v1,40,100,2025-09-21T00:00:00.000Z,true,33
ASM-0058752,E-0395,problem_solving,INST-problem_solving,v1,49,100,2025-09-30T00:00:00.000Z,true,71
ASM-0058754,E-0395,content_quality,INST-content_quality,v1,63,100,2025-07-15T00:00:00.000Z,true,55
ASM-0058780,E-0395,execution,INST-execution,v2,36,100,2026-01-06T00:00:00.000Z,true,83
ASM-0058782,E-0395,problem_solving,INST-problem_solving,v2,49,100,2026-01-13T00:00:00.000Z,false,46
ASM-0058802,E-0395,communication,INST-communication,v2,69,100,2026-08-06T00:00:00.000Z,false,53
ASM-0058804,E-0395,execution,INST-execution,v2,42,100,2026-09-13T00:00:00.000Z,true,74
ASM-0058806,E-0395,collaboration,INST-collaboration,v2,22,100,2026-07-15T00:00:00.000Z,false,36
ASM-0058808,E-0395,problem_solving,INST-problem_solving,v2,74,100,2026-08-29T00:00:00.000Z,true,53
ASM-0058810,E-0395,content_quality,INST-content_quality,v2,29,100,2026-09-11T00:00:00.000Z,true,22
ASM-0058850,E-0396,communication,INST-communication,v1,26,100,2025-03-27T00:00:00.000Z,true,39
ASM-0058852,E-0396,collaboration,INST-collaboration,v1,10,100,2025-03-27T00:00:00.000Z,false,69
ASM-0058854,E-0396,problem_solving,INST-problem_solving,v1,44,100,2025-01-31T00:00:00.000Z,true,58
ASM-0058856,E-0396,roadmap_prioritization,INST-roadmap_prioritization,v1,79,100,2025-01-20T00:00:00.000Z,false,46
ASM-0058858,E-0396,stakeholder_alignment,INST-stakeholder_alignment,v1,63,100,2025-02-01T00:00:00.000Z,true,63
ASM-0058881,E-0396,communication,INST-communication,v1,38,100,2025-08-08T00:00:00.000Z,true,45
ASM-0058883,E-0396,execution,INST-execution,v1,73,100,2025-07-06T00:00:00.000Z,false,51
ASM-0058885,E-0396,collaboration,INST-collaboration,v1,34,100,2025-07-29T00:00:00.000Z,true,42
ASM-0058887,E-0396,problem_solving,INST-problem_solving,v1,57,100,2025-07-21T00:00:00.000Z,true,56
ASM-0058889,E-0396,roadmap_prioritization,INST-roadmap_prioritization,v1,69,100,2025-08-03T00:00:00.000Z,true,30
ASM-0058891,E-0396,stakeholder_alignment,INST-stakeholder_alignment,v1,56,100,2025-08-24T00:00:00.000Z,true,58
ASM-0058917,E-0396,communication,INST-communication,v2,54,100,2026-01-21T00:00:00.000Z,true,76
ASM-0058919,E-0396,execution,INST-execution,v2,73,100,2026-01-01T00:00:00.000Z,false,45
ASM-0058921,E-0396,collaboration,INST-collaboration,v2,53,100,2026-03-08T00:00:00.000Z,true,34
ASM-0058923,E-0396,problem_solving,INST-problem_solving,v2,64,100,2026-01-13T00:00:00.000Z,false,33
ASM-0058925,E-0396,roadmap_prioritization,INST-roadmap_prioritization,v2,65,100,2026-02-02T00:00:00.000Z,true,69
ASM-0058927,E-0396,stakeholder_alignment,INST-stakeholder_alignment,v2,47,100,2026-03-21T00:00:00.000Z,true,37
ASM-0058957,E-0396,communication,INST-communication,v2,58,100,2026-09-06T00:00:00.000Z,true,49
ASM-0058959,E-0396,problem_solving,INST-problem_solving,v2,82,100,2026-09-19T00:00:00.000Z,true,20
ASM-0058961,E-0396,roadmap_prioritization,INST-roadmap_prioritization,v2,71,100,2026-07-03T00:00:00.000Z,true,45
ASM-0058963,E-0396,stakeholder_alignment,INST-stakeholder_alignment,v2,56,100,2026-08-16T00:00:00.000Z,true,89
ASM-0058994,E-0397,communication,INST-communication,v1,26,100,2025-02-16T00:00:00.000Z,true,55
ASM-0058996,E-0397,execution,INST-execution,v1,19,100,2025-01-03T00:00:00.000Z,false,42
ASM-0058998,E-0397,collaboration,INST-collaboration,v1,16,100,2025-03-18T00:00:00.000Z,false,28
ASM-0059000,E-0397,visual_craft,INST-visual_craft,v1,24,100,2025-03-11T00:00:00.000Z,true,85
ASM-0059002,E-0397,ux_research,INST-ux_research,v1,19,100,2025-02-26T00:00:00.000Z,true,87
ASM-0059019,E-0397,communication,INST-communication,v1,23,100,2025-08-20T00:00:00.000Z,true,31
ASM-0059021,E-0397,collaboration,INST-collaboration,v1,20,100,2025-08-29T00:00:00.000Z,false,38
ASM-0059023,E-0397,ux_research,INST-ux_research,v1,40,100,2025-07-15T00:00:00.000Z,true,40
ASM-0059057,E-0397,communication,INST-communication,v2,43,100,2026-02-06T00:00:00.000Z,true,56
ASM-0059059,E-0397,execution,INST-execution,v2,54,100,2026-03-16T00:00:00.000Z,true,61
ASM-0059061,E-0397,collaboration,INST-collaboration,v2,1,100,2026-01-01T00:00:00.000Z,false,80
ASM-0059063,E-0397,problem_solving,INST-problem_solving,v2,40,100,2026-03-15T00:00:00.000Z,true,47
ASM-0059065,E-0397,visual_craft,INST-visual_craft,v2,40,100,2026-02-05T00:00:00.000Z,true,61
ASM-0059067,E-0397,ux_research,INST-ux_research,v2,42,100,2026-01-06T00:00:00.000Z,true,25
ASM-0059094,E-0397,communication,INST-communication,v2,37,100,2026-08-10T00:00:00.000Z,true,88
ASM-0059096,E-0397,execution,INST-execution,v2,70,100,2026-09-13T00:00:00.000Z,false,69
ASM-0059098,E-0397,collaboration,INST-collaboration,v2,1,100,2026-09-26T00:00:00.000Z,true,88
ASM-0059100,E-0397,problem_solving,INST-problem_solving,v2,46,100,2026-08-20T00:00:00.000Z,true,32
ASM-0059102,E-0397,visual_craft,INST-visual_craft,v2,63,100,2026-07-01T00:00:00.000Z,true,77
ASM-0059104,E-0397,ux_research,INST-ux_research,v2,87,100,2026-08-25T00:00:00.000Z,true,37
ASM-0059153,E-0398,communication,INST-communication,v1,28,100,2025-02-07T00:00:00.000Z,true,52
ASM-0059155,E-0398,execution,INST-execution,v1,17,100,2025-01-31T00:00:00.000Z,false,74
ASM-0059157,E-0398,problem_solving,INST-problem_solving,v1,29,100,2025-03-02T00:00:00.000Z,false,75
ASM-0059159,E-0398,financial_modeling,INST-financial_modeling,v1,31,100,2025-02-07T00:00:00.000Z,true,76
ASM-0059192,E-0398,communication,INST-communication,v1,29,100,2025-08-02T00:00:00.000Z,false,89
ASM-0059194,E-0398,execution,INST-execution,v1,33,100,2025-08-12T00:00:00.000Z,true,46
ASM-0059196,E-0398,collaboration,INST-collaboration,v1,66,100,2025-08-26T00:00:00.000Z,false,44
ASM-0059198,E-0398,financial_modeling,INST-financial_modeling,v1,41,100,2025-08-26T00:00:00.000Z,false,31
ASM-0059223,E-0398,communication,INST-communication,v2,36,100,2026-03-15T00:00:00.000Z,true,57
ASM-0059225,E-0398,execution,INST-execution,v2,35,100,2026-03-10T00:00:00.000Z,true,48
ASM-0059227,E-0398,collaboration,INST-collaboration,v2,43,100,2026-03-17T00:00:00.000Z,true,57
ASM-0059229,E-0398,financial_modeling,INST-financial_modeling,v2,35,100,2026-01-19T00:00:00.000Z,true,54
ASM-0059255,E-0398,communication,INST-communication,v2,53,100,2026-09-21T00:00:00.000Z,true,58
ASM-0059257,E-0398,execution,INST-execution,v2,30,100,2026-08-12T00:00:00.000Z,true,56
ASM-0059259,E-0398,collaboration,INST-collaboration,v2,52,100,2026-08-21T00:00:00.000Z,false,78
ASM-0059261,E-0398,problem_solving,INST-problem_solving,v2,18,100,2026-07-28T00:00:00.000Z,true,52
ASM-0059263,E-0398,financial_modeling,INST-financial_modeling,v2,39,100,2026-09-25T00:00:00.000Z,false,21
ASM-0059312,E-0399,communication,INST-communication,v1,71,100,2025-01-15T00:00:00.000Z,false,23
ASM-0059314,E-0399,execution,INST-execution,v1,44,100,2025-03-08T00:00:00.000Z,true,88
ASM-0059316,E-0399,collaboration,INST-collaboration,v1,40,100,2025-03-28T00:00:00.000Z,true,31
ASM-0059318,E-0399,problem_solving,INST-problem_solving,v1,39,100,2025-02-27T00:00:00.000Z,false,44
ASM-0059320,E-0399,talent_assessment,INST-talent_assessment,v1,24,100,2025-02-26T00:00:00.000Z,true,38
ASM-0059322,E-0399,policy_navigation,INST-policy_navigation,v1,81,100,2025-02-22T00:00:00.000Z,true,30
ASM-0059361,E-0399,communication,INST-communication,v1,81,100,2025-09-08T00:00:00.000Z,true,31
ASM-0059363,E-0399,execution,INST-execution,v1,60,100,2025-07-06T00:00:00.000Z,true,43
ASM-0059365,E-0399,collaboration,INST-collaboration,v1,35,100,2025-09-13T00:00:00.000Z,true,78
ASM-0059367,E-0399,problem_solving,INST-problem_solving,v1,59,100,2025-07-28T00:00:00.000Z,false,84
ASM-0059369,E-0399,policy_navigation,INST-policy_navigation,v1,65,100,2025-07-15T00:00:00.000Z,true,46
ASM-0059400,E-0399,communication,INST-communication,v2,94,100,2026-03-23T00:00:00.000Z,true,60
ASM-0059402,E-0399,execution,INST-execution,v2,64,100,2026-02-10T00:00:00.000Z,true,82
ASM-0059404,E-0399,collaboration,INST-collaboration,v2,57,100,2026-03-20T00:00:00.000Z,true,27
ASM-0059406,E-0399,problem_solving,INST-problem_solving,v2,51,100,2026-01-04T00:00:00.000Z,true,55
ASM-0059408,E-0399,talent_assessment,INST-talent_assessment,v2,38,100,2026-01-28T00:00:00.000Z,false,51
ASM-0059410,E-0399,policy_navigation,INST-policy_navigation,v2,67,100,2026-01-13T00:00:00.000Z,true,55
ASM-0059437,E-0399,communication,INST-communication,v2,73,100,2026-08-02T00:00:00.000Z,false,49
ASM-0059439,E-0399,execution,INST-execution,v2,58,100,2026-09-07T00:00:00.000Z,true,24
ASM-0059441,E-0399,collaboration,INST-collaboration,v2,52,100,2026-07-09T00:00:00.000Z,true,26
ASM-0059443,E-0399,problem_solving,INST-problem_solving,v2,63,100,2026-08-30T00:00:00.000Z,true,48
ASM-0059445,E-0399,talent_assessment,INST-talent_assessment,v2,23,100,2026-08-12T00:00:00.000Z,true,63
ASM-0059447,E-0399,policy_navigation,INST-policy_navigation,v2,34,100,2026-07-11T00:00:00.000Z,false,44
ASM-0059486,E-0400,communication,INST-communication,v1,10,100,2025-02-01T00:00:00.000Z,true,89
ASM-0059488,E-0400,collaboration,INST-collaboration,v1,33,100,2025-02-12T00:00:00.000Z,true,78
ASM-0059490,E-0400,customer_resolution,INST-customer_resolution,v1,36,100,2025-03-05T00:00:00.000Z,false,80
ASM-0059492,E-0400,troubleshooting,INST-troubleshooting,v1,18,100,2025-01-03T00:00:00.000Z,true,24
ASM-0059513,E-0400,communication,INST-communication,v1,36,100,2025-08-15T00:00:00.000Z,true,43
ASM-0059515,E-0400,problem_solving,INST-problem_solving,v1,64,100,2025-08-26T00:00:00.000Z,true,38
ASM-0059517,E-0400,troubleshooting,INST-troubleshooting,v1,26,100,2025-08-27T00:00:00.000Z,true,78
ASM-0059546,E-0400,collaboration,INST-collaboration,v2,23,100,2026-02-12T00:00:00.000Z,true,28
ASM-0059548,E-0400,problem_solving,INST-problem_solving,v2,54,100,2026-01-07T00:00:00.000Z,true,83
ASM-0059550,E-0400,customer_resolution,INST-customer_resolution,v2,35,100,2026-01-26T00:00:00.000Z,true,61
ASM-0059552,E-0400,troubleshooting,INST-troubleshooting,v2,26,100,2026-01-20T00:00:00.000Z,true,39
ASM-0059573,E-0400,communication,INST-communication,v2,36,100,2026-07-10T00:00:00.000Z,false,58
ASM-0059575,E-0400,collaboration,INST-collaboration,v2,16,100,2026-07-31T00:00:00.000Z,false,59
ASM-0059577,E-0400,problem_solving,INST-problem_solving,v2,80,100,2026-08-22T00:00:00.000Z,true,40
ASM-0059579,E-0400,customer_resolution,INST-customer_resolution,v2,23,100,2026-08-19T00:00:00.000Z,false,44
ASM-0059581,E-0400,troubleshooting,INST-troubleshooting,v2,44,100,2026-07-09T00:00:00.000Z,true,44
ASM-0059630,E-0401,communication,INST-communication,v1,20,100,2025-03-10T00:00:00.000Z,true,82
ASM-0059632,E-0401,collaboration,INST-collaboration,v1,23,100,2025-02-06T00:00:00.000Z,true,57
ASM-0059634,E-0401,system_design,INST-system_design,v1,19,100,2025-02-20T00:00:00.000Z,true,88
ASM-0059651,E-0401,communication,INST-communication,v1,51,100,2025-07-28T00:00:00.000Z,true,33
ASM-0059653,E-0401,execution,INST-execution,v1,47,100,2025-08-30T00:00:00.000Z,true,84
ASM-0059655,E-0401,collaboration,INST-collaboration,v1,50,100,2025-09-03T00:00:00.000Z,false,73
ASM-0059657,E-0401,problem_solving,INST-problem_solving,v1,36,100,2025-07-08T00:00:00.000Z,true,59
ASM-0059659,E-0401,system_design,INST-system_design,v1,41,100,2025-08-06T00:00:00.000Z,false,44
ASM-0059692,E-0401,communication,INST-communication,v2,48,100,2026-02-18T00:00:00.000Z,true,71
ASM-0059694,E-0401,execution,INST-execution,v2,61,100,2026-01-15T00:00:00.000Z,true,36
ASM-0059696,E-0401,collaboration,INST-collaboration,v2,49,100,2026-03-16T00:00:00.000Z,true,21
ASM-0059698,E-0401,problem_solving,INST-problem_solving,v2,33,100,2026-01-07T00:00:00.000Z,false,68
ASM-0059700,E-0401,system_design,INST-system_design,v2,62,100,2026-03-20T00:00:00.000Z,false,54
ASM-0059728,E-0401,communication,INST-communication,v2,70,100,2026-07-31T00:00:00.000Z,true,66
ASM-0059730,E-0401,execution,INST-execution,v2,94,100,2026-07-19T00:00:00.000Z,true,26
ASM-0059732,E-0401,collaboration,INST-collaboration,v2,53,100,2026-07-13T00:00:00.000Z,true,39
ASM-0059734,E-0401,problem_solving,INST-problem_solving,v2,38,100,2026-08-26T00:00:00.000Z,true,62
ASM-0059736,E-0401,system_design,INST-system_design,v2,63,100,2026-09-20T00:00:00.000Z,false,24
ASM-0059777,E-0402,communication,INST-communication,v1,36,100,2025-01-11T00:00:00.000Z,true,43
ASM-0059779,E-0402,execution,INST-execution,v1,29,100,2025-03-13T00:00:00.000Z,true,59
ASM-0059781,E-0402,collaboration,INST-collaboration,v1,27,100,2025-03-03T00:00:00.000Z,false,43
ASM-0059783,E-0402,problem_solving,INST-problem_solving,v1,48,100,2025-02-04T00:00:00.000Z,true,28
ASM-0059814,E-0402,communication,INST-communication,v1,33,100,2025-07-19T00:00:00.000Z,true,30
ASM-0059816,E-0402,execution,INST-execution,v1,24,100,2025-08-29T00:00:00.000Z,false,59
ASM-0059818,E-0402,collaboration,INST-collaboration,v1,23,100,2025-09-09T00:00:00.000Z,false,72
ASM-0059820,E-0402,problem_solving,INST-problem_solving,v1,52,100,2025-07-09T00:00:00.000Z,true,57
ASM-0059849,E-0402,communication,INST-communication,v2,47,100,2026-01-14T00:00:00.000Z,true,42
ASM-0059851,E-0402,execution,INST-execution,v2,27,100,2026-01-29T00:00:00.000Z,true,84
ASM-0059853,E-0402,problem_solving,INST-problem_solving,v2,33,100,2026-03-23T00:00:00.000Z,true,66
ASM-0059873,E-0402,communication,INST-communication,v2,42,100,2026-08-26T00:00:00.000Z,false,61
ASM-0059875,E-0402,execution,INST-execution,v2,16,100,2026-09-14T00:00:00.000Z,true,82
ASM-0059915,E-0403,communication,INST-communication,v1,38,100,2025-01-22T00:00:00.000Z,true,84
ASM-0059917,E-0403,collaboration,INST-collaboration,v1,29,100,2025-03-22T00:00:00.000Z,true,73
ASM-0059919,E-0403,problem_solving,INST-problem_solving,v1,29,100,2025-03-15T00:00:00.000Z,true,69
ASM-0059921,E-0403,campaign_strategy,INST-campaign_strategy,v1,33,100,2025-02-10T00:00:00.000Z,true,22
ASM-0059923,E-0403,content_quality,INST-content_quality,v1,67,100,2025-02-21T00:00:00.000Z,true,55
ASM-0059950,E-0403,communication,INST-communication,v1,65,100,2025-09-05T00:00:00.000Z,false,86
ASM-0059952,E-0403,execution,INST-execution,v1,23,100,2025-08-14T00:00:00.000Z,true,50
ASM-0059954,E-0403,collaboration,INST-collaboration,v1,38,100,2025-08-17T00:00:00.000Z,true,44
ASM-0059956,E-0403,problem_solving,INST-problem_solving,v1,23,100,2025-08-18T00:00:00.000Z,true,52
ASM-0059958,E-0403,campaign_strategy,INST-campaign_strategy,v1,34,100,2025-08-02T00:00:00.000Z,true,89
ASM-0059960,E-0403,content_quality,INST-content_quality,v1,52,100,2025-09-03T00:00:00.000Z,true,39
ASM-0059987,E-0403,communication,INST-communication,v2,44,100,2026-01-16T00:00:00.000Z,false,25
ASM-0059989,E-0403,execution,INST-execution,v2,22,100,2026-01-15T00:00:00.000Z,true,85
ASM-0059991,E-0403,collaboration,INST-collaboration,v2,17,100,2026-03-05T00:00:00.000Z,false,68
ASM-0059993,E-0403,problem_solving,INST-problem_solving,v2,53,100,2026-02-06T00:00:00.000Z,true,25
ASM-0059995,E-0403,content_quality,INST-content_quality,v2,41,100,2026-03-05T00:00:00.000Z,false,32
ASM-0060020,E-0403,communication,INST-communication,v2,22,100,2026-08-13T00:00:00.000Z,false,79
ASM-0060022,E-0403,execution,INST-execution,v2,36,100,2026-09-08T00:00:00.000Z,true,37
ASM-0060024,E-0403,collaboration,INST-collaboration,v2,38,100,2026-07-13T00:00:00.000Z,false,58
ASM-0060026,E-0403,problem_solving,INST-problem_solving,v2,30,100,2026-08-10T00:00:00.000Z,true,52
ASM-0060028,E-0403,content_quality,INST-content_quality,v2,52,100,2026-09-21T00:00:00.000Z,true,74
ASM-0060066,E-0404,execution,INST-execution,v1,64,100,2025-03-03T00:00:00.000Z,true,70
ASM-0060068,E-0404,collaboration,INST-collaboration,v1,31,100,2025-02-07T00:00:00.000Z,false,30
ASM-0060070,E-0404,problem_solving,INST-problem_solving,v1,33,100,2025-01-21T00:00:00.000Z,true,81
ASM-0060072,E-0404,roadmap_prioritization,INST-roadmap_prioritization,v1,31,100,2025-02-19T00:00:00.000Z,true,76
ASM-0060074,E-0404,stakeholder_alignment,INST-stakeholder_alignment,v1,25,100,2025-01-07T00:00:00.000Z,false,37
ASM-0060105,E-0404,communication,INST-communication,v1,34,100,2025-08-11T00:00:00.000Z,true,64
ASM-0060107,E-0404,execution,INST-execution,v1,50,100,2025-08-30T00:00:00.000Z,true,50
ASM-0060109,E-0404,collaboration,INST-collaboration,v1,51,100,2025-09-18T00:00:00.000Z,false,58
ASM-0060111,E-0404,problem_solving,INST-problem_solving,v1,27,100,2025-07-01T00:00:00.000Z,true,35
ASM-0060113,E-0404,roadmap_prioritization,INST-roadmap_prioritization,v1,43,100,2025-09-05T00:00:00.000Z,true,66
ASM-0060115,E-0404,stakeholder_alignment,INST-stakeholder_alignment,v1,39,100,2025-07-05T00:00:00.000Z,false,55
ASM-0060148,E-0404,communication,INST-communication,v2,31,100,2026-01-20T00:00:00.000Z,true,50
ASM-0060150,E-0404,execution,INST-execution,v2,50,100,2026-01-24T00:00:00.000Z,true,23
ASM-0060152,E-0404,collaboration,INST-collaboration,v2,47,100,2026-03-27T00:00:00.000Z,true,54
ASM-0060154,E-0404,problem_solving,INST-problem_solving,v2,40,100,2026-03-18T00:00:00.000Z,true,38
ASM-0060156,E-0404,roadmap_prioritization,INST-roadmap_prioritization,v2,50,100,2026-03-07T00:00:00.000Z,true,35
ASM-0060176,E-0404,communication,INST-communication,v2,34,100,2026-07-06T00:00:00.000Z,true,26
ASM-0060178,E-0404,execution,INST-execution,v2,23,100,2026-07-02T00:00:00.000Z,true,22
ASM-0060180,E-0404,collaboration,INST-collaboration,v2,58,100,2026-07-16T00:00:00.000Z,true,73
ASM-0060205,E-0405,collaboration,INST-collaboration,v1,29,100,2025-02-08T00:00:00.000Z,false,57
ASM-0060207,E-0405,problem_solving,INST-problem_solving,v1,24,100,2025-01-30T00:00:00.000Z,true,52
ASM-0060209,E-0405,visual_craft,INST-visual_craft,v1,29,100,2025-01-01T00:00:00.000Z,false,24
ASM-0060211,E-0405,ux_research,INST-ux_research,v1,24,100,2025-03-31T00:00:00.000Z,true,62
ASM-0060238,E-0405,communication,INST-communication,v1,23,100,2025-09-25T00:00:00.000Z,true,80
ASM-0060240,E-0405,execution,INST-execution,v1,34,100,2025-08-17T00:00:00.000Z,true,79
ASM-0060242,E-0405,collaboration,INST-collaboration,v1,30,100,2025-08-04T00:00:00.000Z,true,73
ASM-0060244,E-0405,problem_solving,INST-problem_solving,v1,10,100,2025-08-06T00:00:00.000Z,true,79
ASM-0060246,E-0405,visual_craft,INST-visual_craft,v1,19,100,2025-08-06T00:00:00.000Z,true,38
ASM-0060248,E-0405,ux_research,INST-ux_research,v1,60,100,2025-07-22T00:00:00.000Z,false,23
ASM-0060286,E-0405,communication,INST-communication,v2,37,100,2026-01-01T00:00:00.000Z,false,81
ASM-0060288,E-0405,collaboration,INST-collaboration,v2,45,100,2026-03-16T00:00:00.000Z,true,49
ASM-0060290,E-0405,visual_craft,INST-visual_craft,v2,25,100,2026-01-10T00:00:00.000Z,true,62
ASM-0060292,E-0405,ux_research,INST-ux_research,v2,56,100,2026-03-16T00:00:00.000Z,false,50
ASM-0060309,E-0405,communication,INST-communication,v2,64,100,2026-07-27T00:00:00.000Z,false,43
ASM-0060311,E-0405,execution,INST-execution,v2,77,100,2026-08-25T00:00:00.000Z,true,54
ASM-0060313,E-0405,collaboration,INST-collaboration,v2,40,100,2026-08-17T00:00:00.000Z,false,81
ASM-0060315,E-0405,problem_solving,INST-problem_solving,v2,39,100,2026-07-25T00:00:00.000Z,true,37
ASM-0060317,E-0405,visual_craft,INST-visual_craft,v2,15,100,2026-09-25T00:00:00.000Z,true,81
ASM-0060319,E-0405,ux_research,INST-ux_research,v2,61,100,2026-08-05T00:00:00.000Z,true,46
ASM-0060362,E-0406,communication,INST-communication,v1,83,100,2025-02-04T00:00:00.000Z,true,32
ASM-0060364,E-0406,execution,INST-execution,v1,82,100,2025-03-06T00:00:00.000Z,true,88
ASM-0060366,E-0406,problem_solving,INST-problem_solving,v1,25,100,2025-01-10T00:00:00.000Z,true,89
ASM-0060368,E-0406,compliance_rigor,INST-compliance_rigor,v1,66,100,2025-01-08T00:00:00.000Z,false,22
ASM-0060386,E-0406,communication,INST-communication,v1,55,100,2025-09-08T00:00:00.000Z,true,83
ASM-0060388,E-0406,execution,INST-execution,v1,82,100,2025-09-29T00:00:00.000Z,true,88
ASM-0060390,E-0406,financial_modeling,INST-financial_modeling,v1,65,100,2025-08-09T00:00:00.000Z,true,77
ASM-0060392,E-0406,compliance_rigor,INST-compliance_rigor,v1,81,100,2025-07-25T00:00:00.000Z,false,75
ASM-0060426,E-0407,communication,INST-communication,v1,19,100,2025-01-05T00:00:00.000Z,false,84
ASM-0060428,E-0407,execution,INST-execution,v1,45,100,2025-03-09T00:00:00.000Z,false,23
ASM-0060430,E-0407,collaboration,INST-collaboration,v1,31,100,2025-02-17T00:00:00.000Z,false,27
ASM-0060432,E-0407,problem_solving,INST-problem_solving,v1,71,100,2025-01-31T00:00:00.000Z,true,60
ASM-0060434,E-0407,talent_assessment,INST-talent_assessment,v1,10,100,2025-03-01T00:00:00.000Z,false,85
ASM-0060464,E-0407,communication,INST-communication,v1,25,100,2025-07-22T00:00:00.000Z,true,64
ASM-0060466,E-0407,execution,INST-execution,v1,62,100,2025-09-18T00:00:00.000Z,false,40
ASM-0060468,E-0407,problem_solving,INST-problem_solving,v1,71,100,2025-09-26T00:00:00.000Z,true,64
ASM-0060470,E-0407,talent_assessment,INST-talent_assessment,v1,46,100,2025-09-29T00:00:00.000Z,true,31
ASM-0060472,E-0407,policy_navigation,INST-policy_navigation,v1,51,100,2025-08-15T00:00:00.000Z,true,30
ASM-0060494,E-0407,communication,INST-communication,v2,31,100,2026-02-25T00:00:00.000Z,true,23
ASM-0060496,E-0407,execution,INST-execution,v2,56,100,2026-01-11T00:00:00.000Z,false,76
ASM-0060498,E-0407,collaboration,INST-collaboration,v2,25,100,2026-02-16T00:00:00.000Z,true,80
ASM-0060500,E-0407,problem_solving,INST-problem_solving,v2,57,100,2026-01-26T00:00:00.000Z,true,39
ASM-0060502,E-0407,talent_assessment,INST-talent_assessment,v2,65,100,2026-03-27T00:00:00.000Z,true,87
ASM-0060504,E-0407,policy_navigation,INST-policy_navigation,v2,51,100,2026-03-07T00:00:00.000Z,false,46
ASM-0060534,E-0407,communication,INST-communication,v2,55,100,2026-09-19T00:00:00.000Z,false,45
ASM-0060536,E-0407,execution,INST-execution,v2,56,100,2026-07-16T00:00:00.000Z,true,40
ASM-0060538,E-0407,collaboration,INST-collaboration,v2,35,100,2026-09-03T00:00:00.000Z,true,31
ASM-0060540,E-0407,problem_solving,INST-problem_solving,v2,32,100,2026-08-23T00:00:00.000Z,false,51
ASM-0060542,E-0407,policy_navigation,INST-policy_navigation,v2,53,100,2026-07-05T00:00:00.000Z,true,62
ASM-0060579,E-0408,execution,INST-execution,v1,28,100,2025-02-20T00:00:00.000Z,true,30
ASM-0060581,E-0408,collaboration,INST-collaboration,v1,81,100,2025-01-27T00:00:00.000Z,false,72
ASM-0060583,E-0408,problem_solving,INST-problem_solving,v1,34,100,2025-03-19T00:00:00.000Z,true,87
ASM-0060585,E-0408,customer_resolution,INST-customer_resolution,v1,70,100,2025-01-29T00:00:00.000Z,true,67
ASM-0060587,E-0408,troubleshooting,INST-troubleshooting,v1,28,100,2025-03-16T00:00:00.000Z,true,35
ASM-0060616,E-0408,communication,INST-communication,v1,82,100,2025-07-18T00:00:00.000Z,true,68
ASM-0060618,E-0408,execution,INST-execution,v1,24,100,2025-09-16T00:00:00.000Z,false,23
ASM-0060620,E-0408,collaboration,INST-collaboration,v1,56,100,2025-07-19T00:00:00.000Z,true,68
ASM-0060622,E-0408,problem_solving,INST-problem_solving,v1,42,100,2025-08-23T00:00:00.000Z,true,40
ASM-0060657,E-0408,communication,INST-communication,v2,69,100,2026-02-05T00:00:00.000Z,false,51
ASM-0060659,E-0408,execution,INST-execution,v2,43,100,2026-02-03T00:00:00.000Z,false,51
ASM-0060661,E-0408,collaboration,INST-collaboration,v2,47,100,2026-01-26T00:00:00.000Z,true,54
ASM-0060663,E-0408,problem_solving,INST-problem_solving,v2,58,100,2026-02-04T00:00:00.000Z,true,25
ASM-0060665,E-0408,customer_resolution,INST-customer_resolution,v2,59,100,2026-01-23T00:00:00.000Z,true,33
ASM-0060687,E-0408,communication,INST-communication,v2,72,100,2026-09-07T00:00:00.000Z,true,71
ASM-0060689,E-0408,execution,INST-execution,v2,39,100,2026-08-29T00:00:00.000Z,true,63
ASM-0060691,E-0408,collaboration,INST-collaboration,v2,27,100,2026-09-22T00:00:00.000Z,true,21
ASM-0060693,E-0408,problem_solving,INST-problem_solving,v2,85,100,2026-07-12T00:00:00.000Z,true,27
ASM-0060695,E-0408,customer_resolution,INST-customer_resolution,v2,55,100,2026-09-01T00:00:00.000Z,false,88
ASM-0060697,E-0408,troubleshooting,INST-troubleshooting,v2,70,100,2026-08-21T00:00:00.000Z,false,53
ASM-0060725,E-0409,communication,INST-communication,v1,14,100,2025-01-05T00:00:00.000Z,true,76
ASM-0060727,E-0409,execution,INST-execution,v1,43,100,2025-02-05T00:00:00.000Z,false,56
ASM-0060729,E-0409,collaboration,INST-collaboration,v1,66,100,2025-01-29T00:00:00.000Z,false,31
ASM-0060731,E-0409,system_design,INST-system_design,v1,32,100,2025-01-28T00:00:00.000Z,true,89
ASM-0060733,E-0409,code_quality,INST-code_quality,v1,52,100,2025-02-04T00:00:00.000Z,false,89
ASM-0060757,E-0409,execution,INST-execution,v1,62,100,2025-07-08T00:00:00.000Z,false,58
ASM-0060759,E-0409,problem_solving,INST-problem_solving,v1,54,100,2025-07-19T00:00:00.000Z,true,63
ASM-0060761,E-0409,system_design,INST-system_design,v1,59,100,2025-09-13T00:00:00.000Z,true,47
ASM-0060763,E-0409,code_quality,INST-code_quality,v1,44,100,2025-07-06T00:00:00.000Z,false,55
ASM-0060788,E-0409,communication,INST-communication,v2,27,100,2026-01-22T00:00:00.000Z,true,42
ASM-0060790,E-0409,execution,INST-execution,v2,52,100,2026-03-28T00:00:00.000Z,true,61
ASM-0060792,E-0409,problem_solving,INST-problem_solving,v2,69,100,2026-03-04T00:00:00.000Z,true,77
ASM-0060794,E-0409,system_design,INST-system_design,v2,58,100,2026-01-01T00:00:00.000Z,true,52
ASM-0060796,E-0409,code_quality,INST-code_quality,v2,50,100,2026-02-23T00:00:00.000Z,true,21
ASM-0060816,E-0409,communication,INST-communication,v2,56,100,2026-07-26T00:00:00.000Z,false,84
ASM-0060818,E-0409,execution,INST-execution,v2,51,100,2026-07-30T00:00:00.000Z,true,77
ASM-0060820,E-0409,problem_solving,INST-problem_solving,v2,89,100,2026-09-22T00:00:00.000Z,false,84
ASM-0060862,E-0410,communication,INST-communication,v1,41,100,2025-03-10T00:00:00.000Z,true,89
ASM-0060864,E-0410,execution,INST-execution,v1,27,100,2025-02-06T00:00:00.000Z,true,70
ASM-0060866,E-0410,collaboration,INST-collaboration,v1,43,100,2025-03-13T00:00:00.000Z,false,57
ASM-0060868,E-0410,negotiation,INST-negotiation,v1,52,100,2025-01-01T00:00:00.000Z,false,81
ASM-0060900,E-0410,execution,INST-execution,v1,40,100,2025-07-26T00:00:00.000Z,true,48
ASM-0060902,E-0410,collaboration,INST-collaboration,v1,34,100,2025-07-26T00:00:00.000Z,false,67
ASM-0060904,E-0410,problem_solving,INST-problem_solving,v1,61,100,2025-07-06T00:00:00.000Z,true,41
ASM-0060906,E-0410,negotiation,INST-negotiation,v1,40,100,2025-08-30T00:00:00.000Z,false,37
ASM-0060908,E-0410,pipeline_mgmt,INST-pipeline_mgmt,v1,40,100,2025-09-03T00:00:00.000Z,true,67
ASM-0060940,E-0410,communication,INST-communication,v2,43,100,2026-03-23T00:00:00.000Z,true,51
ASM-0060942,E-0410,collaboration,INST-collaboration,v2,61,100,2026-02-14T00:00:00.000Z,true,38
ASM-0060944,E-0410,problem_solving,INST-problem_solving,v2,43,100,2026-03-04T00:00:00.000Z,true,56
ASM-0060946,E-0410,negotiation,INST-negotiation,v2,36,100,2026-02-25T00:00:00.000Z,true,73
ASM-0060948,E-0410,pipeline_mgmt,INST-pipeline_mgmt,v2,54,100,2026-03-15T00:00:00.000Z,true,72
ASM-0060980,E-0410,communication,INST-communication,v2,38,100,2026-09-25T00:00:00.000Z,true,48
ASM-0060982,E-0410,execution,INST-execution,v2,74,100,2026-09-26T00:00:00.000Z,true,78
ASM-0060984,E-0410,collaboration,INST-collaboration,v2,81,100,2026-07-06T00:00:00.000Z,true,79
ASM-0060986,E-0410,problem_solving,INST-problem_solving,v2,25,100,2026-09-12T00:00:00.000Z,true,26
ASM-0060988,E-0410,pipeline_mgmt,INST-pipeline_mgmt,v2,75,100,2026-09-28T00:00:00.000Z,true,62
ASM-0061019,E-0411,communication,INST-communication,v1,29,100,2025-03-19T00:00:00.000Z,false,84
ASM-0061021,E-0411,execution,INST-execution,v1,39,100,2025-01-14T00:00:00.000Z,true,83
ASM-0061023,E-0411,problem_solving,INST-problem_solving,v1,34,100,2025-03-16T00:00:00.000Z,true,20
ASM-0061025,E-0411,campaign_strategy,INST-campaign_strategy,v1,36,100,2025-03-15T00:00:00.000Z,true,55
ASM-0061027,E-0411,content_quality,INST-content_quality,v1,37,100,2025-03-05T00:00:00.000Z,true,24
ASM-0061054,E-0411,collaboration,INST-collaboration,v1,58,100,2025-09-15T00:00:00.000Z,true,43
ASM-0061056,E-0411,campaign_strategy,INST-campaign_strategy,v1,25,100,2025-09-30T00:00:00.000Z,true,50
ASM-0061083,E-0411,communication,INST-communication,v2,29,100,2026-03-02T00:00:00.000Z,true,62
ASM-0061085,E-0411,execution,INST-execution,v2,29,100,2026-03-13T00:00:00.000Z,false,25
ASM-0061087,E-0411,collaboration,INST-collaboration,v2,49,100,2026-02-22T00:00:00.000Z,true,69
ASM-0061089,E-0411,problem_solving,INST-problem_solving,v2,16,100,2026-03-21T00:00:00.000Z,false,67
ASM-0061091,E-0411,campaign_strategy,INST-campaign_strategy,v2,26,100,2026-01-28T00:00:00.000Z,false,29
ASM-0061093,E-0411,content_quality,INST-content_quality,v2,60,100,2026-01-06T00:00:00.000Z,true,82
ASM-0061114,E-0411,execution,INST-execution,v2,31,100,2026-07-12T00:00:00.000Z,true,36
ASM-0061116,E-0411,problem_solving,INST-problem_solving,v2,12,100,2026-07-24T00:00:00.000Z,true,69
ASM-0061118,E-0411,campaign_strategy,INST-campaign_strategy,v2,20,100,2026-08-04T00:00:00.000Z,false,85
ASM-0061120,E-0411,content_quality,INST-content_quality,v2,63,100,2026-08-06T00:00:00.000Z,true,24
ASM-0061164,E-0412,communication,INST-communication,v1,85,100,2025-01-26T00:00:00.000Z,false,74
ASM-0061166,E-0412,execution,INST-execution,v1,39,100,2025-01-07T00:00:00.000Z,true,47
ASM-0061168,E-0412,collaboration,INST-collaboration,v1,38,100,2025-02-15T00:00:00.000Z,false,62
ASM-0061170,E-0412,roadmap_prioritization,INST-roadmap_prioritization,v1,27,100,2025-03-31T00:00:00.000Z,false,82
ASM-0061172,E-0412,stakeholder_alignment,INST-stakeholder_alignment,v1,67,100,2025-02-08T00:00:00.000Z,true,42
ASM-0061197,E-0412,communication,INST-communication,v1,70,100,2025-08-19T00:00:00.000Z,false,62
ASM-0061199,E-0412,execution,INST-execution,v1,18,100,2025-08-06T00:00:00.000Z,true,59
ASM-0061201,E-0412,collaboration,INST-collaboration,v1,34,100,2025-09-07T00:00:00.000Z,false,66
ASM-0061203,E-0412,problem_solving,INST-problem_solving,v1,27,100,2025-07-07T00:00:00.000Z,true,71
ASM-0061205,E-0412,roadmap_prioritization,INST-roadmap_prioritization,v1,34,100,2025-09-11T00:00:00.000Z,true,36
ASM-0061207,E-0412,stakeholder_alignment,INST-stakeholder_alignment,v1,53,100,2025-08-27T00:00:00.000Z,true,38
ASM-0061234,E-0412,communication,INST-communication,v2,55,100,2026-02-07T00:00:00.000Z,true,67
ASM-0061236,E-0412,execution,INST-execution,v2,31,100,2026-02-02T00:00:00.000Z,true,67
ASM-0061238,E-0412,collaboration,INST-collaboration,v2,38,100,2026-03-27T00:00:00.000Z,true,22
ASM-0061240,E-0412,problem_solving,INST-problem_solving,v2,55,100,2026-01-15T00:00:00.000Z,true,70
ASM-0061242,E-0412,roadmap_prioritization,INST-roadmap_prioritization,v2,47,100,2026-01-14T00:00:00.000Z,true,44
ASM-0061260,E-0412,communication,INST-communication,v2,45,100,2026-09-08T00:00:00.000Z,false,43
ASM-0061262,E-0412,execution,INST-execution,v2,27,100,2026-09-26T00:00:00.000Z,true,33
ASM-0061264,E-0412,roadmap_prioritization,INST-roadmap_prioritization,v2,57,100,2026-08-20T00:00:00.000Z,true,74
ASM-0061308,E-0413,communication,INST-communication,v1,10,100,2025-02-27T00:00:00.000Z,true,60
ASM-0061310,E-0413,collaboration,INST-collaboration,v1,39,100,2025-02-23T00:00:00.000Z,false,51
ASM-0061312,E-0413,problem_solving,INST-problem_solving,v1,29,100,2025-02-10T00:00:00.000Z,true,35
ASM-0061314,E-0413,visual_craft,INST-visual_craft,v1,19,100,2025-01-26T00:00:00.000Z,false,26
ASM-0061332,E-0413,communication,INST-communication,v1,31,100,2025-08-02T00:00:00.000Z,false,57
ASM-0061334,E-0413,execution,INST-execution,v1,56,100,2025-09-20T00:00:00.000Z,true,50
ASM-0061336,E-0413,collaboration,INST-collaboration,v1,27,100,2025-07-06T00:00:00.000Z,true,53
ASM-0061338,E-0413,problem_solving,INST-problem_solving,v1,39,100,2025-08-25T00:00:00.000Z,false,88
ASM-0061340,E-0413,visual_craft,INST-visual_craft,v1,45,100,2025-08-31T00:00:00.000Z,true,63
ASM-0061342,E-0413,ux_research,INST-ux_research,v1,21,100,2025-09-09T00:00:00.000Z,true,30
ASM-0061363,E-0413,communication,INST-communication,v2,58,100,2026-03-23T00:00:00.000Z,false,81
ASM-0061365,E-0413,execution,INST-execution,v2,59,100,2026-01-13T00:00:00.000Z,true,49
ASM-0061367,E-0413,collaboration,INST-collaboration,v2,34,100,2026-03-14T00:00:00.000Z,false,26
ASM-0061369,E-0413,problem_solving,INST-problem_solving,v2,71,100,2026-03-05T00:00:00.000Z,true,75
ASM-0061371,E-0413,visual_craft,INST-visual_craft,v2,24,100,2026-03-11T00:00:00.000Z,false,75
ASM-0061373,E-0413,ux_research,INST-ux_research,v2,16,100,2026-02-12T00:00:00.000Z,true,49
ASM-0061398,E-0413,communication,INST-communication,v2,54,100,2026-08-19T00:00:00.000Z,false,25
ASM-0061400,E-0413,execution,INST-execution,v2,54,100,2026-09-22T00:00:00.000Z,false,44
ASM-0061402,E-0413,collaboration,INST-collaboration,v2,33,100,2026-09-07T00:00:00.000Z,true,79
ASM-0061404,E-0413,problem_solving,INST-problem_solving,v2,73,100,2026-08-07T00:00:00.000Z,true,68
ASM-0061406,E-0413,ux_research,INST-ux_research,v2,19,100,2026-07-01T00:00:00.000Z,true,84
ASM-0061457,E-0414,communication,INST-communication,v1,76,100,2025-01-13T00:00:00.000Z,true,81
ASM-0061459,E-0414,execution,INST-execution,v1,19,100,2025-03-01T00:00:00.000Z,true,82
ASM-0061461,E-0414,collaboration,INST-collaboration,v1,44,100,2025-03-13T00:00:00.000Z,false,59
ASM-0061463,E-0414,financial_modeling,INST-financial_modeling,v1,29,100,2025-02-25T00:00:00.000Z,true,59
ASM-0061465,E-0414,compliance_rigor,INST-compliance_rigor,v1,23,100,2025-03-07T00:00:00.000Z,false,80
ASM-0061492,E-0414,execution,INST-execution,v1,24,100,2025-09-24T00:00:00.000Z,false,35
ASM-0061494,E-0414,collaboration,INST-collaboration,v1,52,100,2025-08-22T00:00:00.000Z,true,48
ASM-0061496,E-0414,problem_solving,INST-problem_solving,v1,13,100,2025-07-12T00:00:00.000Z,true,69
ASM-0061498,E-0414,compliance_rigor,INST-compliance_rigor,v1,27,100,2025-07-02T00:00:00.000Z,false,73
ASM-0061530,E-0414,communication,INST-communication,v2,69,100,2026-02-01T00:00:00.000Z,false,85
ASM-0061532,E-0414,execution,INST-execution,v2,38,100,2026-01-26T00:00:00.000Z,false,67
ASM-0061534,E-0414,collaboration,INST-collaboration,v2,63,100,2026-02-11T00:00:00.000Z,true,31
ASM-0061536,E-0414,problem_solving,INST-problem_solving,v2,9,100,2026-02-16T00:00:00.000Z,true,60
ASM-0061538,E-0414,compliance_rigor,INST-compliance_rigor,v2,21,100,2026-01-27T00:00:00.000Z,true,21
ASM-0061574,E-0414,communication,INST-communication,v2,50,100,2026-07-23T00:00:00.000Z,true,83
ASM-0061576,E-0414,collaboration,INST-collaboration,v2,80,100,2026-07-24T00:00:00.000Z,false,22
ASM-0061578,E-0414,problem_solving,INST-problem_solving,v2,0,100,2026-08-07T00:00:00.000Z,true,43
ASM-0061580,E-0414,compliance_rigor,INST-compliance_rigor,v2,68,100,2026-09-25T00:00:00.000Z,false,25
ASM-0061629,E-0415,communication,INST-communication,v1,61,100,2025-03-01T00:00:00.000Z,false,61
ASM-0061631,E-0415,collaboration,INST-collaboration,v1,76,100,2025-03-26T00:00:00.000Z,true,48
ASM-0061633,E-0415,problem_solving,INST-problem_solving,v1,70,100,2025-03-31T00:00:00.000Z,true,32
ASM-0061635,E-0415,policy_navigation,INST-policy_navigation,v1,75,100,2025-02-05T00:00:00.000Z,false,38
ASM-0061648,E-0415,communication,INST-communication,v1,45,100,2025-09-22T00:00:00.000Z,true,54
ASM-0061650,E-0415,execution,INST-execution,v1,27,100,2025-07-08T00:00:00.000Z,false,32
ASM-0061652,E-0415,collaboration,INST-collaboration,v1,78,100,2025-09-10T00:00:00.000Z,true,66
ASM-0061654,E-0415,problem_solving,INST-problem_solving,v1,76,100,2025-09-19T00:00:00.000Z,true,82
ASM-0061656,E-0415,policy_navigation,INST-policy_navigation,v1,66,100,2025-09-20T00:00:00.000Z,true,57
ASM-0061670,E-0415,communication,INST-communication,v2,57,100,2026-03-17T00:00:00.000Z,true,38
ASM-0061672,E-0415,execution,INST-execution,v2,50,100,2026-01-14T00:00:00.000Z,false,32
ASM-0061674,E-0415,collaboration,INST-collaboration,v2,72,100,2026-01-27T00:00:00.000Z,false,87
ASM-0061676,E-0415,problem_solving,INST-problem_solving,v2,72,100,2026-02-07T00:00:00.000Z,true,68
ASM-0061693,E-0415,communication,INST-communication,v2,47,100,2026-09-19T00:00:00.000Z,true,47
ASM-0061695,E-0415,execution,INST-execution,v2,55,100,2026-08-20T00:00:00.000Z,true,55
ASM-0061697,E-0415,collaboration,INST-collaboration,v2,81,100,2026-09-17T00:00:00.000Z,true,50
ASM-0061699,E-0415,problem_solving,INST-problem_solving,v2,87,100,2026-09-03T00:00:00.000Z,false,78
ASM-0061728,E-0416,communication,INST-communication,v1,40,100,2025-01-25T00:00:00.000Z,true,89
ASM-0061730,E-0416,execution,INST-execution,v1,47,100,2025-01-23T00:00:00.000Z,true,63
ASM-0061732,E-0416,problem_solving,INST-problem_solving,v1,35,100,2025-02-03T00:00:00.000Z,true,41
ASM-0061734,E-0416,customer_resolution,INST-customer_resolution,v1,48,100,2025-02-28T00:00:00.000Z,true,52
ASM-0061736,E-0416,troubleshooting,INST-troubleshooting,v1,41,100,2025-02-24T00:00:00.000Z,true,56
ASM-0061772,E-0416,communication,INST-communication,v1,27,100,2025-08-31T00:00:00.000Z,true,36
ASM-0061774,E-0416,execution,INST-execution,v1,34,100,2025-09-29T00:00:00.000Z,true,83
ASM-0061776,E-0416,collaboration,INST-collaboration,v1,32,100,2025-08-28T00:00:00.000Z,true,57
ASM-0061778,E-0416,problem_solving,INST-problem_solving,v1,25,100,2025-08-27T00:00:00.000Z,false,58
ASM-0061780,E-0416,customer_resolution,INST-customer_resolution,v1,36,100,2025-09-14T00:00:00.000Z,false,31
ASM-0061782,E-0416,troubleshooting,INST-troubleshooting,v1,23,100,2025-07-19T00:00:00.000Z,true,58
ASM-0061812,E-0416,communication,INST-communication,v2,24,100,2026-02-02T00:00:00.000Z,true,80
ASM-0061814,E-0416,execution,INST-execution,v2,43,100,2026-02-07T00:00:00.000Z,true,55
ASM-0061816,E-0416,collaboration,INST-collaboration,v2,47,100,2026-02-09T00:00:00.000Z,true,45
ASM-0061818,E-0416,problem_solving,INST-problem_solving,v2,29,100,2026-02-13T00:00:00.000Z,true,79
ASM-0061820,E-0416,customer_resolution,INST-customer_resolution,v2,32,100,2026-03-30T00:00:00.000Z,true,55
ASM-0061822,E-0416,troubleshooting,INST-troubleshooting,v2,45,100,2026-01-29T00:00:00.000Z,true,31
ASM-0061845,E-0416,communication,INST-communication,v2,32,100,2026-08-09T00:00:00.000Z,false,64
ASM-0061847,E-0416,execution,INST-execution,v2,25,100,2026-08-16T00:00:00.000Z,true,67
ASM-0061849,E-0416,problem_solving,INST-problem_solving,v2,18,100,2026-07-09T00:00:00.000Z,false,58
ASM-0061851,E-0416,customer_resolution,INST-customer_resolution,v2,32,100,2026-09-24T00:00:00.000Z,true,57
ASM-0061853,E-0416,troubleshooting,INST-troubleshooting,v2,42,100,2026-07-31T00:00:00.000Z,true,73
ASM-0061893,E-0417,communication,INST-communication,v1,41,100,2025-02-24T00:00:00.000Z,true,23
ASM-0061895,E-0417,execution,INST-execution,v1,79,100,2025-03-12T00:00:00.000Z,true,48
ASM-0061897,E-0417,collaboration,INST-collaboration,v1,80,100,2025-02-10T00:00:00.000Z,false,50
ASM-0061899,E-0417,problem_solving,INST-problem_solving,v1,17,100,2025-03-31T00:00:00.000Z,false,54
ASM-0061901,E-0417,system_design,INST-system_design,v1,61,100,2025-03-24T00:00:00.000Z,false,63
ASM-0061903,E-0417,code_quality,INST-code_quality,v1,10,100,2025-01-04T00:00:00.000Z,true,72
ASM-0061921,E-0417,communication,INST-communication,v1,67,100,2025-09-20T00:00:00.000Z,false,67
ASM-0061923,E-0417,execution,INST-execution,v1,85,100,2025-07-03T00:00:00.000Z,true,38
ASM-0061925,E-0417,collaboration,INST-collaboration,v1,69,100,2025-07-17T00:00:00.000Z,true,77
ASM-0061927,E-0417,problem_solving,INST-problem_solving,v1,25,100,2025-08-17T00:00:00.000Z,false,29
ASM-0061929,E-0417,code_quality,INST-code_quality,v1,11,100,2025-07-22T00:00:00.000Z,false,35
ASM-0061956,E-0417,execution,INST-execution,v2,74,100,2026-03-13T00:00:00.000Z,true,58
ASM-0061958,E-0417,collaboration,INST-collaboration,v2,92,100,2026-01-30T00:00:00.000Z,true,82
ASM-0061960,E-0417,problem_solving,INST-problem_solving,v2,49,100,2026-01-16T00:00:00.000Z,true,63
ASM-0061962,E-0417,system_design,INST-system_design,v2,45,100,2026-03-27T00:00:00.000Z,true,59
ASM-0061964,E-0417,code_quality,INST-code_quality,v2,27,100,2026-03-23T00:00:00.000Z,true,49
ASM-0061982,E-0417,communication,INST-communication,v2,92,100,2026-08-26T00:00:00.000Z,true,40
ASM-0061984,E-0417,execution,INST-execution,v2,68,100,2026-08-24T00:00:00.000Z,true,42
ASM-0061986,E-0417,problem_solving,INST-problem_solving,v2,72,100,2026-07-21T00:00:00.000Z,true,62
ASM-0061988,E-0417,system_design,INST-system_design,v2,65,100,2026-07-26T00:00:00.000Z,false,39
ASM-0061990,E-0417,code_quality,INST-code_quality,v2,42,100,2026-07-03T00:00:00.000Z,true,73
ASM-0062018,E-0418,communication,INST-communication,v1,20,100,2025-03-31T00:00:00.000Z,false,89
ASM-0062020,E-0418,execution,INST-execution,v1,10,100,2025-03-29T00:00:00.000Z,false,32
ASM-0062022,E-0418,negotiation,INST-negotiation,v1,25,100,2025-01-25T00:00:00.000Z,true,40
ASM-0062024,E-0418,pipeline_mgmt,INST-pipeline_mgmt,v1,52,100,2025-02-17T00:00:00.000Z,true,81
ASM-0062047,E-0418,communication,INST-communication,v1,43,100,2025-07-04T00:00:00.000Z,true,89
ASM-0062049,E-0418,execution,INST-execution,v1,36,100,2025-08-22T00:00:00.000Z,false,77
ASM-0062051,E-0418,collaboration,INST-collaboration,v1,69,100,2025-08-10T00:00:00.000Z,true,74
ASM-0062053,E-0418,problem_solving,INST-problem_solving,v1,35,100,2025-09-16T00:00:00.000Z,true,25
ASM-0062055,E-0418,negotiation,INST-negotiation,v1,30,100,2025-09-24T00:00:00.000Z,true,29
ASM-0062082,E-0418,communication,INST-communication,v2,58,100,2026-03-30T00:00:00.000Z,true,26
ASM-0062084,E-0418,collaboration,INST-collaboration,v2,69,100,2026-03-04T00:00:00.000Z,true,75
ASM-0062086,E-0418,problem_solving,INST-problem_solving,v2,45,100,2026-02-18T00:00:00.000Z,true,36
ASM-0062088,E-0418,negotiation,INST-negotiation,v2,55,100,2026-03-01T00:00:00.000Z,false,67
ASM-0062090,E-0418,pipeline_mgmt,INST-pipeline_mgmt,v2,57,100,2026-02-08T00:00:00.000Z,false,66
ASM-0062124,E-0418,execution,INST-execution,v2,53,100,2026-07-18T00:00:00.000Z,false,34
ASM-0062126,E-0418,collaboration,INST-collaboration,v2,64,100,2026-09-09T00:00:00.000Z,true,81
ASM-0062128,E-0418,problem_solving,INST-problem_solving,v2,76,100,2026-09-17T00:00:00.000Z,true,20
ASM-0062130,E-0418,negotiation,INST-negotiation,v2,86,100,2026-09-08T00:00:00.000Z,false,76
ASM-0062132,E-0418,pipeline_mgmt,INST-pipeline_mgmt,v2,59,100,2026-09-06T00:00:00.000Z,true,56
ASM-0062162,E-0419,communication,INST-communication,v1,22,100,2025-03-18T00:00:00.000Z,true,43
ASM-0062164,E-0419,execution,INST-execution,v1,22,100,2025-01-05T00:00:00.000Z,false,54
ASM-0062166,E-0419,collaboration,INST-collaboration,v1,12,100,2025-01-10T00:00:00.000Z,true,35
ASM-0062168,E-0419,problem_solving,INST-problem_solving,v1,32,100,2025-01-09T00:00:00.000Z,true,30
ASM-0062170,E-0419,campaign_strategy,INST-campaign_strategy,v1,32,100,2025-01-03T00:00:00.000Z,false,76
ASM-0062172,E-0419,content_quality,INST-content_quality,v1,15,100,2025-03-20T00:00:00.000Z,true,37
ASM-0062198,E-0419,communication,INST-communication,v1,27,100,2025-08-08T00:00:00.000Z,true,63
ASM-0062200,E-0419,execution,INST-execution,v1,36,100,2025-08-28T00:00:00.000Z,true,64
ASM-0062202,E-0419,collaboration,INST-collaboration,v1,35,100,2025-08-07T00:00:00.000Z,false,79
ASM-0062204,E-0419,problem_solving,INST-problem_solving,v1,61,100,2025-07-14T00:00:00.000Z,false,64
ASM-0062206,E-0419,campaign_strategy,INST-campaign_strategy,v1,33,100,2025-07-31T00:00:00.000Z,false,29
ASM-0062208,E-0419,content_quality,INST-content_quality,v1,49,100,2025-08-31T00:00:00.000Z,true,75
ASM-0062240,E-0419,communication,INST-communication,v2,48,100,2026-03-05T00:00:00.000Z,true,64
ASM-0062242,E-0419,execution,INST-execution,v2,45,100,2026-02-26T00:00:00.000Z,false,88
ASM-0062244,E-0419,collaboration,INST-collaboration,v2,11,100,2026-03-14T00:00:00.000Z,true,37
ASM-0062246,E-0419,problem_solving,INST-problem_solving,v2,57,100,2026-02-19T00:00:00.000Z,true,85
ASM-0062248,E-0419,campaign_strategy,INST-campaign_strategy,v2,40,100,2026-02-07T00:00:00.000Z,true,58
ASM-0062250,E-0419,content_quality,INST-content_quality,v2,57,100,2026-01-21T00:00:00.000Z,true,23
ASM-0062272,E-0419,communication,INST-communication,v2,9,100,2026-07-29T00:00:00.000Z,false,73
ASM-0062274,E-0419,execution,INST-execution,v2,60,100,2026-09-12T00:00:00.000Z,true,54
ASM-0062276,E-0419,collaboration,INST-collaboration,v2,13,100,2026-08-20T00:00:00.000Z,true,49
ASM-0062278,E-0419,problem_solving,INST-problem_solving,v2,94,100,2026-07-16T00:00:00.000Z,false,89
ASM-0062280,E-0419,campaign_strategy,INST-campaign_strategy,v2,52,100,2026-08-03T00:00:00.000Z,false,25
ASM-0062282,E-0419,content_quality,INST-content_quality,v2,70,100,2026-08-10T00:00:00.000Z,true,39
ASM-0062323,E-0420,communication,INST-communication,v1,15,100,2025-03-25T00:00:00.000Z,false,86
ASM-0062325,E-0420,collaboration,INST-collaboration,v1,32,100,2025-02-05T00:00:00.000Z,true,61
ASM-0062327,E-0420,roadmap_prioritization,INST-roadmap_prioritization,v1,84,100,2025-03-09T00:00:00.000Z,false,82
ASM-0062329,E-0420,stakeholder_alignment,INST-stakeholder_alignment,v1,34,100,2025-01-22T00:00:00.000Z,false,31
ASM-0062363,E-0420,communication,INST-communication,v1,39,100,2025-09-29T00:00:00.000Z,true,39
ASM-0062365,E-0420,execution,INST-execution,v1,25,100,2025-08-09T00:00:00.000Z,false,52
ASM-0062367,E-0420,collaboration,INST-collaboration,v1,46,100,2025-08-20T00:00:00.000Z,true,46
ASM-0062369,E-0420,problem_solving,INST-problem_solving,v1,34,100,2025-09-07T00:00:00.000Z,true,76
ASM-0062371,E-0420,stakeholder_alignment,INST-stakeholder_alignment,v1,25,100,2025-08-29T00:00:00.000Z,false,59
ASM-0062409,E-0420,communication,INST-communication,v2,16,100,2026-01-23T00:00:00.000Z,true,82
ASM-0062411,E-0420,execution,INST-execution,v2,20,100,2026-02-20T00:00:00.000Z,false,45
ASM-0062413,E-0420,collaboration,INST-collaboration,v2,37,100,2026-02-20T00:00:00.000Z,true,59
ASM-0062415,E-0420,problem_solving,INST-problem_solving,v2,17,100,2026-02-16T00:00:00.000Z,true,43
ASM-0062417,E-0420,roadmap_prioritization,INST-roadmap_prioritization,v2,39,100,2026-01-30T00:00:00.000Z,false,58
ASM-0062445,E-0420,execution,INST-execution,v2,23,100,2026-09-02T00:00:00.000Z,false,74
ASM-0062447,E-0420,collaboration,INST-collaboration,v2,38,100,2026-07-07T00:00:00.000Z,true,60
ASM-0062449,E-0420,problem_solving,INST-problem_solving,v2,27,100,2026-08-13T00:00:00.000Z,true,39
ASM-0062451,E-0420,stakeholder_alignment,INST-stakeholder_alignment,v2,30,100,2026-09-10T00:00:00.000Z,true,80
ASM-0062494,E-0421,execution,INST-execution,v1,35,100,2025-02-10T00:00:00.000Z,true,37
ASM-0062496,E-0421,collaboration,INST-collaboration,v1,65,100,2025-03-24T00:00:00.000Z,true,20
ASM-0062498,E-0421,problem_solving,INST-problem_solving,v1,48,100,2025-01-18T00:00:00.000Z,true,44
ASM-0062500,E-0421,visual_craft,INST-visual_craft,v1,80,100,2025-02-22T00:00:00.000Z,true,78
ASM-0062502,E-0421,ux_research,INST-ux_research,v1,41,100,2025-01-07T00:00:00.000Z,true,29
ASM-0062529,E-0421,communication,INST-communication,v1,40,100,2025-07-20T00:00:00.000Z,true,84
ASM-0062531,E-0421,execution,INST-execution,v1,54,100,2025-07-27T00:00:00.000Z,true,53
ASM-0062533,E-0421,collaboration,INST-collaboration,v1,64,100,2025-09-08T00:00:00.000Z,true,85
ASM-0062535,E-0421,problem_solving,INST-problem_solving,v1,60,100,2025-08-28T00:00:00.000Z,true,39
ASM-0062537,E-0421,visual_craft,INST-visual_craft,v1,65,100,2025-08-21T00:00:00.000Z,true,50
ASM-0062539,E-0421,ux_research,INST-ux_research,v1,53,100,2025-08-12T00:00:00.000Z,true,88
ASM-0062549,E-0421,execution,INST-execution,v2,84,100,2026-02-16T00:00:00.000Z,false,52
ASM-0062551,E-0421,collaboration,INST-collaboration,v2,57,100,2026-03-12T00:00:00.000Z,true,39
ASM-0062553,E-0421,problem_solving,INST-problem_solving,v2,61,100,2026-02-21T00:00:00.000Z,true,44
ASM-0062555,E-0421,visual_craft,INST-visual_craft,v2,51,100,2026-03-22T00:00:00.000Z,true,86
ASM-0062557,E-0421,ux_research,INST-ux_research,v2,88,100,2026-03-11T00:00:00.000Z,true,34
ASM-0062579,E-0421,communication,INST-communication,v2,70,100,2026-09-27T00:00:00.000Z,false,43
ASM-0062581,E-0421,collaboration,INST-collaboration,v2,51,100,2026-09-10T00:00:00.000Z,true,32
ASM-0062583,E-0421,problem_solving,INST-problem_solving,v2,30,100,2026-08-15T00:00:00.000Z,false,40
ASM-0062585,E-0421,visual_craft,INST-visual_craft,v2,50,100,2026-07-06T00:00:00.000Z,true,59
ASM-0062587,E-0421,ux_research,INST-ux_research,v2,83,100,2026-09-04T00:00:00.000Z,true,72
ASM-0062622,E-0422,execution,INST-execution,v1,42,100,2025-03-20T00:00:00.000Z,true,38
ASM-0062624,E-0422,collaboration,INST-collaboration,v1,39,100,2025-01-08T00:00:00.000Z,true,38
ASM-0062626,E-0422,problem_solving,INST-problem_solving,v1,18,100,2025-03-11T00:00:00.000Z,true,61
ASM-0062628,E-0422,financial_modeling,INST-financial_modeling,v1,67,100,2025-01-03T00:00:00.000Z,true,52
ASM-0062630,E-0422,compliance_rigor,INST-compliance_rigor,v1,34,100,2025-03-04T00:00:00.000Z,false,89
ASM-0062659,E-0422,communication,INST-communication,v1,26,100,2025-07-28T00:00:00.000Z,true,79
ASM-0062661,E-0422,execution,INST-execution,v1,56,100,2025-09-05T00:00:00.000Z,false,78
ASM-0062663,E-0422,collaboration,INST-collaboration,v1,24,100,2025-07-03T00:00:00.000Z,true,87
ASM-0062665,E-0422,problem_solving,INST-problem_solving,v1,30,100,2025-08-06T00:00:00.000Z,true,49
ASM-0062667,E-0422,financial_modeling,INST-financial_modeling,v1,64,100,2025-09-17T00:00:00.000Z,true,45
ASM-0062704,E-0422,communication,INST-communication,v2,43,100,2026-02-08T00:00:00.000Z,false,57
ASM-0062706,E-0422,execution,INST-execution,v2,47,100,2026-03-06T00:00:00.000Z,true,39
ASM-0062708,E-0422,collaboration,INST-collaboration,v2,36,100,2026-03-27T00:00:00.000Z,true,20
ASM-0062710,E-0422,financial_modeling,INST-financial_modeling,v2,53,100,2026-01-13T00:00:00.000Z,true,26
ASM-0062712,E-0422,compliance_rigor,INST-compliance_rigor,v2,94,100,2026-03-05T00:00:00.000Z,true,42
ASM-0062740,E-0422,communication,INST-communication,v2,69,100,2026-09-26T00:00:00.000Z,true,79
ASM-0062742,E-0422,execution,INST-execution,v2,41,100,2026-08-13T00:00:00.000Z,false,50
ASM-0062744,E-0422,collaboration,INST-collaboration,v2,59,100,2026-09-08T00:00:00.000Z,true,66
ASM-0062746,E-0422,problem_solving,INST-problem_solving,v2,52,100,2026-08-18T00:00:00.000Z,true,65
ASM-0062795,E-0423,communication,INST-communication,v1,67,100,2025-02-01T00:00:00.000Z,true,68
ASM-0062797,E-0423,execution,INST-execution,v1,44,100,2025-01-04T00:00:00.000Z,true,48
ASM-0062799,E-0423,collaboration,INST-collaboration,v1,26,100,2025-01-09T00:00:00.000Z,false,22
ASM-0062801,E-0423,problem_solving,INST-problem_solving,v1,35,100,2025-03-30T00:00:00.000Z,false,36
ASM-0062803,E-0423,talent_assessment,INST-talent_assessment,v1,44,100,2025-03-14T00:00:00.000Z,true,55
ASM-0062805,E-0423,policy_navigation,INST-policy_navigation,v1,42,100,2025-02-02T00:00:00.000Z,true,74
ASM-0062837,E-0423,communication,INST-communication,v1,65,100,2025-07-06T00:00:00.000Z,true,42
ASM-0062839,E-0423,execution,INST-execution,v1,47,100,2025-09-22T00:00:00.000Z,true,64
ASM-0062841,E-0423,collaboration,INST-collaboration,v1,28,100,2025-08-17T00:00:00.000Z,true,76
ASM-0062843,E-0423,problem_solving,INST-problem_solving,v1,41,100,2025-09-01T00:00:00.000Z,true,26
ASM-0062845,E-0423,policy_navigation,INST-policy_navigation,v1,9,100,2025-07-22T00:00:00.000Z,true,43
ASM-0062882,E-0423,communication,INST-communication,v2,82,100,2026-03-25T00:00:00.000Z,false,66
ASM-0062884,E-0423,execution,INST-execution,v2,40,100,2026-01-01T00:00:00.000Z,true,85
ASM-0062886,E-0423,collaboration,INST-collaboration,v2,51,100,2026-03-06T00:00:00.000Z,true,53
ASM-0062888,E-0423,problem_solving,INST-problem_solving,v2,47,100,2026-02-26T00:00:00.000Z,true,33
ASM-0062890,E-0423,talent_assessment,INST-talent_assessment,v2,37,100,2026-03-26T00:00:00.000Z,true,55
ASM-0062908,E-0423,communication,INST-communication,v2,64,100,2026-08-29T00:00:00.000Z,true,22
ASM-0062910,E-0423,execution,INST-execution,v2,15,100,2026-09-23T00:00:00.000Z,true,57
ASM-0062912,E-0423,collaboration,INST-collaboration,v2,32,100,2026-08-04T00:00:00.000Z,true,75
ASM-0062914,E-0423,talent_assessment,INST-talent_assessment,v2,43,100,2026-07-02T00:00:00.000Z,true,60
ASM-0062916,E-0423,policy_navigation,INST-policy_navigation,v2,13,100,2026-09-23T00:00:00.000Z,false,68
ASM-0062961,E-0424,communication,INST-communication,v1,26,100,2025-02-27T00:00:00.000Z,true,84
ASM-0062963,E-0424,problem_solving,INST-problem_solving,v1,43,100,2025-03-04T00:00:00.000Z,true,54
ASM-0062965,E-0424,customer_resolution,INST-customer_resolution,v1,34,100,2025-01-26T00:00:00.000Z,true,44
ASM-0062967,E-0424,troubleshooting,INST-troubleshooting,v1,65,100,2025-03-23T00:00:00.000Z,false,28
ASM-0063000,E-0424,communication,INST-communication,v1,49,100,2025-08-17T00:00:00.000Z,true,39
ASM-0063002,E-0424,execution,INST-execution,v1,24,100,2025-08-24T00:00:00.000Z,false,43
ASM-0063004,E-0424,collaboration,INST-collaboration,v1,47,100,2025-08-23T00:00:00.000Z,true,32
ASM-0063006,E-0424,problem_solving,INST-problem_solving,v1,32,100,2025-09-20T00:00:00.000Z,true,72
ASM-0063008,E-0424,customer_resolution,INST-customer_resolution,v1,48,100,2025-09-29T00:00:00.000Z,true,74
ASM-0063010,E-0424,troubleshooting,INST-troubleshooting,v1,63,100,2025-07-28T00:00:00.000Z,true,31
ASM-0063044,E-0424,communication,INST-communication,v2,68,100,2026-01-21T00:00:00.000Z,true,49
ASM-0063046,E-0424,execution,INST-execution,v2,44,100,2026-03-18T00:00:00.000Z,true,48
ASM-0063048,E-0424,collaboration,INST-collaboration,v2,39,100,2026-01-31T00:00:00.000Z,false,62
ASM-0063050,E-0424,problem_solving,INST-problem_solving,v2,53,100,2026-02-18T00:00:00.000Z,true,54
ASM-0063052,E-0424,customer_resolution,INST-customer_resolution,v2,55,100,2026-01-17T00:00:00.000Z,true,46
ASM-0063054,E-0424,troubleshooting,INST-troubleshooting,v2,52,100,2026-01-21T00:00:00.000Z,true,85
ASM-0063084,E-0424,communication,INST-communication,v2,62,100,2026-08-22T00:00:00.000Z,false,66
ASM-0063086,E-0424,execution,INST-execution,v2,32,100,2026-09-05T00:00:00.000Z,true,47
ASM-0063088,E-0424,collaboration,INST-collaboration,v2,32,100,2026-08-16T00:00:00.000Z,true,76
ASM-0063090,E-0424,problem_solving,INST-problem_solving,v2,80,100,2026-07-15T00:00:00.000Z,true,33
ASM-0063092,E-0424,customer_resolution,INST-customer_resolution,v2,46,100,2026-08-27T00:00:00.000Z,false,35
ASM-0063131,E-0425,communication,INST-communication,v1,78,100,2025-03-30T00:00:00.000Z,false,36
ASM-0063133,E-0425,execution,INST-execution,v1,41,100,2025-01-26T00:00:00.000Z,true,75
ASM-0063135,E-0425,problem_solving,INST-problem_solving,v1,19,100,2025-01-05T00:00:00.000Z,false,20
ASM-0063137,E-0425,system_design,INST-system_design,v1,22,100,2025-03-02T00:00:00.000Z,true,27
ASM-0063139,E-0425,code_quality,INST-code_quality,v1,72,100,2025-02-25T00:00:00.000Z,false,48
ASM-0063162,E-0425,communication,INST-communication,v1,98,100,2025-08-17T00:00:00.000Z,true,27
ASM-0063164,E-0425,execution,INST-execution,v1,62,100,2025-07-19T00:00:00.000Z,true,79
ASM-0063166,E-0425,collaboration,INST-collaboration,v1,28,100,2025-08-29T00:00:00.000Z,false,73
ASM-0063168,E-0425,problem_solving,INST-problem_solving,v1,50,100,2025-08-27T00:00:00.000Z,true,81
ASM-0063170,E-0425,system_design,INST-system_design,v1,34,100,2025-09-04T00:00:00.000Z,false,23
ASM-0063193,E-0425,communication,INST-communication,v2,74,100,2026-02-21T00:00:00.000Z,false,67
ASM-0063195,E-0425,execution,INST-execution,v2,59,100,2026-03-29T00:00:00.000Z,true,87
ASM-0063197,E-0425,collaboration,INST-collaboration,v2,31,100,2026-03-29T00:00:00.000Z,true,87
ASM-0063199,E-0425,problem_solving,INST-problem_solving,v2,53,100,2026-02-06T00:00:00.000Z,false,72
ASM-0063201,E-0425,system_design,INST-system_design,v2,56,100,2026-02-18T00:00:00.000Z,false,22
ASM-0063203,E-0425,code_quality,INST-code_quality,v2,51,100,2026-03-07T00:00:00.000Z,true,40
ASM-0063233,E-0425,communication,INST-communication,v2,70,100,2026-08-04T00:00:00.000Z,true,39
ASM-0063235,E-0425,execution,INST-execution,v2,51,100,2026-07-28T00:00:00.000Z,false,35
ASM-0063237,E-0425,collaboration,INST-collaboration,v2,43,100,2026-07-03T00:00:00.000Z,true,35
ASM-0063239,E-0425,problem_solving,INST-problem_solving,v2,68,100,2026-07-22T00:00:00.000Z,false,27
ASM-0063241,E-0425,system_design,INST-system_design,v2,69,100,2026-07-21T00:00:00.000Z,false,60
ASM-0063243,E-0425,code_quality,INST-code_quality,v2,64,100,2026-09-28T00:00:00.000Z,false,63
ASM-0063278,E-0426,communication,INST-communication,v1,19,100,2025-01-28T00:00:00.000Z,false,68
ASM-0063280,E-0426,collaboration,INST-collaboration,v1,24,100,2025-02-04T00:00:00.000Z,false,50
ASM-0063282,E-0426,problem_solving,INST-problem_solving,v1,80,100,2025-03-03T00:00:00.000Z,false,84
ASM-0063284,E-0426,negotiation,INST-negotiation,v1,37,100,2025-02-13T00:00:00.000Z,true,46
ASM-0063286,E-0426,pipeline_mgmt,INST-pipeline_mgmt,v1,74,100,2025-01-21T00:00:00.000Z,true,84
ASM-0063312,E-0426,communication,INST-communication,v1,53,100,2025-07-12T00:00:00.000Z,true,37
ASM-0063314,E-0426,execution,INST-execution,v1,31,100,2025-09-25T00:00:00.000Z,true,81
ASM-0063316,E-0426,collaboration,INST-collaboration,v1,15,100,2025-07-09T00:00:00.000Z,true,88
ASM-0063318,E-0426,problem_solving,INST-problem_solving,v1,63,100,2025-08-16T00:00:00.000Z,true,81
ASM-0063320,E-0426,negotiation,INST-negotiation,v1,20,100,2025-09-24T00:00:00.000Z,false,60
ASM-0063322,E-0426,pipeline_mgmt,INST-pipeline_mgmt,v1,67,100,2025-09-11T00:00:00.000Z,true,88
ASM-0063353,E-0426,communication,INST-communication,v2,56,100,2026-01-12T00:00:00.000Z,false,65
ASM-0063355,E-0426,collaboration,INST-collaboration,v2,44,100,2026-03-27T00:00:00.000Z,false,80
ASM-0063357,E-0426,problem_solving,INST-problem_solving,v2,36,100,2026-02-08T00:00:00.000Z,true,54
ASM-0063359,E-0426,negotiation,INST-negotiation,v2,41,100,2026-02-02T00:00:00.000Z,true,55
ASM-0063361,E-0426,pipeline_mgmt,INST-pipeline_mgmt,v2,47,100,2026-03-23T00:00:00.000Z,false,57
ASM-0063389,E-0426,communication,INST-communication,v2,68,100,2026-09-19T00:00:00.000Z,false,45
ASM-0063391,E-0426,collaboration,INST-collaboration,v2,61,100,2026-08-21T00:00:00.000Z,true,58
ASM-0063393,E-0426,problem_solving,INST-problem_solving,v2,21,100,2026-07-14T00:00:00.000Z,false,25
ASM-0063395,E-0426,negotiation,INST-negotiation,v2,55,100,2026-08-30T00:00:00.000Z,true,61
ASM-0063397,E-0426,pipeline_mgmt,INST-pipeline_mgmt,v2,44,100,2026-07-07T00:00:00.000Z,true,78
ASM-0063429,E-0427,communication,INST-communication,v1,28,100,2025-02-01T00:00:00.000Z,true,47
ASM-0063431,E-0427,execution,INST-execution,v1,30,100,2025-03-17T00:00:00.000Z,false,85
ASM-0063433,E-0427,collaboration,INST-collaboration,v1,38,100,2025-03-15T00:00:00.000Z,true,24
ASM-0063435,E-0427,problem_solving,INST-problem_solving,v1,39,100,2025-01-08T00:00:00.000Z,true,52
ASM-0063437,E-0427,campaign_strategy,INST-campaign_strategy,v1,23,100,2025-03-04T00:00:00.000Z,false,78
ASM-0063439,E-0427,content_quality,INST-content_quality,v1,37,100,2025-02-10T00:00:00.000Z,true,28
ASM-0063463,E-0427,communication,INST-communication,v1,15,100,2025-08-14T00:00:00.000Z,false,87
ASM-0063465,E-0427,execution,INST-execution,v1,33,100,2025-09-25T00:00:00.000Z,true,81
ASM-0063467,E-0427,collaboration,INST-collaboration,v1,36,100,2025-08-04T00:00:00.000Z,false,40
ASM-0063469,E-0427,problem_solving,INST-problem_solving,v1,26,100,2025-09-16T00:00:00.000Z,false,20
ASM-0063471,E-0427,campaign_strategy,INST-campaign_strategy,v1,37,100,2025-08-07T00:00:00.000Z,false,83
ASM-0063473,E-0427,content_quality,INST-content_quality,v1,37,100,2025-07-08T00:00:00.000Z,true,46
ASM-0063497,E-0427,execution,INST-execution,v2,62,100,2026-01-18T00:00:00.000Z,true,30
ASM-0063499,E-0427,problem_solving,INST-problem_solving,v2,34,100,2026-03-05T00:00:00.000Z,true,66
ASM-0063501,E-0427,content_quality,INST-content_quality,v2,46,100,2026-01-14T00:00:00.000Z,true,45
ASM-0063526,E-0427,communication,INST-communication,v2,45,100,2026-08-16T00:00:00.000Z,false,20
ASM-0063528,E-0427,execution,INST-execution,v2,70,100,2026-08-24T00:00:00.000Z,false,50
ASM-0063530,E-0427,collaboration,INST-collaboration,v2,77,100,2026-07-09T00:00:00.000Z,false,80
ASM-0063532,E-0427,campaign_strategy,INST-campaign_strategy,v2,43,100,2026-09-23T00:00:00.000Z,true,26
ASM-0063534,E-0427,content_quality,INST-content_quality,v2,32,100,2026-07-10T00:00:00.000Z,false,20
ASM-0063579,E-0428,execution,INST-execution,v1,27,100,2025-03-22T00:00:00.000Z,true,72
ASM-0063581,E-0428,collaboration,INST-collaboration,v1,37,100,2025-02-20T00:00:00.000Z,false,76
ASM-0063583,E-0428,problem_solving,INST-problem_solving,v1,32,100,2025-03-17T00:00:00.000Z,true,70
ASM-0063585,E-0428,roadmap_prioritization,INST-roadmap_prioritization,v1,36,100,2025-03-21T00:00:00.000Z,true,20
ASM-0063587,E-0428,stakeholder_alignment,INST-stakeholder_alignment,v1,26,100,2025-02-20T00:00:00.000Z,false,68
ASM-0063618,E-0428,execution,INST-execution,v1,51,100,2025-07-20T00:00:00.000Z,true,75
ASM-0063620,E-0428,collaboration,INST-collaboration,v1,19,100,2025-08-16T00:00:00.000Z,true,49
ASM-0063622,E-0428,problem_solving,INST-problem_solving,v1,47,100,2025-08-21T00:00:00.000Z,true,21
ASM-0063624,E-0428,roadmap_prioritization,INST-roadmap_prioritization,v1,45,100,2025-09-03T00:00:00.000Z,true,24
ASM-0063668,E-0428,communication,INST-communication,v2,55,100,2026-03-06T00:00:00.000Z,true,56
ASM-0063670,E-0428,collaboration,INST-collaboration,v2,30,100,2026-03-02T00:00:00.000Z,true,36
ASM-0063672,E-0428,problem_solving,INST-problem_solving,v2,61,100,2026-02-04T00:00:00.000Z,true,70
ASM-0063674,E-0428,roadmap_prioritization,INST-roadmap_prioritization,v2,56,100,2026-03-29T00:00:00.000Z,true,41
ASM-0063676,E-0428,stakeholder_alignment,INST-stakeholder_alignment,v2,56,100,2026-03-01T00:00:00.000Z,false,76
ASM-0063706,E-0428,execution,INST-execution,v2,70,100,2026-08-26T00:00:00.000Z,true,70
ASM-0063708,E-0428,collaboration,INST-collaboration,v2,33,100,2026-09-05T00:00:00.000Z,true,74
ASM-0063710,E-0428,problem_solving,INST-problem_solving,v2,68,100,2026-07-07T00:00:00.000Z,true,25
ASM-0063712,E-0428,roadmap_prioritization,INST-roadmap_prioritization,v2,62,100,2026-09-02T00:00:00.000Z,true,29
ASM-0063714,E-0428,stakeholder_alignment,INST-stakeholder_alignment,v2,88,100,2026-07-04T00:00:00.000Z,true,29
ASM-0063739,E-0429,communication,INST-communication,v1,33,100,2025-01-18T00:00:00.000Z,false,48
ASM-0063741,E-0429,execution,INST-execution,v1,61,100,2025-01-12T00:00:00.000Z,true,23
ASM-0063743,E-0429,collaboration,INST-collaboration,v1,51,100,2025-03-08T00:00:00.000Z,false,81
ASM-0063745,E-0429,ux_research,INST-ux_research,v1,90,100,2025-03-30T00:00:00.000Z,true,72
ASM-0063783,E-0429,communication,INST-communication,v1,42,100,2025-07-30T00:00:00.000Z,false,52
ASM-0063785,E-0429,execution,INST-execution,v1,52,100,2025-08-17T00:00:00.000Z,true,46
ASM-0063787,E-0429,collaboration,INST-collaboration,v1,42,100,2025-07-31T00:00:00.000Z,true,45
ASM-0063789,E-0429,problem_solving,INST-problem_solving,v1,49,100,2025-07-10T00:00:00.000Z,true,80
ASM-0063791,E-0429,visual_craft,INST-visual_craft,v1,45,100,2025-08-22T00:00:00.000Z,false,77
ASM-0063793,E-0429,ux_research,INST-ux_research,v1,60,100,2025-07-17T00:00:00.000Z,false,66
ASM-0063819,E-0429,communication,INST-communication,v2,30,100,2026-03-25T00:00:00.000Z,false,35
ASM-0063821,E-0429,execution,INST-execution,v2,65,100,2026-01-10T00:00:00.000Z,true,50
ASM-0063823,E-0429,collaboration,INST-collaboration,v2,55,100,2026-02-10T00:00:00.000Z,true,26
ASM-0063825,E-0429,problem_solving,INST-problem_solving,v2,62,100,2026-03-07T00:00:00.000Z,true,59
ASM-0063827,E-0429,visual_craft,INST-visual_craft,v2,50,100,2026-02-24T00:00:00.000Z,true,59
ASM-0063852,E-0429,communication,INST-communication,v2,68,100,2026-07-15T00:00:00.000Z,true,69
ASM-0063854,E-0429,execution,INST-execution,v2,53,100,2026-08-21T00:00:00.000Z,true,47
ASM-0063856,E-0429,collaboration,INST-collaboration,v2,50,100,2026-07-07T00:00:00.000Z,true,37
ASM-0063858,E-0429,problem_solving,INST-problem_solving,v2,60,100,2026-08-18T00:00:00.000Z,true,47
ASM-0063860,E-0429,visual_craft,INST-visual_craft,v2,51,100,2026-08-14T00:00:00.000Z,true,38
ASM-0063862,E-0429,ux_research,INST-ux_research,v2,35,100,2026-07-31T00:00:00.000Z,true,20
ASM-0063904,E-0430,communication,INST-communication,v1,22,100,2025-03-26T00:00:00.000Z,true,22
ASM-0063906,E-0430,execution,INST-execution,v1,12,100,2025-01-27T00:00:00.000Z,true,20
ASM-0063908,E-0430,collaboration,INST-collaboration,v1,46,100,2025-01-24T00:00:00.000Z,true,64
ASM-0063910,E-0430,problem_solving,INST-problem_solving,v1,28,100,2025-02-28T00:00:00.000Z,false,63
ASM-0063912,E-0430,financial_modeling,INST-financial_modeling,v1,15,100,2025-01-28T00:00:00.000Z,true,29
ASM-0063914,E-0430,compliance_rigor,INST-compliance_rigor,v1,14,100,2025-01-14T00:00:00.000Z,false,62
ASM-0063945,E-0430,communication,INST-communication,v1,40,100,2025-09-13T00:00:00.000Z,true,69
ASM-0063947,E-0430,execution,INST-execution,v1,22,100,2025-09-01T00:00:00.000Z,true,66
ASM-0063949,E-0430,collaboration,INST-collaboration,v1,61,100,2025-07-23T00:00:00.000Z,false,79
ASM-0063951,E-0430,problem_solving,INST-problem_solving,v1,24,100,2025-08-02T00:00:00.000Z,true,35
ASM-0063953,E-0430,financial_modeling,INST-financial_modeling,v1,34,100,2025-09-06T00:00:00.000Z,false,34
ASM-0063955,E-0430,compliance_rigor,INST-compliance_rigor,v1,2,100,2025-07-16T00:00:00.000Z,false,71
ASM-0063984,E-0430,communication,INST-communication,v2,54,100,2026-01-23T00:00:00.000Z,true,81
ASM-0063986,E-0430,collaboration,INST-collaboration,v2,64,100,2026-03-28T00:00:00.000Z,true,88
ASM-0063988,E-0430,problem_solving,INST-problem_solving,v2,29,100,2026-01-10T00:00:00.000Z,true,54
ASM-0063990,E-0430,compliance_rigor,INST-compliance_rigor,v2,30,100,2026-02-01T00:00:00.000Z,true,30
ASM-0064022,E-0430,communication,INST-communication,v2,90,100,2026-08-15T00:00:00.000Z,true,59
ASM-0064024,E-0430,execution,INST-execution,v2,35,100,2026-08-12T00:00:00.000Z,false,28
ASM-0064026,E-0430,collaboration,INST-collaboration,v2,86,100,2026-09-11T00:00:00.000Z,false,35
ASM-0064028,E-0430,problem_solving,INST-problem_solving,v2,26,100,2026-08-20T00:00:00.000Z,true,24
ASM-0064030,E-0430,financial_modeling,INST-financial_modeling,v2,63,100,2026-09-25T00:00:00.000Z,false,38
ASM-0064032,E-0430,compliance_rigor,INST-compliance_rigor,v2,28,100,2026-09-19T00:00:00.000Z,true,70
ASM-0064078,E-0431,communication,INST-communication,v1,26,100,2025-02-12T00:00:00.000Z,false,74
ASM-0064080,E-0431,execution,INST-execution,v1,56,100,2025-01-20T00:00:00.000Z,false,28
ASM-0064082,E-0431,collaboration,INST-collaboration,v1,85,100,2025-01-21T00:00:00.000Z,false,64
ASM-0064084,E-0431,problem_solving,INST-problem_solving,v1,47,100,2025-03-13T00:00:00.000Z,true,70
ASM-0064086,E-0431,policy_navigation,INST-policy_navigation,v1,8,100,2025-03-01T00:00:00.000Z,true,67
ASM-0064119,E-0431,communication,INST-communication,v1,36,100,2025-07-11T00:00:00.000Z,true,83
ASM-0064121,E-0431,execution,INST-execution,v1,53,100,2025-07-16T00:00:00.000Z,true,59
ASM-0064123,E-0431,collaboration,INST-collaboration,v1,74,100,2025-09-10T00:00:00.000Z,false,73
ASM-0064125,E-0431,problem_solving,INST-problem_solving,v1,53,100,2025-08-21T00:00:00.000Z,true,70
ASM-0064127,E-0431,talent_assessment,INST-talent_assessment,v1,55,100,2025-07-14T00:00:00.000Z,false,68
ASM-0064129,E-0431,policy_navigation,INST-policy_navigation,v1,18,100,2025-08-30T00:00:00.000Z,false,35
ASM-0064157,E-0431,communication,INST-communication,v2,58,100,2026-03-13T00:00:00.000Z,true,71
ASM-0064159,E-0431,execution,INST-execution,v2,49,100,2026-01-05T00:00:00.000Z,false,34
ASM-0064161,E-0431,collaboration,INST-collaboration,v2,56,100,2026-02-02T00:00:00.000Z,true,38
ASM-0064163,E-0431,problem_solving,INST-problem_solving,v2,74,100,2026-01-30T00:00:00.000Z,true,77
ASM-0064165,E-0431,talent_assessment,INST-talent_assessment,v2,65,100,2026-01-20T00:00:00.000Z,true,32
ASM-0064167,E-0431,policy_navigation,INST-policy_navigation,v2,38,100,2026-03-17T00:00:00.000Z,true,83
ASM-0064205,E-0431,communication,INST-communication,v2,71,100,2026-07-20T00:00:00.000Z,false,86
ASM-0064207,E-0431,collaboration,INST-collaboration,v2,27,100,2026-09-11T00:00:00.000Z,true,20
ASM-0064209,E-0431,problem_solving,INST-problem_solving,v2,87,100,2026-07-16T00:00:00.000Z,false,49
ASM-0064211,E-0431,policy_navigation,INST-policy_navigation,v2,58,100,2026-08-15T00:00:00.000Z,true,71
ASM-0064242,E-0432,communication,INST-communication,v1,60,100,2025-01-02T00:00:00.000Z,true,74
ASM-0064244,E-0432,problem_solving,INST-problem_solving,v1,34,100,2025-01-02T00:00:00.000Z,true,76
ASM-0064246,E-0432,customer_resolution,INST-customer_resolution,v1,28,100,2025-01-29T00:00:00.000Z,true,40
ASM-0064248,E-0432,troubleshooting,INST-troubleshooting,v1,84,100,2025-02-04T00:00:00.000Z,true,22
ASM-0064264,E-0432,communication,INST-communication,v1,62,100,2025-08-16T00:00:00.000Z,false,53
ASM-0064266,E-0432,execution,INST-execution,v1,38,100,2025-08-02T00:00:00.000Z,true,55
ASM-0064268,E-0432,collaboration,INST-collaboration,v1,44,100,2025-09-11T00:00:00.000Z,true,47
ASM-0064270,E-0432,problem_solving,INST-problem_solving,v1,50,100,2025-07-28T00:00:00.000Z,true,24
ASM-0064272,E-0432,customer_resolution,INST-customer_resolution,v1,22,100,2025-09-18T00:00:00.000Z,false,42
ASM-0064286,E-0432,communication,INST-communication,v2,49,100,2026-02-07T00:00:00.000Z,false,88
ASM-0064288,E-0432,execution,INST-execution,v2,41,100,2026-01-25T00:00:00.000Z,false,75
ASM-0064290,E-0432,collaboration,INST-collaboration,v2,61,100,2026-02-28T00:00:00.000Z,true,37
ASM-0064292,E-0432,problem_solving,INST-problem_solving,v2,48,100,2026-01-10T00:00:00.000Z,false,25
ASM-0064294,E-0432,customer_resolution,INST-customer_resolution,v2,66,100,2026-01-01T00:00:00.000Z,true,53
ASM-0064302,E-0432,communication,INST-communication,v2,64,100,2026-09-03T00:00:00.000Z,true,61
ASM-0064304,E-0432,execution,INST-execution,v2,74,100,2026-08-04T00:00:00.000Z,true,21
ASM-0064306,E-0432,collaboration,INST-collaboration,v2,82,100,2026-07-15T00:00:00.000Z,true,78
ASM-0064308,E-0432,problem_solving,INST-problem_solving,v2,69,100,2026-07-10T00:00:00.000Z,true,68
ASM-0064310,E-0432,customer_resolution,INST-customer_resolution,v2,69,100,2026-07-04T00:00:00.000Z,false,52
ASM-0064339,E-0433,communication,INST-communication,v1,77,100,2025-03-20T00:00:00.000Z,true,21
ASM-0064341,E-0433,problem_solving,INST-problem_solving,v1,89,100,2025-03-30T00:00:00.000Z,true,59
ASM-0064343,E-0433,system_design,INST-system_design,v1,41,100,2025-02-27T00:00:00.000Z,true,30
ASM-0064345,E-0433,code_quality,INST-code_quality,v1,45,100,2025-02-03T00:00:00.000Z,false,32
ASM-0064382,E-0433,communication,INST-communication,v1,76,100,2025-08-13T00:00:00.000Z,false,78
ASM-0064384,E-0433,execution,INST-execution,v1,53,100,2025-07-28T00:00:00.000Z,true,36
ASM-0064386,E-0433,collaboration,INST-collaboration,v1,47,100,2025-09-08T00:00:00.000Z,false,25
ASM-0064388,E-0433,problem_solving,INST-problem_solving,v1,70,100,2025-09-09T00:00:00.000Z,true,42
ASM-0064390,E-0433,system_design,INST-system_design,v1,33,100,2025-07-27T00:00:00.000Z,true,51
ASM-0064392,E-0433,code_quality,INST-code_quality,v1,36,100,2025-07-21T00:00:00.000Z,true,58
ASM-0064415,E-0433,execution,INST-execution,v2,54,100,2026-03-02T00:00:00.000Z,true,33
ASM-0064417,E-0433,collaboration,INST-collaboration,v2,48,100,2026-01-24T00:00:00.000Z,true,47
ASM-0064419,E-0433,system_design,INST-system_design,v2,54,100,2026-02-16T00:00:00.000Z,true,30
ASM-0064421,E-0433,code_quality,INST-code_quality,v2,48,100,2026-03-03T00:00:00.000Z,true,53
ASM-0064442,E-0433,communication,INST-communication,v2,49,100,2026-09-24T00:00:00.000Z,true,50
ASM-0064444,E-0433,execution,INST-execution,v2,55,100,2026-08-18T00:00:00.000Z,true,80
ASM-0064446,E-0433,problem_solving,INST-problem_solving,v2,75,100,2026-07-08T00:00:00.000Z,false,68
ASM-0064448,E-0433,code_quality,INST-code_quality,v2,39,100,2026-08-30T00:00:00.000Z,true,77
ASM-0064494,E-0434,communication,INST-communication,v1,85,100,2025-01-31T00:00:00.000Z,false,58
ASM-0064496,E-0434,collaboration,INST-collaboration,v1,26,100,2025-02-15T00:00:00.000Z,true,53
ASM-0064498,E-0434,problem_solving,INST-problem_solving,v1,74,100,2025-02-23T00:00:00.000Z,false,30
ASM-0064500,E-0434,pipeline_mgmt,INST-pipeline_mgmt,v1,84,100,2025-02-05T00:00:00.000Z,true,58
ASM-0064513,E-0434,communication,INST-communication,v1,63,100,2025-07-13T00:00:00.000Z,true,66
ASM-0064515,E-0434,execution,INST-execution,v1,55,100,2025-08-23T00:00:00.000Z,false,85
ASM-0064517,E-0434,collaboration,INST-collaboration,v1,47,100,2025-09-16T00:00:00.000Z,true,39
ASM-0064519,E-0434,problem_solving,INST-problem_solving,v1,75,100,2025-07-10T00:00:00.000Z,true,56
ASM-0064521,E-0434,negotiation,INST-negotiation,v1,52,100,2025-07-15T00:00:00.000Z,false,31
ASM-0064545,E-0434,communication,INST-communication,v2,52,100,2026-02-11T00:00:00.000Z,true,65
ASM-0064547,E-0434,execution,INST-execution,v2,50,100,2026-01-29T00:00:00.000Z,true,55
ASM-0064549,E-0434,collaboration,INST-collaboration,v2,56,100,2026-02-09T00:00:00.000Z,true,76
ASM-0064551,E-0434,problem_solving,INST-problem_solving,v2,68,100,2026-02-25T00:00:00.000Z,true,34
ASM-0064553,E-0434,negotiation,INST-negotiation,v2,72,100,2026-03-05T00:00:00.000Z,true,33
ASM-0064555,E-0434,pipeline_mgmt,INST-pipeline_mgmt,v2,84,100,2026-01-12T00:00:00.000Z,false,42
ASM-0064579,E-0434,communication,INST-communication,v2,65,100,2026-08-25T00:00:00.000Z,true,54
ASM-0064581,E-0434,execution,INST-execution,v2,69,100,2026-07-03T00:00:00.000Z,false,81
ASM-0064583,E-0434,problem_solving,INST-problem_solving,v2,67,100,2026-09-27T00:00:00.000Z,true,81
ASM-0064585,E-0434,negotiation,INST-negotiation,v2,73,100,2026-08-06T00:00:00.000Z,true,41
ASM-0064587,E-0434,pipeline_mgmt,INST-pipeline_mgmt,v2,79,100,2026-08-25T00:00:00.000Z,true,44
ASM-0064612,E-0435,communication,INST-communication,v1,63,100,2025-02-26T00:00:00.000Z,false,77
ASM-0064614,E-0435,execution,INST-execution,v1,31,100,2025-02-15T00:00:00.000Z,false,75
ASM-0064616,E-0435,collaboration,INST-collaboration,v1,18,100,2025-03-09T00:00:00.000Z,false,79
ASM-0064618,E-0435,problem_solving,INST-problem_solving,v1,23,100,2025-01-13T00:00:00.000Z,false,87
ASM-0064620,E-0435,campaign_strategy,INST-campaign_strategy,v1,29,100,2025-01-31T00:00:00.000Z,true,79
ASM-0064622,E-0435,content_quality,INST-content_quality,v1,31,100,2025-02-24T00:00:00.000Z,false,38
ASM-0064664,E-0435,collaboration,INST-collaboration,v1,33,100,2025-09-19T00:00:00.000Z,true,21
ASM-0064666,E-0435,problem_solving,INST-problem_solving,v1,38,100,2025-07-05T00:00:00.000Z,true,47
ASM-0064668,E-0435,campaign_strategy,INST-campaign_strategy,v1,24,100,2025-08-09T00:00:00.000Z,true,62
ASM-0064670,E-0435,content_quality,INST-content_quality,v1,22,100,2025-08-01T00:00:00.000Z,true,39
ASM-0064698,E-0435,communication,INST-communication,v2,47,100,2026-02-15T00:00:00.000Z,false,88
ASM-0064700,E-0435,execution,INST-execution,v2,39,100,2026-02-27T00:00:00.000Z,true,65
ASM-0064702,E-0435,collaboration,INST-collaboration,v2,49,100,2026-03-23T00:00:00.000Z,true,71
ASM-0064704,E-0435,problem_solving,INST-problem_solving,v2,37,100,2026-03-04T00:00:00.000Z,true,50
ASM-0064706,E-0435,campaign_strategy,INST-campaign_strategy,v2,8,100,2026-02-15T00:00:00.000Z,false,87
ASM-0064708,E-0435,content_quality,INST-content_quality,v2,55,100,2026-01-01T00:00:00.000Z,true,39
ASM-0064737,E-0435,communication,INST-communication,v2,32,100,2026-08-24T00:00:00.000Z,false,20
ASM-0064739,E-0435,execution,INST-execution,v2,20,100,2026-08-14T00:00:00.000Z,false,83
ASM-0064741,E-0435,collaboration,INST-collaboration,v2,35,100,2026-08-16T00:00:00.000Z,true,69
ASM-0064743,E-0435,problem_solving,INST-problem_solving,v2,47,100,2026-07-20T00:00:00.000Z,false,37
ASM-0064745,E-0435,campaign_strategy,INST-campaign_strategy,v2,36,100,2026-09-03T00:00:00.000Z,true,82
ASM-0064747,E-0435,content_quality,INST-content_quality,v2,35,100,2026-08-18T00:00:00.000Z,true,21
ASM-0064780,E-0436,communication,INST-communication,v1,37,100,2025-03-16T00:00:00.000Z,true,47
ASM-0064782,E-0436,execution,INST-execution,v1,25,100,2025-01-07T00:00:00.000Z,true,39
ASM-0064784,E-0436,collaboration,INST-collaboration,v1,25,100,2025-01-06T00:00:00.000Z,true,37
ASM-0064786,E-0436,problem_solving,INST-problem_solving,v1,38,100,2025-01-28T00:00:00.000Z,false,32
ASM-0064788,E-0436,roadmap_prioritization,INST-roadmap_prioritization,v1,77,100,2025-03-16T00:00:00.000Z,true,82
ASM-0064790,E-0436,stakeholder_alignment,INST-stakeholder_alignment,v1,20,100,2025-03-08T00:00:00.000Z,false,88
ASM-0064826,E-0436,communication,INST-communication,v1,47,100,2025-07-31T00:00:00.000Z,false,45
ASM-0064828,E-0436,collaboration,INST-collaboration,v1,40,100,2025-08-03T00:00:00.000Z,false,70
ASM-0064830,E-0436,problem_solving,INST-problem_solving,v1,37,100,2025-07-10T00:00:00.000Z,true,59
ASM-0064832,E-0436,roadmap_prioritization,INST-roadmap_prioritization,v1,54,100,2025-08-26T00:00:00.000Z,false,60
ASM-0064834,E-0436,stakeholder_alignment,INST-stakeholder_alignment,v1,26,100,2025-08-13T00:00:00.000Z,true,60
ASM-0064869,E-0436,communication,INST-communication,v2,66,100,2026-03-09T00:00:00.000Z,true,36
ASM-0064871,E-0436,execution,INST-execution,v2,29,100,2026-01-11T00:00:00.000Z,false,79
ASM-0064873,E-0436,collaboration,INST-collaboration,v2,57,100,2026-03-16T00:00:00.000Z,true,56
ASM-0064875,E-0436,roadmap_prioritization,INST-roadmap_prioritization,v2,46,100,2026-01-23T00:00:00.000Z,false,20
ASM-0064877,E-0436,stakeholder_alignment,INST-stakeholder_alignment,v2,26,100,2026-01-02T00:00:00.000Z,true,82
ASM-0064896,E-0436,communication,INST-communication,v2,58,100,2026-08-10T00:00:00.000Z,true,78
ASM-0064898,E-0436,execution,INST-execution,v2,43,100,2026-08-21T00:00:00.000Z,true,30
ASM-0064900,E-0436,collaboration,INST-collaboration,v2,76,100,2026-07-29T00:00:00.000Z,true,60
ASM-0064902,E-0436,problem_solving,INST-problem_solving,v2,80,100,2026-07-22T00:00:00.000Z,false,58
ASM-0064904,E-0436,roadmap_prioritization,INST-roadmap_prioritization,v2,22,100,2026-09-28T00:00:00.000Z,true,77
ASM-0064944,E-0437,execution,INST-execution,v1,37,100,2025-02-01T00:00:00.000Z,true,40
ASM-0064946,E-0437,problem_solving,INST-problem_solving,v1,35,100,2025-03-29T00:00:00.000Z,false,38
ASM-0064948,E-0437,visual_craft,INST-visual_craft,v1,41,100,2025-03-31T00:00:00.000Z,true,67
ASM-0064950,E-0437,ux_research,INST-ux_research,v1,73,100,2025-03-18T00:00:00.000Z,false,66
ASM-0064980,E-0437,execution,INST-execution,v1,34,100,2025-07-02T00:00:00.000Z,true,34
ASM-0064982,E-0437,collaboration,INST-collaboration,v1,51,100,2025-09-23T00:00:00.000Z,false,52
ASM-0064984,E-0437,visual_craft,INST-visual_craft,v1,32,100,2025-09-21T00:00:00.000Z,true,20
ASM-0064986,E-0437,ux_research,INST-ux_research,v1,66,100,2025-09-07T00:00:00.000Z,true,79
ASM-0065017,E-0437,communication,INST-communication,v2,62,100,2026-01-06T00:00:00.000Z,true,65
ASM-0065019,E-0437,execution,INST-execution,v2,75,100,2026-02-16T00:00:00.000Z,true,34
ASM-0065021,E-0437,collaboration,INST-collaboration,v2,67,100,2026-03-26T00:00:00.000Z,false,75
ASM-0065023,E-0437,problem_solving,INST-problem_solving,v2,20,100,2026-02-03T00:00:00.000Z,false,59
ASM-0065025,E-0437,visual_craft,INST-visual_craft,v2,26,100,2026-01-26T00:00:00.000Z,false,27
ASM-0065027,E-0437,ux_research,INST-ux_research,v2,39,100,2026-02-11T00:00:00.000Z,false,73
ASM-0065052,E-0437,execution,INST-execution,v2,68,100,2026-08-24T00:00:00.000Z,true,34
ASM-0065054,E-0437,collaboration,INST-collaboration,v2,79,100,2026-09-05T00:00:00.000Z,true,49
ASM-0065056,E-0437,ux_research,INST-ux_research,v2,32,100,2026-09-18T00:00:00.000Z,true,62
ASM-0065094,E-0438,execution,INST-execution,v1,33,100,2025-02-28T00:00:00.000Z,true,35
ASM-0065096,E-0438,collaboration,INST-collaboration,v1,39,100,2025-03-18T00:00:00.000Z,true,36
ASM-0065098,E-0438,problem_solving,INST-problem_solving,v1,51,100,2025-02-19T00:00:00.000Z,true,74
ASM-0065100,E-0438,financial_modeling,INST-financial_modeling,v1,52,100,2025-02-27T00:00:00.000Z,false,36
ASM-0065102,E-0438,compliance_rigor,INST-compliance_rigor,v1,47,100,2025-02-23T00:00:00.000Z,true,81
ASM-0065133,E-0438,collaboration,INST-collaboration,v1,21,100,2025-08-22T00:00:00.000Z,true,77
ASM-0065135,E-0438,problem_solving,INST-problem_solving,v1,44,100,2025-09-07T00:00:00.000Z,true,56
ASM-0065137,E-0438,financial_modeling,INST-financial_modeling,v1,27,100,2025-08-23T00:00:00.000Z,true,52
ASM-0065139,E-0438,compliance_rigor,INST-compliance_rigor,v1,48,100,2025-08-24T00:00:00.000Z,true,48
ASM-0065174,E-0438,communication,INST-communication,v2,34,100,2026-02-24T00:00:00.000Z,true,84
ASM-0065176,E-0438,execution,INST-execution,v2,39,100,2026-03-09T00:00:00.000Z,true,53
ASM-0065178,E-0438,collaboration,INST-collaboration,v2,15,100,2026-03-05T00:00:00.000Z,true,38
ASM-0065180,E-0438,problem_solving,INST-problem_solving,v2,59,100,2026-03-18T00:00:00.000Z,true,88
ASM-0065182,E-0438,financial_modeling,INST-financial_modeling,v2,34,100,2026-03-21T00:00:00.000Z,false,30
ASM-0065184,E-0438,compliance_rigor,INST-compliance_rigor,v2,44,100,2026-01-28T00:00:00.000Z,true,25
ASM-0065209,E-0438,communication,INST-communication,v2,22,100,2026-08-08T00:00:00.000Z,true,75
ASM-0065211,E-0438,execution,INST-execution,v2,35,100,2026-07-03T00:00:00.000Z,true,29
ASM-0065213,E-0438,problem_solving,INST-problem_solving,v2,86,100,2026-08-03T00:00:00.000Z,true,88
ASM-0065215,E-0438,financial_modeling,INST-financial_modeling,v2,46,100,2026-09-03T00:00:00.000Z,true,43
ASM-0065217,E-0438,compliance_rigor,INST-compliance_rigor,v2,81,100,2026-07-25T00:00:00.000Z,true,52
ASM-0065278,E-0439,communication,INST-communication,v1,34,100,2025-01-02T00:00:00.000Z,true,41
ASM-0065280,E-0439,execution,INST-execution,v1,33,100,2025-02-18T00:00:00.000Z,true,53
ASM-0065282,E-0439,collaboration,INST-collaboration,v1,32,100,2025-02-23T00:00:00.000Z,true,40
ASM-0065284,E-0439,policy_navigation,INST-policy_navigation,v1,46,100,2025-02-23T00:00:00.000Z,true,48
ASM-0065304,E-0439,communication,INST-communication,v1,42,100,2025-07-28T00:00:00.000Z,false,39
ASM-0065306,E-0439,execution,INST-execution,v1,29,100,2025-08-02T00:00:00.000Z,true,45
ASM-0065326,E-0439,communication,INST-communication,v2,52,100,2026-02-02T00:00:00.000Z,true,79
ASM-0065328,E-0439,execution,INST-execution,v2,26,100,2026-01-01T00:00:00.000Z,true,20
ASM-0065344,E-0439,communication,INST-communication,v2,73,100,2026-07-08T00:00:00.000Z,false,87
ASM-0065346,E-0439,execution,INST-execution,v2,36,100,2026-08-07T00:00:00.000Z,true,36
ASM-0065348,E-0439,collaboration,INST-collaboration,v2,78,100,2026-08-01T00:00:00.000Z,true,22
ASM-0065378,E-0440,communication,INST-communication,v1,81,100,2025-01-12T00:00:00.000Z,false,55
ASM-0065380,E-0440,execution,INST-execution,v1,5,100,2025-03-18T00:00:00.000Z,false,84
ASM-0065382,E-0440,collaboration,INST-collaboration,v1,26,100,2025-03-20T00:00:00.000Z,false,73
ASM-0065384,E-0440,problem_solving,INST-problem_solving,v1,16,100,2025-01-01T00:00:00.000Z,true,46
ASM-0065386,E-0440,customer_resolution,INST-customer_resolution,v1,46,100,2025-01-15T00:00:00.000Z,true,29
ASM-0065388,E-0440,troubleshooting,INST-troubleshooting,v1,25,100,2025-02-18T00:00:00.000Z,true,26
ASM-0065406,E-0440,communication,INST-communication,v1,52,100,2025-09-06T00:00:00.000Z,true,47
ASM-0065408,E-0440,execution,INST-execution,v1,38,100,2025-09-09T00:00:00.000Z,false,34
ASM-0065410,E-0440,collaboration,INST-collaboration,v1,33,100,2025-07-06T00:00:00.000Z,false,42
ASM-0065412,E-0440,problem_solving,INST-problem_solving,v1,33,100,2025-08-03T00:00:00.000Z,true,47
ASM-0065414,E-0440,customer_resolution,INST-customer_resolution,v1,36,100,2025-09-03T00:00:00.000Z,true,49
ASM-0065416,E-0440,troubleshooting,INST-troubleshooting,v1,35,100,2025-08-04T00:00:00.000Z,true,75
ASM-0065444,E-0440,communication,INST-communication,v2,43,100,2026-02-27T00:00:00.000Z,true,25
ASM-0065446,E-0440,execution,INST-execution,v2,26,100,2026-03-23T00:00:00.000Z,false,52
ASM-0065448,E-0440,collaboration,INST-collaboration,v2,38,100,2026-02-07T00:00:00.000Z,true,36
ASM-0065450,E-0440,customer_resolution,INST-customer_resolution,v2,22,100,2026-01-14T00:00:00.000Z,true,39
ASM-0065452,E-0440,troubleshooting,INST-troubleshooting,v2,56,100,2026-01-07T00:00:00.000Z,true,45
ASM-0065494,E-0440,communication,INST-communication,v2,11,100,2026-09-09T00:00:00.000Z,true,37
ASM-0065496,E-0440,execution,INST-execution,v2,31,100,2026-07-02T00:00:00.000Z,true,39
ASM-0065498,E-0440,collaboration,INST-collaboration,v2,19,100,2026-07-28T00:00:00.000Z,true,46
ASM-0065500,E-0440,troubleshooting,INST-troubleshooting,v2,46,100,2026-09-18T00:00:00.000Z,true,66
ASM-0065542,E-0441,communication,INST-communication,v1,43,100,2025-02-19T00:00:00.000Z,false,51
ASM-0065544,E-0441,execution,INST-execution,v1,33,100,2025-01-28T00:00:00.000Z,true,28
ASM-0065546,E-0441,collaboration,INST-collaboration,v1,38,100,2025-02-08T00:00:00.000Z,false,68
ASM-0065548,E-0441,problem_solving,INST-problem_solving,v1,44,100,2025-02-24T00:00:00.000Z,true,37
ASM-0065550,E-0441,system_design,INST-system_design,v1,32,100,2025-01-25T00:00:00.000Z,true,44
ASM-0065552,E-0441,code_quality,INST-code_quality,v1,35,100,2025-02-12T00:00:00.000Z,false,25
ASM-0065582,E-0441,communication,INST-communication,v1,28,100,2025-09-12T00:00:00.000Z,true,23
ASM-0065584,E-0441,execution,INST-execution,v1,46,100,2025-08-02T00:00:00.000Z,false,87
ASM-0065586,E-0441,collaboration,INST-collaboration,v1,46,100,2025-07-02T00:00:00.000Z,true,38
ASM-0065588,E-0441,problem_solving,INST-problem_solving,v1,42,100,2025-09-17T00:00:00.000Z,true,63
ASM-0065590,E-0441,code_quality,INST-code_quality,v1,20,100,2025-09-26T00:00:00.000Z,true,72
ASM-0065616,E-0441,communication,INST-communication,v2,58,100,2026-03-24T00:00:00.000Z,true,78
ASM-0065618,E-0441,execution,INST-execution,v2,59,100,2026-02-04T00:00:00.000Z,true,66
ASM-0065620,E-0441,collaboration,INST-collaboration,v2,51,100,2026-03-24T00:00:00.000Z,true,21
ASM-0065622,E-0441,problem_solving,INST-problem_solving,v2,36,100,2026-02-09T00:00:00.000Z,true,36
ASM-0065624,E-0441,system_design,INST-system_design,v2,35,100,2026-02-22T00:00:00.000Z,true,72
ASM-0065626,E-0441,code_quality,INST-code_quality,v2,53,100,2026-01-27T00:00:00.000Z,false,89
ASM-0065652,E-0441,communication,INST-communication,v2,74,100,2026-09-26T00:00:00.000Z,true,79
ASM-0065654,E-0441,execution,INST-execution,v2,38,100,2026-09-27T00:00:00.000Z,true,36
ASM-0065656,E-0441,collaboration,INST-collaboration,v2,95,100,2026-08-03T00:00:00.000Z,false,29
ASM-0065658,E-0441,problem_solving,INST-problem_solving,v2,47,100,2026-08-28T00:00:00.000Z,true,37
ASM-0065660,E-0441,system_design,INST-system_design,v2,51,100,2026-07-17T00:00:00.000Z,true,22
ASM-0065662,E-0441,code_quality,INST-code_quality,v2,50,100,2026-07-20T00:00:00.000Z,true,79
ASM-0065706,E-0442,communication,INST-communication,v1,32,100,2025-02-11T00:00:00.000Z,false,39
ASM-0065708,E-0442,execution,INST-execution,v1,62,100,2025-02-07T00:00:00.000Z,true,64
ASM-0065710,E-0442,collaboration,INST-collaboration,v1,47,100,2025-02-19T00:00:00.000Z,false,47
ASM-0065712,E-0442,problem_solving,INST-problem_solving,v1,40,100,2025-01-03T00:00:00.000Z,true,77
ASM-0065714,E-0442,negotiation,INST-negotiation,v1,47,100,2025-02-26T00:00:00.000Z,true,62
ASM-0065716,E-0442,pipeline_mgmt,INST-pipeline_mgmt,v1,44,100,2025-02-19T00:00:00.000Z,false,47
ASM-0065744,E-0442,communication,INST-communication,v1,13,100,2025-09-19T00:00:00.000Z,true,53
ASM-0065746,E-0442,collaboration,INST-collaboration,v1,46,100,2025-07-11T00:00:00.000Z,true,62
ASM-0065748,E-0442,negotiation,INST-negotiation,v1,39,100,2025-07-21T00:00:00.000Z,true,52
ASM-0065780,E-0442,collaboration,INST-collaboration,v2,48,100,2026-02-17T00:00:00.000Z,true,68
ASM-0065782,E-0442,problem_solving,INST-problem_solving,v2,40,100,2026-01-08T00:00:00.000Z,true,23
ASM-0065784,E-0442,negotiation,INST-negotiation,v2,42,100,2026-01-18T00:00:00.000Z,true,45
ASM-0065786,E-0442,pipeline_mgmt,INST-pipeline_mgmt,v2,76,100,2026-02-27T00:00:00.000Z,true,87
ASM-0065817,E-0442,communication,INST-communication,v2,29,100,2026-07-06T00:00:00.000Z,true,66
ASM-0065819,E-0442,execution,INST-execution,v2,26,100,2026-09-24T00:00:00.000Z,false,43
ASM-0065821,E-0442,collaboration,INST-collaboration,v2,42,100,2026-08-24T00:00:00.000Z,true,50
ASM-0065823,E-0442,problem_solving,INST-problem_solving,v2,40,100,2026-07-25T00:00:00.000Z,false,41
ASM-0065825,E-0442,negotiation,INST-negotiation,v2,51,100,2026-09-10T00:00:00.000Z,true,89
ASM-0065827,E-0442,pipeline_mgmt,INST-pipeline_mgmt,v2,77,100,2026-09-07T00:00:00.000Z,false,74
ASM-0065856,E-0443,communication,INST-communication,v1,16,100,2025-03-13T00:00:00.000Z,true,71
ASM-0065858,E-0443,campaign_strategy,INST-campaign_strategy,v1,76,100,2025-02-12T00:00:00.000Z,false,37
ASM-0065860,E-0443,content_quality,INST-content_quality,v1,39,100,2025-03-18T00:00:00.000Z,false,75
ASM-0065888,E-0443,execution,INST-execution,v1,66,100,2025-09-03T00:00:00.000Z,true,78
ASM-0065890,E-0443,collaboration,INST-collaboration,v1,60,100,2025-08-07T00:00:00.000Z,false,72
ASM-0065892,E-0443,problem_solving,INST-problem_solving,v1,43,100,2025-09-03T00:00:00.000Z,false,63
ASM-0065894,E-0443,campaign_strategy,INST-campaign_strategy,v1,75,100,2025-07-13T00:00:00.000Z,true,22
ASM-0065914,E-0443,communication,INST-communication,v2,47,100,2026-01-29T00:00:00.000Z,true,77
ASM-0065916,E-0443,execution,INST-execution,v2,62,100,2026-03-28T00:00:00.000Z,false,57
ASM-0065918,E-0443,collaboration,INST-collaboration,v2,68,100,2026-02-25T00:00:00.000Z,true,87
ASM-0065920,E-0443,problem_solving,INST-problem_solving,v2,44,100,2026-02-01T00:00:00.000Z,false,51
ASM-0065940,E-0443,communication,INST-communication,v2,53,100,2026-08-19T00:00:00.000Z,true,79
ASM-0065942,E-0443,execution,INST-execution,v2,86,100,2026-09-01T00:00:00.000Z,true,60
ASM-0065944,E-0443,collaboration,INST-collaboration,v2,76,100,2026-09-05T00:00:00.000Z,false,68
ASM-0065946,E-0443,problem_solving,INST-problem_solving,v2,62,100,2026-07-14T00:00:00.000Z,true,31
ASM-0065948,E-0443,campaign_strategy,INST-campaign_strategy,v2,36,100,2026-09-07T00:00:00.000Z,true,66
ASM-0065950,E-0443,content_quality,INST-content_quality,v2,23,100,2026-09-02T00:00:00.000Z,false,80
ASM-0066001,E-0444,communication,INST-communication,v1,55,100,2025-01-12T00:00:00.000Z,false,37
ASM-0066003,E-0444,execution,INST-execution,v1,26,100,2025-03-11T00:00:00.000Z,true,22
ASM-0066005,E-0444,problem_solving,INST-problem_solving,v1,60,100,2025-03-20T00:00:00.000Z,true,73
ASM-0066007,E-0444,roadmap_prioritization,INST-roadmap_prioritization,v1,77,100,2025-01-30T00:00:00.000Z,false,32
ASM-0066009,E-0444,stakeholder_alignment,INST-stakeholder_alignment,v1,29,100,2025-02-12T00:00:00.000Z,true,75
ASM-0066034,E-0444,communication,INST-communication,v1,58,100,2025-08-04T00:00:00.000Z,true,71
ASM-0066036,E-0444,execution,INST-execution,v1,39,100,2025-07-03T00:00:00.000Z,true,40
ASM-0066038,E-0444,problem_solving,INST-problem_solving,v1,61,100,2025-09-22T00:00:00.000Z,false,65
ASM-0066040,E-0444,roadmap_prioritization,INST-roadmap_prioritization,v1,53,100,2025-09-13T00:00:00.000Z,false,51
ASM-0066042,E-0444,stakeholder_alignment,INST-stakeholder_alignment,v1,38,100,2025-09-28T00:00:00.000Z,false,69
ASM-0066077,E-0444,communication,INST-communication,v2,37,100,2026-03-23T00:00:00.000Z,false,56
ASM-0066079,E-0444,execution,INST-execution,v2,59,100,2026-02-08T00:00:00.000Z,false,80
ASM-0066081,E-0444,problem_solving,INST-problem_solving,v2,34,100,2026-03-13T00:00:00.000Z,true,70
ASM-0066083,E-0444,roadmap_prioritization,INST-roadmap_prioritization,v2,48,100,2026-03-21T00:00:00.000Z,true,43
ASM-0066085,E-0444,stakeholder_alignment,INST-stakeholder_alignment,v2,39,100,2026-03-02T00:00:00.000Z,true,44
ASM-0066111,E-0444,communication,INST-communication,v2,34,100,2026-07-03T00:00:00.000Z,false,49
ASM-0066113,E-0444,execution,INST-execution,v2,75,100,2026-07-11T00:00:00.000Z,true,73
ASM-0066115,E-0444,problem_solving,INST-problem_solving,v2,33,100,2026-09-02T00:00:00.000Z,true,52
ASM-0066117,E-0444,roadmap_prioritization,INST-roadmap_prioritization,v2,49,100,2026-08-09T00:00:00.000Z,true,36
ASM-0066119,E-0444,stakeholder_alignment,INST-stakeholder_alignment,v2,41,100,2026-09-17T00:00:00.000Z,true,30
ASM-0066171,E-0445,communication,INST-communication,v1,19,100,2025-03-26T00:00:00.000Z,true,29
ASM-0066173,E-0445,execution,INST-execution,v1,71,100,2025-01-27T00:00:00.000Z,false,64
ASM-0066175,E-0445,collaboration,INST-collaboration,v1,34,100,2025-03-05T00:00:00.000Z,true,65
ASM-0066177,E-0445,problem_solving,INST-problem_solving,v1,76,100,2025-03-23T00:00:00.000Z,true,64
ASM-0066179,E-0445,ux_research,INST-ux_research,v1,26,100,2025-03-16T00:00:00.000Z,true,45
ASM-0066208,E-0445,communication,INST-communication,v1,59,100,2025-08-07T00:00:00.000Z,true,31
ASM-0066210,E-0445,execution,INST-execution,v1,74,100,2025-09-03T00:00:00.000Z,true,54
ASM-0066212,E-0445,collaboration,INST-collaboration,v1,11,100,2025-09-22T00:00:00.000Z,false,68
ASM-0066214,E-0445,problem_solving,INST-problem_solving,v1,61,100,2025-07-30T00:00:00.000Z,false,35
ASM-0066216,E-0445,visual_craft,INST-visual_craft,v1,34,100,2025-08-10T00:00:00.000Z,true,58
ASM-0066218,E-0445,ux_research,INST-ux_research,v1,36,100,2025-08-31T00:00:00.000Z,true,55
ASM-0066238,E-0445,communication,INST-communication,v2,59,100,2026-03-07T00:00:00.000Z,true,26
ASM-0066240,E-0445,execution,INST-execution,v2,66,100,2026-02-14T00:00:00.000Z,true,37
ASM-0066242,E-0445,problem_solving,INST-problem_solving,v2,42,100,2026-01-25T00:00:00.000Z,true,75
ASM-0066244,E-0445,visual_craft,INST-visual_craft,v2,43,100,2026-03-26T00:00:00.000Z,true,39
ASM-0066278,E-0445,communication,INST-communication,v2,84,100,2026-09-21T00:00:00.000Z,false,74
ASM-0066280,E-0445,execution,INST-execution,v2,39,100,2026-08-29T00:00:00.000Z,false,63
ASM-0066282,E-0445,visual_craft,INST-visual_craft,v2,37,100,2026-07-31T00:00:00.000Z,false,86
ASM-0066284,E-0445,ux_research,INST-ux_research,v2,26,100,2026-07-28T00:00:00.000Z,false,73
ASM-0066324,E-0446,communication,INST-communication,v1,43,100,2025-02-27T00:00:00.000Z,true,31
ASM-0066326,E-0446,collaboration,INST-collaboration,v1,37,100,2025-01-23T00:00:00.000Z,true,33
ASM-0066328,E-0446,problem_solving,INST-problem_solving,v1,27,100,2025-03-19T00:00:00.000Z,true,72
ASM-0066330,E-0446,financial_modeling,INST-financial_modeling,v1,47,100,2025-03-16T00:00:00.000Z,false,36
ASM-0066332,E-0446,compliance_rigor,INST-compliance_rigor,v1,71,100,2025-01-29T00:00:00.000Z,false,31
ASM-0066359,E-0446,communication,INST-communication,v1,28,100,2025-08-14T00:00:00.000Z,true,77
ASM-0066361,E-0446,execution,INST-execution,v1,47,100,2025-08-29T00:00:00.000Z,true,85
ASM-0066363,E-0446,collaboration,INST-collaboration,v1,60,100,2025-07-13T00:00:00.000Z,true,76
ASM-0066365,E-0446,problem_solving,INST-problem_solving,v1,27,100,2025-08-26T00:00:00.000Z,true,37
ASM-0066367,E-0446,financial_modeling,INST-financial_modeling,v1,34,100,2025-07-26T00:00:00.000Z,false,53
ASM-0066369,E-0446,compliance_rigor,INST-compliance_rigor,v1,67,100,2025-09-19T00:00:00.000Z,false,69
ASM-0066394,E-0446,communication,INST-communication,v2,33,100,2026-01-03T00:00:00.000Z,true,64
ASM-0066396,E-0446,execution,INST-execution,v2,67,100,2026-02-06T00:00:00.000Z,false,79
ASM-0066398,E-0446,collaboration,INST-collaboration,v2,46,100,2026-03-20T00:00:00.000Z,true,40
ASM-0066400,E-0446,problem_solving,INST-problem_solving,v2,56,100,2026-02-15T00:00:00.000Z,true,72
ASM-0066402,E-0446,financial_modeling,INST-financial_modeling,v2,33,100,2026-02-19T00:00:00.000Z,true,69
ASM-0066404,E-0446,compliance_rigor,INST-compliance_rigor,v2,54,100,2026-03-12T00:00:00.000Z,true,62
ASM-0066423,E-0446,execution,INST-execution,v2,82,100,2026-07-03T00:00:00.000Z,false,30
ASM-0066425,E-0446,collaboration,INST-collaboration,v2,74,100,2026-07-04T00:00:00.000Z,true,42
ASM-0066427,E-0446,problem_solving,INST-problem_solving,v2,85,100,2026-09-13T00:00:00.000Z,true,72
ASM-0066429,E-0446,financial_modeling,INST-financial_modeling,v2,22,100,2026-09-29T00:00:00.000Z,true,70
ASM-0066431,E-0446,compliance_rigor,INST-compliance_rigor,v2,58,100,2026-08-22T00:00:00.000Z,true,62
ASM-0066471,E-0447,communication,INST-communication,v1,57,100,2025-03-03T00:00:00.000Z,true,57
ASM-0066473,E-0447,execution,INST-execution,v1,43,100,2025-01-03T00:00:00.000Z,true,83
ASM-0066475,E-0447,collaboration,INST-collaboration,v1,35,100,2025-02-14T00:00:00.000Z,false,27
ASM-0066477,E-0447,talent_assessment,INST-talent_assessment,v1,24,100,2025-03-06T00:00:00.000Z,true,73
ASM-0066479,E-0447,policy_navigation,INST-policy_navigation,v1,27,100,2025-02-16T00:00:00.000Z,true,72
ASM-0066506,E-0447,communication,INST-communication,v1,58,100,2025-07-02T00:00:00.000Z,true,84
ASM-0066508,E-0447,execution,INST-execution,v1,24,100,2025-08-09T00:00:00.000Z,false,78
ASM-0066510,E-0447,collaboration,INST-collaboration,v1,58,100,2025-07-03T00:00:00.000Z,false,52
ASM-0066512,E-0447,problem_solving,INST-problem_solving,v1,63,100,2025-09-28T00:00:00.000Z,false,44
ASM-0066514,E-0447,talent_assessment,INST-talent_assessment,v1,38,100,2025-07-26T00:00:00.000Z,true,65
ASM-0066552,E-0447,communication,INST-communication,v2,48,100,2026-03-26T00:00:00.000Z,true,77
ASM-0066554,E-0447,execution,INST-execution,v2,21,100,2026-01-14T00:00:00.000Z,true,40
ASM-0066556,E-0447,collaboration,INST-collaboration,v2,80,100,2026-02-25T00:00:00.000Z,true,86
ASM-0066558,E-0447,problem_solving,INST-problem_solving,v2,60,100,2026-03-04T00:00:00.000Z,true,76
ASM-0066560,E-0447,talent_assessment,INST-talent_assessment,v2,64,100,2026-02-09T00:00:00.000Z,true,32
ASM-0066562,E-0447,policy_navigation,INST-policy_navigation,v2,55,100,2026-02-16T00:00:00.000Z,false,28
ASM-0066597,E-0447,collaboration,INST-collaboration,v2,71,100,2026-09-18T00:00:00.000Z,true,80
ASM-0066599,E-0447,problem_solving,INST-problem_solving,v2,79,100,2026-09-11T00:00:00.000Z,true,34
ASM-0066601,E-0447,talent_assessment,INST-talent_assessment,v2,64,100,2026-09-12T00:00:00.000Z,true,52
ASM-0066635,E-0448,execution,INST-execution,v1,39,100,2025-01-16T00:00:00.000Z,false,68
ASM-0066637,E-0448,collaboration,INST-collaboration,v1,22,100,2025-02-22T00:00:00.000Z,true,59
ASM-0066639,E-0448,problem_solving,INST-problem_solving,v1,41,100,2025-02-08T00:00:00.000Z,true,88
ASM-0066641,E-0448,customer_resolution,INST-customer_resolution,v1,34,100,2025-01-08T00:00:00.000Z,true,23
ASM-0066643,E-0448,troubleshooting,INST-troubleshooting,v1,26,100,2025-03-27T00:00:00.000Z,false,64
ASM-0066672,E-0448,execution,INST-execution,v1,38,100,2025-08-17T00:00:00.000Z,true,73
ASM-0066674,E-0448,collaboration,INST-collaboration,v1,30,100,2025-08-21T00:00:00.000Z,true,64
ASM-0066676,E-0448,customer_resolution,INST-customer_resolution,v1,37,100,2025-07-11T00:00:00.000Z,false,86
ASM-0066703,E-0448,collaboration,INST-collaboration,v2,22,100,2026-03-25T00:00:00.000Z,true,54
ASM-0066705,E-0448,troubleshooting,INST-troubleshooting,v2,66,100,2026-01-02T00:00:00.000Z,false,20
ASM-0066740,E-0448,customer_resolution,INST-customer_resolution,v2,64,100,2026-08-28T00:00:00.000Z,true,67
ASM-0066742,E-0448,troubleshooting,INST-troubleshooting,v2,76,100,2026-07-18T00:00:00.000Z,true,36
ASM-0066774,E-0449,communication,INST-communication,v1,13,100,2025-01-20T00:00:00.000Z,false,36
ASM-0066776,E-0449,collaboration,INST-collaboration,v1,40,100,2025-02-26T00:00:00.000Z,true,88
ASM-0066778,E-0449,problem_solving,INST-problem_solving,v1,30,100,2025-02-09T00:00:00.000Z,false,68
ASM-0066780,E-0449,system_design,INST-system_design,v1,72,100,2025-02-10T00:00:00.000Z,false,20
ASM-0066782,E-0449,code_quality,INST-code_quality,v1,68,100,2025-02-03T00:00:00.000Z,true,77
ASM-0066809,E-0449,communication,INST-communication,v1,43,100,2025-07-09T00:00:00.000Z,true,49
ASM-0066811,E-0449,execution,INST-execution,v1,56,100,2025-07-13T00:00:00.000Z,true,68
ASM-0066813,E-0449,collaboration,INST-collaboration,v1,36,100,2025-09-10T00:00:00.000Z,false,24
ASM-0066815,E-0449,problem_solving,INST-problem_solving,v1,28,100,2025-09-16T00:00:00.000Z,false,87
ASM-0066817,E-0449,system_design,INST-system_design,v1,76,100,2025-09-23T00:00:00.000Z,true,84
ASM-0066842,E-0449,communication,INST-communication,v2,62,100,2026-02-21T00:00:00.000Z,false,80
ASM-0066844,E-0449,execution,INST-execution,v2,77,100,2026-02-07T00:00:00.000Z,true,83
ASM-0066846,E-0449,collaboration,INST-collaboration,v2,45,100,2026-03-20T00:00:00.000Z,true,89
ASM-0066848,E-0449,system_design,INST-system_design,v2,72,100,2026-03-20T00:00:00.000Z,false,64
ASM-0066857,E-0449,communication,INST-communication,v2,65,100,2026-08-05T00:00:00.000Z,true,43
ASM-0066859,E-0449,collaboration,INST-collaboration,v2,54,100,2026-08-30T00:00:00.000Z,false,81
ASM-0066861,E-0449,problem_solving,INST-problem_solving,v2,65,100,2026-07-13T00:00:00.000Z,true,88
ASM-0066863,E-0449,system_design,INST-system_design,v2,66,100,2026-08-19T00:00:00.000Z,true,31
ASM-0066888,E-0450,communication,INST-communication,v1,85,100,2025-02-04T00:00:00.000Z,true,33
ASM-0066890,E-0450,execution,INST-execution,v1,42,100,2025-02-05T00:00:00.000Z,true,70
ASM-0066892,E-0450,problem_solving,INST-problem_solving,v1,69,100,2025-01-26T00:00:00.000Z,false,71
ASM-0066894,E-0450,negotiation,INST-negotiation,v1,28,100,2025-01-29T00:00:00.000Z,true,69
ASM-0066913,E-0450,collaboration,INST-collaboration,v1,42,100,2025-09-20T00:00:00.000Z,false,81
ASM-0066915,E-0450,problem_solving,INST-problem_solving,v1,57,100,2025-07-23T00:00:00.000Z,true,79
ASM-0066917,E-0450,negotiation,INST-negotiation,v1,47,100,2025-09-24T00:00:00.000Z,true,32
ASM-0066919,E-0450,pipeline_mgmt,INST-pipeline_mgmt,v1,45,100,2025-07-31T00:00:00.000Z,true,64
ASM-0066942,E-0450,communication,INST-communication,v2,79,100,2026-01-16T00:00:00.000Z,true,48
ASM-0066944,E-0450,execution,INST-execution,v2,57,100,2026-03-30T00:00:00.000Z,false,27
ASM-0066946,E-0450,collaboration,INST-collaboration,v2,33,100,2026-02-07T00:00:00.000Z,true,29
ASM-0066948,E-0450,problem_solving,INST-problem_solving,v2,55,100,2026-03-26T00:00:00.000Z,true,79
ASM-0066950,E-0450,negotiation,INST-negotiation,v2,78,100,2026-02-23T00:00:00.000Z,true,49
ASM-0066952,E-0450,pipeline_mgmt,INST-pipeline_mgmt,v2,36,100,2026-01-27T00:00:00.000Z,true,38
ASM-0066960,E-0450,communication,INST-communication,v2,71,100,2026-09-18T00:00:00.000Z,false,29
ASM-0066962,E-0450,execution,INST-execution,v2,76,100,2026-09-11T00:00:00.000Z,true,74
ASM-0066964,E-0450,collaboration,INST-collaboration,v2,49,100,2026-07-20T00:00:00.000Z,true,42
ASM-0066966,E-0450,problem_solving,INST-problem_solving,v2,57,100,2026-09-24T00:00:00.000Z,true,57
ASM-0066968,E-0450,negotiation,INST-negotiation,v2,69,100,2026-07-05T00:00:00.000Z,true,20
ASM-0066970,E-0450,pipeline_mgmt,INST-pipeline_mgmt,v2,56,100,2026-07-24T00:00:00.000Z,true,42
ASM-0066999,E-0451,communication,INST-communication,v1,21,100,2025-03-28T00:00:00.000Z,true,62
ASM-0067001,E-0451,execution,INST-execution,v1,61,100,2025-01-19T00:00:00.000Z,true,81
ASM-0067003,E-0451,problem_solving,INST-problem_solving,v1,74,100,2025-03-10T00:00:00.000Z,true,43
ASM-0067005,E-0451,content_quality,INST-content_quality,v1,31,100,2025-01-26T00:00:00.000Z,true,59
ASM-0067037,E-0451,communication,INST-communication,v1,32,100,2025-07-31T00:00:00.000Z,true,60
ASM-0067039,E-0451,execution,INST-execution,v1,79,100,2025-08-29T00:00:00.000Z,true,31
ASM-0067041,E-0451,collaboration,INST-collaboration,v1,41,100,2025-09-27T00:00:00.000Z,true,52
ASM-0067043,E-0451,problem_solving,INST-problem_solving,v1,42,100,2025-07-06T00:00:00.000Z,false,20
ASM-0067069,E-0451,communication,INST-communication,v2,29,100,2026-01-24T00:00:00.000Z,false,42
ASM-0067071,E-0451,execution,INST-execution,v2,57,100,2026-03-31T00:00:00.000Z,true,43
ASM-0067073,E-0451,collaboration,INST-collaboration,v2,52,100,2026-02-21T00:00:00.000Z,false,44
ASM-0067075,E-0451,problem_solving,INST-problem_solving,v2,57,100,2026-03-07T00:00:00.000Z,true,31
ASM-0067077,E-0451,content_quality,INST-content_quality,v2,25,100,2026-02-12T00:00:00.000Z,false,73
ASM-0067103,E-0451,communication,INST-communication,v2,42,100,2026-08-28T00:00:00.000Z,true,80
ASM-0067105,E-0451,execution,INST-execution,v2,41,100,2026-09-26T00:00:00.000Z,true,42
ASM-0067107,E-0451,collaboration,INST-collaboration,v2,80,100,2026-08-09T00:00:00.000Z,false,43
ASM-0067109,E-0451,content_quality,INST-content_quality,v2,37,100,2026-09-21T00:00:00.000Z,false,38
ASM-0067155,E-0452,communication,INST-communication,v1,17,100,2025-01-20T00:00:00.000Z,true,41
ASM-0067157,E-0452,collaboration,INST-collaboration,v1,30,100,2025-01-04T00:00:00.000Z,true,57
ASM-0067159,E-0452,problem_solving,INST-problem_solving,v1,20,100,2025-03-05T00:00:00.000Z,true,36
ASM-0067161,E-0452,roadmap_prioritization,INST-roadmap_prioritization,v1,29,100,2025-03-04T00:00:00.000Z,true,78
ASM-0067163,E-0452,stakeholder_alignment,INST-stakeholder_alignment,v1,12,100,2025-03-10T00:00:00.000Z,true,45
ASM-0067185,E-0452,communication,INST-communication,v1,26,100,2025-08-23T00:00:00.000Z,false,21
ASM-0067187,E-0452,execution,INST-execution,v1,60,100,2025-08-31T00:00:00.000Z,true,74
ASM-0067189,E-0452,collaboration,INST-collaboration,v1,33,100,2025-08-22T00:00:00.000Z,false,65
ASM-0067191,E-0452,problem_solving,INST-problem_solving,v1,13,100,2025-08-16T00:00:00.000Z,true,50
ASM-0067193,E-0452,stakeholder_alignment,INST-stakeholder_alignment,v1,54,100,2025-08-07T00:00:00.000Z,true,83
ASM-0067223,E-0452,communication,INST-communication,v2,40,100,2026-02-19T00:00:00.000Z,true,84
ASM-0067225,E-0452,execution,INST-execution,v2,83,100,2026-02-27T00:00:00.000Z,false,26
ASM-0067227,E-0452,collaboration,INST-collaboration,v2,51,100,2026-02-26T00:00:00.000Z,false,37
ASM-0067229,E-0452,problem_solving,INST-problem_solving,v2,13,100,2026-01-23T00:00:00.000Z,true,35
ASM-0067231,E-0452,roadmap_prioritization,INST-roadmap_prioritization,v2,84,100,2026-02-24T00:00:00.000Z,false,69
ASM-0067265,E-0452,communication,INST-communication,v2,18,100,2026-09-14T00:00:00.000Z,true,85
ASM-0067267,E-0452,execution,INST-execution,v2,100,100,2026-07-23T00:00:00.000Z,true,44
ASM-0067269,E-0452,problem_solving,INST-problem_solving,v2,21,100,2026-09-16T00:00:00.000Z,true,43
ASM-0067271,E-0452,roadmap_prioritization,INST-roadmap_prioritization,v2,80,100,2026-07-27T00:00:00.000Z,true,51
ASM-0067273,E-0452,stakeholder_alignment,INST-stakeholder_alignment,v2,74,100,2026-09-10T00:00:00.000Z,true,87
ASM-0067320,E-0453,communication,INST-communication,v1,69,100,2025-01-17T00:00:00.000Z,false,26
ASM-0067322,E-0453,execution,INST-execution,v1,86,100,2025-02-22T00:00:00.000Z,false,58
ASM-0067324,E-0453,collaboration,INST-collaboration,v1,86,100,2025-01-08T00:00:00.000Z,true,56
ASM-0067326,E-0453,problem_solving,INST-problem_solving,v1,27,100,2025-03-30T00:00:00.000Z,true,38
ASM-0067328,E-0453,visual_craft,INST-visual_craft,v1,33,100,2025-01-16T00:00:00.000Z,false,87
ASM-0067330,E-0453,ux_research,INST-ux_research,v1,59,100,2025-03-22T00:00:00.000Z,true,66
ASM-0067359,E-0453,execution,INST-execution,v1,70,100,2025-08-24T00:00:00.000Z,true,30
ASM-0067361,E-0453,collaboration,INST-collaboration,v1,62,100,2025-07-17T00:00:00.000Z,true,56
ASM-0067363,E-0453,problem_solving,INST-problem_solving,v1,26,100,2025-07-30T00:00:00.000Z,true,77
ASM-0067365,E-0453,visual_craft,INST-visual_craft,v1,25,100,2025-09-29T00:00:00.000Z,true,42
ASM-0067367,E-0453,ux_research,INST-ux_research,v1,58,100,2025-09-04T00:00:00.000Z,true,32
ASM-0067396,E-0453,execution,INST-execution,v2,75,100,2026-03-18T00:00:00.000Z,true,48
ASM-0067398,E-0453,collaboration,INST-collaboration,v2,59,100,2026-02-05T00:00:00.000Z,true,60
ASM-0067400,E-0453,ux_research,INST-ux_research,v2,49,100,2026-01-29T00:00:00.000Z,true,63
ASM-0067428,E-0453,communication,INST-communication,v2,59,100,2026-08-17T00:00:00.000Z,false,48
ASM-0067430,E-0453,execution,INST-execution,v2,54,100,2026-07-22T00:00:00.000Z,true,73
ASM-0067432,E-0453,problem_solving,INST-problem_solving,v2,72,100,2026-07-14T00:00:00.000Z,true,34
ASM-0067434,E-0453,visual_craft,INST-visual_craft,v2,37,100,2026-08-28T00:00:00.000Z,true,78
ASM-0067436,E-0453,ux_research,INST-ux_research,v2,65,100,2026-08-29T00:00:00.000Z,true,75
ASM-0067481,E-0454,execution,INST-execution,v1,55,100,2025-01-15T00:00:00.000Z,false,28
ASM-0067483,E-0454,collaboration,INST-collaboration,v1,48,100,2025-02-07T00:00:00.000Z,true,40
ASM-0067485,E-0454,problem_solving,INST-problem_solving,v1,74,100,2025-02-05T00:00:00.000Z,false,39
ASM-0067487,E-0454,financial_modeling,INST-financial_modeling,v1,43,100,2025-02-08T00:00:00.000Z,false,25
ASM-0067518,E-0454,execution,INST-execution,v1,45,100,2025-09-25T00:00:00.000Z,true,76
ASM-0067520,E-0454,collaboration,INST-collaboration,v1,59,100,2025-07-21T00:00:00.000Z,true,60
ASM-0067522,E-0454,problem_solving,INST-problem_solving,v1,75,100,2025-08-13T00:00:00.000Z,true,35
ASM-0067524,E-0454,financial_modeling,INST-financial_modeling,v1,62,100,2025-07-30T00:00:00.000Z,true,74
ASM-0067526,E-0454,compliance_rigor,INST-compliance_rigor,v1,47,100,2025-08-24T00:00:00.000Z,false,35
ASM-0067556,E-0454,execution,INST-execution,v2,34,100,2026-01-24T00:00:00.000Z,true,35
ASM-0067558,E-0454,collaboration,INST-collaboration,v2,69,100,2026-02-07T00:00:00.000Z,true,21
ASM-0067560,E-0454,problem_solving,INST-problem_solving,v2,64,100,2026-03-24T00:00:00.000Z,true,75
ASM-0067584,E-0454,execution,INST-execution,v2,46,100,2026-09-28T00:00:00.000Z,true,49
ASM-0067586,E-0454,financial_modeling,INST-financial_modeling,v2,54,100,2026-08-21T00:00:00.000Z,true,25
ASM-0067588,E-0454,compliance_rigor,INST-compliance_rigor,v2,76,100,2026-08-20T00:00:00.000Z,false,70
ASM-0067620,E-0455,communication,INST-communication,v1,43,100,2025-01-09T00:00:00.000Z,true,63
ASM-0067622,E-0455,execution,INST-execution,v1,84,100,2025-03-26T00:00:00.000Z,false,79
ASM-0067624,E-0455,collaboration,INST-collaboration,v1,41,100,2025-03-25T00:00:00.000Z,true,26
ASM-0067626,E-0455,problem_solving,INST-problem_solving,v1,92,100,2025-02-09T00:00:00.000Z,true,60
ASM-0067628,E-0455,talent_assessment,INST-talent_assessment,v1,20,100,2025-02-02T00:00:00.000Z,true,58
ASM-0067630,E-0455,policy_navigation,INST-policy_navigation,v1,52,100,2025-02-24T00:00:00.000Z,true,81
ASM-0067661,E-0455,communication,INST-communication,v1,22,100,2025-09-03T00:00:00.000Z,true,29
ASM-0067663,E-0455,collaboration,INST-collaboration,v1,56,100,2025-07-01T00:00:00.000Z,false,56
ASM-0067665,E-0455,problem_solving,INST-problem_solving,v1,65,100,2025-08-08T00:00:00.000Z,true,48
ASM-0067667,E-0455,talent_assessment,INST-talent_assessment,v1,31,100,2025-09-09T00:00:00.000Z,true,57
ASM-0067684,E-0455,communication,INST-communication,v2,28,100,2026-01-28T00:00:00.000Z,true,25
ASM-0067686,E-0455,collaboration,INST-collaboration,v2,65,100,2026-01-09T00:00:00.000Z,true,34
ASM-0067688,E-0455,problem_solving,INST-problem_solving,v2,55,100,2026-01-07T00:00:00.000Z,true,31
ASM-0067690,E-0455,talent_assessment,INST-talent_assessment,v2,53,100,2026-02-16T00:00:00.000Z,true,73
ASM-0067711,E-0455,communication,INST-communication,v2,34,100,2026-08-06T00:00:00.000Z,true,63
ASM-0067713,E-0455,execution,INST-execution,v2,40,100,2026-07-06T00:00:00.000Z,true,81
ASM-0067715,E-0455,collaboration,INST-collaboration,v2,92,100,2026-07-22T00:00:00.000Z,true,28
ASM-0067717,E-0455,problem_solving,INST-problem_solving,v2,35,100,2026-08-03T00:00:00.000Z,true,87
ASM-0067719,E-0455,talent_assessment,INST-talent_assessment,v2,66,100,2026-07-05T00:00:00.000Z,true,46
ASM-0067754,E-0456,communication,INST-communication,v1,33,100,2025-01-08T00:00:00.000Z,true,50
ASM-0067756,E-0456,execution,INST-execution,v1,36,100,2025-02-06T00:00:00.000Z,true,70
ASM-0067758,E-0456,collaboration,INST-collaboration,v1,50,100,2025-02-08T00:00:00.000Z,true,31
ASM-0067760,E-0456,problem_solving,INST-problem_solving,v1,35,100,2025-03-27T00:00:00.000Z,true,29
ASM-0067762,E-0456,troubleshooting,INST-troubleshooting,v1,51,100,2025-01-18T00:00:00.000Z,true,44
ASM-0067794,E-0456,communication,INST-communication,v1,39,100,2025-09-03T00:00:00.000Z,true,72
ASM-0067796,E-0456,execution,INST-execution,v1,54,100,2025-08-16T00:00:00.000Z,true,65
ASM-0067798,E-0456,collaboration,INST-collaboration,v1,52,100,2025-09-05T00:00:00.000Z,false,82
ASM-0067800,E-0456,problem_solving,INST-problem_solving,v1,34,100,2025-09-12T00:00:00.000Z,true,76
ASM-0067802,E-0456,customer_resolution,INST-customer_resolution,v1,36,100,2025-09-15T00:00:00.000Z,true,84
ASM-0067804,E-0456,troubleshooting,INST-troubleshooting,v1,59,100,2025-07-06T00:00:00.000Z,true,35
ASM-0067823,E-0456,communication,INST-communication,v2,69,100,2026-03-02T00:00:00.000Z,true,75
ASM-0067825,E-0456,execution,INST-execution,v2,39,100,2026-01-03T00:00:00.000Z,true,20
ASM-0067827,E-0456,problem_solving,INST-problem_solving,v2,29,100,2026-02-16T00:00:00.000Z,true,61
ASM-0067829,E-0456,customer_resolution,INST-customer_resolution,v2,33,100,2026-01-20T00:00:00.000Z,true,52
ASM-0067831,E-0456,troubleshooting,INST-troubleshooting,v2,38,100,2026-02-06T00:00:00.000Z,false,47
ASM-0067854,E-0456,execution,INST-execution,v2,32,100,2026-08-13T00:00:00.000Z,true,45
ASM-0067856,E-0456,collaboration,INST-collaboration,v2,35,100,2026-07-11T00:00:00.000Z,true,55
ASM-0067858,E-0456,problem_solving,INST-problem_solving,v2,18,100,2026-07-14T00:00:00.000Z,false,53
ASM-0067860,E-0456,customer_resolution,INST-customer_resolution,v2,22,100,2026-09-13T00:00:00.000Z,true,71
ASM-0067862,E-0456,troubleshooting,INST-troubleshooting,v2,21,100,2026-07-19T00:00:00.000Z,true,48
ASM-0067902,E-0457,execution,INST-execution,v1,36,100,2025-03-15T00:00:00.000Z,true,28
ASM-0067904,E-0457,problem_solving,INST-problem_solving,v1,34,100,2025-02-06T00:00:00.000Z,true,87
ASM-0067906,E-0457,system_design,INST-system_design,v1,33,100,2025-03-29T00:00:00.000Z,true,46
ASM-0067908,E-0457,code_quality,INST-code_quality,v1,30,100,2025-03-24T00:00:00.000Z,false,29
ASM-0067938,E-0457,communication,INST-communication,v1,49,100,2025-08-22T00:00:00.000Z,true,30
ASM-0067940,E-0457,execution,INST-execution,v1,42,100,2025-08-19T00:00:00.000Z,true,43
ASM-0067942,E-0457,problem_solving,INST-problem_solving,v1,21,100,2025-09-23T00:00:00.000Z,true,33
ASM-0067944,E-0457,system_design,INST-system_design,v1,20,100,2025-09-13T00:00:00.000Z,true,59
ASM-0067946,E-0457,code_quality,INST-code_quality,v1,37,100,2025-07-28T00:00:00.000Z,true,36
ASM-0067970,E-0457,communication,INST-communication,v2,83,100,2026-03-23T00:00:00.000Z,false,56
ASM-0067972,E-0457,execution,INST-execution,v2,14,100,2026-02-20T00:00:00.000Z,false,75
ASM-0067974,E-0457,collaboration,INST-collaboration,v2,41,100,2026-03-30T00:00:00.000Z,true,52
ASM-0067976,E-0457,problem_solving,INST-problem_solving,v2,17,100,2026-03-23T00:00:00.000Z,true,26
ASM-0067978,E-0457,system_design,INST-system_design,v2,26,100,2026-01-31T00:00:00.000Z,false,41
ASM-0067999,E-0457,communication,INST-communication,v2,71,100,2026-09-26T00:00:00.000Z,false,88
ASM-0068001,E-0457,execution,INST-execution,v2,18,100,2026-07-23T00:00:00.000Z,true,63
ASM-0068003,E-0457,collaboration,INST-collaboration,v2,44,100,2026-08-11T00:00:00.000Z,true,86
ASM-0068005,E-0457,problem_solving,INST-problem_solving,v2,3,100,2026-09-05T00:00:00.000Z,true,81
ASM-0068007,E-0457,system_design,INST-system_design,v2,17,100,2026-09-06T00:00:00.000Z,true,46
ASM-0068009,E-0457,code_quality,INST-code_quality,v2,33,100,2026-09-07T00:00:00.000Z,true,42
ASM-0068049,E-0458,communication,INST-communication,v1,21,100,2025-03-13T00:00:00.000Z,false,25
ASM-0068051,E-0458,execution,INST-execution,v1,52,100,2025-01-18T00:00:00.000Z,true,69
ASM-0068053,E-0458,collaboration,INST-collaboration,v1,32,100,2025-03-10T00:00:00.000Z,true,39
ASM-0068055,E-0458,problem_solving,INST-problem_solving,v1,87,100,2025-03-19T00:00:00.000Z,true,52
ASM-0068057,E-0458,negotiation,INST-negotiation,v1,13,100,2025-01-23T00:00:00.000Z,true,66
ASM-0068059,E-0458,pipeline_mgmt,INST-pipeline_mgmt,v1,31,100,2025-03-22T00:00:00.000Z,true,55
ASM-0068089,E-0458,collaboration,INST-collaboration,v1,46,100,2025-08-16T00:00:00.000Z,false,42
ASM-0068091,E-0458,problem_solving,INST-problem_solving,v1,53,100,2025-08-27T00:00:00.000Z,true,53
ASM-0068093,E-0458,negotiation,INST-negotiation,v1,5,100,2025-07-15T00:00:00.000Z,true,80
ASM-0068095,E-0458,pipeline_mgmt,INST-pipeline_mgmt,v1,35,100,2025-07-04T00:00:00.000Z,true,80
ASM-0068121,E-0458,communication,INST-communication,v2,38,100,2026-02-03T00:00:00.000Z,true,41
ASM-0068123,E-0458,problem_solving,INST-problem_solving,v2,47,100,2026-03-30T00:00:00.000Z,false,69
ASM-0068125,E-0458,negotiation,INST-negotiation,v2,45,100,2026-01-04T00:00:00.000Z,true,45
ASM-0068127,E-0458,pipeline_mgmt,INST-pipeline_mgmt,v2,55,100,2026-01-24T00:00:00.000Z,false,36
ASM-0068144,E-0458,communication,INST-communication,v2,46,100,2026-08-17T00:00:00.000Z,true,23
ASM-0068146,E-0458,problem_solving,INST-problem_solving,v2,44,100,2026-08-05T00:00:00.000Z,true,43
ASM-0068148,E-0458,pipeline_mgmt,INST-pipeline_mgmt,v2,73,100,2026-09-05T00:00:00.000Z,false,23
ASM-0068189,E-0459,communication,INST-communication,v1,41,100,2025-01-28T00:00:00.000Z,false,85
ASM-0068191,E-0459,execution,INST-execution,v1,24,100,2025-03-14T00:00:00.000Z,true,80
ASM-0068193,E-0459,collaboration,INST-collaboration,v1,32,100,2025-01-11T00:00:00.000Z,true,60
ASM-0068195,E-0459,problem_solving,INST-problem_solving,v1,14,100,2025-03-03T00:00:00.000Z,true,38
ASM-0068197,E-0459,campaign_strategy,INST-campaign_strategy,v1,65,100,2025-02-06T00:00:00.000Z,false,37
ASM-0068230,E-0459,execution,INST-execution,v1,48,100,2025-07-20T00:00:00.000Z,true,36
ASM-0068232,E-0459,collaboration,INST-collaboration,v1,33,100,2025-08-06T00:00:00.000Z,true,87
ASM-0068234,E-0459,problem_solving,INST-problem_solving,v1,20,100,2025-07-28T00:00:00.000Z,true,23
ASM-0068236,E-0459,campaign_strategy,INST-campaign_strategy,v1,55,100,2025-09-02T00:00:00.000Z,true,31
ASM-0068238,E-0459,content_quality,INST-content_quality,v1,62,100,2025-08-30T00:00:00.000Z,false,34
ASM-0068267,E-0459,collaboration,INST-collaboration,v2,19,100,2026-01-19T00:00:00.000Z,true,68
ASM-0068269,E-0459,problem_solving,INST-problem_solving,v2,21,100,2026-01-21T00:00:00.000Z,false,61
ASM-0068271,E-0459,campaign_strategy,INST-campaign_strategy,v2,54,100,2026-02-21T00:00:00.000Z,true,51
ASM-0068273,E-0459,content_quality,INST-content_quality,v2,39,100,2026-03-08T00:00:00.000Z,false,75
ASM-0068307,E-0459,communication,INST-communication,v2,38,100,2026-09-15T00:00:00.000Z,true,45
ASM-0068309,E-0459,execution,INST-execution,v2,82,100,2026-07-28T00:00:00.000Z,false,85
ASM-0068311,E-0459,campaign_strategy,INST-campaign_strategy,v2,27,100,2026-08-17T00:00:00.000Z,true,34
ASM-0068313,E-0459,content_quality,INST-content_quality,v2,42,100,2026-07-25T00:00:00.000Z,true,89
ASM-0068349,E-0460,communication,INST-communication,v1,15,100,2025-01-17T00:00:00.000Z,true,58
ASM-0068351,E-0460,execution,INST-execution,v1,41,100,2025-01-19T00:00:00.000Z,false,26
ASM-0068353,E-0460,collaboration,INST-collaboration,v1,48,100,2025-02-25T00:00:00.000Z,true,53
ASM-0068355,E-0460,problem_solving,INST-problem_solving,v1,28,100,2025-01-27T00:00:00.000Z,false,72
ASM-0068357,E-0460,roadmap_prioritization,INST-roadmap_prioritization,v1,27,100,2025-02-23T00:00:00.000Z,true,35
ASM-0068359,E-0460,stakeholder_alignment,INST-stakeholder_alignment,v1,32,100,2025-03-02T00:00:00.000Z,true,53
ASM-0068390,E-0460,communication,INST-communication,v1,33,100,2025-09-18T00:00:00.000Z,true,71
ASM-0068392,E-0460,execution,INST-execution,v1,20,100,2025-07-18T00:00:00.000Z,false,37
ASM-0068394,E-0460,collaboration,INST-collaboration,v1,22,100,2025-08-06T00:00:00.000Z,true,66
ASM-0068396,E-0460,problem_solving,INST-problem_solving,v1,48,100,2025-07-30T00:00:00.000Z,true,58
ASM-0068398,E-0460,roadmap_prioritization,INST-roadmap_prioritization,v1,27,100,2025-07-25T00:00:00.000Z,true,33
ASM-0068400,E-0460,stakeholder_alignment,INST-stakeholder_alignment,v1,77,100,2025-08-01T00:00:00.000Z,false,27
ASM-0068441,E-0460,communication,INST-communication,v2,75,100,2026-03-15T00:00:00.000Z,false,83
ASM-0068443,E-0460,execution,INST-execution,v2,49,100,2026-03-14T00:00:00.000Z,true,79
ASM-0068445,E-0460,problem_solving,INST-problem_solving,v2,53,100,2026-03-15T00:00:00.000Z,false,24
ASM-0068469,E-0460,communication,INST-communication,v2,68,100,2026-08-28T00:00:00.000Z,true,26
ASM-0068471,E-0460,execution,INST-execution,v2,18,100,2026-09-06T00:00:00.000Z,true,52
ASM-0068473,E-0460,roadmap_prioritization,INST-roadmap_prioritization,v2,59,100,2026-07-03T00:00:00.000Z,true,54
ASM-0068475,E-0460,stakeholder_alignment,INST-stakeholder_alignment,v2,69,100,2026-08-02T00:00:00.000Z,true,38
ASM-0068500,E-0461,communication,INST-communication,v1,48,100,2025-02-10T00:00:00.000Z,true,53
ASM-0068502,E-0461,execution,INST-execution,v1,27,100,2025-02-11T00:00:00.000Z,false,40
ASM-0068504,E-0461,collaboration,INST-collaboration,v1,19,100,2025-02-19T00:00:00.000Z,true,39
ASM-0068506,E-0461,problem_solving,INST-problem_solving,v1,18,100,2025-03-20T00:00:00.000Z,true,73
ASM-0068508,E-0461,visual_craft,INST-visual_craft,v1,30,100,2025-02-11T00:00:00.000Z,false,71
ASM-0068510,E-0461,ux_research,INST-ux_research,v1,33,100,2025-03-09T00:00:00.000Z,true,55
ASM-0068528,E-0461,execution,INST-execution,v1,38,100,2025-09-21T00:00:00.000Z,true,41
ASM-0068530,E-0461,problem_solving,INST-problem_solving,v1,12,100,2025-09-21T00:00:00.000Z,true,39
ASM-0068532,E-0461,visual_craft,INST-visual_craft,v1,51,100,2025-09-11T00:00:00.000Z,true,49
ASM-0068534,E-0461,ux_research,INST-ux_research,v1,62,100,2025-07-02T00:00:00.000Z,true,22
ASM-0068554,E-0461,execution,INST-execution,v2,33,100,2026-02-25T00:00:00.000Z,false,28
ASM-0068556,E-0461,collaboration,INST-collaboration,v2,53,100,2026-02-26T00:00:00.000Z,true,77
ASM-0068558,E-0461,problem_solving,INST-problem_solving,v2,52,100,2026-02-07T00:00:00.000Z,true,51
ASM-0068560,E-0461,visual_craft,INST-visual_craft,v2,53,100,2026-02-26T00:00:00.000Z,true,38
ASM-0068562,E-0461,ux_research,INST-ux_research,v2,51,100,2026-02-04T00:00:00.000Z,true,83
ASM-0068583,E-0461,execution,INST-execution,v2,37,100,2026-08-18T00:00:00.000Z,true,66
ASM-0068585,E-0461,problem_solving,INST-problem_solving,v2,55,100,2026-09-10T00:00:00.000Z,true,86
ASM-0068587,E-0461,visual_craft,INST-visual_craft,v2,74,100,2026-07-06T00:00:00.000Z,true,38
ASM-0068589,E-0461,ux_research,INST-ux_research,v2,68,100,2026-08-07T00:00:00.000Z,true,63
ASM-0068625,E-0462,communication,INST-communication,v1,46,100,2025-03-17T00:00:00.000Z,true,48
ASM-0068627,E-0462,execution,INST-execution,v1,41,100,2025-02-24T00:00:00.000Z,true,39
ASM-0068629,E-0462,collaboration,INST-collaboration,v1,26,100,2025-03-26T00:00:00.000Z,true,89
ASM-0068631,E-0462,problem_solving,INST-problem_solving,v1,38,100,2025-03-21T00:00:00.000Z,false,21
ASM-0068633,E-0462,compliance_rigor,INST-compliance_rigor,v1,32,100,2025-03-12T00:00:00.000Z,true,66
ASM-0068664,E-0462,communication,INST-communication,v1,51,100,2025-09-10T00:00:00.000Z,true,65
ASM-0068666,E-0462,execution,INST-execution,v1,32,100,2025-07-02T00:00:00.000Z,false,49
ASM-0068668,E-0462,collaboration,INST-collaboration,v1,15,100,2025-07-05T00:00:00.000Z,true,72
ASM-0068670,E-0462,problem_solving,INST-problem_solving,v1,30,100,2025-09-07T00:00:00.000Z,true,35
ASM-0068672,E-0462,financial_modeling,INST-financial_modeling,v1,46,100,2025-08-05T00:00:00.000Z,true,38
ASM-0068674,E-0462,compliance_rigor,INST-compliance_rigor,v1,38,100,2025-07-27T00:00:00.000Z,true,45
ASM-0068698,E-0462,execution,INST-execution,v2,49,100,2026-03-09T00:00:00.000Z,false,50
ASM-0068700,E-0462,collaboration,INST-collaboration,v2,32,100,2026-01-17T00:00:00.000Z,false,55
ASM-0068702,E-0462,problem_solving,INST-problem_solving,v2,74,100,2026-01-05T00:00:00.000Z,true,69
ASM-0068704,E-0462,financial_modeling,INST-financial_modeling,v2,19,100,2026-01-29T00:00:00.000Z,true,43
ASM-0068706,E-0462,compliance_rigor,INST-compliance_rigor,v2,54,100,2026-03-07T00:00:00.000Z,true,32
ASM-0068736,E-0462,communication,INST-communication,v2,39,100,2026-08-20T00:00:00.000Z,false,26
ASM-0068738,E-0462,execution,INST-execution,v2,59,100,2026-07-26T00:00:00.000Z,true,72
ASM-0068740,E-0462,collaboration,INST-collaboration,v2,67,100,2026-09-16T00:00:00.000Z,true,76
ASM-0068742,E-0462,problem_solving,INST-problem_solving,v2,76,100,2026-07-22T00:00:00.000Z,false,44
ASM-0068744,E-0462,financial_modeling,INST-financial_modeling,v2,31,100,2026-07-18T00:00:00.000Z,true,43
ASM-0068746,E-0462,compliance_rigor,INST-compliance_rigor,v2,79,100,2026-09-19T00:00:00.000Z,true,49
ASM-0068794,E-0463,problem_solving,INST-problem_solving,v1,36,100,2025-01-23T00:00:00.000Z,true,75
ASM-0068796,E-0463,talent_assessment,INST-talent_assessment,v1,34,100,2025-03-20T00:00:00.000Z,true,40
ASM-0068798,E-0463,policy_navigation,INST-policy_navigation,v1,54,100,2025-03-23T00:00:00.000Z,true,57
ASM-0068829,E-0463,execution,INST-execution,v1,27,100,2025-07-13T00:00:00.000Z,true,63
ASM-0068831,E-0463,collaboration,INST-collaboration,v1,18,100,2025-09-11T00:00:00.000Z,false,41
ASM-0068833,E-0463,talent_assessment,INST-talent_assessment,v1,47,100,2025-07-03T00:00:00.000Z,false,53
ASM-0068835,E-0463,policy_navigation,INST-policy_navigation,v1,59,100,2025-08-07T00:00:00.000Z,false,61
ASM-0068859,E-0463,execution,INST-execution,v2,38,100,2026-01-10T00:00:00.000Z,false,42
ASM-0068861,E-0463,collaboration,INST-collaboration,v2,35,100,2026-01-29T00:00:00.000Z,true,89
ASM-0068863,E-0463,talent_assessment,INST-talent_assessment,v2,60,100,2026-01-27T00:00:00.000Z,false,24
ASM-0068865,E-0463,policy_navigation,INST-policy_navigation,v2,45,100,2026-01-24T00:00:00.000Z,true,49
ASM-0068895,E-0463,problem_solving,INST-problem_solving,v2,69,100,2026-08-09T00:00:00.000Z,true,56
ASM-0068897,E-0463,policy_navigation,INST-policy_navigation,v2,29,100,2026-08-15T00:00:00.000Z,false,31
ASM-0068934,E-0464,execution,INST-execution,v1,84,100,2025-03-03T00:00:00.000Z,true,43
ASM-0068936,E-0464,collaboration,INST-collaboration,v1,18,100,2025-01-01T00:00:00.000Z,true,29
ASM-0068938,E-0464,problem_solving,INST-problem_solving,v1,42,100,2025-01-24T00:00:00.000Z,true,26
ASM-0068940,E-0464,customer_resolution,INST-customer_resolution,v1,28,100,2025-01-21T00:00:00.000Z,true,58
ASM-0068942,E-0464,troubleshooting,INST-troubleshooting,v1,34,100,2025-02-20T00:00:00.000Z,true,89
ASM-0068970,E-0464,communication,INST-communication,v1,27,100,2025-07-03T00:00:00.000Z,false,56
ASM-0068972,E-0464,execution,INST-execution,v1,59,100,2025-09-17T00:00:00.000Z,true,41
ASM-0068974,E-0464,collaboration,INST-collaboration,v1,27,100,2025-08-23T00:00:00.000Z,false,33
ASM-0068976,E-0464,problem_solving,INST-problem_solving,v1,49,100,2025-08-21T00:00:00.000Z,false,87
ASM-0068978,E-0464,customer_resolution,INST-customer_resolution,v1,36,100,2025-07-03T00:00:00.000Z,false,47
ASM-0068980,E-0464,troubleshooting,INST-troubleshooting,v1,27,100,2025-08-27T00:00:00.000Z,true,73
ASM-0069016,E-0464,communication,INST-communication,v2,58,100,2026-02-20T00:00:00.000Z,true,65
ASM-0069018,E-0464,collaboration,INST-collaboration,v2,15,100,2026-01-28T00:00:00.000Z,false,24
ASM-0069020,E-0464,problem_solving,INST-problem_solving,v2,31,100,2026-01-30T00:00:00.000Z,false,82
ASM-0069022,E-0464,customer_resolution,INST-customer_resolution,v2,27,100,2026-02-04T00:00:00.000Z,true,45
ASM-0069061,E-0464,execution,INST-execution,v2,33,100,2026-08-28T00:00:00.000Z,true,32
ASM-0069063,E-0464,customer_resolution,INST-customer_resolution,v2,30,100,2026-07-18T00:00:00.000Z,false,62
ASM-0069111,E-0465,communication,INST-communication,v1,37,100,2025-01-13T00:00:00.000Z,true,86
ASM-0069113,E-0465,execution,INST-execution,v1,66,100,2025-01-05T00:00:00.000Z,true,66
ASM-0069115,E-0465,collaboration,INST-collaboration,v1,46,100,2025-02-15T00:00:00.000Z,true,42
ASM-0069117,E-0465,system_design,INST-system_design,v1,26,100,2025-02-22T00:00:00.000Z,true,22
ASM-0069151,E-0465,communication,INST-communication,v1,39,100,2025-09-11T00:00:00.000Z,true,27
ASM-0069153,E-0465,execution,INST-execution,v1,63,100,2025-08-18T00:00:00.000Z,false,70
ASM-0069155,E-0465,collaboration,INST-collaboration,v1,42,100,2025-07-22T00:00:00.000Z,true,58
ASM-0069157,E-0465,problem_solving,INST-problem_solving,v1,61,100,2025-07-22T00:00:00.000Z,true,84
ASM-0069159,E-0465,system_design,INST-system_design,v1,37,100,2025-09-06T00:00:00.000Z,false,33
ASM-0069161,E-0465,code_quality,INST-code_quality,v1,60,100,2025-08-20T00:00:00.000Z,true,75
ASM-0069187,E-0465,communication,INST-communication,v2,46,100,2026-03-08T00:00:00.000Z,true,26
ASM-0069189,E-0465,execution,INST-execution,v2,44,100,2026-03-25T00:00:00.000Z,true,61
ASM-0069191,E-0465,collaboration,INST-collaboration,v2,56,100,2026-01-25T00:00:00.000Z,true,60
ASM-0069193,E-0465,problem_solving,INST-problem_solving,v2,85,100,2026-02-10T00:00:00.000Z,true,20
ASM-0069195,E-0465,system_design,INST-system_design,v2,38,100,2026-01-10T00:00:00.000Z,true,44
ASM-0069197,E-0465,code_quality,INST-code_quality,v2,49,100,2026-03-12T00:00:00.000Z,false,62
ASM-0069225,E-0465,communication,INST-communication,v2,24,100,2026-07-12T00:00:00.000Z,true,83
ASM-0069227,E-0465,execution,INST-execution,v2,34,100,2026-07-07T00:00:00.000Z,true,55
ASM-0069229,E-0465,collaboration,INST-collaboration,v2,37,100,2026-08-23T00:00:00.000Z,true,70
ASM-0069231,E-0465,problem_solving,INST-problem_solving,v2,90,100,2026-09-23T00:00:00.000Z,false,79
ASM-0069233,E-0465,system_design,INST-system_design,v2,38,100,2026-07-07T00:00:00.000Z,true,55
ASM-0069235,E-0465,code_quality,INST-code_quality,v2,31,100,2026-08-15T00:00:00.000Z,true,59
ASM-0069281,E-0466,communication,INST-communication,v1,42,100,2025-03-10T00:00:00.000Z,true,60
ASM-0069283,E-0466,execution,INST-execution,v1,21,100,2025-01-26T00:00:00.000Z,true,81
ASM-0069285,E-0466,collaboration,INST-collaboration,v1,25,100,2025-03-08T00:00:00.000Z,true,64
ASM-0069287,E-0466,problem_solving,INST-problem_solving,v1,92,100,2025-02-15T00:00:00.000Z,true,62
ASM-0069289,E-0466,negotiation,INST-negotiation,v1,16,100,2025-03-10T00:00:00.000Z,false,47
ASM-0069291,E-0466,pipeline_mgmt,INST-pipeline_mgmt,v1,43,100,2025-01-03T00:00:00.000Z,true,29
ASM-0069325,E-0466,communication,INST-communication,v1,52,100,2025-08-02T00:00:00.000Z,true,71
ASM-0069327,E-0466,execution,INST-execution,v1,40,100,2025-07-04T00:00:00.000Z,true,65
ASM-0069329,E-0466,collaboration,INST-collaboration,v1,29,100,2025-08-21T00:00:00.000Z,true,71
ASM-0069331,E-0466,problem_solving,INST-problem_solving,v1,62,100,2025-08-27T00:00:00.000Z,true,52
ASM-0069333,E-0466,negotiation,INST-negotiation,v1,44,100,2025-07-31T00:00:00.000Z,true,57
ASM-0069335,E-0466,pipeline_mgmt,INST-pipeline_mgmt,v1,41,100,2025-07-01T00:00:00.000Z,true,22
ASM-0069344,E-0466,communication,INST-communication,v2,51,100,2026-03-06T00:00:00.000Z,true,69
ASM-0069346,E-0466,execution,INST-execution,v2,51,100,2026-03-23T00:00:00.000Z,true,37
ASM-0069348,E-0466,collaboration,INST-collaboration,v2,33,100,2026-01-06T00:00:00.000Z,true,59
ASM-0069350,E-0466,problem_solving,INST-problem_solving,v2,60,100,2026-02-11T00:00:00.000Z,true,73
ASM-0069352,E-0466,negotiation,INST-negotiation,v2,49,100,2026-01-10T00:00:00.000Z,true,31
ASM-0069354,E-0466,pipeline_mgmt,INST-pipeline_mgmt,v2,37,100,2026-03-20T00:00:00.000Z,false,89
ASM-0069376,E-0466,communication,INST-communication,v2,71,100,2026-09-13T00:00:00.000Z,true,50
ASM-0069378,E-0466,execution,INST-execution,v2,80,100,2026-07-21T00:00:00.000Z,false,55
ASM-0069380,E-0466,collaboration,INST-collaboration,v2,26,100,2026-08-31T00:00:00.000Z,true,29
ASM-0069382,E-0466,problem_solving,INST-problem_solving,v2,33,100,2026-08-31T00:00:00.000Z,true,81
ASM-0069384,E-0466,negotiation,INST-negotiation,v2,56,100,2026-07-06T00:00:00.000Z,false,54
ASM-0069386,E-0466,pipeline_mgmt,INST-pipeline_mgmt,v2,41,100,2026-09-29T00:00:00.000Z,true,28
ASM-0069428,E-0467,execution,INST-execution,v1,28,100,2025-01-24T00:00:00.000Z,true,72
ASM-0069430,E-0467,collaboration,INST-collaboration,v1,36,100,2025-03-31T00:00:00.000Z,false,67
ASM-0069432,E-0467,problem_solving,INST-problem_solving,v1,23,100,2025-01-24T00:00:00.000Z,true,28
ASM-0069434,E-0467,campaign_strategy,INST-campaign_strategy,v1,95,100,2025-01-11T00:00:00.000Z,true,56
ASM-0069436,E-0467,content_quality,INST-content_quality,v1,29,100,2025-02-23T00:00:00.000Z,true,79
ASM-0069458,E-0467,communication,INST-communication,v1,27,100,2025-07-23T00:00:00.000Z,false,87
ASM-0069460,E-0467,execution,INST-execution,v1,10,100,2025-07-11T00:00:00.000Z,true,33
ASM-0069462,E-0467,collaboration,INST-collaboration,v1,24,100,2025-09-28T00:00:00.000Z,false,55
ASM-0069464,E-0467,problem_solving,INST-problem_solving,v1,32,100,2025-09-05T00:00:00.000Z,true,55
ASM-0069466,E-0467,campaign_strategy,INST-campaign_strategy,v1,60,100,2025-08-03T00:00:00.000Z,true,56
ASM-0069468,E-0467,content_quality,INST-content_quality,v1,33,100,2025-08-06T00:00:00.000Z,true,37
ASM-0069491,E-0467,communication,INST-communication,v2,33,100,2026-02-06T00:00:00.000Z,true,23
ASM-0069493,E-0467,problem_solving,INST-problem_solving,v2,49,100,2026-02-20T00:00:00.000Z,true,43
ASM-0069495,E-0467,campaign_strategy,INST-campaign_strategy,v2,54,100,2026-01-08T00:00:00.000Z,true,77
ASM-0069497,E-0467,content_quality,INST-content_quality,v2,30,100,2026-02-17T00:00:00.000Z,true,44
ASM-0069533,E-0467,communication,INST-communication,v2,23,100,2026-07-26T00:00:00.000Z,true,33
ASM-0069535,E-0467,execution,INST-execution,v2,44,100,2026-08-15T00:00:00.000Z,true,64
ASM-0069537,E-0467,problem_solving,INST-problem_solving,v2,55,100,2026-09-01T00:00:00.000Z,false,72
ASM-0069539,E-0467,campaign_strategy,INST-campaign_strategy,v2,36,100,2026-08-01T00:00:00.000Z,true,27
ASM-0069570,E-0468,communication,INST-communication,v1,48,100,2025-03-09T00:00:00.000Z,true,59
ASM-0069572,E-0468,execution,INST-execution,v1,23,100,2025-03-24T00:00:00.000Z,true,26
ASM-0069574,E-0468,collaboration,INST-collaboration,v1,25,100,2025-01-08T00:00:00.000Z,true,81
ASM-0069576,E-0468,problem_solving,INST-problem_solving,v1,64,100,2025-01-19T00:00:00.000Z,true,27
ASM-0069578,E-0468,roadmap_prioritization,INST-roadmap_prioritization,v1,42,100,2025-03-16T00:00:00.000Z,true,62
ASM-0069580,E-0468,stakeholder_alignment,INST-stakeholder_alignment,v1,55,100,2025-01-06T00:00:00.000Z,false,35
ASM-0069597,E-0468,communication,INST-communication,v1,54,100,2025-08-04T00:00:00.000Z,true,60
ASM-0069599,E-0468,collaboration,INST-collaboration,v1,35,100,2025-08-01T00:00:00.000Z,true,60
ASM-0069601,E-0468,problem_solving,INST-problem_solving,v1,66,100,2025-07-19T00:00:00.000Z,true,52
ASM-0069603,E-0468,roadmap_prioritization,INST-roadmap_prioritization,v1,43,100,2025-09-30T00:00:00.000Z,true,33
ASM-0069605,E-0468,stakeholder_alignment,INST-stakeholder_alignment,v1,46,100,2025-09-19T00:00:00.000Z,false,31
ASM-0069636,E-0468,communication,INST-communication,v2,76,100,2026-01-31T00:00:00.000Z,false,48
ASM-0069638,E-0468,execution,INST-execution,v2,41,100,2026-03-31T00:00:00.000Z,true,33
ASM-0069640,E-0468,problem_solving,INST-problem_solving,v2,66,100,2026-01-09T00:00:00.000Z,true,42
ASM-0069642,E-0468,roadmap_prioritization,INST-roadmap_prioritization,v2,48,100,2026-03-09T00:00:00.000Z,true,46
ASM-0069677,E-0468,communication,INST-communication,v2,90,100,2026-08-16T00:00:00.000Z,true,89
ASM-0069679,E-0468,execution,INST-execution,v2,54,100,2026-07-03T00:00:00.000Z,true,21
ASM-0069681,E-0468,roadmap_prioritization,INST-roadmap_prioritization,v2,52,100,2026-09-08T00:00:00.000Z,true,22
ASM-0069725,E-0469,communication,INST-communication,v1,34,100,2025-01-13T00:00:00.000Z,true,33
ASM-0069727,E-0469,execution,INST-execution,v1,46,100,2025-01-03T00:00:00.000Z,false,85
ASM-0069729,E-0469,collaboration,INST-collaboration,v1,29,100,2025-03-21T00:00:00.000Z,true,71
ASM-0069731,E-0469,problem_solving,INST-problem_solving,v1,17,100,2025-02-15T00:00:00.000Z,true,80
ASM-0069733,E-0469,visual_craft,INST-visual_craft,v1,27,100,2025-01-24T00:00:00.000Z,true,56
ASM-0069735,E-0469,ux_research,INST-ux_research,v1,33,100,2025-03-14T00:00:00.000Z,true,87
ASM-0069757,E-0469,communication,INST-communication,v1,20,100,2025-09-07T00:00:00.000Z,false,27
ASM-0069759,E-0469,execution,INST-execution,v1,53,100,2025-07-19T00:00:00.000Z,true,41
ASM-0069761,E-0469,collaboration,INST-collaboration,v1,38,100,2025-08-11T00:00:00.000Z,false,44
ASM-0069763,E-0469,problem_solving,INST-problem_solving,v1,26,100,2025-07-08T00:00:00.000Z,false,45
ASM-0069765,E-0469,visual_craft,INST-visual_craft,v1,29,100,2025-08-26T00:00:00.000Z,false,46
ASM-0069767,E-0469,ux_research,INST-ux_research,v1,26,100,2025-07-09T00:00:00.000Z,false,78
ASM-0069795,E-0469,communication,INST-communication,v2,57,100,2026-01-19T00:00:00.000Z,true,47
ASM-0069797,E-0469,execution,INST-execution,v2,65,100,2026-03-22T00:00:00.000Z,true,68
ASM-0069799,E-0469,problem_solving,INST-problem_solving,v2,42,100,2026-02-04T00:00:00.000Z,true,84
ASM-0069801,E-0469,visual_craft,INST-visual_craft,v2,37,100,2026-02-11T00:00:00.000Z,false,71
ASM-0069803,E-0469,ux_research,INST-ux_research,v2,40,100,2026-01-27T00:00:00.000Z,true,63
ASM-0069822,E-0469,communication,INST-communication,v2,53,100,2026-09-24T00:00:00.000Z,true,74
ASM-0069824,E-0469,execution,INST-execution,v2,74,100,2026-09-08T00:00:00.000Z,true,30
ASM-0069826,E-0469,collaboration,INST-collaboration,v2,44,100,2026-09-01T00:00:00.000Z,true,81
ASM-0069828,E-0469,problem_solving,INST-problem_solving,v2,28,100,2026-09-18T00:00:00.000Z,false,35
ASM-0069830,E-0469,visual_craft,INST-visual_craft,v2,67,100,2026-09-03T00:00:00.000Z,true,28
ASM-0069832,E-0469,ux_research,INST-ux_research,v2,49,100,2026-09-23T00:00:00.000Z,true,38
ASM-0069880,E-0470,communication,INST-communication,v1,29,100,2025-02-27T00:00:00.000Z,false,41
ASM-0069882,E-0470,execution,INST-execution,v1,15,100,2025-03-10T00:00:00.000Z,true,33
ASM-0069884,E-0470,collaboration,INST-collaboration,v1,38,100,2025-01-19T00:00:00.000Z,false,42
ASM-0069886,E-0470,compliance_rigor,INST-compliance_rigor,v1,33,100,2025-02-01T00:00:00.000Z,true,27
ASM-0069914,E-0470,communication,INST-communication,v1,32,100,2025-09-13T00:00:00.000Z,false,67
ASM-0069916,E-0470,collaboration,INST-collaboration,v1,25,100,2025-07-02T00:00:00.000Z,false,71
ASM-0069918,E-0470,problem_solving,INST-problem_solving,v1,37,100,2025-08-20T00:00:00.000Z,true,85
ASM-0069920,E-0470,compliance_rigor,INST-compliance_rigor,v1,38,100,2025-08-13T00:00:00.000Z,true,71
ASM-0069945,E-0470,communication,INST-communication,v2,28,100,2026-02-05T00:00:00.000Z,true,39
ASM-0069947,E-0470,execution,INST-execution,v2,43,100,2026-03-14T00:00:00.000Z,false,61
ASM-0069949,E-0470,collaboration,INST-collaboration,v2,30,100,2026-02-26T00:00:00.000Z,true,30
ASM-0069951,E-0470,financial_modeling,INST-financial_modeling,v2,27,100,2026-02-15T00:00:00.000Z,true,79
ASM-0069953,E-0470,compliance_rigor,INST-compliance_rigor,v2,29,100,2026-02-15T00:00:00.000Z,true,37
ASM-0069979,E-0470,communication,INST-communication,v2,30,100,2026-08-14T00:00:00.000Z,true,65
ASM-0069981,E-0470,collaboration,INST-collaboration,v2,32,100,2026-08-12T00:00:00.000Z,true,78
ASM-0069983,E-0470,problem_solving,INST-problem_solving,v2,64,100,2026-09-21T00:00:00.000Z,false,46
ASM-0069985,E-0470,financial_modeling,INST-financial_modeling,v2,43,100,2026-09-29T00:00:00.000Z,true,41
ASM-0069987,E-0470,compliance_rigor,INST-compliance_rigor,v2,30,100,2026-08-26T00:00:00.000Z,false,41
ASM-0070028,E-0471,communication,INST-communication,v1,33,100,2025-03-19T00:00:00.000Z,false,47
ASM-0070030,E-0471,execution,INST-execution,v1,49,100,2025-03-26T00:00:00.000Z,true,24
ASM-0070032,E-0471,collaboration,INST-collaboration,v1,56,100,2025-03-05T00:00:00.000Z,false,87
ASM-0070034,E-0471,problem_solving,INST-problem_solving,v1,34,100,2025-01-16T00:00:00.000Z,true,47
ASM-0070036,E-0471,policy_navigation,INST-policy_navigation,v1,46,100,2025-03-06T00:00:00.000Z,true,44
ASM-0070072,E-0471,communication,INST-communication,v1,48,100,2025-09-01T00:00:00.000Z,true,23
ASM-0070074,E-0471,execution,INST-execution,v1,41,100,2025-07-11T00:00:00.000Z,true,32
ASM-0070076,E-0471,problem_solving,INST-problem_solving,v1,53,100,2025-08-09T00:00:00.000Z,true,80
ASM-0070078,E-0471,talent_assessment,INST-talent_assessment,v1,47,100,2025-09-07T00:00:00.000Z,true,51
ASM-0070080,E-0471,policy_navigation,INST-policy_navigation,v1,46,100,2025-08-02T00:00:00.000Z,false,50
ASM-0070109,E-0471,execution,INST-execution,v2,48,100,2026-02-04T00:00:00.000Z,false,77
ASM-0070111,E-0471,collaboration,INST-collaboration,v2,56,100,2026-02-11T00:00:00.000Z,true,47
ASM-0070113,E-0471,problem_solving,INST-problem_solving,v2,68,100,2026-03-30T00:00:00.000Z,false,70
ASM-0070115,E-0471,talent_assessment,INST-talent_assessment,v2,72,100,2026-02-14T00:00:00.000Z,true,54
ASM-0070117,E-0471,policy_navigation,INST-policy_navigation,v2,46,100,2026-02-01T00:00:00.000Z,true,79
ASM-0070152,E-0471,communication,INST-communication,v2,65,100,2026-07-08T00:00:00.000Z,false,72
ASM-0070154,E-0471,execution,INST-execution,v2,35,100,2026-07-31T00:00:00.000Z,false,48
ASM-0070156,E-0471,collaboration,INST-collaboration,v2,37,100,2026-07-04T00:00:00.000Z,false,54
ASM-0070158,E-0471,problem_solving,INST-problem_solving,v2,88,100,2026-09-09T00:00:00.000Z,false,69
ASM-0070160,E-0471,policy_navigation,INST-policy_navigation,v2,47,100,2026-07-13T00:00:00.000Z,true,81
ASM-0070193,E-0472,communication,INST-communication,v1,22,100,2025-03-07T00:00:00.000Z,false,61
ASM-0070195,E-0472,execution,INST-execution,v1,40,100,2025-01-17T00:00:00.000Z,false,64
ASM-0070197,E-0472,collaboration,INST-collaboration,v1,35,100,2025-01-11T00:00:00.000Z,true,86
ASM-0070199,E-0472,troubleshooting,INST-troubleshooting,v1,67,100,2025-03-15T00:00:00.000Z,true,57
ASM-0070234,E-0472,communication,INST-communication,v1,51,100,2025-07-31T00:00:00.000Z,false,68
ASM-0070236,E-0472,execution,INST-execution,v1,42,100,2025-07-05T00:00:00.000Z,true,29
ASM-0070238,E-0472,collaboration,INST-collaboration,v1,26,100,2025-09-10T00:00:00.000Z,true,50
ASM-0070240,E-0472,problem_solving,INST-problem_solving,v1,53,100,2025-09-18T00:00:00.000Z,true,61
ASM-0070242,E-0472,customer_resolution,INST-customer_resolution,v1,59,100,2025-09-29T00:00:00.000Z,true,58
ASM-0070244,E-0472,troubleshooting,INST-troubleshooting,v1,56,100,2025-07-25T00:00:00.000Z,true,48
ASM-0070278,E-0472,communication,INST-communication,v2,51,100,2026-03-29T00:00:00.000Z,false,48
ASM-0070280,E-0472,execution,INST-execution,v2,35,100,2026-01-30T00:00:00.000Z,true,25
ASM-0070282,E-0472,collaboration,INST-collaboration,v2,14,100,2026-02-02T00:00:00.000Z,true,57
ASM-0070284,E-0472,customer_resolution,INST-customer_resolution,v2,44,100,2026-03-23T00:00:00.000Z,true,49
ASM-0070316,E-0472,communication,INST-communication,v2,98,100,2026-09-11T00:00:00.000Z,true,85
ASM-0070318,E-0472,collaboration,INST-collaboration,v2,35,100,2026-08-05T00:00:00.000Z,true,50
ASM-0070320,E-0472,problem_solving,INST-problem_solving,v2,17,100,2026-09-15T00:00:00.000Z,true,70
ASM-0070322,E-0472,customer_resolution,INST-customer_resolution,v2,38,100,2026-08-31T00:00:00.000Z,true,73
ASM-0070324,E-0472,troubleshooting,INST-troubleshooting,v2,18,100,2026-07-18T00:00:00.000Z,false,61
ASM-0070358,E-0473,execution,INST-execution,v1,17,100,2025-01-14T00:00:00.000Z,true,65
ASM-0070360,E-0473,collaboration,INST-collaboration,v1,42,100,2025-03-29T00:00:00.000Z,true,21
ASM-0070362,E-0473,problem_solving,INST-problem_solving,v1,42,100,2025-01-25T00:00:00.000Z,false,34
ASM-0070364,E-0473,system_design,INST-system_design,v1,15,100,2025-01-27T00:00:00.000Z,true,87
ASM-0070366,E-0473,code_quality,INST-code_quality,v1,62,100,2025-01-01T00:00:00.000Z,false,88
ASM-0070394,E-0473,communication,INST-communication,v1,39,100,2025-08-12T00:00:00.000Z,true,78
ASM-0070396,E-0473,execution,INST-execution,v1,31,100,2025-08-10T00:00:00.000Z,false,69
ASM-0070398,E-0473,collaboration,INST-collaboration,v1,62,100,2025-08-20T00:00:00.000Z,true,54
ASM-0070400,E-0473,problem_solving,INST-problem_solving,v1,30,100,2025-09-27T00:00:00.000Z,false,68
ASM-0070402,E-0473,system_design,INST-system_design,v1,36,100,2025-08-02T00:00:00.000Z,true,44
ASM-0070435,E-0473,communication,INST-communication,v2,13,100,2026-03-04T00:00:00.000Z,false,52
ASM-0070437,E-0473,problem_solving,INST-problem_solving,v2,37,100,2026-03-28T00:00:00.000Z,true,28
ASM-0070439,E-0473,system_design,INST-system_design,v2,29,100,2026-02-22T00:00:00.000Z,true,55
ASM-0070441,E-0473,code_quality,INST-code_quality,v2,48,100,2026-03-08T00:00:00.000Z,true,56
ASM-0070467,E-0473,communication,INST-communication,v2,32,100,2026-09-12T00:00:00.000Z,true,81
ASM-0070469,E-0473,execution,INST-execution,v2,22,100,2026-09-03T00:00:00.000Z,false,42
ASM-0070471,E-0473,collaboration,INST-collaboration,v2,88,100,2026-09-19T00:00:00.000Z,true,71
ASM-0070473,E-0473,system_design,INST-system_design,v2,35,100,2026-08-01T00:00:00.000Z,false,41
ASM-0070475,E-0473,code_quality,INST-code_quality,v2,41,100,2026-07-31T00:00:00.000Z,true,48
ASM-0070520,E-0474,communication,INST-communication,v1,32,100,2025-01-29T00:00:00.000Z,true,60
ASM-0070522,E-0474,execution,INST-execution,v1,22,100,2025-02-07T00:00:00.000Z,false,29
ASM-0070524,E-0474,collaboration,INST-collaboration,v1,44,100,2025-03-03T00:00:00.000Z,true,45
ASM-0070526,E-0474,problem_solving,INST-problem_solving,v1,72,100,2025-02-16T00:00:00.000Z,false,23
ASM-0070528,E-0474,negotiation,INST-negotiation,v1,70,100,2025-01-02T00:00:00.000Z,true,34
ASM-0070530,E-0474,pipeline_mgmt,INST-pipeline_mgmt,v1,31,100,2025-02-18T00:00:00.000Z,false,77
ASM-0070565,E-0474,communication,INST-communication,v1,35,100,2025-09-14T00:00:00.000Z,true,67
ASM-0070567,E-0474,execution,INST-execution,v1,25,100,2025-08-14T00:00:00.000Z,false,32
ASM-0070569,E-0474,collaboration,INST-collaboration,v1,32,100,2025-09-30T00:00:00.000Z,true,57
ASM-0070571,E-0474,problem_solving,INST-problem_solving,v1,92,100,2025-08-24T00:00:00.000Z,true,49
ASM-0070573,E-0474,negotiation,INST-negotiation,v1,61,100,2025-09-02T00:00:00.000Z,true,75
ASM-0070604,E-0474,communication,INST-communication,v2,21,100,2026-01-04T00:00:00.000Z,false,49
ASM-0070606,E-0474,execution,INST-execution,v2,38,100,2026-02-15T00:00:00.000Z,true,24
ASM-0070608,E-0474,collaboration,INST-collaboration,v2,40,100,2026-01-02T00:00:00.000Z,true,38
ASM-0070610,E-0474,problem_solving,INST-problem_solving,v2,73,100,2026-03-21T00:00:00.000Z,true,42
ASM-0070612,E-0474,negotiation,INST-negotiation,v2,49,100,2026-02-12T00:00:00.000Z,true,78
ASM-0070614,E-0474,pipeline_mgmt,INST-pipeline_mgmt,v2,65,100,2026-01-05T00:00:00.000Z,true,27
ASM-0070645,E-0474,execution,INST-execution,v2,62,100,2026-07-30T00:00:00.000Z,true,86
ASM-0070647,E-0474,collaboration,INST-collaboration,v2,18,100,2026-07-07T00:00:00.000Z,true,76
ASM-0070649,E-0474,problem_solving,INST-problem_solving,v2,46,100,2026-09-21T00:00:00.000Z,false,71
ASM-0070651,E-0474,negotiation,INST-negotiation,v2,47,100,2026-07-27T00:00:00.000Z,true,68
ASM-0070653,E-0474,pipeline_mgmt,INST-pipeline_mgmt,v2,64,100,2026-09-13T00:00:00.000Z,true,69
ASM-0070693,E-0475,communication,INST-communication,v1,89,100,2025-03-24T00:00:00.000Z,false,82
ASM-0070695,E-0475,execution,INST-execution,v1,27,100,2025-03-12T00:00:00.000Z,true,66
ASM-0070697,E-0475,problem_solving,INST-problem_solving,v1,57,100,2025-02-04T00:00:00.000Z,false,35
ASM-0070699,E-0475,campaign_strategy,INST-campaign_strategy,v1,13,100,2025-01-10T00:00:00.000Z,true,29
ASM-0070701,E-0475,content_quality,INST-content_quality,v1,56,100,2025-01-12T00:00:00.000Z,true,49
ASM-0070718,E-0475,execution,INST-execution,v1,26,100,2025-09-10T00:00:00.000Z,true,86
ASM-0070720,E-0475,collaboration,INST-collaboration,v1,68,100,2025-09-03T00:00:00.000Z,true,35
ASM-0070722,E-0475,problem_solving,INST-problem_solving,v1,78,100,2025-08-18T00:00:00.000Z,false,69
ASM-0070724,E-0475,campaign_strategy,INST-campaign_strategy,v1,12,100,2025-08-21T00:00:00.000Z,false,68
ASM-0070726,E-0475,content_quality,INST-content_quality,v1,71,100,2025-08-07T00:00:00.000Z,true,29
ASM-0070745,E-0475,communication,INST-communication,v2,94,100,2026-03-13T00:00:00.000Z,true,89
ASM-0070747,E-0475,execution,INST-execution,v2,32,100,2026-02-13T00:00:00.000Z,true,21
ASM-0070749,E-0475,collaboration,INST-collaboration,v2,67,100,2026-03-29T00:00:00.000Z,false,33
ASM-0070751,E-0475,problem_solving,INST-problem_solving,v2,83,100,2026-02-23T00:00:00.000Z,true,71
ASM-0070753,E-0475,campaign_strategy,INST-campaign_strategy,v2,46,100,2026-03-05T00:00:00.000Z,true,48
ASM-0070755,E-0475,content_quality,INST-content_quality,v2,63,100,2026-01-30T00:00:00.000Z,true,47
ASM-0070766,E-0475,communication,INST-communication,v2,77,100,2026-07-10T00:00:00.000Z,true,46
ASM-0070768,E-0475,execution,INST-execution,v2,49,100,2026-08-17T00:00:00.000Z,true,72
ASM-0070770,E-0475,collaboration,INST-collaboration,v2,65,100,2026-09-14T00:00:00.000Z,true,20
ASM-0070772,E-0475,problem_solving,INST-problem_solving,v2,82,100,2026-08-24T00:00:00.000Z,true,81
ASM-0070774,E-0475,campaign_strategy,INST-campaign_strategy,v2,52,100,2026-09-04T00:00:00.000Z,false,28
ASM-0070776,E-0475,content_quality,INST-content_quality,v2,51,100,2026-08-10T00:00:00.000Z,true,83
ASM-0070817,E-0476,communication,INST-communication,v1,23,100,2025-03-31T00:00:00.000Z,true,57
ASM-0070819,E-0476,collaboration,INST-collaboration,v1,17,100,2025-01-01T00:00:00.000Z,true,54
ASM-0070821,E-0476,problem_solving,INST-problem_solving,v1,39,100,2025-01-31T00:00:00.000Z,true,65
ASM-0070823,E-0476,roadmap_prioritization,INST-roadmap_prioritization,v1,20,100,2025-03-02T00:00:00.000Z,true,23
ASM-0070825,E-0476,stakeholder_alignment,INST-stakeholder_alignment,v1,66,100,2025-02-27T00:00:00.000Z,true,65
ASM-0070856,E-0476,communication,INST-communication,v1,43,100,2025-07-13T00:00:00.000Z,true,33
ASM-0070858,E-0476,collaboration,INST-collaboration,v1,5,100,2025-07-24T00:00:00.000Z,true,48
ASM-0070860,E-0476,problem_solving,INST-problem_solving,v1,30,100,2025-07-06T00:00:00.000Z,false,71
ASM-0070862,E-0476,roadmap_prioritization,INST-roadmap_prioritization,v1,32,100,2025-08-25T00:00:00.000Z,true,89
ASM-0070864,E-0476,stakeholder_alignment,INST-stakeholder_alignment,v1,58,100,2025-09-16T00:00:00.000Z,true,52
ASM-0070893,E-0476,communication,INST-communication,v2,57,100,2026-02-13T00:00:00.000Z,true,54
ASM-0070895,E-0476,execution,INST-execution,v2,58,100,2026-03-08T00:00:00.000Z,false,37
ASM-0070897,E-0476,roadmap_prioritization,INST-roadmap_prioritization,v2,61,100,2026-03-12T00:00:00.000Z,false,26
ASM-0070899,E-0476,stakeholder_alignment,INST-stakeholder_alignment,v2,44,100,2026-02-05T00:00:00.000Z,true,35
ASM-0070940,E-0476,communication,INST-communication,v2,78,100,2026-09-10T00:00:00.000Z,false,30
ASM-0070942,E-0476,execution,INST-execution,v2,82,100,2026-07-14T00:00:00.000Z,true,64
ASM-0070944,E-0476,problem_solving,INST-problem_solving,v2,39,100,2026-07-13T00:00:00.000Z,true,79
ASM-0070946,E-0476,roadmap_prioritization,INST-roadmap_prioritization,v2,59,100,2026-09-29T00:00:00.000Z,true,32
ASM-0070948,E-0476,stakeholder_alignment,INST-stakeholder_alignment,v2,48,100,2026-07-21T00:00:00.000Z,true,87
ASM-0070967,E-0477,execution,INST-execution,v1,38,100,2025-01-11T00:00:00.000Z,true,74
ASM-0070969,E-0477,collaboration,INST-collaboration,v1,34,100,2025-02-02T00:00:00.000Z,true,52
ASM-0070971,E-0477,problem_solving,INST-problem_solving,v1,42,100,2025-01-12T00:00:00.000Z,true,40
ASM-0070973,E-0477,visual_craft,INST-visual_craft,v1,33,100,2025-03-19T00:00:00.000Z,true,33
ASM-0070975,E-0477,ux_research,INST-ux_research,v1,32,100,2025-03-11T00:00:00.000Z,false,56
ASM-0071017,E-0477,communication,INST-communication,v1,29,100,2025-09-03T00:00:00.000Z,false,38
ASM-0071019,E-0477,execution,INST-execution,v1,34,100,2025-09-26T00:00:00.000Z,true,89
ASM-0071021,E-0477,collaboration,INST-collaboration,v1,26,100,2025-08-28T00:00:00.000Z,true,25
ASM-0071023,E-0477,problem_solving,INST-problem_solving,v1,43,100,2025-07-28T00:00:00.000Z,true,53
ASM-0071025,E-0477,visual_craft,INST-visual_craft,v1,24,100,2025-07-22T00:00:00.000Z,true,80
ASM-0071035,E-0477,communication,INST-communication,v2,48,100,2026-02-24T00:00:00.000Z,true,56
ASM-0071037,E-0477,execution,INST-execution,v2,25,100,2026-03-14T00:00:00.000Z,true,87
ASM-0071039,E-0477,problem_solving,INST-problem_solving,v2,52,100,2026-03-28T00:00:00.000Z,true,69
ASM-0071041,E-0477,visual_craft,INST-visual_craft,v2,44,100,2026-01-07T00:00:00.000Z,true,29
ASM-0071043,E-0477,ux_research,INST-ux_research,v2,68,100,2026-01-13T00:00:00.000Z,true,86
ASM-0071065,E-0477,communication,INST-communication,v2,58,100,2026-09-08T00:00:00.000Z,true,35
ASM-0071067,E-0477,execution,INST-execution,v2,32,100,2026-07-18T00:00:00.000Z,true,66
ASM-0071069,E-0477,collaboration,INST-collaboration,v2,34,100,2026-09-20T00:00:00.000Z,false,76
ASM-0071071,E-0477,problem_solving,INST-problem_solving,v2,42,100,2026-08-05T00:00:00.000Z,false,52
ASM-0071073,E-0477,visual_craft,INST-visual_craft,v2,55,100,2026-08-29T00:00:00.000Z,true,68
ASM-0071075,E-0477,ux_research,INST-ux_research,v2,94,100,2026-09-26T00:00:00.000Z,true,65
ASM-0071108,E-0478,communication,INST-communication,v1,20,100,2025-03-02T00:00:00.000Z,true,30
ASM-0071110,E-0478,execution,INST-execution,v1,26,100,2025-03-31T00:00:00.000Z,true,64
ASM-0071112,E-0478,collaboration,INST-collaboration,v1,68,100,2025-02-21T00:00:00.000Z,true,65
ASM-0071114,E-0478,problem_solving,INST-problem_solving,v1,54,100,2025-03-24T00:00:00.000Z,true,35
ASM-0071116,E-0478,financial_modeling,INST-financial_modeling,v1,66,100,2025-02-17T00:00:00.000Z,false,67
ASM-0071142,E-0478,communication,INST-communication,v1,25,100,2025-07-06T00:00:00.000Z,true,68
ASM-0071144,E-0478,execution,INST-execution,v1,47,100,2025-08-17T00:00:00.000Z,true,63
ASM-0071146,E-0478,collaboration,INST-collaboration,v1,67,100,2025-07-26T00:00:00.000Z,false,86
ASM-0071148,E-0478,problem_solving,INST-problem_solving,v1,52,100,2025-09-24T00:00:00.000Z,false,57
ASM-0071150,E-0478,financial_modeling,INST-financial_modeling,v1,49,100,2025-07-19T00:00:00.000Z,true,85
ASM-0071182,E-0478,communication,INST-communication,v2,45,100,2026-01-13T00:00:00.000Z,true,62
ASM-0071184,E-0478,execution,INST-execution,v2,61,100,2026-02-08T00:00:00.000Z,true,75
ASM-0071186,E-0478,collaboration,INST-collaboration,v2,65,100,2026-02-15T00:00:00.000Z,false,81
ASM-0071188,E-0478,problem_solving,INST-problem_solving,v2,55,100,2026-02-20T00:00:00.000Z,true,46
ASM-0071190,E-0478,financial_modeling,INST-financial_modeling,v2,52,100,2026-02-11T00:00:00.000Z,false,62
ASM-0071214,E-0478,communication,INST-communication,v2,56,100,2026-09-01T00:00:00.000Z,true,52
ASM-0071216,E-0478,execution,INST-execution,v2,54,100,2026-09-09T00:00:00.000Z,false,34
ASM-0071218,E-0478,collaboration,INST-collaboration,v2,41,100,2026-07-19T00:00:00.000Z,true,20
ASM-0071220,E-0478,problem_solving,INST-problem_solving,v2,42,100,2026-07-10T00:00:00.000Z,true,49
ASM-0071222,E-0478,financial_modeling,INST-financial_modeling,v2,38,100,2026-08-17T00:00:00.000Z,true,84
ASM-0071257,E-0479,communication,INST-communication,v1,13,100,2025-03-01T00:00:00.000Z,true,41
ASM-0071259,E-0479,execution,INST-execution,v1,31,100,2025-01-06T00:00:00.000Z,true,72
ASM-0071261,E-0479,collaboration,INST-collaboration,v1,52,100,2025-02-23T00:00:00.000Z,true,37
ASM-0071263,E-0479,problem_solving,INST-problem_solving,v1,24,100,2025-01-09T00:00:00.000Z,true,31
ASM-0071265,E-0479,talent_assessment,INST-talent_assessment,v1,34,100,2025-01-07T00:00:00.000Z,true,38
ASM-0071292,E-0479,communication,INST-communication,v1,33,100,2025-09-21T00:00:00.000Z,true,55
ASM-0071294,E-0479,execution,INST-execution,v1,34,100,2025-09-01T00:00:00.000Z,true,66
ASM-0071296,E-0479,collaboration,INST-collaboration,v1,40,100,2025-07-29T00:00:00.000Z,true,69
ASM-0071298,E-0479,problem_solving,INST-problem_solving,v1,30,100,2025-09-28T00:00:00.000Z,true,51
ASM-0071300,E-0479,talent_assessment,INST-talent_assessment,v1,25,100,2025-07-24T00:00:00.000Z,true,68
ASM-0071302,E-0479,policy_navigation,INST-policy_navigation,v1,40,100,2025-08-10T00:00:00.000Z,true,29
ASM-0071335,E-0479,communication,INST-communication,v2,43,100,2026-01-15T00:00:00.000Z,false,74
ASM-0071337,E-0479,execution,INST-execution,v2,27,100,2026-02-15T00:00:00.000Z,true,35
ASM-0071339,E-0479,collaboration,INST-collaboration,v2,25,100,2026-02-02T00:00:00.000Z,true,54
ASM-0071341,E-0479,problem_solving,INST-problem_solving,v2,40,100,2026-01-06T00:00:00.000Z,true,48
ASM-0071343,E-0479,talent_assessment,INST-talent_assessment,v2,42,100,2026-03-19T00:00:00.000Z,true,28
ASM-0071345,E-0479,policy_navigation,INST-policy_navigation,v2,49,100,2026-03-17T00:00:00.000Z,true,23
ASM-0071376,E-0479,communication,INST-communication,v2,36,100,2026-09-27T00:00:00.000Z,true,60
ASM-0071378,E-0479,execution,INST-execution,v2,33,100,2026-07-28T00:00:00.000Z,false,44
ASM-0071380,E-0479,collaboration,INST-collaboration,v2,48,100,2026-08-04T00:00:00.000Z,false,30
ASM-0071382,E-0479,problem_solving,INST-problem_solving,v2,64,100,2026-07-27T00:00:00.000Z,false,20
ASM-0071384,E-0479,talent_assessment,INST-talent_assessment,v2,53,100,2026-08-01T00:00:00.000Z,true,40
ASM-0071386,E-0479,policy_navigation,INST-policy_navigation,v2,40,100,2026-07-26T00:00:00.000Z,true,83
ASM-0071418,E-0480,communication,INST-communication,v1,39,100,2025-03-07T00:00:00.000Z,false,81
ASM-0071420,E-0480,execution,INST-execution,v1,31,100,2025-03-10T00:00:00.000Z,true,77
ASM-0071422,E-0480,collaboration,INST-collaboration,v1,22,100,2025-01-23T00:00:00.000Z,false,43
ASM-0071424,E-0480,problem_solving,INST-problem_solving,v1,19,100,2025-01-24T00:00:00.000Z,false,42
ASM-0071426,E-0480,customer_resolution,INST-customer_resolution,v1,27,100,2025-01-08T00:00:00.000Z,false,42
ASM-0071428,E-0480,troubleshooting,INST-troubleshooting,v1,40,100,2025-01-15T00:00:00.000Z,true,79
ASM-0071464,E-0480,execution,INST-execution,v1,35,100,2025-07-02T00:00:00.000Z,true,53
ASM-0071466,E-0480,problem_solving,INST-problem_solving,v1,16,100,2025-09-22T00:00:00.000Z,true,31
ASM-0071468,E-0480,customer_resolution,INST-customer_resolution,v1,61,100,2025-07-22T00:00:00.000Z,true,33
ASM-0071470,E-0480,troubleshooting,INST-troubleshooting,v1,54,100,2025-07-03T00:00:00.000Z,true,53
ASM-0071502,E-0480,communication,INST-communication,v2,66,100,2026-03-27T00:00:00.000Z,true,67
ASM-0071504,E-0480,execution,INST-execution,v2,67,100,2026-03-06T00:00:00.000Z,false,41
ASM-0071506,E-0480,problem_solving,INST-problem_solving,v2,26,100,2026-03-05T00:00:00.000Z,false,42
ASM-0071508,E-0480,customer_resolution,INST-customer_resolution,v2,67,100,2026-01-13T00:00:00.000Z,false,25
ASM-0071510,E-0480,troubleshooting,INST-troubleshooting,v2,78,100,2026-01-27T00:00:00.000Z,false,72
ASM-0071526,E-0480,communication,INST-communication,v2,77,100,2026-09-06T00:00:00.000Z,true,35
ASM-0071528,E-0480,execution,INST-execution,v2,72,100,2026-07-13T00:00:00.000Z,false,60
ASM-0071530,E-0480,collaboration,INST-collaboration,v2,30,100,2026-07-15T00:00:00.000Z,false,67
ASM-0071532,E-0480,problem_solving,INST-problem_solving,v2,34,100,2026-07-08T00:00:00.000Z,true,49
ASM-0071534,E-0480,troubleshooting,INST-troubleshooting,v2,77,100,2026-09-27T00:00:00.000Z,true,45
ASM-0071580,E-0481,communication,INST-communication,v1,40,100,2025-01-16T00:00:00.000Z,true,32
ASM-0071582,E-0481,execution,INST-execution,v1,73,100,2025-03-17T00:00:00.000Z,true,65
ASM-0071584,E-0481,collaboration,INST-collaboration,v1,23,100,2025-03-10T00:00:00.000Z,true,61
ASM-0071586,E-0481,problem_solving,INST-problem_solving,v1,40,100,2025-03-10T00:00:00.000Z,false,83
ASM-0071588,E-0481,system_design,INST-system_design,v1,33,100,2025-02-23T00:00:00.000Z,true,44
ASM-0071590,E-0481,code_quality,INST-code_quality,v1,31,100,2025-02-09T00:00:00.000Z,true,55
ASM-0071619,E-0481,communication,INST-communication,v1,33,100,2025-09-16T00:00:00.000Z,false,42
ASM-0071621,E-0481,execution,INST-execution,v1,58,100,2025-08-06T00:00:00.000Z,true,39
ASM-0071623,E-0481,collaboration,INST-collaboration,v1,27,100,2025-08-19T00:00:00.000Z,true,49
ASM-0071625,E-0481,problem_solving,INST-problem_solving,v1,38,100,2025-09-04T00:00:00.000Z,true,35
ASM-0071627,E-0481,system_design,INST-system_design,v1,25,100,2025-09-17T00:00:00.000Z,true,85
ASM-0071629,E-0481,code_quality,INST-code_quality,v1,32,100,2025-08-03T00:00:00.000Z,false,84
ASM-0071644,E-0481,communication,INST-communication,v2,44,100,2026-03-20T00:00:00.000Z,true,70
ASM-0071646,E-0481,execution,INST-execution,v2,58,100,2026-01-15T00:00:00.000Z,true,23
ASM-0071648,E-0481,collaboration,INST-collaboration,v2,28,100,2026-02-20T00:00:00.000Z,true,62
ASM-0071650,E-0481,problem_solving,INST-problem_solving,v2,23,100,2026-01-24T00:00:00.000Z,false,33
ASM-0071652,E-0481,system_design,INST-system_design,v2,41,100,2026-03-18T00:00:00.000Z,true,39
ASM-0071654,E-0481,code_quality,INST-code_quality,v2,40,100,2026-01-21T00:00:00.000Z,true,57
ASM-0071684,E-0481,execution,INST-execution,v2,22,100,2026-08-17T00:00:00.000Z,true,53
ASM-0071686,E-0481,collaboration,INST-collaboration,v2,15,100,2026-08-05T00:00:00.000Z,false,41
ASM-0071688,E-0481,system_design,INST-system_design,v2,71,100,2026-09-15T00:00:00.000Z,false,59
ASM-0071690,E-0481,code_quality,INST-code_quality,v2,41,100,2026-08-20T00:00:00.000Z,true,45
ASM-0071745,E-0482,communication,INST-communication,v1,37,100,2025-01-12T00:00:00.000Z,false,39
ASM-0071747,E-0482,execution,INST-execution,v1,95,100,2025-01-21T00:00:00.000Z,true,79
ASM-0071749,E-0482,collaboration,INST-collaboration,v1,20,100,2025-03-08T00:00:00.000Z,true,86
ASM-0071751,E-0482,problem_solving,INST-problem_solving,v1,32,100,2025-02-14T00:00:00.000Z,true,32
ASM-0071753,E-0482,pipeline_mgmt,INST-pipeline_mgmt,v1,50,100,2025-01-11T00:00:00.000Z,true,25
ASM-0071774,E-0482,communication,INST-communication,v1,28,100,2025-09-04T00:00:00.000Z,true,38
ASM-0071776,E-0482,execution,INST-execution,v1,90,100,2025-07-03T00:00:00.000Z,false,76
ASM-0071778,E-0482,collaboration,INST-collaboration,v1,19,100,2025-08-31T00:00:00.000Z,false,42
ASM-0071780,E-0482,problem_solving,INST-problem_solving,v1,6,100,2025-07-02T00:00:00.000Z,true,65
ASM-0071782,E-0482,pipeline_mgmt,INST-pipeline_mgmt,v1,41,100,2025-07-08T00:00:00.000Z,true,38
ASM-0071812,E-0482,communication,INST-communication,v2,57,100,2026-01-24T00:00:00.000Z,false,73
ASM-0071814,E-0482,execution,INST-execution,v2,65,100,2026-03-11T00:00:00.000Z,true,28
ASM-0071816,E-0482,collaboration,INST-collaboration,v2,26,100,2026-03-14T00:00:00.000Z,true,54
ASM-0071818,E-0482,pipeline_mgmt,INST-pipeline_mgmt,v2,39,100,2026-02-09T00:00:00.000Z,true,47
ASM-0071838,E-0482,communication,INST-communication,v2,60,100,2026-07-29T00:00:00.000Z,false,52
ASM-0071840,E-0482,execution,INST-execution,v2,52,100,2026-09-16T00:00:00.000Z,true,42
ASM-0071842,E-0482,collaboration,INST-collaboration,v2,66,100,2026-07-23T00:00:00.000Z,true,23
ASM-0071844,E-0482,problem_solving,INST-problem_solving,v2,76,100,2026-09-22T00:00:00.000Z,true,51
ASM-0071846,E-0482,pipeline_mgmt,INST-pipeline_mgmt,v2,36,100,2026-09-06T00:00:00.000Z,true,81
ASM-0071895,E-0483,communication,INST-communication,v1,28,100,2025-03-14T00:00:00.000Z,true,56
ASM-0071897,E-0483,execution,INST-execution,v1,19,100,2025-01-07T00:00:00.000Z,false,85
ASM-0071899,E-0483,collaboration,INST-collaboration,v1,48,100,2025-02-01T00:00:00.000Z,true,69
ASM-0071901,E-0483,problem_solving,INST-problem_solving,v1,16,100,2025-01-30T00:00:00.000Z,true,27
ASM-0071903,E-0483,campaign_strategy,INST-campaign_strategy,v1,63,100,2025-01-30T00:00:00.000Z,true,41
ASM-0071925,E-0483,communication,INST-communication,v1,30,100,2025-08-12T00:00:00.000Z,true,41
ASM-0071927,E-0483,execution,INST-execution,v1,29,100,2025-08-23T00:00:00.000Z,true,63
ASM-0071929,E-0483,collaboration,INST-collaboration,v1,64,100,2025-08-09T00:00:00.000Z,true,52
ASM-0071931,E-0483,campaign_strategy,INST-campaign_strategy,v1,64,100,2025-07-14T00:00:00.000Z,true,70
ASM-0071933,E-0483,content_quality,INST-content_quality,v1,54,100,2025-08-30T00:00:00.000Z,true,38
ASM-0071958,E-0483,communication,INST-communication,v2,37,100,2026-01-25T00:00:00.000Z,true,38
ASM-0071960,E-0483,execution,INST-execution,v2,43,100,2026-01-08T00:00:00.000Z,false,74
ASM-0071962,E-0483,collaboration,INST-collaboration,v2,67,100,2026-03-30T00:00:00.000Z,true,65
ASM-0071964,E-0483,problem_solving,INST-problem_solving,v2,54,100,2026-03-23T00:00:00.000Z,true,81
ASM-0071966,E-0483,campaign_strategy,INST-campaign_strategy,v2,36,100,2026-02-08T00:00:00.000Z,false,41
ASM-0071968,E-0483,content_quality,INST-content_quality,v2,44,100,2026-02-08T00:00:00.000Z,false,63
ASM-0071988,E-0483,communication,INST-communication,v2,41,100,2026-07-25T00:00:00.000Z,true,36
ASM-0071990,E-0483,execution,INST-execution,v2,67,100,2026-07-24T00:00:00.000Z,true,55
ASM-0071992,E-0483,collaboration,INST-collaboration,v2,59,100,2026-08-10T00:00:00.000Z,false,42
ASM-0071994,E-0483,problem_solving,INST-problem_solving,v2,60,100,2026-08-22T00:00:00.000Z,true,21
ASM-0071996,E-0483,campaign_strategy,INST-campaign_strategy,v2,57,100,2026-07-24T00:00:00.000Z,false,61
ASM-0071998,E-0483,content_quality,INST-content_quality,v2,21,100,2026-07-02T00:00:00.000Z,true,23
ASM-0072018,E-0484,communication,INST-communication,v1,18,100,2025-03-31T00:00:00.000Z,true,53
ASM-0072020,E-0484,execution,INST-execution,v1,25,100,2025-01-21T00:00:00.000Z,true,52
ASM-0072022,E-0484,collaboration,INST-collaboration,v1,25,100,2025-02-07T00:00:00.000Z,true,57
ASM-0072024,E-0484,problem_solving,INST-problem_solving,v1,32,100,2025-02-28T00:00:00.000Z,true,42
ASM-0072026,E-0484,roadmap_prioritization,INST-roadmap_prioritization,v1,20,100,2025-03-27T00:00:00.000Z,true,65
ASM-0072028,E-0484,stakeholder_alignment,INST-stakeholder_alignment,v1,23,100,2025-03-12T00:00:00.000Z,true,87
ASM-0072065,E-0484,communication,INST-communication,v1,47,100,2025-07-27T00:00:00.000Z,false,54
ASM-0072067,E-0484,execution,INST-execution,v1,36,100,2025-07-29T00:00:00.000Z,true,71
ASM-0072069,E-0484,roadmap_prioritization,INST-roadmap_prioritization,v1,47,100,2025-09-23T00:00:00.000Z,true,37
ASM-0072071,E-0484,stakeholder_alignment,INST-stakeholder_alignment,v1,24,100,2025-09-12T00:00:00.000Z,false,74
ASM-0072091,E-0484,communication,INST-communication,v2,62,100,2026-01-21T00:00:00.000Z,false,51
ASM-0072093,E-0484,execution,INST-execution,v2,57,100,2026-01-28T00:00:00.000Z,true,68
ASM-0072095,E-0484,collaboration,INST-collaboration,v2,31,100,2026-03-21T00:00:00.000Z,true,20
ASM-0072097,E-0484,problem_solving,INST-problem_solving,v2,25,100,2026-03-12T00:00:00.000Z,false,32
ASM-0072099,E-0484,roadmap_prioritization,INST-roadmap_prioritization,v2,65,100,2026-02-22T00:00:00.000Z,true,41
ASM-0072101,E-0484,stakeholder_alignment,INST-stakeholder_alignment,v2,19,100,2026-03-31T00:00:00.000Z,true,53
ASM-0072121,E-0484,communication,INST-communication,v2,61,100,2026-09-27T00:00:00.000Z,true,21
ASM-0072123,E-0484,execution,INST-execution,v2,61,100,2026-07-01T00:00:00.000Z,true,29
ASM-0072125,E-0484,collaboration,INST-collaboration,v2,68,100,2026-09-01T00:00:00.000Z,true,68
ASM-0072127,E-0484,problem_solving,INST-problem_solving,v2,20,100,2026-08-05T00:00:00.000Z,true,89
ASM-0072129,E-0484,roadmap_prioritization,INST-roadmap_prioritization,v2,65,100,2026-07-12T00:00:00.000Z,false,32
ASM-0072168,E-0485,communication,INST-communication,v1,40,100,2025-03-26T00:00:00.000Z,true,83
ASM-0072170,E-0485,collaboration,INST-collaboration,v1,32,100,2025-02-21T00:00:00.000Z,true,23
ASM-0072172,E-0485,problem_solving,INST-problem_solving,v1,30,100,2025-03-27T00:00:00.000Z,true,67
ASM-0072174,E-0485,visual_craft,INST-visual_craft,v1,31,100,2025-01-24T00:00:00.000Z,false,64
ASM-0072176,E-0485,ux_research,INST-ux_research,v1,41,100,2025-02-24T00:00:00.000Z,false,37
ASM-0072208,E-0485,communication,INST-communication,v1,27,100,2025-08-10T00:00:00.000Z,true,78
ASM-0072210,E-0485,execution,INST-execution,v1,45,100,2025-07-30T00:00:00.000Z,false,23
ASM-0072212,E-0485,collaboration,INST-collaboration,v1,26,100,2025-07-29T00:00:00.000Z,true,73
ASM-0072214,E-0485,problem_solving,INST-problem_solving,v1,25,100,2025-07-18T00:00:00.000Z,true,36
ASM-0072216,E-0485,visual_craft,INST-visual_craft,v1,34,100,2025-07-27T00:00:00.000Z,true,37
ASM-0072218,E-0485,ux_research,INST-ux_research,v1,25,100,2025-09-30T00:00:00.000Z,true,24
ASM-0072246,E-0485,communication,INST-communication,v2,34,100,2026-03-22T00:00:00.000Z,false,49
ASM-0072248,E-0485,execution,INST-execution,v2,40,100,2026-03-09T00:00:00.000Z,true,26
ASM-0072250,E-0485,collaboration,INST-collaboration,v2,54,100,2026-01-04T00:00:00.000Z,true,62
ASM-0072252,E-0485,problem_solving,INST-problem_solving,v2,34,100,2026-03-25T00:00:00.000Z,true,59
ASM-0072254,E-0485,visual_craft,INST-visual_craft,v2,47,100,2026-02-11T00:00:00.000Z,false,21
ASM-0072275,E-0485,communication,INST-communication,v2,49,100,2026-08-11T00:00:00.000Z,false,22
ASM-0072277,E-0485,execution,INST-execution,v2,47,100,2026-08-06T00:00:00.000Z,true,45
ASM-0072279,E-0485,collaboration,INST-collaboration,v2,75,100,2026-08-05T00:00:00.000Z,false,82
ASM-0072281,E-0485,problem_solving,INST-problem_solving,v2,36,100,2026-08-17T00:00:00.000Z,false,20
ASM-0072283,E-0485,ux_research,INST-ux_research,v2,48,100,2026-09-18T00:00:00.000Z,true,67
ASM-0072317,E-0486,communication,INST-communication,v1,37,100,2025-03-11T00:00:00.000Z,true,54
ASM-0072319,E-0486,collaboration,INST-collaboration,v1,19,100,2025-03-25T00:00:00.000Z,true,67
ASM-0072321,E-0486,problem_solving,INST-problem_solving,v1,21,100,2025-03-21T00:00:00.000Z,true,59
ASM-0072323,E-0486,financial_modeling,INST-financial_modeling,v1,30,100,2025-01-03T00:00:00.000Z,true,55
ASM-0072353,E-0486,communication,INST-communication,v1,30,100,2025-09-08T00:00:00.000Z,false,34
ASM-0072355,E-0486,collaboration,INST-collaboration,v1,52,100,2025-07-21T00:00:00.000Z,false,72
ASM-0072357,E-0486,problem_solving,INST-problem_solving,v1,10,100,2025-07-05T00:00:00.000Z,true,44
ASM-0072359,E-0486,financial_modeling,INST-financial_modeling,v1,19,100,2025-07-02T00:00:00.000Z,true,31
ASM-0072361,E-0486,compliance_rigor,INST-compliance_rigor,v1,35,100,2025-09-28T00:00:00.000Z,true,37
ASM-0072379,E-0486,execution,INST-execution,v2,56,100,2026-01-17T00:00:00.000Z,true,72
ASM-0072381,E-0486,collaboration,INST-collaboration,v2,61,100,2026-01-16T00:00:00.000Z,true,23
ASM-0072383,E-0486,problem_solving,INST-problem_solving,v2,28,100,2026-03-14T00:00:00.000Z,true,42
ASM-0072385,E-0486,financial_modeling,INST-financial_modeling,v2,12,100,2026-02-12T00:00:00.000Z,false,23
ASM-0072415,E-0486,communication,INST-communication,v2,30,100,2026-08-01T00:00:00.000Z,true,75
ASM-0072417,E-0486,execution,INST-execution,v2,86,100,2026-08-27T00:00:00.000Z,true,70
ASM-0072419,E-0486,collaboration,INST-collaboration,v2,69,100,2026-07-25T00:00:00.000Z,true,39
ASM-0072421,E-0486,problem_solving,INST-problem_solving,v2,22,100,2026-08-26T00:00:00.000Z,true,55
ASM-0072423,E-0486,financial_modeling,INST-financial_modeling,v2,35,100,2026-07-09T00:00:00.000Z,false,51
ASM-0072449,E-0487,communication,INST-communication,v1,32,100,2025-01-22T00:00:00.000Z,false,50
ASM-0072451,E-0487,execution,INST-execution,v1,87,100,2025-02-09T00:00:00.000Z,true,65
ASM-0072453,E-0487,problem_solving,INST-problem_solving,v1,63,100,2025-02-23T00:00:00.000Z,true,55
ASM-0072455,E-0487,talent_assessment,INST-talent_assessment,v1,43,100,2025-01-07T00:00:00.000Z,true,48
ASM-0072457,E-0487,policy_navigation,INST-policy_navigation,v1,47,100,2025-03-12T00:00:00.000Z,true,66
ASM-0072478,E-0487,execution,INST-execution,v1,62,100,2025-08-06T00:00:00.000Z,false,53
ASM-0072480,E-0487,talent_assessment,INST-talent_assessment,v1,45,100,2025-07-25T00:00:00.000Z,false,65
ASM-0072516,E-0487,communication,INST-communication,v2,63,100,2026-02-15T00:00:00.000Z,true,53
ASM-0072518,E-0487,execution,INST-execution,v2,35,100,2026-01-02T00:00:00.000Z,false,57
ASM-0072520,E-0487,collaboration,INST-collaboration,v2,54,100,2026-01-19T00:00:00.000Z,false,33
ASM-0072522,E-0487,problem_solving,INST-problem_solving,v2,47,100,2026-01-18T00:00:00.000Z,true,52
ASM-0072524,E-0487,talent_assessment,INST-talent_assessment,v2,76,100,2026-03-11T00:00:00.000Z,true,74
ASM-0072548,E-0487,communication,INST-communication,v2,64,100,2026-07-05T00:00:00.000Z,true,36
ASM-0072550,E-0487,execution,INST-execution,v2,35,100,2026-08-29T00:00:00.000Z,true,25
ASM-0072552,E-0487,collaboration,INST-collaboration,v2,47,100,2026-07-10T00:00:00.000Z,true,33
ASM-0072554,E-0487,talent_assessment,INST-talent_assessment,v2,38,100,2026-08-20T00:00:00.000Z,true,58
ASM-0072594,E-0488,communication,INST-communication,v1,30,100,2025-02-01T00:00:00.000Z,false,74
ASM-0072596,E-0488,execution,INST-execution,v1,22,100,2025-03-06T00:00:00.000Z,true,74
ASM-0072598,E-0488,problem_solving,INST-problem_solving,v1,30,100,2025-01-15T00:00:00.000Z,true,40
ASM-0072600,E-0488,customer_resolution,INST-customer_resolution,v1,64,100,2025-03-23T00:00:00.000Z,false,48
ASM-0072602,E-0488,troubleshooting,INST-troubleshooting,v1,23,100,2025-03-13T00:00:00.000Z,true,89
ASM-0072631,E-0488,communication,INST-communication,v1,35,100,2025-08-07T00:00:00.000Z,true,20
ASM-0072633,E-0488,execution,INST-execution,v1,35,100,2025-09-13T00:00:00.000Z,true,24
ASM-0072635,E-0488,collaboration,INST-collaboration,v1,27,100,2025-07-21T00:00:00.000Z,true,48
ASM-0072637,E-0488,problem_solving,INST-problem_solving,v1,41,100,2025-07-30T00:00:00.000Z,true,82
ASM-0072639,E-0488,customer_resolution,INST-customer_resolution,v1,53,100,2025-07-16T00:00:00.000Z,true,40
ASM-0072641,E-0488,troubleshooting,INST-troubleshooting,v1,24,100,2025-08-12T00:00:00.000Z,true,67
ASM-0072664,E-0488,communication,INST-communication,v2,28,100,2026-02-02T00:00:00.000Z,false,62
ASM-0072666,E-0488,execution,INST-execution,v2,52,100,2026-01-06T00:00:00.000Z,true,51
ASM-0072668,E-0488,collaboration,INST-collaboration,v2,20,100,2026-01-16T00:00:00.000Z,true,48
ASM-0072670,E-0488,problem_solving,INST-problem_solving,v2,55,100,2026-02-14T00:00:00.000Z,true,25
ASM-0072672,E-0488,customer_resolution,INST-customer_resolution,v2,49,100,2026-03-24T00:00:00.000Z,false,33
ASM-0072674,E-0488,troubleshooting,INST-troubleshooting,v2,50,100,2026-02-13T00:00:00.000Z,true,78
ASM-0072708,E-0488,communication,INST-communication,v2,35,100,2026-07-18T00:00:00.000Z,true,65
ASM-0072710,E-0488,execution,INST-execution,v2,47,100,2026-08-02T00:00:00.000Z,true,58
ASM-0072712,E-0488,collaboration,INST-collaboration,v2,5,100,2026-08-02T00:00:00.000Z,true,83
ASM-0072714,E-0488,problem_solving,INST-problem_solving,v2,57,100,2026-07-27T00:00:00.000Z,true,83
ASM-0072716,E-0488,troubleshooting,INST-troubleshooting,v2,67,100,2026-07-26T00:00:00.000Z,false,83
ASM-0072756,E-0489,communication,INST-communication,v1,29,100,2025-01-03T00:00:00.000Z,true,31
ASM-0072758,E-0489,execution,INST-execution,v1,18,100,2025-03-25T00:00:00.000Z,false,76
ASM-0072760,E-0489,collaboration,INST-collaboration,v1,28,100,2025-03-10T00:00:00.000Z,true,74
ASM-0072762,E-0489,problem_solving,INST-problem_solving,v1,31,100,2025-01-12T00:00:00.000Z,true,41
ASM-0072764,E-0489,system_design,INST-system_design,v1,41,100,2025-03-26T00:00:00.000Z,true,83
ASM-0072766,E-0489,code_quality,INST-code_quality,v1,65,100,2025-01-07T00:00:00.000Z,false,23
ASM-0072796,E-0489,communication,INST-communication,v1,31,100,2025-08-22T00:00:00.000Z,true,85
ASM-0072798,E-0489,execution,INST-execution,v1,22,100,2025-09-18T00:00:00.000Z,true,26
ASM-0072800,E-0489,problem_solving,INST-problem_solving,v1,57,100,2025-08-06T00:00:00.000Z,false,68
ASM-0072802,E-0489,system_design,INST-system_design,v1,26,100,2025-09-30T00:00:00.000Z,true,54
ASM-0072804,E-0489,code_quality,INST-code_quality,v1,73,100,2025-07-07T00:00:00.000Z,true,64
ASM-0072839,E-0489,communication,INST-communication,v2,34,100,2026-02-05T00:00:00.000Z,false,80
ASM-0072841,E-0489,execution,INST-execution,v2,42,100,2026-02-01T00:00:00.000Z,true,87
ASM-0072843,E-0489,collaboration,INST-collaboration,v2,56,100,2026-01-04T00:00:00.000Z,true,36
ASM-0072845,E-0489,system_design,INST-system_design,v2,30,100,2026-01-07T00:00:00.000Z,true,20
ASM-0072847,E-0489,code_quality,INST-code_quality,v2,34,100,2026-03-19T00:00:00.000Z,true,35
ASM-0072878,E-0489,communication,INST-communication,v2,23,100,2026-08-10T00:00:00.000Z,true,70
ASM-0072880,E-0489,execution,INST-execution,v2,70,100,2026-09-17T00:00:00.000Z,true,45
ASM-0072882,E-0489,collaboration,INST-collaboration,v2,86,100,2026-09-24T00:00:00.000Z,false,74
ASM-0072884,E-0489,problem_solving,INST-problem_solving,v2,67,100,2026-09-11T00:00:00.000Z,true,84
ASM-0072886,E-0489,code_quality,INST-code_quality,v2,27,100,2026-08-25T00:00:00.000Z,false,69
ASM-0072924,E-0490,communication,INST-communication,v1,34,100,2025-01-11T00:00:00.000Z,false,52
ASM-0072926,E-0490,execution,INST-execution,v1,78,100,2025-01-13T00:00:00.000Z,true,41
ASM-0072928,E-0490,collaboration,INST-collaboration,v1,18,100,2025-01-11T00:00:00.000Z,true,87
ASM-0072930,E-0490,problem_solving,INST-problem_solving,v1,22,100,2025-03-05T00:00:00.000Z,true,38
ASM-0072932,E-0490,negotiation,INST-negotiation,v1,26,100,2025-03-29T00:00:00.000Z,false,74
ASM-0072962,E-0490,communication,INST-communication,v1,25,100,2025-09-09T00:00:00.000Z,true,50
ASM-0072964,E-0490,execution,INST-execution,v1,63,100,2025-07-15T00:00:00.000Z,false,29
ASM-0072966,E-0490,collaboration,INST-collaboration,v1,48,100,2025-08-27T00:00:00.000Z,true,69
ASM-0072968,E-0490,problem_solving,INST-problem_solving,v1,31,100,2025-07-16T00:00:00.000Z,false,33
ASM-0072970,E-0490,negotiation,INST-negotiation,v1,45,100,2025-08-31T00:00:00.000Z,false,33
ASM-0072972,E-0490,pipeline_mgmt,INST-pipeline_mgmt,v1,19,100,2025-09-02T00:00:00.000Z,true,66
ASM-0072997,E-0490,execution,INST-execution,v2,55,100,2026-01-15T00:00:00.000Z,false,20
ASM-0072999,E-0490,collaboration,INST-collaboration,v2,42,100,2026-03-20T00:00:00.000Z,false,79
ASM-0073001,E-0490,problem_solving,INST-problem_solving,v2,21,100,2026-02-23T00:00:00.000Z,true,29
ASM-0073003,E-0490,negotiation,INST-negotiation,v2,23,100,2026-01-11T00:00:00.000Z,true,27
ASM-0073005,E-0490,pipeline_mgmt,INST-pipeline_mgmt,v2,42,100,2026-02-14T00:00:00.000Z,true,87
ASM-0073025,E-0490,communication,INST-communication,v2,29,100,2026-09-16T00:00:00.000Z,false,37
ASM-0073027,E-0490,collaboration,INST-collaboration,v2,36,100,2026-08-27T00:00:00.000Z,true,87
ASM-0073029,E-0490,problem_solving,INST-problem_solving,v2,42,100,2026-07-28T00:00:00.000Z,true,83
ASM-0073031,E-0490,negotiation,INST-negotiation,v2,28,100,2026-09-20T00:00:00.000Z,false,42
ASM-0073076,E-0491,communication,INST-communication,v1,39,100,2025-01-12T00:00:00.000Z,true,66
ASM-0073078,E-0491,execution,INST-execution,v1,44,100,2025-02-01T00:00:00.000Z,false,68
ASM-0073080,E-0491,collaboration,INST-collaboration,v1,15,100,2025-03-23T00:00:00.000Z,true,77
ASM-0073082,E-0491,campaign_strategy,INST-campaign_strategy,v1,37,100,2025-02-07T00:00:00.000Z,false,80
ASM-0073109,E-0491,communication,INST-communication,v1,23,100,2025-09-13T00:00:00.000Z,false,85
ASM-0073111,E-0491,execution,INST-execution,v1,57,100,2025-09-29T00:00:00.000Z,false,61
ASM-0073113,E-0491,collaboration,INST-collaboration,v1,39,100,2025-07-29T00:00:00.000Z,true,53
ASM-0073115,E-0491,problem_solving,INST-problem_solving,v1,33,100,2025-07-18T00:00:00.000Z,false,77
ASM-0073117,E-0491,campaign_strategy,INST-campaign_strategy,v1,22,100,2025-09-22T00:00:00.000Z,true,50
ASM-0073119,E-0491,content_quality,INST-content_quality,v1,61,100,2025-09-16T00:00:00.000Z,true,30
ASM-0073152,E-0491,execution,INST-execution,v2,92,100,2026-02-28T00:00:00.000Z,true,42
ASM-0073154,E-0491,collaboration,INST-collaboration,v2,25,100,2026-02-23T00:00:00.000Z,false,60
ASM-0073156,E-0491,campaign_strategy,INST-campaign_strategy,v2,29,100,2026-03-23T00:00:00.000Z,true,83
ASM-0073158,E-0491,content_quality,INST-content_quality,v2,61,100,2026-02-25T00:00:00.000Z,true,71
ASM-0073188,E-0491,execution,INST-execution,v2,81,100,2026-09-07T00:00:00.000Z,false,35
ASM-0073190,E-0491,collaboration,INST-collaboration,v2,3,100,2026-09-07T00:00:00.000Z,true,39
ASM-0073192,E-0491,campaign_strategy,INST-campaign_strategy,v2,29,100,2026-07-31T00:00:00.000Z,false,48
ASM-0073194,E-0491,content_quality,INST-content_quality,v2,74,100,2026-08-15T00:00:00.000Z,true,31
ASM-0073240,E-0492,execution,INST-execution,v1,72,100,2025-01-02T00:00:00.000Z,true,51
ASM-0073242,E-0492,collaboration,INST-collaboration,v1,17,100,2025-02-26T00:00:00.000Z,false,30
ASM-0073244,E-0492,problem_solving,INST-problem_solving,v1,82,100,2025-02-02T00:00:00.000Z,true,80
ASM-0073246,E-0492,roadmap_prioritization,INST-roadmap_prioritization,v1,39,100,2025-03-10T00:00:00.000Z,true,49
ASM-0073248,E-0492,stakeholder_alignment,INST-stakeholder_alignment,v1,41,100,2025-02-07T00:00:00.000Z,true,30
ASM-0073279,E-0492,execution,INST-execution,v1,52,100,2025-09-15T00:00:00.000Z,true,85
ASM-0073281,E-0492,collaboration,INST-collaboration,v1,24,100,2025-07-14T00:00:00.000Z,true,22
ASM-0073283,E-0492,problem_solving,INST-problem_solving,v1,61,100,2025-07-29T00:00:00.000Z,true,27
ASM-0073285,E-0492,roadmap_prioritization,INST-roadmap_prioritization,v1,69,100,2025-07-07T00:00:00.000Z,true,71
ASM-0073287,E-0492,stakeholder_alignment,INST-stakeholder_alignment,v1,63,100,2025-07-23T00:00:00.000Z,true,86
ASM-0073315,E-0492,execution,INST-execution,v2,43,100,2026-02-21T00:00:00.000Z,true,73
ASM-0073317,E-0492,collaboration,INST-collaboration,v2,23,100,2026-01-02T00:00:00.000Z,true,42
ASM-0073319,E-0492,problem_solving,INST-problem_solving,v2,46,100,2026-02-16T00:00:00.000Z,true,33
ASM-0073321,E-0492,roadmap_prioritization,INST-roadmap_prioritization,v2,21,100,2026-02-03T00:00:00.000Z,true,89
ASM-0073323,E-0492,stakeholder_alignment,INST-stakeholder_alignment,v2,70,100,2026-03-25T00:00:00.000Z,true,36
ASM-0073359,E-0492,execution,INST-execution,v2,23,100,2026-08-11T00:00:00.000Z,true,43
ASM-0073361,E-0492,collaboration,INST-collaboration,v2,14,100,2026-08-12T00:00:00.000Z,true,28
ASM-0073363,E-0492,problem_solving,INST-problem_solving,v2,38,100,2026-07-19T00:00:00.000Z,false,63
ASM-0073365,E-0492,roadmap_prioritization,INST-roadmap_prioritization,v2,6,100,2026-08-24T00:00:00.000Z,true,27
ASM-0073367,E-0492,stakeholder_alignment,INST-stakeholder_alignment,v2,91,100,2026-08-28T00:00:00.000Z,true,72
ASM-0073408,E-0493,communication,INST-communication,v1,44,100,2025-03-16T00:00:00.000Z,false,27
ASM-0073410,E-0493,collaboration,INST-collaboration,v1,35,100,2025-01-09T00:00:00.000Z,true,22
ASM-0073412,E-0493,problem_solving,INST-problem_solving,v1,30,100,2025-01-26T00:00:00.000Z,false,53
ASM-0073414,E-0493,visual_craft,INST-visual_craft,v1,24,100,2025-01-26T00:00:00.000Z,true,68
ASM-0073440,E-0493,communication,INST-communication,v1,41,100,2025-07-06T00:00:00.000Z,true,47
ASM-0073442,E-0493,execution,INST-execution,v1,66,100,2025-08-31T00:00:00.000Z,true,60
ASM-0073444,E-0493,collaboration,INST-collaboration,v1,19,100,2025-09-11T00:00:00.000Z,true,34
ASM-0073446,E-0493,problem_solving,INST-problem_solving,v1,29,100,2025-07-23T00:00:00.000Z,true,32
ASM-0073448,E-0493,visual_craft,INST-visual_craft,v1,27,100,2025-09-18T00:00:00.000Z,false,56
ASM-0073469,E-0493,execution,INST-execution,v2,41,100,2026-01-30T00:00:00.000Z,true,82
ASM-0073471,E-0493,collaboration,INST-collaboration,v2,37,100,2026-03-25T00:00:00.000Z,true,57
ASM-0073473,E-0493,problem_solving,INST-problem_solving,v2,45,100,2026-03-11T00:00:00.000Z,true,45
ASM-0073475,E-0493,visual_craft,INST-visual_craft,v2,52,100,2026-02-27T00:00:00.000Z,true,23
ASM-0073508,E-0493,communication,INST-communication,v2,37,100,2026-09-10T00:00:00.000Z,true,87
ASM-0073510,E-0493,execution,INST-execution,v2,32,100,2026-08-09T00:00:00.000Z,true,30
ASM-0073512,E-0493,visual_craft,INST-visual_craft,v2,76,100,2026-07-15T00:00:00.000Z,false,37
ASM-0073538,E-0494,communication,INST-communication,v1,42,100,2025-01-07T00:00:00.000Z,true,80
ASM-0073540,E-0494,execution,INST-execution,v1,11,100,2025-01-18T00:00:00.000Z,true,42
ASM-0073542,E-0494,problem_solving,INST-problem_solving,v1,12,100,2025-02-05T00:00:00.000Z,false,69
ASM-0073544,E-0494,financial_modeling,INST-financial_modeling,v1,37,100,2025-02-07T00:00:00.000Z,true,51
ASM-0073546,E-0494,compliance_rigor,INST-compliance_rigor,v1,37,100,2025-02-03T00:00:00.000Z,false,71
ASM-0073583,E-0494,communication,INST-communication,v1,40,100,2025-08-12T00:00:00.000Z,false,59
ASM-0073585,E-0494,execution,INST-execution,v1,11,100,2025-08-05T00:00:00.000Z,true,45
ASM-0073587,E-0494,collaboration,INST-collaboration,v1,44,100,2025-08-28T00:00:00.000Z,true,73
ASM-0073589,E-0494,problem_solving,INST-problem_solving,v1,25,100,2025-07-25T00:00:00.000Z,true,40
ASM-0073591,E-0494,financial_modeling,INST-financial_modeling,v1,51,100,2025-09-08T00:00:00.000Z,true,70
ASM-0073593,E-0494,compliance_rigor,INST-compliance_rigor,v1,28,100,2025-08-28T00:00:00.000Z,true,23
ASM-0073618,E-0494,communication,INST-communication,v2,40,100,2026-02-08T00:00:00.000Z,true,35
ASM-0073620,E-0494,collaboration,INST-collaboration,v2,44,100,2026-01-06T00:00:00.000Z,true,27
ASM-0073622,E-0494,problem_solving,INST-problem_solving,v2,41,100,2026-03-07T00:00:00.000Z,false,51
ASM-0073624,E-0494,financial_modeling,INST-financial_modeling,v2,28,100,2026-02-09T00:00:00.000Z,true,31
ASM-0073626,E-0494,compliance_rigor,INST-compliance_rigor,v2,28,100,2026-03-08T00:00:00.000Z,true,88
ASM-0073655,E-0494,communication,INST-communication,v2,54,100,2026-07-02T00:00:00.000Z,false,82
ASM-0073657,E-0494,execution,INST-execution,v2,53,100,2026-07-07T00:00:00.000Z,true,22
ASM-0073659,E-0494,collaboration,INST-collaboration,v2,57,100,2026-07-23T00:00:00.000Z,true,51
ASM-0073661,E-0494,financial_modeling,INST-financial_modeling,v2,51,100,2026-07-24T00:00:00.000Z,true,45
ASM-0073663,E-0494,compliance_rigor,INST-compliance_rigor,v2,67,100,2026-07-12T00:00:00.000Z,true,71
ASM-0073696,E-0495,communication,INST-communication,v1,31,100,2025-01-22T00:00:00.000Z,true,27
ASM-0073698,E-0495,execution,INST-execution,v1,40,100,2025-01-22T00:00:00.000Z,true,63
ASM-0073700,E-0495,collaboration,INST-collaboration,v1,24,100,2025-03-07T00:00:00.000Z,true,86
ASM-0073702,E-0495,problem_solving,INST-problem_solving,v1,36,100,2025-03-01T00:00:00.000Z,true,76
ASM-0073704,E-0495,talent_assessment,INST-talent_assessment,v1,26,100,2025-02-13T00:00:00.000Z,false,86
ASM-0073738,E-0495,execution,INST-execution,v1,53,100,2025-09-28T00:00:00.000Z,true,81
ASM-0073740,E-0495,collaboration,INST-collaboration,v1,21,100,2025-09-15T00:00:00.000Z,true,59
ASM-0073742,E-0495,problem_solving,INST-problem_solving,v1,56,100,2025-07-07T00:00:00.000Z,false,69
ASM-0073744,E-0495,talent_assessment,INST-talent_assessment,v1,33,100,2025-08-14T00:00:00.000Z,true,50
ASM-0073746,E-0495,policy_navigation,INST-policy_navigation,v1,44,100,2025-08-23T00:00:00.000Z,true,82
ASM-0073772,E-0495,communication,INST-communication,v2,48,100,2026-02-01T00:00:00.000Z,true,65
ASM-0073774,E-0495,execution,INST-execution,v2,58,100,2026-02-28T00:00:00.000Z,false,59
ASM-0073776,E-0495,collaboration,INST-collaboration,v2,39,100,2026-02-02T00:00:00.000Z,true,80
ASM-0073778,E-0495,problem_solving,INST-problem_solving,v2,72,100,2026-03-29T00:00:00.000Z,true,87
ASM-0073780,E-0495,talent_assessment,INST-talent_assessment,v2,15,100,2026-01-09T00:00:00.000Z,false,80
ASM-0073809,E-0495,communication,INST-communication,v2,69,100,2026-07-22T00:00:00.000Z,true,73
ASM-0073811,E-0495,execution,INST-execution,v2,46,100,2026-08-05T00:00:00.000Z,true,33
ASM-0073813,E-0495,collaboration,INST-collaboration,v2,70,100,2026-07-30T00:00:00.000Z,true,25
ASM-0073815,E-0495,problem_solving,INST-problem_solving,v2,88,100,2026-09-11T00:00:00.000Z,false,20
ASM-0073817,E-0495,talent_assessment,INST-talent_assessment,v2,9,100,2026-08-31T00:00:00.000Z,false,80
ASM-0073855,E-0496,communication,INST-communication,v1,72,100,2025-01-05T00:00:00.000Z,true,34
ASM-0073857,E-0496,execution,INST-execution,v1,71,100,2025-03-07T00:00:00.000Z,true,75
ASM-0073859,E-0496,collaboration,INST-collaboration,v1,49,100,2025-02-16T00:00:00.000Z,true,58
ASM-0073861,E-0496,problem_solving,INST-problem_solving,v1,32,100,2025-03-17T00:00:00.000Z,true,87
ASM-0073863,E-0496,customer_resolution,INST-customer_resolution,v1,45,100,2025-02-08T00:00:00.000Z,false,60
ASM-0073865,E-0496,troubleshooting,INST-troubleshooting,v1,20,100,2025-03-13T00:00:00.000Z,false,81
ASM-0073901,E-0496,communication,INST-communication,v1,77,100,2025-08-30T00:00:00.000Z,true,43
ASM-0073903,E-0496,execution,INST-execution,v1,82,100,2025-07-21T00:00:00.000Z,true,57
ASM-0073905,E-0496,collaboration,INST-collaboration,v1,84,100,2025-09-25T00:00:00.000Z,true,30
ASM-0073907,E-0496,problem_solving,INST-problem_solving,v1,6,100,2025-09-19T00:00:00.000Z,true,29
ASM-0073909,E-0496,customer_resolution,INST-customer_resolution,v1,50,100,2025-09-22T00:00:00.000Z,true,26
ASM-0073911,E-0496,troubleshooting,INST-troubleshooting,v1,53,100,2025-09-02T00:00:00.000Z,true,72
ASM-0073934,E-0496,execution,INST-execution,v2,74,100,2026-02-13T00:00:00.000Z,true,70
ASM-0073936,E-0496,collaboration,INST-collaboration,v2,64,100,2026-02-15T00:00:00.000Z,true,54
ASM-0073938,E-0496,problem_solving,INST-problem_solving,v2,27,100,2026-01-18T00:00:00.000Z,true,45
ASM-0073940,E-0496,customer_resolution,INST-customer_resolution,v2,69,100,2026-03-01T00:00:00.000Z,false,83
ASM-0073942,E-0496,troubleshooting,INST-troubleshooting,v2,63,100,2026-02-16T00:00:00.000Z,true,29
ASM-0073960,E-0496,execution,INST-execution,v2,62,100,2026-09-22T00:00:00.000Z,true,47
ASM-0073962,E-0496,collaboration,INST-collaboration,v2,71,100,2026-07-15T00:00:00.000Z,true,57
ASM-0073964,E-0496,problem_solving,INST-problem_solving,v2,53,100,2026-07-25T00:00:00.000Z,true,20
ASM-0073966,E-0496,customer_resolution,INST-customer_resolution,v2,89,100,2026-08-27T00:00:00.000Z,true,79
ASM-0073968,E-0496,troubleshooting,INST-troubleshooting,v2,71,100,2026-08-16T00:00:00.000Z,false,41
ASM-0074010,E-0497,communication,INST-communication,v1,37,100,2025-02-05T00:00:00.000Z,true,61
ASM-0074012,E-0497,execution,INST-execution,v1,33,100,2025-03-02T00:00:00.000Z,true,47
ASM-0074014,E-0497,collaboration,INST-collaboration,v1,20,100,2025-03-23T00:00:00.000Z,false,28
ASM-0074016,E-0497,system_design,INST-system_design,v1,29,100,2025-03-04T00:00:00.000Z,true,40
ASM-0074018,E-0497,code_quality,INST-code_quality,v1,14,100,2025-03-16T00:00:00.000Z,false,70
ASM-0074035,E-0497,communication,INST-communication,v1,28,100,2025-08-05T00:00:00.000Z,true,82
ASM-0074037,E-0497,execution,INST-execution,v1,25,100,2025-09-01T00:00:00.000Z,false,53
ASM-0074039,E-0497,collaboration,INST-collaboration,v1,17,100,2025-08-29T00:00:00.000Z,true,55
ASM-0074041,E-0497,problem_solving,INST-problem_solving,v1,30,100,2025-09-18T00:00:00.000Z,true,85
ASM-0074043,E-0497,system_design,INST-system_design,v1,23,100,2025-07-21T00:00:00.000Z,false,88
ASM-0074045,E-0497,code_quality,INST-code_quality,v1,27,100,2025-09-23T00:00:00.000Z,true,36
ASM-0074076,E-0497,communication,INST-communication,v2,43,100,2026-01-23T00:00:00.000Z,true,77
ASM-0074078,E-0497,execution,INST-execution,v2,43,100,2026-03-07T00:00:00.000Z,false,30
ASM-0074080,E-0497,problem_solving,INST-problem_solving,v2,35,100,2026-02-06T00:00:00.000Z,true,73
ASM-0074082,E-0497,system_design,INST-system_design,v2,26,100,2026-03-21T00:00:00.000Z,true,88
ASM-0074109,E-0497,communication,INST-communication,v2,33,100,2026-08-16T00:00:00.000Z,false,24
ASM-0074111,E-0497,execution,INST-execution,v2,61,100,2026-07-29T00:00:00.000Z,true,33
ASM-0074113,E-0497,collaboration,INST-collaboration,v2,22,100,2026-09-24T00:00:00.000Z,true,73
ASM-0074115,E-0497,problem_solving,INST-problem_solving,v2,44,100,2026-08-28T00:00:00.000Z,false,62
ASM-0074117,E-0497,system_design,INST-system_design,v2,4,100,2026-09-04T00:00:00.000Z,true,63
ASM-0074119,E-0497,code_quality,INST-code_quality,v2,55,100,2026-07-10T00:00:00.000Z,true,50
ASM-0074164,E-0498,communication,INST-communication,v1,32,100,2025-02-02T00:00:00.000Z,false,88
ASM-0074166,E-0498,execution,INST-execution,v1,35,100,2025-01-27T00:00:00.000Z,true,43
ASM-0074168,E-0498,collaboration,INST-collaboration,v1,46,100,2025-02-11T00:00:00.000Z,true,34
ASM-0074170,E-0498,negotiation,INST-negotiation,v1,87,100,2025-01-17T00:00:00.000Z,false,49
ASM-0074172,E-0498,pipeline_mgmt,INST-pipeline_mgmt,v1,30,100,2025-02-24T00:00:00.000Z,false,35
ASM-0074199,E-0498,execution,INST-execution,v1,61,100,2025-08-24T00:00:00.000Z,false,41
ASM-0074201,E-0498,problem_solving,INST-problem_solving,v1,20,100,2025-09-03T00:00:00.000Z,false,76
ASM-0074203,E-0498,negotiation,INST-negotiation,v1,71,100,2025-07-16T00:00:00.000Z,true,76
ASM-0074205,E-0498,pipeline_mgmt,INST-pipeline_mgmt,v1,37,100,2025-08-26T00:00:00.000Z,true,45
ASM-0074229,E-0498,communication,INST-communication,v2,48,100,2026-02-14T00:00:00.000Z,true,37
ASM-0074231,E-0498,execution,INST-execution,v2,44,100,2026-02-12T00:00:00.000Z,true,22
ASM-0074233,E-0498,problem_solving,INST-problem_solving,v2,27,100,2026-03-04T00:00:00.000Z,true,55
ASM-0074235,E-0498,negotiation,INST-negotiation,v2,56,100,2026-01-21T00:00:00.000Z,true,52
ASM-0074237,E-0498,pipeline_mgmt,INST-pipeline_mgmt,v2,40,100,2026-03-24T00:00:00.000Z,true,68
ASM-0074262,E-0498,communication,INST-communication,v2,25,100,2026-08-20T00:00:00.000Z,true,69
ASM-0074264,E-0498,execution,INST-execution,v2,54,100,2026-09-02T00:00:00.000Z,true,27
ASM-0074266,E-0498,problem_solving,INST-problem_solving,v2,34,100,2026-07-01T00:00:00.000Z,true,41
ASM-0074268,E-0498,negotiation,INST-negotiation,v2,48,100,2026-08-28T00:00:00.000Z,true,33
ASM-0074312,E-0499,communication,INST-communication,v1,18,100,2025-01-09T00:00:00.000Z,true,88
ASM-0074314,E-0499,execution,INST-execution,v1,28,100,2025-03-22T00:00:00.000Z,false,78
ASM-0074316,E-0499,collaboration,INST-collaboration,v1,28,100,2025-03-17T00:00:00.000Z,true,55
ASM-0074318,E-0499,problem_solving,INST-problem_solving,v1,29,100,2025-03-14T00:00:00.000Z,true,80
ASM-0074356,E-0499,communication,INST-communication,v1,23,100,2025-07-19T00:00:00.000Z,true,27
ASM-0074358,E-0499,execution,INST-execution,v1,37,100,2025-08-03T00:00:00.000Z,true,73
ASM-0074360,E-0499,problem_solving,INST-problem_solving,v1,24,100,2025-08-13T00:00:00.000Z,true,50
ASM-0074362,E-0499,campaign_strategy,INST-campaign_strategy,v1,57,100,2025-09-02T00:00:00.000Z,true,86
ASM-0074364,E-0499,content_quality,INST-content_quality,v1,34,100,2025-09-22T00:00:00.000Z,true,54
ASM-0074405,E-0499,communication,INST-communication,v2,2,100,2026-01-09T00:00:00.000Z,false,34
ASM-0074407,E-0499,problem_solving,INST-problem_solving,v2,38,100,2026-01-19T00:00:00.000Z,true,76
ASM-0074409,E-0499,campaign_strategy,INST-campaign_strategy,v2,69,100,2026-03-21T00:00:00.000Z,true,60
ASM-0074411,E-0499,content_quality,INST-content_quality,v2,38,100,2026-01-14T00:00:00.000Z,true,67
ASM-0074438,E-0499,communication,INST-communication,v2,28,100,2026-09-26T00:00:00.000Z,true,24
ASM-0074440,E-0499,problem_solving,INST-problem_solving,v2,29,100,2026-08-21T00:00:00.000Z,true,87
ASM-0074442,E-0499,campaign_strategy,INST-campaign_strategy,v2,42,100,2026-08-31T00:00:00.000Z,true,85
ASM-0074444,E-0499,content_quality,INST-content_quality,v2,59,100,2026-08-07T00:00:00.000Z,true,32
ASM-0074481,E-0500,communication,INST-communication,v1,25,100,2025-01-28T00:00:00.000Z,true,78
ASM-0074483,E-0500,execution,INST-execution,v1,31,100,2025-01-21T00:00:00.000Z,true,37
ASM-0074485,E-0500,problem_solving,INST-problem_solving,v1,28,100,2025-01-02T00:00:00.000Z,false,76
ASM-0074487,E-0500,roadmap_prioritization,INST-roadmap_prioritization,v1,76,100,2025-01-17T00:00:00.000Z,false,84
ASM-0074489,E-0500,stakeholder_alignment,INST-stakeholder_alignment,v1,31,100,2025-03-24T00:00:00.000Z,true,88
ASM-0074512,E-0500,communication,INST-communication,v1,40,100,2025-09-07T00:00:00.000Z,false,40
ASM-0074514,E-0500,execution,INST-execution,v1,13,100,2025-09-28T00:00:00.000Z,true,41
ASM-0074516,E-0500,problem_solving,INST-problem_solving,v1,43,100,2025-09-06T00:00:00.000Z,true,26
ASM-0074518,E-0500,roadmap_prioritization,INST-roadmap_prioritization,v1,72,100,2025-08-01T00:00:00.000Z,true,63
ASM-0074520,E-0500,stakeholder_alignment,INST-stakeholder_alignment,v1,42,100,2025-09-14T00:00:00.000Z,true,79
ASM-0074541,E-0500,communication,INST-communication,v2,40,100,2026-01-29T00:00:00.000Z,false,76
ASM-0074543,E-0500,execution,INST-execution,v2,37,100,2026-03-16T00:00:00.000Z,false,75
ASM-0074545,E-0500,collaboration,INST-collaboration,v2,38,100,2026-01-05T00:00:00.000Z,true,82
ASM-0074547,E-0500,problem_solving,INST-problem_solving,v2,48,100,2026-03-26T00:00:00.000Z,true,22
ASM-0074549,E-0500,roadmap_prioritization,INST-roadmap_prioritization,v2,64,100,2026-02-26T00:00:00.000Z,true,26
ASM-0074551,E-0500,stakeholder_alignment,INST-stakeholder_alignment,v2,60,100,2026-01-27T00:00:00.000Z,false,31
ASM-0074573,E-0500,communication,INST-communication,v2,33,100,2026-08-08T00:00:00.000Z,true,72
ASM-0074575,E-0500,execution,INST-execution,v2,47,100,2026-09-27T00:00:00.000Z,false,80
ASM-0074577,E-0500,collaboration,INST-collaboration,v2,37,100,2026-07-09T00:00:00.000Z,false,83
ASM-0074579,E-0500,problem_solving,INST-problem_solving,v2,71,100,2026-07-26T00:00:00.000Z,false,46
ASM-0074581,E-0500,roadmap_prioritization,INST-roadmap_prioritization,v2,36,100,2026-07-13T00:00:00.000Z,true,21
ASM-0074583,E-0500,stakeholder_alignment,INST-stakeholder_alignment,v2,78,100,2026-09-18T00:00:00.000Z,false,79