employee_id,profile_shape,divergence_score,tradeoff_pairs,n_confident_improving,n_confident_declining,n_competencies,updated_at
E-0001,divergent,0.832,"[{""gaining_competency_id"":""communication"",""losing_competency_id"":""execution"",""correlation"":-0.953,""p_value"":0,""n_overlap_points"":14,""gaining_velocity"":0.321,""losing_velocity"":-0.29,""confidence"":0.957,""candidate_org_events"":[{""event_type"":""team_change"",""occurred_at"":""2025-07-01T00:00:00.000Z""}]}]",2,1,6,2026-09-29T00:00:00.000Z
E-0002,divergent,0.672,"[{""gaining_competency_id"":""execution"",""losing_competency_id"":""problem_solving"",""correlation"":-0.827,""p_value"":0,""n_overlap_points"":13,""gaining_velocity"":0.29,""losing_velocity"":-0.382,""confidence"":0.959,""candidate_org_events"":[]},{""gaining_competency_id"":""execution"",""losing_competency_id"":""negotiation"",""correlation"":-0.756,""p_value"":0.001,""n_overlap_points"":13,""gaining_velocity"":0.29,""losing_velocity"":-0.271,""confidence"":0.872,""candidate_org_events"":[]}]",1,2,6,2026-09-29T00:00:00.000Z
E-0003,uniform_improving,0.381,[],2,0,6,2026-09-29T00:00:00.000Z
E-0004,divergent,0.556,"[{""gaining_competency_id"":""stakeholder_alignment"",""losing_competency_id"":""communication"",""correlation"":-0.953,""p_value"":0,""n_overlap_points"":15,""gaining_velocity"":0.249,""losing_velocity"":-0.255,""confidence"":0.827,""candidate_org_events"":[]},{""gaining_competency_id"":""stakeholder_alignment"",""losing_competency_id"":""collaboration"",""correlation"":-0.895,""p_value"":0,""n_overlap_points"":13,""gaining_velocity"":0.249,""losing_velocity"":-0.307,""confidence"":0.827,""candidate_org_events"":[]},{""gaining_competency_id"":""stakeholder_alignment"",""losing_competency_id"":""execution"",""correlation"":-0.867,""p_value"":0,""n_overlap_points"":14,""gaining_velocity"":0.249,""losing_velocity"":-0.226,""confidence"":0.811,""candidate_org_events"":[]}]",1,3,6,2026-09-29T00:00:00.000Z
E-0005,divergent,0.55,"[{""gaining_competency_id"":""collaboration"",""losing_competency_id"":""visual_craft"",""correlation"":-0.954,""p_value"":0,""n_overlap_points"":13,""gaining_velocity"":0.258,""losing_velocity"":-0.292,""confidence"":0.821,""candidate_org_events"":[]}]",1,1,6,2026-09-29T00:00:00.000Z
E-0006,uniform_improving,0.466,[],2,0,6,2026-09-29T00:00:00.000Z
E-0007,divergent,0.707,"[{""gaining_competency_id"":""collaboration"",""losing_competency_id"":""problem_solving"",""correlation"":-0.788,""p_value"":0.001,""n_overlap_points"":12,""gaining_velocity"":0.269,""losing_velocity"":-0.292,""confidence"":0.875,""candidate_org_events"":[]},{""gaining_competency_id"":""execution"",""losing_competency_id"":""problem_solving"",""correlation"":-0.748,""p_value"":0.002,""n_overlap_points"":12,""gaining_velocity"":0.415,""losing_velocity"":-0.292,""confidence"":0.879,""candidate_org_events"":[]}]",2,1,6,2026-09-29T00:00:00.000Z
E-0008,uniform_improving,0.423,[],1,0,6,2026-09-29T00:00:00.000Z
E-0009,uniform_improving,0.338,[],1,0,6,2026-09-29T00:00:00.000Z
E-0010,uniform_improving,0.372,[],2,0,6,2026-09-29T00:00:00.000Z
E-0011,uniform_improving,0.536,[],5,0,6,2026-09-29T00:00:00.000Z
E-0012,mixed_flat,0.078,[],0,0,6,2026-09-29T00:00:00.000Z
E-0013,uniform_improving,0.49,[],1,0,6,2026-09-29T00:00:00.000Z
E-0014,uniform_improving,0.449,[],4,0,6,2026-09-29T00:00:00.000Z
E-0015,divergent,0.668,"[{""gaining_competency_id"":""execution"",""losing_competency_id"":""talent_assessment"",""correlation"":-0.969,""p_value"":0,""n_overlap_points"":16,""gaining_velocity"":0.378,""losing_velocity"":-0.27,""confidence"":0.919,""candidate_org_events"":[]},{""gaining_competency_id"":""problem_solving"",""losing_competency_id"":""talent_assessment"",""correlation"":-0.962,""p_value"":0,""n_overlap_points"":15,""gaining_velocity"":0.349,""losing_velocity"":-0.27,""confidence"":0.919,""candidate_org_events"":[]},{""gaining_competency_id"":""policy_navigation"",""losing_competency_id"":""talent_assessment"",""correlation"":-0.925,""p_value"":0,""n_overlap_points"":14,""gaining_velocity"":0.398,""losing_velocity"":-0.27,""confidence"":0.919,""candidate_org_events"":[]}]",3,1,6,2026-09-29T00:00:00.000Z
E-0016,uniform_improving,0.518,[],1,0,6,2026-09-29T00:00:00.000Z
E-0017,divergent,0.671,"[{""gaining_competency_id"":""system_design"",""losing_competency_id"":""code_quality"",""correlation"":-0.908,""p_value"":0,""n_overlap_points"":12,""gaining_velocity"":0.313,""losing_velocity"":-0.358,""confidence"":0.96,""candidate_org_events"":[]}]",1,1,6,2026-09-29T00:00:00.000Z
E-0018,uniform_improving,0.27,[],3,0,6,2026-09-29T00:00:00.000Z
E-0019,uniform_improving,0.356,[],1,0,6,2026-09-29T00:00:00.000Z
E-0020,uniform_improving,0.415,[],2,0,6,2026-09-29T00:00:00.000Z
E-0021,uniform_improving,0.462,[],1,0,6,2026-09-29T00:00:00.000Z
E-0022,uniform_improving,0.44,[],4,0,6,2026-09-29T00:00:00.000Z
E-0023,divergent,0.58,"[{""gaining_competency_id"":""talent_assessment"",""losing_competency_id"":""communication"",""correlation"":-0.949,""p_value"":0,""n_overlap_points"":15,""gaining_velocity"":0.239,""losing_velocity"":-0.3,""confidence"":0.842,""candidate_org_events"":[]},{""gaining_competency_id"":""talent_assessment"",""losing_competency_id"":""collaboration"",""correlation"":-0.866,""p_value"":0,""n_overlap_points"":14,""gaining_velocity"":0.239,""losing_velocity"":-0.341,""confidence"":0.842,""candidate_org_events"":[]}]",1,2,6,2026-09-29T00:00:00.000Z
E-0024,divergent,0.777,"[{""gaining_competency_id"":""communication"",""losing_competency_id"":""collaboration"",""correlation"":-0.953,""p_value"":0,""n_overlap_points"":16,""gaining_velocity"":0.497,""losing_velocity"":-0.269,""confidence"":0.901,""candidate_org_events"":[{""event_type"":""promotion"",""occurred_at"":""2025-10-01T00:00:00.000Z""}]},{""gaining_competency_id"":""communication"",""losing_competency_id"":""problem_solving"",""correlation"":-0.89,""p_value"":0,""n_overlap_points"":16,""gaining_velocity"":0.497,""losing_velocity"":-0.28,""confidence"":0.919,""candidate_org_events"":[{""event_type"":""promotion"",""occurred_at"":""2025-10-01T00:00:00.000Z""}]},{""gaining_competency_id"":""troubleshooting"",""losing_competency_id"":""collaboration"",""correlation"":-0.768,""p_value"":0,""n_overlap_points"":16,""gaining_velocity"":0.235,""losing_velocity"":-0.269,""confidence"":0.801,""candidate_org_events"":[{""event_type"":""promotion"",""occurred_at"":""2025-10-01T00:00:00.000Z""}]},{""gaining_competency_id"":""troubleshooting"",""losing_competency_id"":""problem_solving"",""correlation"":-0.766,""p_value"":0,""n_overlap_points"":16,""gaining_velocity"":0.235,""losing_velocity"":-0.28,""confidence"":0.801,""candidate_org_events"":[{""event_type"":""promotion"",""occurred_at"":""2025-10-01T00:00:00.000Z""}]}]",3,2,6,2026-09-29T00:00:00.000Z
E-0025,uniform_improving,0.299,[],1,0,6,2026-09-29T00:00:00.000Z
E-0026,uniform_improving,0.365,[],1,0,6,2026-09-29T00:00:00.000Z
E-0027,uniform_improving,0.415,[],3,0,6,2026-09-29T00:00:00.000Z
E-0028,uniform_improving,0.434,[],1,0,6,2026-09-29T00:00:00.000Z
E-0029,uniform_improving,0.438,[],4,0,6,2026-09-29T00:00:00.000Z
E-0030,uniform_improving,0.394,[],1,0,6,2026-09-29T00:00:00.000Z
E-0031,uniform_improving,0.577,[],1,0,6,2026-09-29T00:00:00.000Z
E-0032,divergent,0.638,"[{""gaining_competency_id"":""execution"",""losing_competency_id"":""customer_resolution"",""correlation"":-0.632,""p_value"":0.007,""n_overlap_points"":14,""gaining_velocity"":0.358,""losing_velocity"":-0.28,""confidence"":0.918,""candidate_org_events"":[]}]",1,1,6,2026-09-29T00:00:00.000Z
E-0033,uniform_improving,0.508,[],1,0,6,2026-09-29T00:00:00.000Z
E-0034,uniform_declining,0.263,[],0,2,6,2026-09-29T00:00:00.000Z
E-0035,divergent,0.582,"[{""gaining_competency_id"":""collaboration"",""losing_competency_id"":""content_quality"",""correlation"":-0.809,""p_value"":0,""n_overlap_points"":14,""gaining_velocity"":0.293,""losing_velocity"":-0.289,""confidence"":0.931,""candidate_org_events"":[]},{""gaining_competency_id"":""execution"",""losing_competency_id"":""content_quality"",""correlation"":-0.766,""p_value"":0,""n_overlap_points"":14,""gaining_velocity"":0.266,""losing_velocity"":-0.289,""confidence"":0.894,""candidate_org_events"":[]}]",2,1,6,2026-09-29T00:00:00.000Z
E-0036,uniform_improving,0.402,[],3,0,6,2026-09-29T00:00:00.000Z
E-0037,divergent,0.833,"[{""gaining_competency_id"":""visual_craft"",""losing_competency_id"":""communication"",""correlation"":-0.618,""p_value"":0.011,""n_overlap_points"":13,""gaining_velocity"":0.352,""losing_velocity"":-0.445,""confidence"":0.854,""candidate_org_events"":[]},{""gaining_competency_id"":""ux_research"",""losing_competency_id"":""communication"",""correlation"":-0.544,""p_value"":0.027,""n_overlap_points"":13,""gaining_velocity"":0.388,""losing_velocity"":-0.445,""confidence"":0.88,""candidate_org_events"":[]}]",3,1,6,2026-09-29T00:00:00.000Z
E-0038,uniform_improving,0.389,[],2,0,6,2026-09-29T00:00:00.000Z
E-0039,divergent,0.612,"[{""gaining_competency_id"":""talent_assessment"",""losing_competency_id"":""policy_navigation"",""correlation"":-0.817,""p_value"":0,""n_overlap_points"":13,""gaining_velocity"":0.309,""losing_velocity"":-0.303,""confidence"":0.918,""candidate_org_events"":[]}]",1,1,6,2026-09-29T00:00:00.000Z
E-0040,divergent,0.664,"[{""gaining_competency_id"":""communication"",""losing_competency_id"":""collaboration"",""correlation"":-0.922,""p_value"":0,""n_overlap_points"":15,""gaining_velocity"":0.382,""losing_velocity"":-0.282,""confidence"":0.916,""candidate_org_events"":[]},{""gaining_competency_id"":""execution"",""losing_competency_id"":""collaboration"",""correlation"":-0.912,""p_value"":0,""n_overlap_points"":15,""gaining_velocity"":0.319,""losing_velocity"":-0.282,""confidence"":0.916,""candidate_org_events"":[]},{""gaining_competency_id"":""problem_solving"",""losing_competency_id"":""collaboration"",""correlation"":-0.889,""p_value"":0,""n_overlap_points"":15,""gaining_velocity"":0.236,""losing_velocity"":-0.282,""confidence"":0.824,""candidate_org_events"":[]},{""gaining_competency_id"":""customer_resolution"",""losing_competency_id"":""collaboration"",""correlation"":-0.841,""p_value"":0,""n_overlap_points"":14,""gaining_velocity"":0.286,""losing_velocity"":-0.282,""confidence"":0.916,""candidate_org_events"":[]}]",4,1,6,2026-09-29T00:00:00.000Z
E-0041,uniform_improving,0.456,[],2,0,6,2026-09-29T00:00:00.000Z
E-0042,uniform_improving,0.392,[],2,0,6,2026-09-29T00:00:00.000Z
E-0043,uniform_improving,0.391,[],4,0,6,2026-09-29T00:00:00.000Z
E-0044,divergent,0.788,"[{""gaining_competency_id"":""stakeholder_alignment"",""losing_competency_id"":""communication"",""correlation"":-0.955,""p_value"":0,""n_overlap_points"":12,""gaining_velocity"":0.299,""losing_velocity"":-0.359,""confidence"":0.926,""candidate_org_events"":[]},{""gaining_competency_id"":""execution"",""losing_competency_id"":""communication"",""correlation"":-0.933,""p_value"":0,""n_overlap_points"":12,""gaining_velocity"":0.429,""losing_velocity"":-0.359,""confidence"":0.957,""candidate_org_events"":[]}]",2,1,6,2026-09-29T00:00:00.000Z
E-0045,uniform_improving,0.527,[],2,0,6,2026-09-29T00:00:00.000Z
E-0046,divergent,0.735,"[{""gaining_competency_id"":""problem_solving"",""losing_competency_id"":""financial_modeling"",""correlation"":-0.804,""p_value"":0,""n_overlap_points"":15,""gaining_velocity"":0.374,""losing_velocity"":-0.361,""confidence"":0.854,""candidate_org_events"":[]},{""gaining_competency_id"":""problem_solving"",""losing_competency_id"":""compliance_rigor"",""correlation"":-0.73,""p_value"":0.001,""n_overlap_points"":15,""gaining_velocity"":0.374,""losing_velocity"":-0.305,""confidence"":0.854,""candidate_org_events"":[]}]",1,2,6,2026-09-29T00:00:00.000Z
E-0047,uniform_improving,0.575,[],3,0,6,2026-09-29T00:00:00.000Z
E-0048,uniform_declining,0.326,[],0,3,6,2026-09-29T00:00:00.000Z
E-0049,uniform_declining,0.32,[],0,2,6,2026-09-29T00:00:00.000Z
E-0050,divergent,0.581,"[{""gaining_competency_id"":""pipeline_mgmt"",""losing_competency_id"":""execution"",""correlation"":-0.982,""p_value"":0,""n_overlap_points"":16,""gaining_velocity"":0.28,""losing_velocity"":-0.301,""confidence"":0.924,""candidate_org_events"":[]},{""gaining_competency_id"":""pipeline_mgmt"",""losing_competency_id"":""problem_solving"",""correlation"":-0.902,""p_value"":0,""n_overlap_points"":16,""gaining_velocity"":0.28,""losing_velocity"":-0.28,""confidence"":0.891,""candidate_org_events"":[]}]",1,2,6,2026-09-29T00:00:00.000Z
E-0051,uniform_improving,0.374,[],2,0,6,2026-09-29T00:00:00.000Z
E-0052,uniform_improving,0.309,[],4,0,6,2026-09-29T00:00:00.000Z
E-0053,uniform_improving,0.683,[],4,0,6,2026-09-29T00:00:00.000Z
E-0054,uniform_improving,0.447,[],1,0,6,2026-09-29T00:00:00.000Z
E-0055,uniform_improving,0.389,[],4,0,6,2026-09-29T00:00:00.000Z
E-0056,uniform_improving,0.41,[],1,0,6,2026-09-29T00:00:00.000Z
E-0057,divergent,0.765,"[{""gaining_competency_id"":""problem_solving"",""losing_competency_id"":""system_design"",""correlation"":-0.97,""p_value"":0,""n_overlap_points"":13,""gaining_velocity"":0.399,""losing_velocity"":-0.366,""confidence"":0.99,""candidate_org_events"":[]},{""gaining_competency_id"":""code_quality"",""losing_competency_id"":""system_design"",""correlation"":-0.955,""p_value"":0,""n_overlap_points"":14,""gaining_velocity"":0.363,""losing_velocity"":-0.366,""confidence"":0.99,""candidate_org_events"":[]}]",3,1,6,2026-09-29T00:00:00.000Z
E-0058,uniform_declining,0.311,[],0,1,6,2026-09-29T00:00:00.000Z
E-0059,uniform_improving,0.454,[],3,0,6,2026-09-29T00:00:00.000Z
E-0060,divergent,0.779,"[{""gaining_competency_id"":""problem_solving"",""losing_competency_id"":""stakeholder_alignment"",""correlation"":-0.989,""p_value"":0,""n_overlap_points"":14,""gaining_velocity"":0.388,""losing_velocity"":-0.242,""confidence"":0.821,""candidate_org_events"":[]},{""gaining_competency_id"":""problem_solving"",""losing_competency_id"":""execution"",""correlation"":-0.977,""p_value"":0,""n_overlap_points"":14,""gaining_velocity"":0.388,""losing_velocity"":-0.391,""confidence"":0.991,""candidate_org_events"":[]},{""gaining_competency_id"":""roadmap_prioritization"",""losing_competency_id"":""communication"",""correlation"":-0.963,""p_value"":0,""n_overlap_points"":14,""gaining_velocity"":0.269,""losing_velocity"":-0.252,""confidence"":0.838,""candidate_org_events"":[]},{""gaining_competency_id"":""problem_solving"",""losing_competency_id"":""collaboration"",""correlation"":-0.938,""p_value"":0,""n_overlap_points"":14,""gaining_velocity"":0.388,""losing_velocity"":-0.384,""confidence"":0.984,""candidate_org_events"":[]},{""gaining_competency_id"":""roadmap_prioritization"",""losing_competency_id"":""execution"",""correlation"":-0.929,""p_value"":0,""n_overlap_points"":14,""gaining_velocity"":0.269,""losing_velocity"":-0.391,""confidence"":0.907,""candidate_org_events"":[]},{""gaining_competency_id"":""roadmap_prioritization"",""losing_competency_id"":""collaboration"",""correlation"":-0.918,""p_value"":0,""n_overlap_points"":14,""gaining_velocity"":0.269,""losing_velocity"":-0.384,""confidence"":0.907,""candidate_org_events"":[]},{""gaining_competency_id"":""problem_solving"",""losing_competency_id"":""communication"",""correlation"":-0.906,""p_value"":0,""n_overlap_points"":16,""gaining_velocity"":0.388,""losing_velocity"":-0.252,""confidence"":0.838,""candidate_org_events"":[]},{""gaining_competency_id"":""roadmap_prioritization"",""losing_competency_id"":""stakeholder_alignment"",""correlation"":-0.887,""p_value"":0,""n_overlap_points"":14,""gaining_velocity"":0.269,""losing_velocity"":-0.242,""confidence"":0.821,""candidate_org_events"":[]}]",2,4,6,2026-09-29T00:00:00.000Z
E-0061,divergent,0.671,"[{""gaining_competency_id"":""collaboration"",""losing_competency_id"":""communication"",""correlation"":-0.684,""p_value"":0.002,""n_overlap_points"":15,""gaining_velocity"":0.25,""losing_velocity"":-0.27,""confidence"":0.851,""candidate_org_events"":[]}]",2,1,6,2026-09-29T00:00:00.000Z
E-0062,uniform_improving,0.03,[],3,0,6,2026-09-29T00:00:00.000Z
E-0063,divergent,0.519,"[{""gaining_competency_id"":""collaboration"",""losing_competency_id"":""problem_solving"",""correlation"":-0.925,""p_value"":0,""n_overlap_points"":14,""gaining_velocity"":0.267,""losing_velocity"":-0.252,""confidence"":0.856,""candidate_org_events"":[]}]",1,1,6,2026-09-29T00:00:00.000Z
E-0064,uniform_improving,0.437,[],2,0,6,2026-09-29T00:00:00.000Z
E-0065,uniform_improving,0.424,[],3,0,6,2026-09-29T00:00:00.000Z
E-0066,divergent,0.705,"[{""gaining_competency_id"":""collaboration"",""losing_competency_id"":""negotiation"",""correlation"":-0.982,""p_value"":0,""n_overlap_points"":15,""gaining_velocity"":0.333,""losing_velocity"":-0.372,""confidence"":0.94,""candidate_org_events"":[]},{""gaining_competency_id"":""communication"",""losing_competency_id"":""negotiation"",""correlation"":-0.939,""p_value"":0,""n_overlap_points"":15,""gaining_velocity"":0.268,""losing_velocity"":-0.372,""confidence"":0.87,""candidate_org_events"":[]},{""gaining_competency_id"":""collaboration"",""losing_competency_id"":""execution"",""correlation"":-0.933,""p_value"":0,""n_overlap_points"":15,""gaining_velocity"":0.333,""losing_velocity"":-0.341,""confidence"":0.94,""candidate_org_events"":[]},{""gaining_competency_id"":""communication"",""losing_competency_id"":""execution"",""correlation"":-0.873,""p_value"":0,""n_overlap_points"":15,""gaining_velocity"":0.268,""losing_velocity"":-0.341,""confidence"":0.87,""candidate_org_events"":[]}]",2,2,6,2026-09-29T00:00:00.000Z
E-0067,divergent,0.636,"[{""gaining_competency_id"":""content_quality"",""losing_competency_id"":""execution"",""correlation"":-0.872,""p_value"":0,""n_overlap_points"":13,""gaining_velocity"":0.328,""losing_velocity"":-0.308,""confidence"":0.889,""candidate_org_events"":[]}]",1,1,6,2026-09-29T00:00:00.000Z
E-0068,uniform_improving,0.456,[],3,0,6,2026-09-29T00:00:00.000Z
E-0069,divergent,0.804,"[{""gaining_competency_id"":""ux_research"",""losing_competency_id"":""visual_craft"",""correlation"":-0.939,""p_value"":0,""n_overlap_points"":13,""gaining_velocity"":0.417,""losing_velocity"":-0.272,""confidence"":0.909,""candidate_org_events"":[]},{""gaining_competency_id"":""ux_research"",""losing_competency_id"":""collaboration"",""correlation"":-0.827,""p_value"":0,""n_overlap_points"":13,""gaining_velocity"":0.417,""losing_velocity"":-0.387,""confidence"":0.883,""candidate_org_events"":[]}]",1,2,6,2026-09-29T00:00:00.000Z
E-0070,uniform_improving,0.374,[],2,0,6,2026-09-29T00:00:00.000Z
E-0071,divergent,0.61,"[{""gaining_competency_id"":""policy_navigation"",""losing_competency_id"":""talent_assessment"",""correlation"":-0.984,""p_value"":0,""n_overlap_points"":14,""gaining_velocity"":0.297,""losing_velocity"":-0.294,""confidence"":0.905,""candidate_org_events"":[{""event_type"":""role_change"",""occurred_at"":""2025-10-01T00:00:00.000Z""}]},{""gaining_competency_id"":""policy_navigation"",""losing_competency_id"":""communication"",""correlation"":-0.894,""p_value"":0,""n_overlap_points"":11,""gaining_velocity"":0.297,""losing_velocity"":-0.304,""confidence"":0.829,""candidate_org_events"":[{""event_type"":""role_change"",""occurred_at"":""2025-10-01T00:00:00.000Z""}]},{""gaining_competency_id"":""problem_solving"",""losing_competency_id"":""talent_assessment"",""correlation"":-0.782,""p_value"":0,""n_overlap_points"":13,""gaining_velocity"":0.306,""losing_velocity"":-0.294,""confidence"":0.932,""candidate_org_events"":[{""event_type"":""role_change"",""occurred_at"":""2025-10-01T00:00:00.000Z""}]},{""gaining_competency_id"":""problem_solving"",""losing_competency_id"":""communication"",""correlation"":-0.678,""p_value"":0.007,""n_overlap_points"":12,""gaining_velocity"":0.306,""losing_velocity"":-0.304,""confidence"":0.829,""candidate_org_events"":[{""event_type"":""role_change"",""occurred_at"":""2025-10-01T00:00:00.000Z""}]}]",2,2,6,2026-09-29T00:00:00.000Z
E-0072,uniform_improving,0.706,[],2,0,6,2026-09-29T00:00:00.000Z
E-0073,divergent,0.638,"[{""gaining_competency_id"":""code_quality"",""losing_competency_id"":""communication"",""correlation"":-0.951,""p_value"":0,""n_overlap_points"":16,""gaining_velocity"":0.26,""losing_velocity"":-0.311,""confidence"":0.871,""candidate_org_events"":[]},{""gaining_competency_id"":""code_quality"",""losing_competency_id"":""problem_solving"",""correlation"":-0.941,""p_value"":0,""n_overlap_points"":16,""gaining_velocity"":0.26,""losing_velocity"":-0.378,""confidence"":0.871,""candidate_org_events"":[]},{""gaining_competency_id"":""code_quality"",""losing_competency_id"":""execution"",""correlation"":-0.928,""p_value"":0,""n_overlap_points"":16,""gaining_velocity"":0.26,""losing_velocity"":-0.312,""confidence"":0.871,""candidate_org_events"":[]}]",1,3,6,2026-09-29T00:00:00.000Z
E-0074,divergent,0.919,"[{""gaining_competency_id"":""negotiation"",""losing_competency_id"":""collaboration"",""correlation"":-0.973,""p_value"":0,""n_overlap_points"":16,""gaining_velocity"":0.282,""losing_velocity"":-0.235,""confidence"":0.804,""candidate_org_events"":[]},{""gaining_competency_id"":""pipeline_mgmt"",""losing_competency_id"":""collaboration"",""correlation"":-0.973,""p_value"":0,""n_overlap_points"":16,""gaining_velocity"":0.297,""losing_velocity"":-0.235,""confidence"":0.804,""candidate_org_events"":[]}]",2,2,6,2026-09-29T00:00:00.000Z
E-0075,uniform_declining,0.496,[],0,2,6,2026-09-29T00:00:00.000Z
E-0076,uniform_declining,0.441,[],0,3,6,2026-09-29T00:00:00.000Z
E-0077,uniform_improving,0.457,[],2,0,6,2026-09-29T00:00:00.000Z
E-0078,divergent,0.796,"[{""gaining_competency_id"":""financial_modeling"",""losing_competency_id"":""problem_solving"",""correlation"":-0.947,""p_value"":0,""n_overlap_points"":15,""gaining_velocity"":0.247,""losing_velocity"":-0.338,""confidence"":0.873,""candidate_org_events"":[]},{""gaining_competency_id"":""execution"",""losing_competency_id"":""problem_solving"",""correlation"":-0.859,""p_value"":0,""n_overlap_points"":15,""gaining_velocity"":0.458,""losing_velocity"":-0.338,""confidence"":0.843,""candidate_org_events"":[]},{""gaining_competency_id"":""compliance_rigor"",""losing_competency_id"":""problem_solving"",""correlation"":-0.767,""p_value"":0,""n_overlap_points"":15,""gaining_velocity"":0.314,""losing_velocity"":-0.338,""confidence"":0.934,""candidate_org_events"":[]}]",3,1,6,2026-09-29T00:00:00.000Z
E-0079,uniform_improving,0.306,[],2,0,6,2026-09-29T00:00:00.000Z
E-0080,uniform_improving,0.442,[],1,0,6,2026-09-29T00:00:00.000Z
E-0081,uniform_declining,0.307,[],0,1,6,2026-09-29T00:00:00.000Z
E-0082,uniform_improving,0.335,[],4,0,6,2026-09-29T00:00:00.000Z
E-0083,uniform_improving,0.565,[],1,0,6,2026-09-29T00:00:00.000Z
E-0084,uniform_improving,0.505,[],5,0,6,2026-09-29T00:00:00.000Z
E-0085,uniform_improving,0.405,[],2,0,6,2026-09-29T00:00:00.000Z
E-0086,uniform_improving,0.377,[],1,0,6,2026-09-29T00:00:00.000Z
E-0087,divergent,0.56,"[{""gaining_competency_id"":""problem_solving"",""losing_competency_id"":""execution"",""correlation"":-0.948,""p_value"":0,""n_overlap_points"":13,""gaining_velocity"":0.31,""losing_velocity"":-0.25,""confidence"":0.857,""candidate_org_events"":[]},{""gaining_competency_id"":""communication"",""losing_competency_id"":""execution"",""correlation"":-0.924,""p_value"":0,""n_overlap_points"":14,""gaining_velocity"":0.296,""losing_velocity"":-0.25,""confidence"":0.857,""candidate_org_events"":[]}]",2,1,6,2026-09-29T00:00:00.000Z
E-0088,divergent,0.547,"[{""gaining_competency_id"":""collaboration"",""losing_competency_id"":""communication"",""correlation"":-0.976,""p_value"":0,""n_overlap_points"":15,""gaining_velocity"":0.304,""losing_velocity"":-0.243,""confidence"":0.812,""candidate_org_events"":[]}]",1,1,6,2026-09-29T00:00:00.000Z
E-0089,uniform_improving,0.334,[],5,0,6,2026-09-29T00:00:00.000Z
E-0090,uniform_improving,0.792,[],4,0,6,2026-09-29T00:00:00.000Z
E-0091,mixed_flat,0.11,[],0,0,6,2026-09-29T00:00:00.000Z
E-0092,uniform_improving,0.486,[],3,0,6,2026-09-29T00:00:00.000Z
E-0093,uniform_improving,0.471,[],1,0,6,2026-09-29T00:00:00.000Z
E-0094,uniform_improving,0.276,[],1,0,6,2026-09-29T00:00:00.000Z
E-0095,divergent,0.632,"[{""gaining_competency_id"":""communication"",""losing_competency_id"":""execution"",""correlation"":-0.886,""p_value"":0,""n_overlap_points"":14,""gaining_velocity"":0.338,""losing_velocity"":-0.294,""confidence"":0.947,""candidate_org_events"":[]}]",1,1,6,2026-09-29T00:00:00.000Z
E-0096,uniform_improving,0.083,[],3,0,6,2026-09-29T00:00:00.000Z
E-0097,divergent,0.646,"[{""gaining_competency_id"":""problem_solving"",""losing_competency_id"":""communication"",""correlation"":-0.95,""p_value"":0,""n_overlap_points"":13,""gaining_velocity"":0.351,""losing_velocity"":-0.295,""confidence"":0.849,""candidate_org_events"":[]}]",1,1,6,2026-09-29T00:00:00.000Z
E-0098,uniform_improving,0.489,[],3,0,6,2026-09-29T00:00:00.000Z
E-0099,uniform_improving,0.415,[],3,0,6,2026-09-29T00:00:00.000Z
E-0100,uniform_improving,0.423,[],3,0,6,2026-09-29T00:00:00.000Z
E-0101,divergent,0.602,"[{""gaining_competency_id"":""communication"",""losing_competency_id"":""collaboration"",""correlation"":-0.92,""p_value"":0,""n_overlap_points"":12,""gaining_velocity"":0.303,""losing_velocity"":-0.255,""confidence"":0.813,""candidate_org_events"":[]},{""gaining_competency_id"":""execution"",""losing_competency_id"":""collaboration"",""correlation"":-0.916,""p_value"":0,""n_overlap_points"":14,""gaining_velocity"":0.34,""losing_velocity"":-0.255,""confidence"":0.813,""candidate_org_events"":[]},{""gaining_competency_id"":""visual_craft"",""losing_competency_id"":""collaboration"",""correlation"":-0.914,""p_value"":0,""n_overlap_points"":14,""gaining_velocity"":0.347,""losing_velocity"":-0.255,""confidence"":0.813,""candidate_org_events"":[]}]",3,1,6,2026-09-29T00:00:00.000Z
E-0102,uniform_improving,0.459,[],3,0,6,2026-09-29T00:00:00.000Z
E-0103,uniform_improving,0.419,[],2,0,6,2026-09-29T00:00:00.000Z
E-0104,mixed_flat,0.077,[],0,0,6,2026-09-29T00:00:00.000Z
E-0105,divergent,0.74,"[{""gaining_competency_id"":""communication"",""losing_competency_id"":""execution"",""correlation"":-0.976,""p_value"":0,""n_overlap_points"":15,""gaining_velocity"":0.392,""losing_velocity"":-0.348,""confidence"":0.993,""candidate_org_events"":[]}]",1,1,6,2026-09-29T00:00:00.000Z
E-0106,uniform_improving,0.512,[],2,0,6,2026-09-29T00:00:00.000Z
E-0107,mixed_flat,0.022,[],0,0,6,2026-09-29T00:00:00.000Z
E-0108,uniform_improving,0.461,[],3,0,6,2026-09-29T00:00:00.000Z
E-0109,uniform_improving,0.404,[],2,0,6,2026-09-29T00:00:00.000Z
E-0110,uniform_improving,0.398,[],2,0,6,2026-09-29T00:00:00.000Z
E-0111,uniform_improving,0.436,[],3,0,6,2026-09-29T00:00:00.000Z
E-0112,uniform_improving,0.505,[],3,0,6,2026-09-29T00:00:00.000Z
E-0113,uniform_improving,0.488,[],5,0,6,2026-09-29T00:00:00.000Z
E-0114,divergent,0.843,"[{""gaining_competency_id"":""execution"",""losing_competency_id"":""pipeline_mgmt"",""correlation"":-0.966,""p_value"":0,""n_overlap_points"":14,""gaining_velocity"":0.344,""losing_velocity"":-0.454,""confidence"":0.982,""candidate_org_events"":[]},{""gaining_competency_id"":""execution"",""losing_competency_id"":""collaboration"",""correlation"":-0.881,""p_value"":0,""n_overlap_points"":14,""gaining_velocity"":0.344,""losing_velocity"":-0.282,""confidence"":0.899,""candidate_org_events"":[]}]",2,2,6,2026-09-29T00:00:00.000Z
E-0115,divergent,0.675,"[{""gaining_competency_id"":""collaboration"",""losing_competency_id"":""problem_solving"",""correlation"":-0.928,""p_value"":0,""n_overlap_points"":13,""gaining_velocity"":0.389,""losing_velocity"":-0.286,""confidence"":0.897,""candidate_org_events"":[]}]",1,1,6,2026-09-29T00:00:00.000Z
E-0116,divergent,0.675,"[{""gaining_competency_id"":""execution"",""losing_competency_id"":""stakeholder_alignment"",""correlation"":-0.93,""p_value"":0,""n_overlap_points"":15,""gaining_velocity"":0.319,""losing_velocity"":-0.297,""confidence"":0.923,""candidate_org_events"":[]},{""gaining_competency_id"":""problem_solving"",""losing_competency_id"":""stakeholder_alignment"",""correlation"":-0.914,""p_value"":0,""n_overlap_points"":14,""gaining_velocity"":0.378,""losing_velocity"":-0.297,""confidence"":0.923,""candidate_org_events"":[]},{""gaining_competency_id"":""collaboration"",""losing_competency_id"":""stakeholder_alignment"",""correlation"":-0.847,""p_value"":0,""n_overlap_points"":15,""gaining_velocity"":0.289,""losing_velocity"":-0.297,""confidence"":0.907,""candidate_org_events"":[]}]",3,1,6,2026-09-29T00:00:00.000Z
E-0117,uniform_improving,0.3,[],1,0,6,2026-09-29T00:00:00.000Z
E-0118,uniform_improving,0.329,[],3,0,6,2026-09-29T00:00:00.000Z
E-0119,uniform_improving,0.276,[],3,0,6,2026-09-29T00:00:00.000Z
E-0120,divergent,0.752,"[{""gaining_competency_id"":""problem_solving"",""losing_competency_id"":""execution"",""correlation"":-0.991,""p_value"":0,""n_overlap_points"":15,""gaining_velocity"":0.434,""losing_velocity"":-0.318,""confidence"":0.974,""candidate_org_events"":[{""event_type"":""promotion"",""occurred_at"":""2025-07-01T00:00:00.000Z""}]},{""gaining_competency_id"":""collaboration"",""losing_competency_id"":""execution"",""correlation"":-0.978,""p_value"":0,""n_overlap_points"":15,""gaining_velocity"":0.344,""losing_velocity"":-0.318,""confidence"":0.974,""candidate_org_events"":[{""event_type"":""promotion"",""occurred_at"":""2025-07-01T00:00:00.000Z""}]},{""gaining_competency_id"":""problem_solving"",""losing_competency_id"":""customer_resolution"",""correlation"":-0.963,""p_value"":0,""n_overlap_points"":15,""gaining_velocity"":0.434,""losing_velocity"":-0.281,""confidence"":0.937,""candidate_org_events"":[{""event_type"":""promotion"",""occurred_at"":""2025-07-01T00:00:00.000Z""}]},{""gaining_competency_id"":""collaboration"",""losing_competency_id"":""customer_resolution"",""correlation"":-0.924,""p_value"":0,""n_overlap_points"":14,""gaining_velocity"":0.344,""losing_velocity"":-0.281,""confidence"":0.937,""candidate_org_events"":[{""event_type"":""promotion"",""occurred_at"":""2025-07-01T00:00:00.000Z""}]}]",2,2,6,2026-09-29T00:00:00.000Z
E-0121,uniform_declining,0.412,[],0,2,6,2026-09-29T00:00:00.000Z
E-0122,uniform_improving,0.295,[],2,0,6,2026-09-29T00:00:00.000Z
E-0123,divergent,0.858,"[{""gaining_competency_id"":""collaboration"",""losing_competency_id"":""content_quality"",""correlation"":-0.982,""p_value"":0,""n_overlap_points"":14,""gaining_velocity"":0.385,""losing_velocity"":-0.473,""confidence"":0.988,""candidate_org_events"":[]},{""gaining_competency_id"":""problem_solving"",""losing_competency_id"":""campaign_strategy"",""correlation"":-0.938,""p_value"":0,""n_overlap_points"":15,""gaining_velocity"":0.362,""losing_velocity"":-0.315,""confidence"":0.815,""candidate_org_events"":[]},{""gaining_competency_id"":""problem_solving"",""losing_competency_id"":""content_quality"",""correlation"":-0.938,""p_value"":0,""n_overlap_points"":14,""gaining_velocity"":0.362,""losing_velocity"":-0.473,""confidence"":0.815,""candidate_org_events"":[]},{""gaining_competency_id"":""collaboration"",""losing_competency_id"":""campaign_strategy"",""correlation"":-0.924,""p_value"":0,""n_overlap_points"":15,""gaining_velocity"":0.385,""losing_velocity"":-0.315,""confidence"":0.962,""candidate_org_events"":[]}]",2,2,6,2026-09-29T00:00:00.000Z
E-0124,uniform_improving,0.561,[],4,0,6,2026-09-29T00:00:00.000Z
E-0125,uniform_improving,0.466,[],2,0,6,2026-09-29T00:00:00.000Z
E-0126,divergent,0.685,"[{""gaining_competency_id"":""communication"",""losing_competency_id"":""execution"",""correlation"":-0.965,""p_value"":0,""n_overlap_points"":16,""gaining_velocity"":0.329,""losing_velocity"":-0.319,""confidence"":0.944,""candidate_org_events"":[]},{""gaining_competency_id"":""financial_modeling"",""losing_competency_id"":""execution"",""correlation"":-0.952,""p_value"":0,""n_overlap_points"":16,""gaining_velocity"":0.366,""losing_velocity"":-0.319,""confidence"":0.972,""candidate_org_events"":[]}]",2,1,6,2026-09-29T00:00:00.000Z
E-0127,divergent,0.801,"[{""gaining_competency_id"":""communication"",""losing_competency_id"":""policy_navigation"",""correlation"":-0.965,""p_value"":0,""n_overlap_points"":15,""gaining_velocity"":0.401,""losing_velocity"":-0.4,""confidence"":0.992,""candidate_org_events"":[]},{""gaining_competency_id"":""execution"",""losing_competency_id"":""policy_navigation"",""correlation"":-0.703,""p_value"":0.001,""n_overlap_points"":16,""gaining_velocity"":0.252,""losing_velocity"":-0.4,""confidence"":0.879,""candidate_org_events"":[]}]",2,1,6,2026-09-29T00:00:00.000Z
E-0128,uniform_improving,0.329,[],1,0,6,2026-09-29T00:00:00.000Z
E-0129,divergent,0.721,"[{""gaining_competency_id"":""communication"",""losing_competency_id"":""system_design"",""correlation"":-0.965,""p_value"":0,""n_overlap_points"":13,""gaining_velocity"":0.322,""losing_velocity"":-0.373,""confidence"":0.943,""candidate_org_events"":[]},{""gaining_competency_id"":""code_quality"",""losing_competency_id"":""system_design"",""correlation"":-0.856,""p_value"":0,""n_overlap_points"":14,""gaining_velocity"":0.348,""losing_velocity"":-0.373,""confidence"":0.977,""candidate_org_events"":[]}]",2,1,6,2026-09-29T00:00:00.000Z
E-0130,divergent,0.518,"[{""gaining_competency_id"":""execution"",""losing_competency_id"":""pipeline_mgmt"",""correlation"":-0.926,""p_value"":0,""n_overlap_points"":15,""gaining_velocity"":0.268,""losing_velocity"":-0.25,""confidence"":0.877,""candidate_org_events"":[]}]",1,1,6,2026-09-29T00:00:00.000Z
E-0131,uniform_improving,0.461,[],3,0,6,2026-09-29T00:00:00.000Z
E-0132,uniform_improving,0.391,[],4,0,6,2026-09-29T00:00:00.000Z
E-0133,uniform_improving,0.473,[],2,0,6,2026-09-29T00:00:00.000Z
E-0134,uniform_improving,0.41,[],1,0,6,2026-09-29T00:00:00.000Z
E-0135,divergent,0.691,"[{""gaining_competency_id"":""communication"",""losing_competency_id"":""problem_solving"",""correlation"":-0.97,""p_value"":0,""n_overlap_points"":15,""gaining_velocity"":0.306,""losing_velocity"":-0.385,""confidence"":0.922,""candidate_org_events"":[]},{""gaining_competency_id"":""execution"",""losing_competency_id"":""problem_solving"",""correlation"":-0.928,""p_value"":0,""n_overlap_points"":15,""gaining_velocity"":0.276,""losing_velocity"":-0.385,""confidence"":0.907,""candidate_org_events"":[]},{""gaining_competency_id"":""communication"",""losing_competency_id"":""collaboration"",""correlation"":-0.914,""p_value"":0,""n_overlap_points"":15,""gaining_velocity"":0.306,""losing_velocity"":-0.255,""confidence"":0.823,""candidate_org_events"":[]},{""gaining_competency_id"":""execution"",""losing_competency_id"":""collaboration"",""correlation"":-0.793,""p_value"":0,""n_overlap_points"":15,""gaining_velocity"":0.276,""losing_velocity"":-0.255,""confidence"":0.823,""candidate_org_events"":[]}]",2,2,6,2026-09-29T00:00:00.000Z
E-0136,uniform_improving,0.251,[],2,0,6,2026-09-29T00:00:00.000Z
E-0137,divergent,0.791,"[{""gaining_competency_id"":""system_design"",""losing_competency_id"":""problem_solving"",""correlation"":-0.715,""p_value"":0.001,""n_overlap_points"":15,""gaining_velocity"":0.395,""losing_velocity"":-0.396,""confidence"":0.886,""candidate_org_events"":[]},{""gaining_competency_id"":""system_design"",""losing_competency_id"":""execution"",""correlation"":-0.675,""p_value"":0.002,""n_overlap_points"":16,""gaining_velocity"":0.395,""losing_velocity"":-0.36,""confidence"":0.886,""candidate_org_events"":[]}]",1,2,6,2026-09-29T00:00:00.000Z
E-0138,divergent,0.704,"[{""gaining_competency_id"":""collaboration"",""losing_competency_id"":""execution"",""correlation"":-0.99,""p_value"":0,""n_overlap_points"":14,""gaining_velocity"":0.454,""losing_velocity"":-0.25,""confidence"":0.844,""candidate_org_events"":[]},{""gaining_competency_id"":""negotiation"",""losing_competency_id"":""execution"",""correlation"":-0.987,""p_value"":0,""n_overlap_points"":14,""gaining_velocity"":0.374,""losing_velocity"":-0.25,""confidence"":0.844,""candidate_org_events"":[]},{""gaining_competency_id"":""pipeline_mgmt"",""losing_competency_id"":""execution"",""correlation"":-0.983,""p_value"":0,""n_overlap_points"":15,""gaining_velocity"":0.325,""losing_velocity"":-0.25,""confidence"":0.844,""candidate_org_events"":[]}]",3,1,6,2026-09-29T00:00:00.000Z
E-0139,uniform_improving,0.289,[],1,0,6,2026-09-29T00:00:00.000Z
E-0140,uniform_improving,0.447,[],4,0,6,2026-09-29T00:00:00.000Z
E-0141,uniform_improving,0.326,[],1,0,6,2026-09-29T00:00:00.000Z
E-0142,divergent,0.731,"[{""gaining_competency_id"":""collaboration"",""losing_competency_id"":""communication"",""correlation"":-0.952,""p_value"":0,""n_overlap_points"":16,""gaining_velocity"":0.432,""losing_velocity"":-0.299,""confidence"":0.927,""candidate_org_events"":[]}]",1,1,6,2026-09-29T00:00:00.000Z
E-0143,uniform_declining,0.362,[],0,1,6,2026-09-29T00:00:00.000Z
E-0144,uniform_improving,0.406,[],2,0,6,2026-09-29T00:00:00.000Z
E-0145,uniform_improving,0.497,[],4,0,6,2026-09-29T00:00:00.000Z
E-0146,divergent,0.665,"[{""gaining_competency_id"":""negotiation"",""losing_competency_id"":""problem_solving"",""correlation"":-0.87,""p_value"":0,""n_overlap_points"":16,""gaining_velocity"":0.246,""losing_velocity"":-0.378,""confidence"":0.865,""candidate_org_events"":[]},{""gaining_competency_id"":""communication"",""losing_competency_id"":""problem_solving"",""correlation"":-0.556,""p_value"":0.012,""n_overlap_points"":16,""gaining_velocity"":0.287,""losing_velocity"":-0.378,""confidence"":0.928,""candidate_org_events"":[]}]",2,1,6,2026-09-29T00:00:00.000Z
E-0147,divergent,0.793,"[{""gaining_competency_id"":""execution"",""losing_competency_id"":""campaign_strategy"",""correlation"":-0.995,""p_value"":0,""n_overlap_points"":15,""gaining_velocity"":0.37,""losing_velocity"":-0.395,""confidence"":0.984,""candidate_org_events"":[]},{""gaining_competency_id"":""collaboration"",""losing_competency_id"":""campaign_strategy"",""correlation"":-0.984,""p_value"":0,""n_overlap_points"":15,""gaining_velocity"":0.398,""losing_velocity"":-0.395,""confidence"":0.984,""candidate_org_events"":[]},{""gaining_competency_id"":""content_quality"",""losing_competency_id"":""campaign_strategy"",""correlation"":-0.945,""p_value"":0,""n_overlap_points"":15,""gaining_velocity"":0.327,""losing_velocity"":-0.395,""confidence"":0.906,""candidate_org_events"":[]},{""gaining_competency_id"":""communication"",""losing_competency_id"":""campaign_strategy"",""correlation"":-0.892,""p_value"":0,""n_overlap_points"":14,""gaining_velocity"":0.295,""losing_velocity"":-0.395,""confidence"":0.902,""candidate_org_events"":[]}]",4,1,6,2026-09-29T00:00:00.000Z
E-0148,uniform_improving,0.38,[],3,0,6,2026-09-29T00:00:00.000Z
E-0149,divergent,0.698,"[{""gaining_competency_id"":""communication"",""losing_competency_id"":""ux_research"",""correlation"":-0.964,""p_value"":0,""n_overlap_points"":15,""gaining_velocity"":0.351,""losing_velocity"":-0.28,""confidence"":0.888,""candidate_org_events"":[]},{""gaining_competency_id"":""problem_solving"",""losing_competency_id"":""ux_research"",""correlation"":-0.808,""p_value"":0,""n_overlap_points"":15,""gaining_velocity"":0.418,""losing_velocity"":-0.28,""confidence"":0.84,""candidate_org_events"":[]}]",2,1,6,2026-09-29T00:00:00.000Z
E-0150,divergent,0.915,"[{""gaining_competency_id"":""communication"",""losing_competency_id"":""execution"",""correlation"":-0.977,""p_value"":0,""n_overlap_points"":12,""gaining_velocity"":0.489,""losing_velocity"":-0.426,""confidence"":0.992,""candidate_org_events"":[]},{""gaining_competency_id"":""financial_modeling"",""losing_competency_id"":""execution"",""correlation"":-0.865,""p_value"":0,""n_overlap_points"":14,""gaining_velocity"":0.294,""losing_velocity"":-0.426,""confidence"":0.935,""candidate_org_events"":[]},{""gaining_competency_id"":""compliance_rigor"",""losing_competency_id"":""execution"",""correlation"":-0.516,""p_value"":0.02,""n_overlap_points"":16,""gaining_velocity"":0.255,""losing_velocity"":-0.426,""confidence"":0.836,""candidate_org_events"":[]}]",3,1,6,2026-09-29T00:00:00.000Z
E-0151,uniform_improving,0.508,[],3,0,6,2026-09-29T00:00:00.000Z
E-0152,uniform_declining,0.353,[],0,1,6,2026-09-29T00:00:00.000Z
E-0153,uniform_improving,0.541,[],2,0,6,2026-09-29T00:00:00.000Z
E-0154,divergent,0.622,"[{""gaining_competency_id"":""pipeline_mgmt"",""losing_competency_id"":""problem_solving"",""correlation"":-0.985,""p_value"":0,""n_overlap_points"":16,""gaining_velocity"":0.291,""losing_velocity"":-0.253,""confidence"":0.875,""candidate_org_events"":[]},{""gaining_competency_id"":""collaboration"",""losing_competency_id"":""negotiation"",""correlation"":-0.982,""p_value"":0,""n_overlap_points"":14,""gaining_velocity"":0.367,""losing_velocity"":-0.255,""confidence"":0.856,""candidate_org_events"":[]},{""gaining_competency_id"":""pipeline_mgmt"",""losing_competency_id"":""negotiation"",""correlation"":-0.946,""p_value"":0,""n_overlap_points"":14,""gaining_velocity"":0.291,""losing_velocity"":-0.255,""confidence"":0.856,""candidate_org_events"":[]},{""gaining_competency_id"":""collaboration"",""losing_competency_id"":""problem_solving"",""correlation"":-0.943,""p_value"":0,""n_overlap_points"":16,""gaining_velocity"":0.367,""losing_velocity"":-0.253,""confidence"":0.875,""candidate_org_events"":[]}]",2,2,6,2026-09-29T00:00:00.000Z
E-0155,uniform_improving,0.312,[],1,0,6,2026-09-29T00:00:00.000Z
E-0156,uniform_improving,0.515,[],3,0,6,2026-09-29T00:00:00.000Z
E-0157,uniform_improving,0.993,[],3,0,6,2026-09-29T00:00:00.000Z
E-0158,divergent,0.609,"[{""gaining_competency_id"":""execution"",""losing_competency_id"":""compliance_rigor"",""correlation"":-0.971,""p_value"":0,""n_overlap_points"":14,""gaining_velocity"":0.273,""losing_velocity"":-0.305,""confidence"":0.901,""candidate_org_events"":[]},{""gaining_competency_id"":""communication"",""losing_competency_id"":""compliance_rigor"",""correlation"":-0.901,""p_value"":0,""n_overlap_points"":14,""gaining_velocity"":0.304,""losing_velocity"":-0.305,""confidence"":0.922,""candidate_org_events"":[]}]",2,1,6,2026-09-29T00:00:00.000Z
E-0159,uniform_declining,0.419,[],0,1,6,2026-09-29T00:00:00.000Z
E-0160,mixed_flat,0.198,[],0,0,6,2026-09-29T00:00:00.000Z
E-0161,uniform_improving,0.457,[],4,0,6,2026-09-29T00:00:00.000Z
E-0162,divergent,0.664,"[{""gaining_competency_id"":""communication"",""losing_competency_id"":""execution"",""correlation"":-0.789,""p_value"":0,""n_overlap_points"":14,""gaining_velocity"":0.36,""losing_velocity"":-0.304,""confidence"":0.941,""candidate_org_events"":[]}]",1,1,6,2026-09-29T00:00:00.000Z
E-0163,divergent,0.691,"[{""gaining_competency_id"":""content_quality"",""losing_competency_id"":""execution"",""correlation"":-0.935,""p_value"":0,""n_overlap_points"":14,""gaining_velocity"":0.344,""losing_velocity"":-0.347,""confidence"":0.867,""candidate_org_events"":[]},{""gaining_competency_id"":""communication"",""losing_competency_id"":""execution"",""correlation"":-0.783,""p_value"":0,""n_overlap_points"":14,""gaining_velocity"":0.283,""losing_velocity"":-0.347,""confidence"":0.867,""candidate_org_events"":[]}]",2,1,6,2026-09-29T00:00:00.000Z
E-0164,divergent,0.652,"[{""gaining_competency_id"":""roadmap_prioritization"",""losing_competency_id"":""execution"",""correlation"":-0.986,""p_value"":0,""n_overlap_points"":14,""gaining_velocity"":0.243,""losing_velocity"":-0.315,""confidence"":0.806,""candidate_org_events"":[]},{""gaining_competency_id"":""problem_solving"",""losing_competency_id"":""execution"",""correlation"":-0.962,""p_value"":0,""n_overlap_points"":14,""gaining_velocity"":0.337,""losing_velocity"":-0.315,""confidence"":0.962,""candidate_org_events"":[]},{""gaining_competency_id"":""roadmap_prioritization"",""losing_competency_id"":""collaboration"",""correlation"":-0.901,""p_value"":0,""n_overlap_points"":14,""gaining_velocity"":0.243,""losing_velocity"":-0.283,""confidence"":0.806,""candidate_org_events"":[]},{""gaining_competency_id"":""roadmap_prioritization"",""losing_competency_id"":""communication"",""correlation"":-0.885,""p_value"":0,""n_overlap_points"":13,""gaining_velocity"":0.243,""losing_velocity"":-0.264,""confidence"":0.806,""candidate_org_events"":[]},{""gaining_competency_id"":""problem_solving"",""losing_competency_id"":""collaboration"",""correlation"":-0.877,""p_value"":0,""n_overlap_points"":14,""gaining_velocity"":0.337,""losing_velocity"":-0.283,""confidence"":0.896,""candidate_org_events"":[]},{""gaining_competency_id"":""problem_solving"",""losing_competency_id"":""communication"",""correlation"":-0.81,""p_value"":0,""n_overlap_points"":14,""gaining_velocity"":0.337,""losing_velocity"":-0.264,""confidence"":0.806,""candidate_org_events"":[]}]",2,3,6,2026-09-29T00:00:00.000Z
E-0165,uniform_improving,0.357,[],1,0,6,2026-09-29T00:00:00.000Z
E-0166,uniform_improving,0.611,[],3,0,6,2026-09-29T00:00:00.000Z
E-0167,uniform_declining,0.297,[],0,1,6,2026-09-29T00:00:00.000Z
E-0168,mixed_flat,0.074,[],0,0,6,2026-09-29T00:00:00.000Z
E-0169,divergent,0.562,"[{""gaining_competency_id"":""communication"",""losing_competency_id"":""execution"",""correlation"":-0.914,""p_value"":0,""n_overlap_points"":15,""gaining_velocity"":0.335,""losing_velocity"":-0.227,""confidence"":0.806,""candidate_org_events"":[]},{""gaining_competency_id"":""collaboration"",""losing_competency_id"":""execution"",""correlation"":-0.681,""p_value"":0.002,""n_overlap_points"":15,""gaining_velocity"":0.319,""losing_velocity"":-0.227,""confidence"":0.806,""candidate_org_events"":[]}]",2,1,6,2026-09-29T00:00:00.000Z
E-0170,uniform_improving,0.39,[],1,0,6,2026-09-29T00:00:00.000Z
E-0171,divergent,0.712,"[{""gaining_competency_id"":""problem_solving"",""losing_competency_id"":""communication"",""correlation"":-0.978,""p_value"":0,""n_overlap_points"":14,""gaining_velocity"":0.421,""losing_velocity"":-0.282,""confidence"":0.895,""candidate_org_events"":[]},{""gaining_competency_id"":""campaign_strategy"",""losing_competency_id"":""communication"",""correlation"":-0.941,""p_value"":0,""n_overlap_points"":14,""gaining_velocity"":0.43,""losing_velocity"":-0.282,""confidence"":0.895,""candidate_org_events"":[]},{""gaining_competency_id"":""execution"",""losing_competency_id"":""communication"",""correlation"":-0.813,""p_value"":0,""n_overlap_points"":14,""gaining_velocity"":0.263,""losing_velocity"":-0.282,""confidence"":0.895,""candidate_org_events"":[]}]",3,1,6,2026-09-29T00:00:00.000Z
E-0172,divergent,0.673,"[{""gaining_competency_id"":""stakeholder_alignment"",""losing_competency_id"":""communication"",""correlation"":-0.871,""p_value"":0,""n_overlap_points"":12,""gaining_velocity"":0.263,""losing_velocity"":-0.41,""confidence"":0.857,""candidate_org_events"":[]}]",1,1,6,2026-09-29T00:00:00.000Z
E-0173,uniform_improving,0.486,[],2,0,6,2026-09-29T00:00:00.000Z
E-0174,uniform_improving,0.397,[],4,0,6,2026-09-29T00:00:00.000Z
E-0175,uniform_improving,0.331,[],2,0,6,2026-09-29T00:00:00.000Z
E-0176,unclear,0,[],0,0,6,2026-09-29T00:00:00.000Z
E-0177,uniform_improving,0.591,[],3,0,6,2026-09-29T00:00:00.000Z
E-0178,uniform_improving,0.469,[],4,0,6,2026-09-29T00:00:00.000Z
E-0179,uniform_declining,0.348,[],0,1,6,2026-09-29T00:00:00.000Z
E-0180,divergent,0.688,"[{""gaining_competency_id"":""stakeholder_alignment"",""losing_competency_id"":""roadmap_prioritization"",""correlation"":-0.976,""p_value"":0,""n_overlap_points"":15,""gaining_velocity"":0.344,""losing_velocity"":-0.288,""confidence"":0.94,""candidate_org_events"":[]},{""gaining_competency_id"":""problem_solving"",""losing_competency_id"":""collaboration"",""correlation"":-0.967,""p_value"":0,""n_overlap_points"":14,""gaining_velocity"":0.345,""losing_velocity"":-0.343,""confidence"":0.958,""candidate_org_events"":[]},{""gaining_competency_id"":""execution"",""losing_competency_id"":""collaboration"",""correlation"":-0.959,""p_value"":0,""n_overlap_points"":14,""gaining_velocity"":0.295,""losing_velocity"":-0.343,""confidence"":0.957,""candidate_org_events"":[]},{""gaining_competency_id"":""execution"",""losing_competency_id"":""roadmap_prioritization"",""correlation"":-0.929,""p_value"":0,""n_overlap_points"":15,""gaining_velocity"":0.295,""losing_velocity"":-0.288,""confidence"":0.94,""candidate_org_events"":[]},{""gaining_competency_id"":""stakeholder_alignment"",""losing_competency_id"":""collaboration"",""correlation"":-0.899,""p_value"":0,""n_overlap_points"":14,""gaining_velocity"":0.344,""losing_velocity"":-0.343,""confidence"":0.958,""candidate_org_events"":[]},{""gaining_competency_id"":""problem_solving"",""losing_competency_id"":""roadmap_prioritization"",""correlation"":-0.852,""p_value"":0,""n_overlap_points"":14,""gaining_velocity"":0.345,""losing_velocity"":-0.288,""confidence"":0.94,""candidate_org_events"":[]}]",3,2,6,2026-09-29T00:00:00.000Z
E-0181,uniform_improving,0.346,[],2,0,6,2026-09-29T00:00:00.000Z
E-0182,divergent,0.544,"[{""gaining_competency_id"":""financial_modeling"",""losing_competency_id"":""communication"",""correlation"":-0.921,""p_value"":0,""n_overlap_points"":16,""gaining_velocity"":0.267,""losing_velocity"":-0.277,""confidence"":0.805,""candidate_org_events"":[{""event_type"":""team_change"",""occurred_at"":""2026-04-01T00:00:00.000Z""}]}]",1,1,6,2026-09-29T00:00:00.000Z
E-0183,mixed_flat,0.065,[],0,0,6,2026-09-29T00:00:00.000Z
E-0184,uniform_improving,0.443,[],2,0,6,2026-09-29T00:00:00.000Z
E-0185,divergent,0.589,"[{""gaining_competency_id"":""system_design"",""losing_competency_id"":""collaboration"",""correlation"":-0.938,""p_value"":0,""n_overlap_points"":14,""gaining_velocity"":0.298,""losing_velocity"":-0.291,""confidence"":0.932,""candidate_org_events"":[]}]",1,1,6,2026-09-29T00:00:00.000Z
E-0186,divergent,0.578,"[{""gaining_competency_id"":""problem_solving"",""losing_competency_id"":""execution"",""correlation"":-0.606,""p_value"":0.007,""n_overlap_points"":15,""gaining_velocity"":0.263,""losing_velocity"":-0.315,""confidence"":0.859,""candidate_org_events"":[]}]",1,1,6,2026-09-29T00:00:00.000Z
E-0187,mixed_flat,0.098,[],0,0,6,2026-09-29T00:00:00.000Z
E-0188,uniform_improving,0.494,[],3,0,6,2026-09-29T00:00:00.000Z
E-0189,uniform_improving,0.432,[],3,0,6,2026-09-29T00:00:00.000Z
E-0190,uniform_improving,0.497,[],2,0,6,2026-09-29T00:00:00.000Z
E-0191,uniform_improving,0.309,[],2,0,6,2026-09-29T00:00:00.000Z
E-0192,uniform_improving,0.533,[],3,0,6,2026-09-29T00:00:00.000Z
E-0193,uniform_improving,0.506,[],2,0,6,2026-09-29T00:00:00.000Z
E-0194,divergent,0.655,"[{""gaining_competency_id"":""execution"",""losing_competency_id"":""collaboration"",""correlation"":-0.947,""p_value"":0,""n_overlap_points"":15,""gaining_velocity"":0.323,""losing_velocity"":-0.332,""confidence"":0.927,""candidate_org_events"":[]}]",1,1,6,2026-09-29T00:00:00.000Z
E-0195,uniform_improving,0.53,[],4,0,6,2026-09-29T00:00:00.000Z
E-0196,uniform_improving,0.409,[],2,0,6,2026-09-29T00:00:00.000Z
E-0197,divergent,0.767,"[{""gaining_competency_id"":""problem_solving"",""losing_competency_id"":""collaboration"",""correlation"":-0.843,""p_value"":0,""n_overlap_points"":15,""gaining_velocity"":0.499,""losing_velocity"":-0.268,""confidence"":0.874,""candidate_org_events"":[]}]",1,1,6,2026-09-29T00:00:00.000Z
E-0198,uniform_improving,0.261,[],3,0,6,2026-09-29T00:00:00.000Z
E-0199,divergent,0.661,"[{""gaining_competency_id"":""collaboration"",""losing_competency_id"":""talent_assessment"",""correlation"":-0.982,""p_value"":0,""n_overlap_points"":15,""gaining_velocity"":0.273,""losing_velocity"":-0.318,""confidence"":0.887,""candidate_org_events"":[]},{""gaining_competency_id"":""communication"",""losing_competency_id"":""talent_assessment"",""correlation"":-0.981,""p_value"":0,""n_overlap_points"":15,""gaining_velocity"":0.343,""losing_velocity"":-0.318,""confidence"":0.965,""candidate_org_events"":[]},{""gaining_competency_id"":""problem_solving"",""losing_competency_id"":""talent_assessment"",""correlation"":-0.943,""p_value"":0,""n_overlap_points"":16,""gaining_velocity"":0.287,""losing_velocity"":-0.318,""confidence"":0.926,""candidate_org_events"":[]}]",3,1,6,2026-09-29T00:00:00.000Z
E-0200,divergent,0.728,"[{""gaining_competency_id"":""communication"",""losing_competency_id"":""problem_solving"",""correlation"":-0.897,""p_value"":0,""n_overlap_points"":9,""gaining_velocity"":0.288,""losing_velocity"":-0.44,""confidence"":0.822,""candidate_org_events"":[]},{""gaining_competency_id"":""collaboration"",""losing_competency_id"":""problem_solving"",""correlation"":-0.89,""p_value"":0,""n_overlap_points"":9,""gaining_velocity"":0.285,""losing_velocity"":-0.44,""confidence"":0.822,""candidate_org_events"":[]}]",3,1,6,2026-09-29T00:00:00.000Z
E-0201,uniform_improving,0.337,[],1,0,6,2026-09-29T00:00:00.000Z
E-0202,uniform_declining,0.499,[],0,1,6,2026-09-29T00:00:00.000Z
E-0203,uniform_improving,0.471,[],3,0,6,2026-09-29T00:00:00.000Z
E-0204,divergent,0.695,"[{""gaining_competency_id"":""collaboration"",""losing_competency_id"":""problem_solving"",""correlation"":-0.962,""p_value"":0,""n_overlap_points"":15,""gaining_velocity"":0.306,""losing_velocity"":-0.389,""confidence"":0.947,""candidate_org_events"":[]},{""gaining_competency_id"":""collaboration"",""losing_competency_id"":""execution"",""correlation"":-0.951,""p_value"":0,""n_overlap_points"":15,""gaining_velocity"":0.306,""losing_velocity"":-0.326,""confidence"":0.947,""candidate_org_events"":[]},{""gaining_competency_id"":""roadmap_prioritization"",""losing_competency_id"":""execution"",""correlation"":-0.951,""p_value"":0,""n_overlap_points"":15,""gaining_velocity"":0.294,""losing_velocity"":-0.326,""confidence"":0.94,""candidate_org_events"":[]},{""gaining_competency_id"":""roadmap_prioritization"",""losing_competency_id"":""problem_solving"",""correlation"":-0.913,""p_value"":0,""n_overlap_points"":15,""gaining_velocity"":0.294,""losing_velocity"":-0.389,""confidence"":0.94,""candidate_org_events"":[]}]",2,2,6,2026-09-29T00:00:00.000Z
E-0205,divergent,0.669,"[{""gaining_competency_id"":""communication"",""losing_competency_id"":""execution"",""correlation"":-0.966,""p_value"":0,""n_overlap_points"":14,""gaining_velocity"":0.319,""losing_velocity"":-0.308,""confidence"":0.947,""candidate_org_events"":[]},{""gaining_competency_id"":""collaboration"",""losing_competency_id"":""execution"",""correlation"":-0.96,""p_value"":0,""n_overlap_points"":15,""gaining_velocity"":0.361,""losing_velocity"":-0.308,""confidence"":0.976,""candidate_org_events"":[]},{""gaining_competency_id"":""collaboration"",""losing_competency_id"":""problem_solving"",""correlation"":-0.919,""p_value"":0,""n_overlap_points"":14,""gaining_velocity"":0.361,""losing_velocity"":-0.271,""confidence"":0.906,""candidate_org_events"":[]},{""gaining_competency_id"":""communication"",""losing_competency_id"":""problem_solving"",""correlation"":-0.914,""p_value"":0,""n_overlap_points"":14,""gaining_velocity"":0.319,""losing_velocity"":-0.271,""confidence"":0.906,""candidate_org_events"":[]}]",2,2,6,2026-09-29T00:00:00.000Z
E-0206,uniform_improving,0.818,[],4,0,6,2026-09-29T00:00:00.000Z
E-0207,uniform_improving,0.473,[],2,0,6,2026-09-29T00:00:00.000Z
E-0208,uniform_improving,0.429,[],2,0,6,2026-09-29T00:00:00.000Z
E-0209,uniform_improving,0.287,[],5,0,6,2026-09-29T00:00:00.000Z
E-0210,uniform_improving,0.275,[],3,0,6,2026-09-29T00:00:00.000Z
E-0211,divergent,0.639,"[{""gaining_competency_id"":""communication"",""losing_competency_id"":""campaign_strategy"",""correlation"":-0.94,""p_value"":0,""n_overlap_points"":13,""gaining_velocity"":0.406,""losing_velocity"":-0.233,""confidence"":0.808,""candidate_org_events"":[]},{""gaining_competency_id"":""content_quality"",""losing_competency_id"":""campaign_strategy"",""correlation"":-0.908,""p_value"":0,""n_overlap_points"":13,""gaining_velocity"":0.372,""losing_velocity"":-0.233,""confidence"":0.808,""candidate_org_events"":[]}]",2,1,6,2026-09-29T00:00:00.000Z
E-0212,divergent,0.724,"[{""gaining_competency_id"":""execution"",""losing_competency_id"":""collaboration"",""correlation"":-0.96,""p_value"":0,""n_overlap_points"":15,""gaining_velocity"":0.436,""losing_velocity"":-0.288,""confidence"":0.923,""candidate_org_events"":[]},{""gaining_competency_id"":""problem_solving"",""losing_competency_id"":""collaboration"",""correlation"":-0.96,""p_value"":0,""n_overlap_points"":15,""gaining_velocity"":0.337,""losing_velocity"":-0.288,""confidence"":0.923,""candidate_org_events"":[]},{""gaining_competency_id"":""communication"",""losing_competency_id"":""collaboration"",""correlation"":-0.946,""p_value"":0,""n_overlap_points"":15,""gaining_velocity"":0.323,""losing_velocity"":-0.288,""confidence"":0.923,""candidate_org_events"":[]},{""gaining_competency_id"":""roadmap_prioritization"",""losing_competency_id"":""collaboration"",""correlation"":-0.932,""p_value"":0,""n_overlap_points"":15,""gaining_velocity"":0.293,""losing_velocity"":-0.288,""confidence"":0.923,""candidate_org_events"":[]}]",4,1,6,2026-09-29T00:00:00.000Z
E-0213,divergent,0.776,"[{""gaining_competency_id"":""communication"",""losing_competency_id"":""problem_solving"",""correlation"":-0.998,""p_value"":0,""n_overlap_points"":13,""gaining_velocity"":0.406,""losing_velocity"":-0.37,""confidence"":0.968,""candidate_org_events"":[]},{""gaining_competency_id"":""collaboration"",""losing_competency_id"":""visual_craft"",""correlation"":-0.987,""p_value"":0,""n_overlap_points"":13,""gaining_velocity"":0.322,""losing_velocity"":-0.287,""confidence"":0.898,""candidate_org_events"":[]},{""gaining_competency_id"":""collaboration"",""losing_competency_id"":""problem_solving"",""correlation"":-0.947,""p_value"":0,""n_overlap_points"":12,""gaining_velocity"":0.322,""losing_velocity"":-0.37,""confidence"":0.928,""candidate_org_events"":[]},{""gaining_competency_id"":""communication"",""losing_competency_id"":""visual_craft"",""correlation"":-0.941,""p_value"":0,""n_overlap_points"":14,""gaining_velocity"":0.406,""losing_velocity"":-0.287,""confidence"":0.898,""candidate_org_events"":[]},{""gaining_competency_id"":""execution"",""losing_competency_id"":""visual_craft"",""correlation"":-0.928,""p_value"":0,""n_overlap_points"":14,""gaining_velocity"":0.239,""losing_velocity"":-0.287,""confidence"":0.804,""candidate_org_events"":[]},{""gaining_competency_id"":""execution"",""losing_competency_id"":""problem_solving"",""correlation"":-0.878,""p_value"":0,""n_overlap_points"":14,""gaining_velocity"":0.239,""losing_velocity"":-0.37,""confidence"":0.804,""candidate_org_events"":[]}]",3,2,6,2026-09-29T00:00:00.000Z
E-0214,divergent,0.731,"[{""gaining_competency_id"":""communication"",""losing_competency_id"":""execution"",""correlation"":-0.927,""p_value"":0,""n_overlap_points"":12,""gaining_velocity"":0.356,""losing_velocity"":-0.247,""confidence"":0.838,""candidate_org_events"":[]},{""gaining_competency_id"":""collaboration"",""losing_competency_id"":""execution"",""correlation"":-0.917,""p_value"":0,""n_overlap_points"":12,""gaining_velocity"":0.297,""losing_velocity"":-0.247,""confidence"":0.838,""candidate_org_events"":[]},{""gaining_competency_id"":""financial_modeling"",""losing_competency_id"":""execution"",""correlation"":-0.846,""p_value"":0,""n_overlap_points"":14,""gaining_velocity"":0.484,""losing_velocity"":-0.247,""confidence"":0.838,""candidate_org_events"":[]},{""gaining_competency_id"":""problem_solving"",""losing_competency_id"":""execution"",""correlation"":-0.765,""p_value"":0,""n_overlap_points"":14,""gaining_velocity"":0.29,""losing_velocity"":-0.247,""confidence"":0.838,""candidate_org_events"":[]}]",4,1,6,2026-09-29T00:00:00.000Z
E-0215,divergent,0.541,"[{""gaining_competency_id"":""talent_assessment"",""losing_competency_id"":""execution"",""correlation"":-0.966,""p_value"":0,""n_overlap_points"":16,""gaining_velocity"":0.228,""losing_velocity"":-0.313,""confidence"":0.83,""candidate_org_events"":[]}]",1,1,6,2026-09-29T00:00:00.000Z
E-0216,uniform_improving,0.535,[],2,0,6,2026-09-29T00:00:00.000Z
E-0217,uniform_improving,0.359,[],4,0,6,2026-09-29T00:00:00.000Z
E-0218,uniform_improving,0.356,[],2,0,6,2026-09-29T00:00:00.000Z
E-0219,divergent,0.635,"[{""gaining_competency_id"":""content_quality"",""losing_competency_id"":""communication"",""correlation"":-0.952,""p_value"":0,""n_overlap_points"":16,""gaining_velocity"":0.257,""losing_velocity"":-0.286,""confidence"":0.897,""candidate_org_events"":[]},{""gaining_competency_id"":""problem_solving"",""losing_competency_id"":""communication"",""correlation"":-0.93,""p_value"":0,""n_overlap_points"":16,""gaining_velocity"":0.317,""losing_velocity"":-0.286,""confidence"":0.932,""candidate_org_events"":[]},{""gaining_competency_id"":""execution"",""losing_competency_id"":""communication"",""correlation"":-0.881,""p_value"":0,""n_overlap_points"":13,""gaining_velocity"":0.349,""losing_velocity"":-0.286,""confidence"":0.932,""candidate_org_events"":[]}]",3,1,6,2026-09-29T00:00:00.000Z
E-0220,uniform_improving,0.106,[],5,0,6,2026-09-29T00:00:00.000Z
E-0221,uniform_improving,0.43,[],2,0,6,2026-09-29T00:00:00.000Z
E-0222,uniform_improving,0.48,[],3,0,6,2026-09-29T00:00:00.000Z
E-0223,uniform_improving,0.352,[],5,0,6,2026-09-29T00:00:00.000Z
E-0224,uniform_improving,0.353,[],3,0,6,2026-09-29T00:00:00.000Z
E-0225,divergent,0.641,"[{""gaining_competency_id"":""code_quality"",""losing_competency_id"":""problem_solving"",""correlation"":-0.981,""p_value"":0,""n_overlap_points"":14,""gaining_velocity"":0.394,""losing_velocity"":-0.247,""confidence"":0.81,""candidate_org_events"":[]},{""gaining_competency_id"":""collaboration"",""losing_competency_id"":""problem_solving"",""correlation"":-0.978,""p_value"":0,""n_overlap_points"":12,""gaining_velocity"":0.34,""losing_velocity"":-0.247,""confidence"":0.81,""candidate_org_events"":[]},{""gaining_competency_id"":""execution"",""losing_competency_id"":""problem_solving"",""correlation"":-0.972,""p_value"":0,""n_overlap_points"":14,""gaining_velocity"":0.361,""losing_velocity"":-0.247,""confidence"":0.81,""candidate_org_events"":[]},{""gaining_competency_id"":""system_design"",""losing_competency_id"":""problem_solving"",""correlation"":-0.97,""p_value"":0,""n_overlap_points"":14,""gaining_velocity"":0.318,""losing_velocity"":-0.247,""confidence"":0.81,""candidate_org_events"":[]}]",4,1,6,2026-09-29T00:00:00.000Z
E-0226,uniform_improving,0.166,[],2,0,6,2026-09-29T00:00:00.000Z
E-0227,divergent,0.673,"[{""gaining_competency_id"":""collaboration"",""losing_competency_id"":""execution"",""correlation"":-0.991,""p_value"":0,""n_overlap_points"":16,""gaining_velocity"":0.385,""losing_velocity"":-0.288,""confidence"":0.933,""candidate_org_events"":[]},{""gaining_competency_id"":""campaign_strategy"",""losing_competency_id"":""execution"",""correlation"":-0.938,""p_value"":0,""n_overlap_points"":16,""gaining_velocity"":0.312,""losing_velocity"":-0.288,""confidence"":0.933,""candidate_org_events"":[]},{""gaining_competency_id"":""collaboration"",""losing_competency_id"":""problem_solving"",""correlation"":-0.903,""p_value"":0,""n_overlap_points"":16,""gaining_velocity"":0.385,""losing_velocity"":-0.271,""confidence"":0.887,""candidate_org_events"":[]},{""gaining_competency_id"":""campaign_strategy"",""losing_competency_id"":""problem_solving"",""correlation"":-0.819,""p_value"":0,""n_overlap_points"":16,""gaining_velocity"":0.312,""losing_velocity"":-0.271,""confidence"":0.887,""candidate_org_events"":[]}]",2,2,6,2026-09-29T00:00:00.000Z
E-0228,uniform_improving,0.387,[],2,0,6,2026-09-29T00:00:00.000Z
E-0229,uniform_declining,0.368,[],0,1,6,2026-09-29T00:00:00.000Z
E-0230,divergent,0.588,"[{""gaining_competency_id"":""problem_solving"",""losing_competency_id"":""collaboration"",""correlation"":-0.984,""p_value"":0,""n_overlap_points"":12,""gaining_velocity"":0.301,""losing_velocity"":-0.267,""confidence"":0.881,""candidate_org_events"":[]},{""gaining_competency_id"":""financial_modeling"",""losing_competency_id"":""collaboration"",""correlation"":-0.862,""p_value"":0,""n_overlap_points"":12,""gaining_velocity"":0.321,""losing_velocity"":-0.267,""confidence"":0.881,""candidate_org_events"":[]}]",2,1,6,2026-09-29T00:00:00.000Z
E-0231,mixed_flat,0.167,[],0,0,6,2026-09-29T00:00:00.000Z
E-0232,uniform_improving,0.433,[],2,0,6,2026-09-29T00:00:00.000Z
E-0233,uniform_improving,0.399,[],2,0,6,2026-09-29T00:00:00.000Z
E-0234,divergent,0.736,"[{""gaining_competency_id"":""pipeline_mgmt"",""losing_competency_id"":""negotiation"",""correlation"":-0.958,""p_value"":0,""n_overlap_points"":13,""gaining_velocity"":0.324,""losing_velocity"":-0.398,""confidence"":0.965,""candidate_org_events"":[]},{""gaining_competency_id"":""collaboration"",""losing_competency_id"":""negotiation"",""correlation"":-0.948,""p_value"":0,""n_overlap_points"":14,""gaining_velocity"":0.338,""losing_velocity"":-0.398,""confidence"":0.967,""candidate_org_events"":[]},{""gaining_competency_id"":""collaboration"",""losing_competency_id"":""communication"",""correlation"":-0.943,""p_value"":0,""n_overlap_points"":12,""gaining_velocity"":0.338,""losing_velocity"":-0.295,""confidence"":0.867,""candidate_org_events"":[]},{""gaining_competency_id"":""pipeline_mgmt"",""losing_competency_id"":""communication"",""correlation"":-0.899,""p_value"":0,""n_overlap_points"":11,""gaining_velocity"":0.324,""losing_velocity"":-0.295,""confidence"":0.867,""candidate_org_events"":[]},{""gaining_competency_id"":""problem_solving"",""losing_competency_id"":""negotiation"",""correlation"":-0.892,""p_value"":0,""n_overlap_points"":14,""gaining_velocity"":0.317,""losing_velocity"":-0.398,""confidence"":0.944,""candidate_org_events"":[]},{""gaining_competency_id"":""problem_solving"",""losing_competency_id"":""communication"",""correlation"":-0.772,""p_value"":0.001,""n_overlap_points"":12,""gaining_velocity"":0.317,""losing_velocity"":-0.295,""confidence"":0.867,""candidate_org_events"":[]}]",3,2,6,2026-09-29T00:00:00.000Z
E-0235,divergent,0.712,"[{""gaining_competency_id"":""collaboration"",""losing_competency_id"":""campaign_strategy"",""correlation"":-0.983,""p_value"":0,""n_overlap_points"":14,""gaining_velocity"":0.272,""losing_velocity"":-0.431,""confidence"":0.857,""candidate_org_events"":[]},{""gaining_competency_id"":""execution"",""losing_competency_id"":""campaign_strategy"",""correlation"":-0.947,""p_value"":0,""n_overlap_points"":14,""gaining_velocity"":0.281,""losing_velocity"":-0.431,""confidence"":0.831,""candidate_org_events"":[]},{""gaining_competency_id"":""communication"",""losing_competency_id"":""campaign_strategy"",""correlation"":-0.926,""p_value"":0,""n_overlap_points"":14,""gaining_velocity"":0.273,""losing_velocity"":-0.431,""confidence"":0.89,""candidate_org_events"":[]}]",3,1,6,2026-09-29T00:00:00.000Z
E-0236,uniform_improving,0.243,[],3,0,6,2026-09-29T00:00:00.000Z
E-0237,divergent,0.637,"[{""gaining_competency_id"":""visual_craft"",""losing_competency_id"":""communication"",""correlation"":-0.939,""p_value"":0,""n_overlap_points"":13,""gaining_velocity"":0.311,""losing_velocity"":-0.326,""confidence"":0.929,""candidate_org_events"":[]}]",1,1,6,2026-09-29T00:00:00.000Z
E-0238,uniform_improving,0.411,[],1,0,6,2026-09-29T00:00:00.000Z
E-0239,divergent,0.668,"[{""gaining_competency_id"":""policy_navigation"",""losing_competency_id"":""collaboration"",""correlation"":-0.899,""p_value"":0,""n_overlap_points"":15,""gaining_velocity"":0.303,""losing_velocity"":-0.365,""confidence"":0.96,""candidate_org_events"":[]}]",1,1,6,2026-09-29T00:00:00.000Z
E-0240,divergent,0.718,"[{""gaining_competency_id"":""execution"",""losing_competency_id"":""problem_solving"",""correlation"":-0.962,""p_value"":0,""n_overlap_points"":15,""gaining_velocity"":0.306,""losing_velocity"":-0.374,""confidence"":0.973,""candidate_org_events"":[]},{""gaining_competency_id"":""customer_resolution"",""losing_competency_id"":""problem_solving"",""correlation"":-0.962,""p_value"":0,""n_overlap_points"":15,""gaining_velocity"":0.344,""losing_velocity"":-0.374,""confidence"":0.98,""candidate_org_events"":[]}]",2,1,6,2026-09-29T00:00:00.000Z
E-0241,uniform_improving,0.374,[],1,0,6,2026-09-29T00:00:00.000Z
E-0242,divergent,0.651,"[{""gaining_competency_id"":""pipeline_mgmt"",""losing_competency_id"":""execution"",""correlation"":-0.971,""p_value"":0,""n_overlap_points"":15,""gaining_velocity"":0.349,""losing_velocity"":-0.28,""confidence"":0.94,""candidate_org_events"":[]},{""gaining_competency_id"":""negotiation"",""losing_competency_id"":""communication"",""correlation"":-0.862,""p_value"":0,""n_overlap_points"":13,""gaining_velocity"":0.236,""losing_velocity"":-0.302,""confidence"":0.8,""candidate_org_events"":[]},{""gaining_competency_id"":""pipeline_mgmt"",""losing_competency_id"":""communication"",""correlation"":-0.751,""p_value"":0.001,""n_overlap_points"":13,""gaining_velocity"":0.349,""losing_velocity"":-0.302,""confidence"":0.911,""candidate_org_events"":[]},{""gaining_competency_id"":""negotiation"",""losing_competency_id"":""execution"",""correlation"":-0.556,""p_value"":0.019,""n_overlap_points"":14,""gaining_velocity"":0.236,""losing_velocity"":-0.28,""confidence"":0.8,""candidate_org_events"":[]}]",2,2,6,2026-09-29T00:00:00.000Z
E-0243,divergent,0.627,"[{""gaining_competency_id"":""collaboration"",""losing_competency_id"":""problem_solving"",""correlation"":-0.967,""p_value"":0,""n_overlap_points"":13,""gaining_velocity"":0.334,""losing_velocity"":-0.293,""confidence"":0.924,""candidate_org_events"":[]},{""gaining_competency_id"":""execution"",""losing_competency_id"":""problem_solving"",""correlation"":-0.851,""p_value"":0,""n_overlap_points"":14,""gaining_velocity"":0.244,""losing_velocity"":-0.293,""confidence"":0.812,""candidate_org_events"":[]}]",2,1,6,2026-09-29T00:00:00.000Z
E-0244,divergent,0.559,"[{""gaining_competency_id"":""stakeholder_alignment"",""losing_competency_id"":""execution"",""correlation"":-0.953,""p_value"":0,""n_overlap_points"":14,""gaining_velocity"":0.276,""losing_velocity"":-0.283,""confidence"":0.877,""candidate_org_events"":[]}]",1,1,6,2026-09-29T00:00:00.000Z
E-0245,divergent,0.643,"[{""gaining_competency_id"":""communication"",""losing_competency_id"":""execution"",""correlation"":-0.941,""p_value"":0,""n_overlap_points"":14,""gaining_velocity"":0.333,""losing_velocity"":-0.31,""confidence"":0.964,""candidate_org_events"":[]}]",1,1,6,2026-09-29T00:00:00.000Z
E-0246,divergent,0.683,[],1,1,6,2026-09-29T00:00:00.000Z
E-0247,uniform_improving,0.341,[],4,0,6,2026-09-29T00:00:00.000Z
E-0248,uniform_improving,0.781,[],3,0,6,2026-09-29T00:00:00.000Z
E-0249,uniform_improving,0.474,[],4,0,6,2026-09-29T00:00:00.000Z
E-0250,divergent,0.731,"[{""gaining_competency_id"":""pipeline_mgmt"",""losing_competency_id"":""negotiation"",""correlation"":-0.954,""p_value"":0,""n_overlap_points"":15,""gaining_velocity"":0.254,""losing_velocity"":-0.366,""confidence"":0.85,""candidate_org_events"":[]},{""gaining_competency_id"":""execution"",""losing_competency_id"":""negotiation"",""correlation"":-0.767,""p_value"":0,""n_overlap_points"":15,""gaining_velocity"":0.338,""losing_velocity"":-0.366,""confidence"":0.88,""candidate_org_events"":[]},{""gaining_competency_id"":""communication"",""losing_competency_id"":""negotiation"",""correlation"":-0.764,""p_value"":0,""n_overlap_points"":15,""gaining_velocity"":0.365,""losing_velocity"":-0.366,""confidence"":0.895,""candidate_org_events"":[]}]",3,1,6,2026-09-29T00:00:00.000Z
E-0251,uniform_improving,0.373,[],1,0,6,2026-09-29T00:00:00.000Z
E-0252,divergent,0.949,"[{""gaining_competency_id"":""problem_solving"",""losing_competency_id"":""execution"",""correlation"":-0.965,""p_value"":0,""n_overlap_points"":14,""gaining_velocity"":0.228,""losing_velocity"":-0.265,""confidence"":0.804,""candidate_org_events"":[{""event_type"":""leave"",""occurred_at"":""2026-07-01T00:00:00.000Z""}]},{""gaining_competency_id"":""communication"",""losing_competency_id"":""execution"",""correlation"":-0.949,""p_value"":0,""n_overlap_points"":14,""gaining_velocity"":0.306,""losing_velocity"":-0.265,""confidence"":0.901,""candidate_org_events"":[{""event_type"":""leave"",""occurred_at"":""2026-07-01T00:00:00.000Z""}]},{""gaining_competency_id"":""roadmap_prioritization"",""losing_competency_id"":""execution"",""correlation"":-0.601,""p_value"":0.008,""n_overlap_points"":15,""gaining_velocity"":0.272,""losing_velocity"":-0.265,""confidence"":0.901,""candidate_org_events"":[{""event_type"":""leave"",""occurred_at"":""2026-07-01T00:00:00.000Z""}]}]",4,1,6,2026-09-29T00:00:00.000Z
E-0253,uniform_improving,0.488,[],5,0,6,2026-09-29T00:00:00.000Z
E-0254,divergent,0.527,"[{""gaining_competency_id"":""execution"",""losing_competency_id"":""financial_modeling"",""correlation"":-0.977,""p_value"":0,""n_overlap_points"":16,""gaining_velocity"":0.286,""losing_velocity"":-0.239,""confidence"":0.844,""candidate_org_events"":[]},{""gaining_competency_id"":""compliance_rigor"",""losing_competency_id"":""financial_modeling"",""correlation"":-0.967,""p_value"":0,""n_overlap_points"":16,""gaining_velocity"":0.235,""losing_velocity"":-0.239,""confidence"":0.844,""candidate_org_events"":[]},{""gaining_competency_id"":""communication"",""losing_competency_id"":""financial_modeling"",""correlation"":-0.899,""p_value"":0,""n_overlap_points"":14,""gaining_velocity"":0.288,""losing_velocity"":-0.239,""confidence"":0.844,""candidate_org_events"":[]},{""gaining_competency_id"":""collaboration"",""losing_competency_id"":""financial_modeling"",""correlation"":-0.873,""p_value"":0,""n_overlap_points"":15,""gaining_velocity"":0.242,""losing_velocity"":-0.239,""confidence"":0.825,""candidate_org_events"":[]},{""gaining_competency_id"":""problem_solving"",""losing_competency_id"":""financial_modeling"",""correlation"":-0.674,""p_value"":0.002,""n_overlap_points"":16,""gaining_velocity"":0.228,""losing_velocity"":-0.239,""confidence"":0.819,""candidate_org_events"":[]}]",5,1,6,2026-09-29T00:00:00.000Z
E-0255,divergent,0.643,"[{""gaining_competency_id"":""execution"",""losing_competency_id"":""talent_assessment"",""correlation"":-0.87,""p_value"":0,""n_overlap_points"":15,""gaining_velocity"":0.255,""losing_velocity"":-0.388,""confidence"":0.87,""candidate_org_events"":[]}]",1,1,6,2026-09-29T00:00:00.000Z
E-0256,uniform_improving,0.508,[],1,0,6,2026-09-29T00:00:00.000Z
E-0257,uniform_improving,0.37,[],3,0,6,2026-09-29T00:00:00.000Z
E-0258,uniform_improving,0.098,[],4,0,6,2026-09-29T00:00:00.000Z
E-0259,divergent,0.694,"[{""gaining_competency_id"":""problem_solving"",""losing_competency_id"":""communication"",""correlation"":-0.99,""p_value"":0,""n_overlap_points"":13,""gaining_velocity"":0.367,""losing_velocity"":-0.301,""confidence"":0.93,""candidate_org_events"":[]},{""gaining_competency_id"":""campaign_strategy"",""losing_competency_id"":""communication"",""correlation"":-0.96,""p_value"":0,""n_overlap_points"":15,""gaining_velocity"":0.337,""losing_velocity"":-0.301,""confidence"":0.93,""candidate_org_events"":[]},{""gaining_competency_id"":""collaboration"",""losing_competency_id"":""communication"",""correlation"":-0.946,""p_value"":0,""n_overlap_points"":14,""gaining_velocity"":0.393,""losing_velocity"":-0.301,""confidence"":0.93,""candidate_org_events"":[]}]",3,1,6,2026-09-29T00:00:00.000Z
E-0260,uniform_improving,0.499,[],2,0,6,2026-09-29T00:00:00.000Z
E-0261,divergent,0.951,"[{""gaining_competency_id"":""collaboration"",""losing_competency_id"":""execution"",""correlation"":-0.979,""p_value"":0,""n_overlap_points"":15,""gaining_velocity"":0.403,""losing_velocity"":-0.244,""confidence"":0.858,""candidate_org_events"":[]},{""gaining_competency_id"":""collaboration"",""losing_competency_id"":""problem_solving"",""correlation"":-0.879,""p_value"":0,""n_overlap_points"":14,""gaining_velocity"":0.403,""losing_velocity"":-0.36,""confidence"":0.982,""candidate_org_events"":[]},{""gaining_competency_id"":""ux_research"",""losing_competency_id"":""problem_solving"",""correlation"":-0.725,""p_value"":0.001,""n_overlap_points"":14,""gaining_velocity"":0.591,""losing_velocity"":-0.36,""confidence"":0.979,""candidate_org_events"":[]},{""gaining_competency_id"":""ux_research"",""losing_competency_id"":""execution"",""correlation"":-0.665,""p_value"":0.004,""n_overlap_points"":14,""gaining_velocity"":0.591,""losing_velocity"":-0.244,""confidence"":0.858,""candidate_org_events"":[]}]",2,2,6,2026-09-29T00:00:00.000Z
E-0262,uniform_improving,0.471,[],3,0,6,2026-09-29T00:00:00.000Z
E-0263,mixed_flat,0.16,[],0,0,6,2026-09-29T00:00:00.000Z
E-0264,divergent,0.665,"[{""gaining_competency_id"":""problem_solving"",""losing_competency_id"":""customer_resolution"",""correlation"":-0.98,""p_value"":0,""n_overlap_points"":14,""gaining_velocity"":0.284,""losing_velocity"":-0.359,""confidence"":0.896,""candidate_org_events"":[]},{""gaining_competency_id"":""collaboration"",""losing_competency_id"":""customer_resolution"",""correlation"":-0.974,""p_value"":0,""n_overlap_points"":12,""gaining_velocity"":0.306,""losing_velocity"":-0.359,""confidence"":0.892,""candidate_org_events"":[]},{""gaining_competency_id"":""collaboration"",""losing_competency_id"":""communication"",""correlation"":-0.943,""p_value"":0,""n_overlap_points"":12,""gaining_velocity"":0.306,""losing_velocity"":-0.314,""confidence"":0.892,""candidate_org_events"":[]},{""gaining_competency_id"":""problem_solving"",""losing_competency_id"":""communication"",""correlation"":-0.927,""p_value"":0,""n_overlap_points"":14,""gaining_velocity"":0.284,""losing_velocity"":-0.314,""confidence"":0.896,""candidate_org_events"":[]}]",2,2,6,2026-09-29T00:00:00.000Z
E-0265,uniform_improving,0.238,[],3,0,6,2026-09-29T00:00:00.000Z
E-0266,mixed_flat,0,[],0,0,6,2026-09-29T00:00:00.000Z
E-0267,uniform_improving,0.268,[],2,0,6,2026-09-29T00:00:00.000Z
E-0268,uniform_improving,0.372,[],3,0,6,2026-09-29T00:00:00.000Z
E-0269,uniform_declining,0.331,[],0,1,6,2026-09-29T00:00:00.000Z
E-0270,mixed_flat,0.124,[],0,0,6,2026-09-29T00:00:00.000Z
E-0271,divergent,0.625,"[{""gaining_competency_id"":""talent_assessment"",""losing_competency_id"":""communication"",""correlation"":-0.978,""p_value"":0,""n_overlap_points"":14,""gaining_velocity"":0.345,""losing_velocity"":-0.28,""confidence"":0.855,""candidate_org_events"":[]},{""gaining_competency_id"":""collaboration"",""losing_competency_id"":""communication"",""correlation"":-0.923,""p_value"":0,""n_overlap_points"":13,""gaining_velocity"":0.305,""losing_velocity"":-0.28,""confidence"":0.855,""candidate_org_events"":[]}]",2,1,6,2026-09-29T00:00:00.000Z
E-0272,divergent,0.866,[],1,1,6,2026-09-29T00:00:00.000Z
E-0273,mixed_flat,0.149,[],0,0,6,2026-09-29T00:00:00.000Z
E-0274,divergent,0.705,"[{""gaining_competency_id"":""execution"",""losing_competency_id"":""negotiation"",""correlation"":-0.974,""p_value"":0,""n_overlap_points"":15,""gaining_velocity"":0.398,""losing_velocity"":-0.307,""confidence"":0.921,""candidate_org_events"":[]},{""gaining_competency_id"":""communication"",""losing_competency_id"":""negotiation"",""correlation"":-0.966,""p_value"":0,""n_overlap_points"":15,""gaining_velocity"":0.319,""losing_velocity"":-0.307,""confidence"":0.921,""candidate_org_events"":[]}]",2,1,6,2026-09-29T00:00:00.000Z
E-0275,uniform_improving,0.331,[],2,0,6,2026-09-29T00:00:00.000Z
E-0276,divergent,1.026,[],1,1,6,2026-09-29T00:00:00.000Z
E-0277,uniform_improving,0.416,[],1,0,6,2026-09-29T00:00:00.000Z
E-0278,divergent,0.612,"[{""gaining_competency_id"":""communication"",""losing_competency_id"":""collaboration"",""correlation"":-0.97,""p_value"":0,""n_overlap_points"":14,""gaining_velocity"":0.335,""losing_velocity"":-0.277,""confidence"":0.881,""candidate_org_events"":[]},{""gaining_competency_id"":""compliance_rigor"",""losing_competency_id"":""collaboration"",""correlation"":-0.816,""p_value"":0,""n_overlap_points"":13,""gaining_velocity"":0.295,""losing_velocity"":-0.277,""confidence"":0.881,""candidate_org_events"":[]},{""gaining_competency_id"":""execution"",""losing_competency_id"":""collaboration"",""correlation"":-0.81,""p_value"":0,""n_overlap_points"":13,""gaining_velocity"":0.291,""losing_velocity"":-0.277,""confidence"":0.881,""candidate_org_events"":[]}]",4,1,6,2026-09-29T00:00:00.000Z
E-0279,uniform_declining,0.388,[],0,1,6,2026-09-29T00:00:00.000Z
E-0280,uniform_declining,0.275,[],0,1,6,2026-09-29T00:00:00.000Z
E-0281,uniform_improving,0.439,[],3,0,6,2026-09-29T00:00:00.000Z
E-0282,uniform_improving,0.503,[],3,0,6,2026-09-29T00:00:00.000Z
E-0283,uniform_improving,0.495,[],2,0,6,2026-09-29T00:00:00.000Z
E-0284,uniform_improving,0.259,[],4,0,6,2026-09-29T00:00:00.000Z
E-0285,uniform_improving,0.55,[],4,0,6,2026-09-29T00:00:00.000Z
E-0286,divergent,0.714,"[{""gaining_competency_id"":""compliance_rigor"",""losing_competency_id"":""collaboration"",""correlation"":-0.964,""p_value"":0,""n_overlap_points"":14,""gaining_velocity"":0.281,""losing_velocity"":-0.328,""confidence"":0.918,""candidate_org_events"":[]},{""gaining_competency_id"":""communication"",""losing_competency_id"":""financial_modeling"",""correlation"":-0.953,""p_value"":0,""n_overlap_points"":14,""gaining_velocity"":0.386,""losing_velocity"":-0.285,""confidence"":0.912,""candidate_org_events"":[]},{""gaining_competency_id"":""compliance_rigor"",""losing_competency_id"":""financial_modeling"",""correlation"":-0.95,""p_value"":0,""n_overlap_points"":14,""gaining_velocity"":0.281,""losing_velocity"":-0.285,""confidence"":0.912,""candidate_org_events"":[]},{""gaining_competency_id"":""communication"",""losing_competency_id"":""collaboration"",""correlation"":-0.929,""p_value"":0,""n_overlap_points"":14,""gaining_velocity"":0.386,""losing_velocity"":-0.328,""confidence"":0.962,""candidate_org_events"":[]}]",2,2,6,2026-09-29T00:00:00.000Z
E-0287,divergent,0.628,"[{""gaining_competency_id"":""execution"",""losing_competency_id"":""policy_navigation"",""correlation"":-0.977,""p_value"":0,""n_overlap_points"":13,""gaining_velocity"":0.327,""losing_velocity"":-0.301,""confidence"":0.944,""candidate_org_events"":[]},{""gaining_competency_id"":""collaboration"",""losing_competency_id"":""policy_navigation"",""correlation"":-0.95,""p_value"":0,""n_overlap_points"":11,""gaining_velocity"":0.316,""losing_velocity"":-0.301,""confidence"":0.877,""candidate_org_events"":[]},{""gaining_competency_id"":""communication"",""losing_competency_id"":""policy_navigation"",""correlation"":-0.698,""p_value"":0.003,""n_overlap_points"":13,""gaining_velocity"":0.245,""losing_velocity"":-0.301,""confidence"":0.806,""candidate_org_events"":[]}]",3,1,6,2026-09-29T00:00:00.000Z
E-0288,uniform_improving,0.437,[],4,0,6,2026-09-29T00:00:00.000Z
E-0289,uniform_improving,0.541,[],4,0,6,2026-09-29T00:00:00.000Z
E-0290,uniform_improving,0.471,[],3,0,6,2026-09-29T00:00:00.000Z
E-0291,uniform_improving,0.323,[],1,0,6,2026-09-29T00:00:00.000Z
E-0292,divergent,0.612,"[{""gaining_competency_id"":""stakeholder_alignment"",""losing_competency_id"":""execution"",""correlation"":-0.951,""p_value"":0,""n_overlap_points"":15,""gaining_velocity"":0.245,""losing_velocity"":-0.31,""confidence"":0.832,""candidate_org_events"":[]},{""gaining_competency_id"":""collaboration"",""losing_competency_id"":""execution"",""correlation"":-0.707,""p_value"":0.002,""n_overlap_points"":14,""gaining_velocity"":0.302,""losing_velocity"":-0.31,""confidence"":0.914,""candidate_org_events"":[]}]",2,1,6,2026-09-29T00:00:00.000Z
E-0293,divergent,0.744,"[{""gaining_competency_id"":""visual_craft"",""losing_competency_id"":""communication"",""correlation"":-0.661,""p_value"":0.004,""n_overlap_points"":14,""gaining_velocity"":0.431,""losing_velocity"":-0.313,""confidence"":0.887,""candidate_org_events"":[{""event_type"":""leave"",""occurred_at"":""2026-04-01T00:00:00.000Z""}]}]",1,1,6,2026-09-29T00:00:00.000Z
E-0294,uniform_improving,0.489,[],4,0,6,2026-09-29T00:00:00.000Z
E-0295,divergent,0.541,"[{""gaining_competency_id"":""execution"",""losing_competency_id"":""policy_navigation"",""correlation"":-0.953,""p_value"":0,""n_overlap_points"":14,""gaining_velocity"":0.25,""losing_velocity"":-0.291,""confidence"":0.873,""candidate_org_events"":[]}]",1,1,6,2026-09-29T00:00:00.000Z
E-0296,uniform_improving,0.421,[],3,0,6,2026-09-29T00:00:00.000Z
E-0297,uniform_declining,0.45,[],0,2,6,2026-09-29T00:00:00.000Z
E-0298,uniform_improving,0.388,[],2,0,6,2026-09-29T00:00:00.000Z
E-0299,divergent,0.716,"[{""gaining_competency_id"":""content_quality"",""losing_competency_id"":""collaboration"",""correlation"":-0.99,""p_value"":0,""n_overlap_points"":11,""gaining_velocity"":0.393,""losing_velocity"":-0.323,""confidence"":0.933,""candidate_org_events"":[]},{""gaining_competency_id"":""content_quality"",""losing_competency_id"":""problem_solving"",""correlation"":-0.971,""p_value"":0,""n_overlap_points"":12,""gaining_velocity"":0.393,""losing_velocity"":-0.267,""confidence"":0.873,""candidate_org_events"":[]},{""gaining_competency_id"":""communication"",""losing_competency_id"":""problem_solving"",""correlation"":-0.962,""p_value"":0,""n_overlap_points"":14,""gaining_velocity"":0.358,""losing_velocity"":-0.267,""confidence"":0.873,""candidate_org_events"":[]},{""gaining_competency_id"":""communication"",""losing_competency_id"":""collaboration"",""correlation"":-0.941,""p_value"":0,""n_overlap_points"":13,""gaining_velocity"":0.358,""losing_velocity"":-0.323,""confidence"":0.933,""candidate_org_events"":[]},{""gaining_competency_id"":""execution"",""losing_competency_id"":""problem_solving"",""correlation"":-0.739,""p_value"":0.001,""n_overlap_points"":13,""gaining_velocity"":0.232,""losing_velocity"":-0.267,""confidence"":0.806,""candidate_org_events"":[]},{""gaining_competency_id"":""execution"",""losing_competency_id"":""collaboration"",""correlation"":-0.721,""p_value"":0.002,""n_overlap_points"":13,""gaining_velocity"":0.232,""losing_velocity"":-0.323,""confidence"":0.806,""candidate_org_events"":[]}]",3,2,6,2026-09-29T00:00:00.000Z
E-0300,uniform_improving,0.365,[],1,0,6,2026-09-29T00:00:00.000Z
E-0301,uniform_improving,0.255,[],3,0,6,2026-09-29T00:00:00.000Z
E-0302,uniform_improving,0.51,[],3,0,6,2026-09-29T00:00:00.000Z
E-0303,uniform_improving,0.399,[],3,0,6,2026-09-29T00:00:00.000Z
E-0304,divergent,0.677,"[{""gaining_competency_id"":""execution"",""losing_competency_id"":""troubleshooting"",""correlation"":-0.975,""p_value"":0,""n_overlap_points"":15,""gaining_velocity"":0.378,""losing_velocity"":-0.299,""confidence"":0.901,""candidate_org_events"":[]}]",1,1,6,2026-09-29T00:00:00.000Z
E-0305,uniform_improving,0.49,[],2,0,6,2026-09-29T00:00:00.000Z
E-0306,uniform_declining,0,[],0,1,6,2026-09-29T00:00:00.000Z
E-0307,divergent,0.62,"[{""gaining_competency_id"":""content_quality"",""losing_competency_id"":""problem_solving"",""correlation"":-0.987,""p_value"":0,""n_overlap_points"":14,""gaining_velocity"":0.358,""losing_velocity"":-0.255,""confidence"":0.873,""candidate_org_events"":[]},{""gaining_competency_id"":""collaboration"",""losing_competency_id"":""problem_solving"",""correlation"":-0.967,""p_value"":0,""n_overlap_points"":13,""gaining_velocity"":0.365,""losing_velocity"":-0.255,""confidence"":0.873,""candidate_org_events"":[]},{""gaining_competency_id"":""campaign_strategy"",""losing_competency_id"":""problem_solving"",""correlation"":-0.964,""p_value"":0,""n_overlap_points"":14,""gaining_velocity"":0.323,""losing_velocity"":-0.255,""confidence"":0.873,""candidate_org_events"":[]},{""gaining_competency_id"":""communication"",""losing_competency_id"":""problem_solving"",""correlation"":-0.618,""p_value"":0.015,""n_overlap_points"":12,""gaining_velocity"":0.292,""losing_velocity"":-0.255,""confidence"":0.873,""candidate_org_events"":[]}]",4,1,6,2026-09-29T00:00:00.000Z
E-0308,uniform_improving,0.525,[],2,0,6,2026-09-29T00:00:00.000Z
E-0309,divergent,0.916,"[{""gaining_competency_id"":""visual_craft"",""losing_competency_id"":""communication"",""correlation"":-0.975,""p_value"":0,""n_overlap_points"":15,""gaining_velocity"":0.364,""losing_velocity"":-0.271,""confidence"":0.91,""candidate_org_events"":[]},{""gaining_competency_id"":""collaboration"",""losing_competency_id"":""communication"",""correlation"":-0.84,""p_value"":0,""n_overlap_points"":15,""gaining_velocity"":0.485,""losing_velocity"":-0.271,""confidence"":0.888,""candidate_org_events"":[]},{""gaining_competency_id"":""execution"",""losing_competency_id"":""communication"",""correlation"":-0.828,""p_value"":0,""n_overlap_points"":15,""gaining_velocity"":0.392,""losing_velocity"":-0.271,""confidence"":0.91,""candidate_org_events"":[]},{""gaining_competency_id"":""collaboration"",""losing_competency_id"":""problem_solving"",""correlation"":-0.698,""p_value"":0.001,""n_overlap_points"":15,""gaining_velocity"":0.485,""losing_velocity"":-0.431,""confidence"":0.817,""candidate_org_events"":[]},{""gaining_competency_id"":""visual_craft"",""losing_competency_id"":""problem_solving"",""correlation"":-0.68,""p_value"":0.002,""n_overlap_points"":15,""gaining_velocity"":0.364,""losing_velocity"":-0.431,""confidence"":0.817,""candidate_org_events"":[]},{""gaining_competency_id"":""execution"",""losing_competency_id"":""problem_solving"",""correlation"":-0.533,""p_value"":0.02,""n_overlap_points"":15,""gaining_velocity"":0.392,""losing_velocity"":-0.431,""confidence"":0.817,""candidate_org_events"":[]}]",3,2,6,2026-09-29T00:00:00.000Z
E-0310,divergent,0.866,"[{""gaining_competency_id"":""communication"",""losing_competency_id"":""problem_solving"",""correlation"":-0.976,""p_value"":0,""n_overlap_points"":16,""gaining_velocity"":0.278,""losing_velocity"":-0.304,""confidence"":0.867,""candidate_org_events"":[]},{""gaining_competency_id"":""compliance_rigor"",""losing_competency_id"":""problem_solving"",""correlation"":-0.849,""p_value"":0,""n_overlap_points"":12,""gaining_velocity"":0.475,""losing_velocity"":-0.304,""confidence"":0.823,""candidate_org_events"":[]},{""gaining_competency_id"":""financial_modeling"",""losing_competency_id"":""problem_solving"",""correlation"":-0.74,""p_value"":0.001,""n_overlap_points"":15,""gaining_velocity"":0.562,""losing_velocity"":-0.304,""confidence"":0.893,""candidate_org_events"":[]}]",3,1,6,2026-09-29T00:00:00.000Z
E-0311,uniform_improving,0.233,[],3,0,6,2026-09-29T00:00:00.000Z
E-0312,uniform_improving,0.72,[],3,0,6,2026-09-29T00:00:00.000Z
E-0313,uniform_improving,0.417,[],3,0,6,2026-09-29T00:00:00.000Z
E-0314,uniform_improving,0.434,[],1,0,6,2026-09-29T00:00:00.000Z
E-0315,uniform_improving,0.627,[],2,0,6,2026-09-29T00:00:00.000Z
E-0316,uniform_declining,0.464,[],0,2,6,2026-09-29T00:00:00.000Z
E-0317,divergent,0.692,"[{""gaining_competency_id"":""ux_research"",""losing_competency_id"":""collaboration"",""correlation"":-0.977,""p_value"":0,""n_overlap_points"":14,""gaining_velocity"":0.39,""losing_velocity"":-0.278,""confidence"":0.828,""candidate_org_events"":[]},{""gaining_competency_id"":""ux_research"",""losing_competency_id"":""visual_craft"",""correlation"":-0.958,""p_value"":0,""n_overlap_points"":14,""gaining_velocity"":0.39,""losing_velocity"":-0.302,""confidence"":0.962,""candidate_org_events"":[]}]",1,2,6,2026-09-29T00:00:00.000Z
E-0318,divergent,0.701,"[{""gaining_competency_id"":""execution"",""losing_competency_id"":""financial_modeling"",""correlation"":-0.962,""p_value"":0,""n_overlap_points"":15,""gaining_velocity"":0.304,""losing_velocity"":-0.304,""confidence"":0.96,""candidate_org_events"":[]},{""gaining_competency_id"":""collaboration"",""losing_competency_id"":""financial_modeling"",""correlation"":-0.638,""p_value"":0.009,""n_overlap_points"":13,""gaining_velocity"":0.397,""losing_velocity"":-0.304,""confidence"":0.825,""candidate_org_events"":[]}]",2,1,6,2026-09-29T00:00:00.000Z
E-0319,mixed_flat,0.032,[],0,0,6,2026-09-29T00:00:00.000Z
E-0320,uniform_improving,0.516,[],3,0,6,2026-09-29T00:00:00.000Z
E-0321,uniform_declining,0.438,[],0,2,6,2026-09-29T00:00:00.000Z
E-0322,uniform_improving,0.471,[],2,0,6,2026-09-29T00:00:00.000Z
E-0323,uniform_improving,0.449,[],2,0,6,2026-09-29T00:00:00.000Z
E-0324,uniform_improving,0.319,[],2,0,6,2026-09-29T00:00:00.000Z
E-0325,uniform_improving,0.431,[],3,0,6,2026-09-29T00:00:00.000Z
E-0326,uniform_improving,0.665,[],2,0,6,2026-09-29T00:00:00.000Z
E-0327,uniform_improving,0.498,[],2,0,6,2026-09-29T00:00:00.000Z
E-0328,divergent,0.827,[],1,1,6,2026-09-29T00:00:00.000Z
E-0329,uniform_improving,0.56,[],3,0,6,2026-09-29T00:00:00.000Z
E-0330,uniform_improving,0.625,[],2,0,6,2026-09-29T00:00:00.000Z
E-0331,divergent,0.611,"[{""gaining_competency_id"":""communication"",""losing_competency_id"":""problem_solving"",""correlation"":-0.92,""p_value"":0,""n_overlap_points"":13,""gaining_velocity"":0.303,""losing_velocity"":-0.308,""confidence"":0.925,""candidate_org_events"":[]}]",1,1,6,2026-09-29T00:00:00.000Z
E-0332,uniform_improving,0.525,[],2,0,6,2026-09-29T00:00:00.000Z
E-0333,uniform_improving,0.344,[],1,0,6,2026-09-29T00:00:00.000Z
E-0334,divergent,0.796,"[{""gaining_competency_id"":""collaboration"",""losing_competency_id"":""financial_modeling"",""correlation"":-0.986,""p_value"":0,""n_overlap_points"":14,""gaining_velocity"":0.47,""losing_velocity"":-0.326,""confidence"":0.984,""candidate_org_events"":[]},{""gaining_competency_id"":""collaboration"",""losing_competency_id"":""execution"",""correlation"":-0.927,""p_value"":0,""n_overlap_points"":14,""gaining_velocity"":0.47,""losing_velocity"":-0.325,""confidence"":0.973,""candidate_org_events"":[]}]",1,2,6,2026-09-29T00:00:00.000Z
E-0335,uniform_improving,0.311,[],2,0,6,2026-09-29T00:00:00.000Z
E-0336,divergent,0.74,"[{""gaining_competency_id"":""problem_solving"",""losing_competency_id"":""communication"",""correlation"":-0.973,""p_value"":0,""n_overlap_points"":15,""gaining_velocity"":0.341,""losing_velocity"":-0.399,""confidence"":0.972,""candidate_org_events"":[]},{""gaining_competency_id"":""customer_resolution"",""losing_competency_id"":""communication"",""correlation"":-0.956,""p_value"":0,""n_overlap_points"":15,""gaining_velocity"":0.329,""losing_velocity"":-0.399,""confidence"":0.972,""candidate_org_events"":[]},{""gaining_competency_id"":""problem_solving"",""losing_competency_id"":""troubleshooting"",""correlation"":-0.907,""p_value"":0,""n_overlap_points"":16,""gaining_velocity"":0.341,""losing_velocity"":-0.293,""confidence"":0.908,""candidate_org_events"":[]},{""gaining_competency_id"":""customer_resolution"",""losing_competency_id"":""troubleshooting"",""correlation"":-0.901,""p_value"":0,""n_overlap_points"":16,""gaining_velocity"":0.329,""losing_velocity"":-0.293,""confidence"":0.908,""candidate_org_events"":[]}]",2,2,6,2026-09-29T00:00:00.000Z
E-0337,uniform_improving,0.426,[],1,0,6,2026-09-29T00:00:00.000Z
E-0338,uniform_improving,0.334,[],4,0,6,2026-09-29T00:00:00.000Z
E-0339,uniform_improving,0.544,[],3,0,6,2026-09-29T00:00:00.000Z
E-0340,divergent,0.771,"[{""gaining_competency_id"":""execution"",""losing_competency_id"":""communication"",""correlation"":-0.977,""p_value"":0,""n_overlap_points"":14,""gaining_velocity"":0.348,""losing_velocity"":-0.423,""confidence"":0.987,""candidate_org_events"":[]},{""gaining_competency_id"":""roadmap_prioritization"",""losing_competency_id"":""communication"",""correlation"":-0.971,""p_value"":0,""n_overlap_points"":14,""gaining_velocity"":0.326,""losing_velocity"":-0.423,""confidence"":0.972,""candidate_org_events"":[]}]",2,1,6,2026-09-29T00:00:00.000Z
E-0341,uniform_improving,0.344,[],2,0,6,2026-09-29T00:00:00.000Z
E-0342,divergent,0.669,"[{""gaining_competency_id"":""problem_solving"",""losing_competency_id"":""collaboration"",""correlation"":-0.977,""p_value"":0,""n_overlap_points"":13,""gaining_velocity"":0.342,""losing_velocity"":-0.327,""confidence"":0.935,""candidate_org_events"":[]}]",1,1,6,2026-09-29T00:00:00.000Z
E-0343,divergent,0.657,"[{""gaining_competency_id"":""communication"",""losing_competency_id"":""problem_solving"",""correlation"":-0.947,""p_value"":0,""n_overlap_points"":14,""gaining_velocity"":0.391,""losing_velocity"":-0.266,""confidence"":0.858,""candidate_org_events"":[]},{""gaining_competency_id"":""talent_assessment"",""losing_competency_id"":""problem_solving"",""correlation"":-0.916,""p_value"":0,""n_overlap_points"":14,""gaining_velocity"":0.324,""losing_velocity"":-0.266,""confidence"":0.858,""candidate_org_events"":[]},{""gaining_competency_id"":""execution"",""losing_competency_id"":""problem_solving"",""correlation"":-0.867,""p_value"":0,""n_overlap_points"":14,""gaining_velocity"":0.287,""losing_velocity"":-0.266,""confidence"":0.858,""candidate_org_events"":[]}]",3,1,6,2026-09-29T00:00:00.000Z
E-0344,uniform_improving,0.289,[],5,0,6,2026-09-29T00:00:00.000Z
E-0345,uniform_improving,0.288,[],1,0,6,2026-09-29T00:00:00.000Z
E-0346,uniform_improving,0.301,[],1,0,6,2026-09-29T00:00:00.000Z
E-0347,uniform_improving,0.507,[],2,0,6,2026-09-29T00:00:00.000Z
E-0348,uniform_improving,0.42,[],2,0,6,2026-09-29T00:00:00.000Z
E-0349,divergent,0.596,"[{""gaining_competency_id"":""visual_craft"",""losing_competency_id"":""collaboration"",""correlation"":-0.924,""p_value"":0,""n_overlap_points"":14,""gaining_velocity"":0.347,""losing_velocity"":-0.249,""confidence"":0.802,""candidate_org_events"":[]},{""gaining_competency_id"":""execution"",""losing_competency_id"":""collaboration"",""correlation"":-0.919,""p_value"":0,""n_overlap_points"":14,""gaining_velocity"":0.313,""losing_velocity"":-0.249,""confidence"":0.802,""candidate_org_events"":[]}]",3,1,6,2026-09-29T00:00:00.000Z
E-0350,uniform_improving,0.628,[],3,0,6,2026-09-29T00:00:00.000Z
E-0351,uniform_improving,0.482,[],3,0,6,2026-09-29T00:00:00.000Z
E-0352,divergent,0.707,"[{""gaining_competency_id"":""communication"",""losing_competency_id"":""collaboration"",""correlation"":-0.972,""p_value"":0,""n_overlap_points"":14,""gaining_velocity"":0.28,""losing_velocity"":-0.299,""confidence"":0.881,""candidate_org_events"":[]},{""gaining_competency_id"":""execution"",""losing_competency_id"":""collaboration"",""correlation"":-0.715,""p_value"":0.001,""n_overlap_points"":14,""gaining_velocity"":0.408,""losing_velocity"":-0.299,""confidence"":0.916,""candidate_org_events"":[]}]",2,1,6,2026-09-29T00:00:00.000Z
E-0353,uniform_improving,0.44,[],1,0,6,2026-09-29T00:00:00.000Z
E-0354,uniform_declining,0.366,[],0,1,6,2026-09-29T00:00:00.000Z
E-0355,uniform_improving,0.506,[],2,0,6,2026-09-29T00:00:00.000Z
E-0356,uniform_improving,0.534,[],2,0,6,2026-09-29T00:00:00.000Z
E-0357,uniform_improving,0.426,[],2,0,6,2026-09-29T00:00:00.000Z
E-0358,uniform_improving,0.468,[],2,0,6,2026-09-29T00:00:00.000Z
E-0359,divergent,0.773,[],1,1,6,2026-09-29T00:00:00.000Z
E-0360,divergent,0.566,"[{""gaining_competency_id"":""customer_resolution"",""losing_competency_id"":""troubleshooting"",""correlation"":-0.845,""p_value"":0,""n_overlap_points"":14,""gaining_velocity"":0.275,""losing_velocity"":-0.291,""confidence"":0.912,""candidate_org_events"":[]}]",1,1,6,2026-09-29T00:00:00.000Z
E-0361,uniform_improving,0.748,[],3,0,6,2026-09-29T00:00:00.000Z
E-0362,uniform_improving,0.228,[],1,0,6,2026-09-29T00:00:00.000Z
E-0363,uniform_improving,0.495,[],4,0,6,2026-09-29T00:00:00.000Z
E-0364,uniform_improving,0.453,[],2,0,6,2026-09-29T00:00:00.000Z
E-0365,uniform_improving,0.41,[],3,0,6,2026-09-29T00:00:00.000Z
E-0366,divergent,0.553,"[{""gaining_competency_id"":""execution"",""losing_competency_id"":""collaboration"",""correlation"":-0.966,""p_value"":0,""n_overlap_points"":14,""gaining_velocity"":0.294,""losing_velocity"":-0.246,""confidence"":0.838,""candidate_org_events"":[]},{""gaining_competency_id"":""execution"",""losing_competency_id"":""financial_modeling"",""correlation"":-0.928,""p_value"":0,""n_overlap_points"":13,""gaining_velocity"":0.294,""losing_velocity"":-0.259,""confidence"":0.874,""candidate_org_events"":[]}]",1,2,6,2026-09-29T00:00:00.000Z
E-0367,uniform_improving,0.464,[],3,0,6,2026-09-29T00:00:00.000Z
E-0368,divergent,0.968,"[{""gaining_competency_id"":""problem_solving"",""losing_competency_id"":""execution"",""correlation"":-0.98,""p_value"":0,""n_overlap_points"":15,""gaining_velocity"":0.383,""losing_velocity"":-0.304,""confidence"":0.964,""candidate_org_events"":[]},{""gaining_competency_id"":""troubleshooting"",""losing_competency_id"":""execution"",""correlation"":-0.84,""p_value"":0,""n_overlap_points"":15,""gaining_velocity"":0.233,""losing_velocity"":-0.304,""confidence"":0.806,""candidate_org_events"":[]}]",3,1,6,2026-09-29T00:00:00.000Z
E-0369,uniform_improving,0.33,[],2,0,6,2026-09-29T00:00:00.000Z
E-0370,divergent,0.629,"[{""gaining_competency_id"":""communication"",""losing_competency_id"":""negotiation"",""correlation"":-0.963,""p_value"":0,""n_overlap_points"":14,""gaining_velocity"":0.364,""losing_velocity"":-0.265,""confidence"":0.862,""candidate_org_events"":[]},{""gaining_competency_id"":""execution"",""losing_competency_id"":""negotiation"",""correlation"":-0.899,""p_value"":0,""n_overlap_points"":14,""gaining_velocity"":0.25,""losing_velocity"":-0.265,""confidence"":0.862,""candidate_org_events"":[]}]",2,1,6,2026-09-29T00:00:00.000Z
E-0371,uniform_improving,0.337,[],2,0,6,2026-09-29T00:00:00.000Z
E-0372,divergent,0.552,"[{""gaining_competency_id"":""execution"",""losing_competency_id"":""collaboration"",""correlation"":-0.991,""p_value"":0,""n_overlap_points"":14,""gaining_velocity"":0.247,""losing_velocity"":-0.305,""confidence"":0.875,""candidate_org_events"":[]},{""gaining_competency_id"":""stakeholder_alignment"",""losing_competency_id"":""collaboration"",""correlation"":-0.941,""p_value"":0,""n_overlap_points"":14,""gaining_velocity"":0.247,""losing_velocity"":-0.305,""confidence"":0.806,""candidate_org_events"":[]}]",2,1,6,2026-09-29T00:00:00.000Z
E-0373,uniform_improving,0.557,[],4,0,6,2026-09-29T00:00:00.000Z
E-0374,divergent,0.58,"[{""gaining_competency_id"":""financial_modeling"",""losing_competency_id"":""execution"",""correlation"":-0.976,""p_value"":0,""n_overlap_points"":14,""gaining_velocity"":0.327,""losing_velocity"":-0.253,""confidence"":0.877,""candidate_org_events"":[]},{""gaining_competency_id"":""compliance_rigor"",""losing_competency_id"":""execution"",""correlation"":-0.893,""p_value"":0,""n_overlap_points"":14,""gaining_velocity"":0.32,""losing_velocity"":-0.253,""confidence"":0.877,""candidate_org_events"":[]},{""gaining_competency_id"":""communication"",""losing_competency_id"":""execution"",""correlation"":-0.884,""p_value"":0,""n_overlap_points"":12,""gaining_velocity"":0.276,""losing_velocity"":-0.253,""confidence"":0.86,""candidate_org_events"":[]}]",3,1,6,2026-09-29T00:00:00.000Z
E-0375,divergent,0.709,"[{""gaining_competency_id"":""collaboration"",""losing_competency_id"":""talent_assessment"",""correlation"":-0.967,""p_value"":0,""n_overlap_points"":16,""gaining_velocity"":0.301,""losing_velocity"":-0.265,""confidence"":0.907,""candidate_org_events"":[]}]",2,1,6,2026-09-29T00:00:00.000Z
E-0376,uniform_improving,0.359,[],4,0,6,2026-09-29T00:00:00.000Z
E-0377,divergent,0.653,"[{""gaining_competency_id"":""system_design"",""losing_competency_id"":""code_quality"",""correlation"":-0.934,""p_value"":0,""n_overlap_points"":15,""gaining_velocity"":0.37,""losing_velocity"":-0.283,""confidence"":0.91,""candidate_org_events"":[]},{""gaining_competency_id"":""collaboration"",""losing_competency_id"":""code_quality"",""correlation"":-0.915,""p_value"":0,""n_overlap_points"":15,""gaining_velocity"":0.353,""losing_velocity"":-0.283,""confidence"":0.91,""candidate_org_events"":[]}]",2,1,6,2026-09-29T00:00:00.000Z
E-0378,divergent,0.886,"[{""gaining_competency_id"":""pipeline_mgmt"",""losing_competency_id"":""negotiation"",""correlation"":-0.964,""p_value"":0,""n_overlap_points"":16,""gaining_velocity"":0.344,""losing_velocity"":-0.294,""confidence"":0.898,""candidate_org_events"":[]},{""gaining_competency_id"":""communication"",""losing_competency_id"":""negotiation"",""correlation"":-0.744,""p_value"":0.001,""n_overlap_points"":13,""gaining_velocity"":0.396,""losing_velocity"":-0.294,""confidence"":0.898,""candidate_org_events"":[]},{""gaining_competency_id"":""execution"",""losing_competency_id"":""negotiation"",""correlation"":-0.731,""p_value"":0,""n_overlap_points"":16,""gaining_velocity"":0.262,""losing_velocity"":-0.294,""confidence"":0.886,""candidate_org_events"":[]}]",4,1,6,2026-09-29T00:00:00.000Z
E-0379,uniform_improving,0.424,[],3,0,6,2026-09-29T00:00:00.000Z
E-0380,uniform_declining,0.404,[],0,1,6,2026-09-29T00:00:00.000Z
E-0381,uniform_improving,0.298,[],5,0,6,2026-09-29T00:00:00.000Z
E-0382,mixed_flat,0.054,[],0,0,6,2026-09-29T00:00:00.000Z
E-0383,divergent,0.809,"[{""gaining_competency_id"":""collaboration"",""losing_competency_id"":""execution"",""correlation"":-0.961,""p_value"":0,""n_overlap_points"":16,""gaining_velocity"":0.39,""losing_velocity"":-0.333,""confidence"":0.979,""candidate_org_events"":[]},{""gaining_competency_id"":""talent_assessment"",""losing_competency_id"":""execution"",""correlation"":-0.945,""p_value"":0,""n_overlap_points"":16,""gaining_velocity"":0.29,""losing_velocity"":-0.333,""confidence"":0.947,""candidate_org_events"":[]},{""gaining_competency_id"":""policy_navigation"",""losing_competency_id"":""execution"",""correlation"":-0.942,""p_value"":0,""n_overlap_points"":14,""gaining_velocity"":0.319,""losing_velocity"":-0.333,""confidence"":0.948,""candidate_org_events"":[]},{""gaining_competency_id"":""problem_solving"",""losing_competency_id"":""execution"",""correlation"":-0.633,""p_value"":0.013,""n_overlap_points"":12,""gaining_velocity"":0.476,""losing_velocity"":-0.333,""confidence"":0.895,""candidate_org_events"":[]}]",4,1,6,2026-09-29T00:00:00.000Z
E-0384,uniform_improving,0.37,[],2,0,6,2026-09-29T00:00:00.000Z
E-0385,divergent,0.629,"[{""gaining_competency_id"":""system_design"",""losing_competency_id"":""code_quality"",""correlation"":-0.969,""p_value"":0,""n_overlap_points"":14,""gaining_velocity"":0.247,""losing_velocity"":-0.252,""confidence"":0.828,""candidate_org_events"":[]},{""gaining_competency_id"":""execution"",""losing_competency_id"":""code_quality"",""correlation"":-0.946,""p_value"":0,""n_overlap_points"":14,""gaining_velocity"":0.377,""losing_velocity"":-0.252,""confidence"":0.828,""candidate_org_events"":[]},{""gaining_competency_id"":""collaboration"",""losing_competency_id"":""code_quality"",""correlation"":-0.915,""p_value"":0,""n_overlap_points"":14,""gaining_velocity"":0.252,""losing_velocity"":-0.252,""confidence"":0.828,""candidate_org_events"":[]}]",3,1,6,2026-09-29T00:00:00.000Z
E-0386,divergent,0.522,"[{""gaining_competency_id"":""negotiation"",""losing_competency_id"":""execution"",""correlation"":-0.731,""p_value"":0.001,""n_overlap_points"":15,""gaining_velocity"":0.262,""losing_velocity"":-0.26,""confidence"":0.813,""candidate_org_events"":[]}]",1,1,6,2026-09-29T00:00:00.000Z
E-0387,uniform_improving,0.348,[],3,0,6,2026-09-29T00:00:00.000Z
E-0388,divergent,0.571,"[{""gaining_competency_id"":""collaboration"",""losing_competency_id"":""stakeholder_alignment"",""correlation"":-0.946,""p_value"":0,""n_overlap_points"":15,""gaining_velocity"":0.284,""losing_velocity"":-0.287,""confidence"":0.886,""candidate_org_events"":[]}]",1,1,6,2026-09-29T00:00:00.000Z
E-0389,divergent,0.628,"[{""gaining_competency_id"":""execution"",""losing_competency_id"":""problem_solving"",""correlation"":-0.926,""p_value"":0,""n_overlap_points"":13,""gaining_velocity"":0.296,""losing_velocity"":-0.332,""confidence"":0.936,""candidate_org_events"":[]},{""gaining_competency_id"":""execution"",""losing_competency_id"":""communication"",""correlation"":-0.836,""p_value"":0,""n_overlap_points"":14,""gaining_velocity"":0.296,""losing_velocity"":-0.264,""confidence"":0.839,""candidate_org_events"":[]}]",1,2,6,2026-09-29T00:00:00.000Z
E-0390,divergent,0.572,"[{""gaining_competency_id"":""problem_solving"",""losing_competency_id"":""execution"",""correlation"":-0.932,""p_value"":0,""n_overlap_points"":14,""gaining_velocity"":0.299,""losing_velocity"":-0.273,""confidence"":0.924,""candidate_org_events"":[]}]",1,1,6,2026-09-29T00:00:00.000Z
E-0391,uniform_improving,0.536,[],2,0,6,2026-09-29T00:00:00.000Z
E-0392,uniform_declining,0.344,[],0,1,6,2026-09-29T00:00:00.000Z
E-0393,uniform_improving,0.666,[],3,0,6,2026-09-29T00:00:00.000Z
E-0394,mixed_flat,0.101,[],0,0,6,2026-09-29T00:00:00.000Z
E-0395,divergent,0.624,"[{""gaining_competency_id"":""problem_solving"",""losing_competency_id"":""content_quality"",""correlation"":-0.986,""p_value"":0,""n_overlap_points"":15,""gaining_velocity"":0.307,""losing_velocity"":-0.271,""confidence"":0.91,""candidate_org_events"":[]},{""gaining_competency_id"":""communication"",""losing_competency_id"":""content_quality"",""correlation"":-0.76,""p_value"":0.001,""n_overlap_points"":13,""gaining_velocity"":0.353,""losing_velocity"":-0.271,""confidence"":0.91,""candidate_org_events"":[]}]",2,1,6,2026-09-29T00:00:00.000Z
E-0396,uniform_improving,0.434,[],1,0,6,2026-09-29T00:00:00.000Z
E-0397,uniform_improving,0.391,[],3,0,6,2026-09-29T00:00:00.000Z
E-0398,uniform_declining,0.325,[],0,1,6,2026-09-29T00:00:00.000Z
E-0399,uniform_declining,0.384,[],0,1,6,2026-09-29T00:00:00.000Z
E-0400,uniform_improving,0.453,[],1,0,6,2026-09-29T00:00:00.000Z
E-0401,uniform_improving,0.333,[],3,0,6,2026-09-29T00:00:00.000Z
E-0402,uniform_improving,0.495,[],1,0,6,2026-09-29T00:00:00.000Z
E-0403,mixed_flat,0.13,[],0,0,6,2026-09-29T00:00:00.000Z
E-0404,divergent,0.76,"[{""gaining_competency_id"":""roadmap_prioritization"",""losing_competency_id"":""execution"",""correlation"":-0.66,""p_value"":0.004,""n_overlap_points"":14,""gaining_velocity"":0.383,""losing_velocity"":-0.377,""confidence"":0.826,""candidate_org_events"":[]}]",1,1,6,2026-09-29T00:00:00.000Z
E-0405,uniform_improving,0.346,[],2,0,6,2026-09-29T00:00:00.000Z
E-0406,uniform_declining,0.337,[],0,1,6,2026-09-29T00:00:00.000Z
E-0407,divergent,0.752,"[{""gaining_competency_id"":""communication"",""losing_competency_id"":""problem_solving"",""correlation"":-0.989,""p_value"":0,""n_overlap_points"":14,""gaining_velocity"":0.455,""losing_velocity"":-0.297,""confidence"":0.895,""candidate_org_events"":[]},{""gaining_competency_id"":""talent_assessment"",""losing_competency_id"":""problem_solving"",""correlation"":-0.929,""p_value"":0,""n_overlap_points"":14,""gaining_velocity"":0.398,""losing_velocity"":-0.297,""confidence"":0.919,""candidate_org_events"":[]}]",2,1,6,2026-09-29T00:00:00.000Z
E-0408,divergent,0.702,"[{""gaining_competency_id"":""problem_solving"",""losing_competency_id"":""collaboration"",""correlation"":-0.952,""p_value"":0,""n_overlap_points"":14,""gaining_velocity"":0.357,""losing_velocity"":-0.345,""confidence"":0.97,""candidate_org_events"":[]},{""gaining_competency_id"":""troubleshooting"",""losing_competency_id"":""collaboration"",""correlation"":-0.857,""p_value"":0,""n_overlap_points"":13,""gaining_velocity"":0.3,""losing_velocity"":-0.345,""confidence"":0.925,""candidate_org_events"":[]}]",2,1,6,2026-09-29T00:00:00.000Z
E-0409,uniform_improving,0.331,[],3,0,6,2026-09-29T00:00:00.000Z
E-0410,divergent,0.65,"[{""gaining_competency_id"":""execution"",""losing_competency_id"":""problem_solving"",""correlation"":-0.96,""p_value"":0,""n_overlap_points"":14,""gaining_velocity"":0.369,""losing_velocity"":-0.281,""confidence"":0.893,""candidate_org_events"":[]},{""gaining_competency_id"":""collaboration"",""losing_competency_id"":""problem_solving"",""correlation"":-0.877,""p_value"":0,""n_overlap_points"":13,""gaining_velocity"":0.353,""losing_velocity"":-0.281,""confidence"":0.893,""candidate_org_events"":[]},{""gaining_competency_id"":""pipeline_mgmt"",""losing_competency_id"":""problem_solving"",""correlation"":-0.817,""p_value"":0,""n_overlap_points"":14,""gaining_velocity"":0.316,""losing_velocity"":-0.281,""confidence"":0.893,""candidate_org_events"":[]}]",3,1,6,2026-09-29T00:00:00.000Z
E-0411,divergent,0.718,"[{""gaining_competency_id"":""content_quality"",""losing_competency_id"":""collaboration"",""correlation"":-0.861,""p_value"":0,""n_overlap_points"":13,""gaining_velocity"":0.242,""losing_velocity"":-0.476,""confidence"":0.817,""candidate_org_events"":[]}]",1,1,6,2026-09-29T00:00:00.000Z
E-0412,divergent,0.771,"[{""gaining_competency_id"":""problem_solving"",""losing_competency_id"":""stakeholder_alignment"",""correlation"":-0.958,""p_value"":0,""n_overlap_points"":10,""gaining_velocity"":0.273,""losing_velocity"":-0.342,""confidence"":0.817,""candidate_org_events"":[]},{""gaining_competency_id"":""problem_solving"",""losing_competency_id"":""communication"",""correlation"":-0.874,""p_value"":0,""n_overlap_points"":10,""gaining_velocity"":0.273,""losing_velocity"":-0.282,""confidence"":0.817,""candidate_org_events"":[]},{""gaining_competency_id"":""roadmap_prioritization"",""losing_competency_id"":""stakeholder_alignment"",""correlation"":-0.818,""p_value"":0,""n_overlap_points"":15,""gaining_velocity"":0.429,""losing_velocity"":-0.342,""confidence"":0.936,""candidate_org_events"":[{""event_type"":""promotion"",""occurred_at"":""2026-07-01T00:00:00.000Z""}]},{""gaining_competency_id"":""roadmap_prioritization"",""losing_competency_id"":""communication"",""correlation"":-0.785,""p_value"":0,""n_overlap_points"":14,""gaining_velocity"":0.429,""losing_velocity"":-0.282,""confidence"":0.908,""candidate_org_events"":[{""event_type"":""promotion"",""occurred_at"":""2026-07-01T00:00:00.000Z""}]}]",2,2,6,2026-09-29T00:00:00.000Z
E-0413,uniform_improving,0.483,[],2,0,6,2026-09-29T00:00:00.000Z
E-0414,uniform_improving,0.76,[],2,0,6,2026-09-29T00:00:00.000Z
E-0415,mixed_flat,0.083,[],0,0,6,2026-09-29T00:00:00.000Z
E-0416,mixed_flat,0.105,[],0,0,6,2026-09-29T00:00:00.000Z
E-0417,uniform_improving,0.409,[],3,0,6,2026-09-29T00:00:00.000Z
E-0418,uniform_improving,0.284,[],4,0,6,2026-09-29T00:00:00.000Z
E-0419,uniform_improving,0.525,[],4,0,6,2026-09-29T00:00:00.000Z
E-0420,uniform_declining,0.327,[],0,1,6,2026-09-29T00:00:00.000Z
E-0421,divergent,0.723,"[{""gaining_competency_id"":""execution"",""losing_competency_id"":""visual_craft"",""correlation"":-0.98,""p_value"":0,""n_overlap_points"":15,""gaining_velocity"":0.37,""losing_velocity"":-0.353,""confidence"":0.989,""candidate_org_events"":[]},{""gaining_competency_id"":""ux_research"",""losing_competency_id"":""visual_craft"",""correlation"":-0.963,""p_value"":0,""n_overlap_points"":16,""gaining_velocity"":0.324,""losing_velocity"":-0.353,""confidence"":0.96,""candidate_org_events"":[]}]",2,1,6,2026-09-29T00:00:00.000Z
E-0422,divergent,0.786,"[{""gaining_competency_id"":""compliance_rigor"",""losing_competency_id"":""financial_modeling"",""correlation"":-0.967,""p_value"":0,""n_overlap_points"":15,""gaining_velocity"":0.446,""losing_velocity"":-0.249,""confidence"":0.878,""candidate_org_events"":[]},{""gaining_competency_id"":""communication"",""losing_competency_id"":""financial_modeling"",""correlation"":-0.861,""p_value"":0,""n_overlap_points"":13,""gaining_velocity"":0.329,""losing_velocity"":-0.249,""confidence"":0.878,""candidate_org_events"":[]},{""gaining_competency_id"":""collaboration"",""losing_competency_id"":""financial_modeling"",""correlation"":-0.749,""p_value"":0,""n_overlap_points"":15,""gaining_velocity"":0.537,""losing_velocity"":-0.249,""confidence"":0.874,""candidate_org_events"":[]}]",3,1,6,2026-09-29T00:00:00.000Z
E-0423,uniform_improving,0.503,[],1,0,6,2026-09-29T00:00:00.000Z
E-0424,uniform_improving,0.36,[],1,0,6,2026-09-29T00:00:00.000Z
E-0425,uniform_improving,0.584,[],1,0,6,2026-09-29T00:00:00.000Z
E-0426,divergent,0.65,"[{""gaining_competency_id"":""communication"",""losing_competency_id"":""problem_solving"",""correlation"":-0.926,""p_value"":0,""n_overlap_points"":13,""gaining_velocity"":0.289,""losing_velocity"":-0.361,""confidence"":0.921,""candidate_org_events"":[]},{""gaining_competency_id"":""collaboration"",""losing_competency_id"":""pipeline_mgmt"",""correlation"":-0.903,""p_value"":0,""n_overlap_points"":13,""gaining_velocity"":0.259,""losing_velocity"":-0.34,""confidence"":0.831,""candidate_org_events"":[]},{""gaining_competency_id"":""negotiation"",""losing_competency_id"":""pipeline_mgmt"",""correlation"":-0.903,""p_value"":0,""n_overlap_points"":14,""gaining_velocity"":0.234,""losing_velocity"":-0.34,""confidence"":0.805,""candidate_org_events"":[]},{""gaining_competency_id"":""communication"",""losing_competency_id"":""pipeline_mgmt"",""correlation"":-0.841,""p_value"":0,""n_overlap_points"":14,""gaining_velocity"":0.289,""losing_velocity"":-0.34,""confidence"":0.921,""candidate_org_events"":[]},{""gaining_competency_id"":""negotiation"",""losing_competency_id"":""problem_solving"",""correlation"":-0.81,""p_value"":0,""n_overlap_points"":14,""gaining_velocity"":0.234,""losing_velocity"":-0.361,""confidence"":0.805,""candidate_org_events"":[]},{""gaining_competency_id"":""collaboration"",""losing_competency_id"":""problem_solving"",""correlation"":-0.744,""p_value"":0.002,""n_overlap_points"":12,""gaining_velocity"":0.259,""losing_velocity"":-0.361,""confidence"":0.831,""candidate_org_events"":[]}]",3,2,6,2026-09-29T00:00:00.000Z
E-0427,uniform_improving,0.517,[],3,0,6,2026-09-29T00:00:00.000Z
E-0428,uniform_improving,0.427,[],4,0,6,2026-09-29T00:00:00.000Z
E-0429,divergent,0.673,"[{""gaining_competency_id"":""communication"",""losing_competency_id"":""ux_research"",""correlation"":-0.964,""p_value"":0,""n_overlap_points"":15,""gaining_velocity"":0.271,""losing_velocity"":-0.402,""confidence"":0.89,""candidate_org_events"":[]}]",1,1,6,2026-09-29T00:00:00.000Z
E-0430,uniform_improving,0.465,[],3,0,6,2026-09-29T00:00:00.000Z
E-0431,divergent,0.701,"[{""gaining_competency_id"":""communication"",""losing_competency_id"":""collaboration"",""correlation"":-0.982,""p_value"":0,""n_overlap_points"":14,""gaining_velocity"":0.29,""losing_velocity"":-0.316,""confidence"":0.929,""candidate_org_events"":[]},{""gaining_competency_id"":""problem_solving"",""losing_competency_id"":""collaboration"",""correlation"":-0.959,""p_value"":0,""n_overlap_points"":14,""gaining_velocity"":0.385,""losing_velocity"":-0.316,""confidence"":0.967,""candidate_org_events"":[]},{""gaining_competency_id"":""execution"",""losing_competency_id"":""collaboration"",""correlation"":-0.92,""p_value"":0,""n_overlap_points"":14,""gaining_velocity"":0.285,""losing_velocity"":-0.316,""confidence"":0.908,""candidate_org_events"":[]},{""gaining_competency_id"":""policy_navigation"",""losing_competency_id"":""collaboration"",""correlation"":-0.804,""p_value"":0,""n_overlap_points"":14,""gaining_velocity"":0.3,""losing_velocity"":-0.316,""confidence"":0.937,""candidate_org_events"":[]}]",4,1,6,2026-09-29T00:00:00.000Z
E-0432,uniform_improving,0.397,[],3,0,6,2026-09-29T00:00:00.000Z
E-0433,uniform_improving,0.329,[],1,0,6,2026-09-29T00:00:00.000Z
E-0434,uniform_improving,0.408,[],3,0,6,2026-09-29T00:00:00.000Z
E-0435,uniform_declining,0.338,[],0,1,6,2026-09-29T00:00:00.000Z
E-0436,divergent,0.683,"[{""gaining_competency_id"":""collaboration"",""losing_competency_id"":""roadmap_prioritization"",""correlation"":-0.984,""p_value"":0,""n_overlap_points"":13,""gaining_velocity"":0.371,""losing_velocity"":-0.312,""confidence"":0.975,""candidate_org_events"":[]},{""gaining_competency_id"":""communication"",""losing_competency_id"":""roadmap_prioritization"",""correlation"":-0.974,""p_value"":0,""n_overlap_points"":13,""gaining_velocity"":0.326,""losing_velocity"":-0.312,""confidence"":0.966,""candidate_org_events"":[]},{""gaining_competency_id"":""problem_solving"",""losing_competency_id"":""roadmap_prioritization"",""correlation"":-0.809,""p_value"":0,""n_overlap_points"":12,""gaining_velocity"":0.323,""losing_velocity"":-0.312,""confidence"":0.939,""candidate_org_events"":[]}]",3,1,6,2026-09-29T00:00:00.000Z
E-0437,divergent,0.66,"[{""gaining_competency_id"":""collaboration"",""losing_competency_id"":""ux_research"",""correlation"":-0.966,""p_value"":0,""n_overlap_points"":14,""gaining_velocity"":0.337,""losing_velocity"":-0.323,""confidence"":0.956,""candidate_org_events"":[]},{""gaining_competency_id"":""execution"",""losing_competency_id"":""ux_research"",""correlation"":-0.944,""p_value"":0,""n_overlap_points"":15,""gaining_velocity"":0.29,""losing_velocity"":-0.323,""confidence"":0.953,""candidate_org_events"":[]},{""gaining_competency_id"":""communication"",""losing_competency_id"":""ux_research"",""correlation"":-0.794,""p_value"":0,""n_overlap_points"":15,""gaining_velocity"":0.283,""losing_velocity"":-0.323,""confidence"":0.878,""candidate_org_events"":[]}]",3,1,6,2026-09-29T00:00:00.000Z
E-0438,divergent,0.693,"[{""gaining_competency_id"":""compliance_rigor"",""losing_competency_id"":""communication"",""correlation"":-0.926,""p_value"":0,""n_overlap_points"":14,""gaining_velocity"":0.261,""losing_velocity"":-0.432,""confidence"":0.876,""candidate_org_events"":[]},{""gaining_competency_id"":""problem_solving"",""losing_competency_id"":""communication"",""correlation"":-0.911,""p_value"":0,""n_overlap_points"":14,""gaining_velocity"":0.234,""losing_velocity"":-0.432,""confidence"":0.806,""candidate_org_events"":[]}]",2,1,6,2026-09-29T00:00:00.000Z
E-0439,uniform_improving,0.346,[],3,0,6,2026-09-29T00:00:00.000Z
E-0440,divergent,0.785,"[{""gaining_competency_id"":""problem_solving"",""losing_competency_id"":""communication"",""correlation"":-0.97,""p_value"":0,""n_overlap_points"":13,""gaining_velocity"":0.35,""losing_velocity"":-0.435,""confidence"":0.965,""candidate_org_events"":[]}]",1,1,6,2026-09-29T00:00:00.000Z
E-0441,uniform_improving,0.438,[],3,0,6,2026-09-29T00:00:00.000Z
E-0442,divergent,0.624,"[{""gaining_competency_id"":""pipeline_mgmt"",""losing_competency_id"":""execution"",""correlation"":-0.977,""p_value"":0,""n_overlap_points"":16,""gaining_velocity"":0.297,""losing_velocity"":-0.327,""confidence"":0.959,""candidate_org_events"":[]}]",1,1,6,2026-09-29T00:00:00.000Z
E-0443,divergent,0.622,"[{""gaining_competency_id"":""collaboration"",""losing_competency_id"":""campaign_strategy"",""correlation"":-0.972,""p_value"":0,""n_overlap_points"":14,""gaining_velocity"":0.261,""losing_velocity"":-0.271,""confidence"":0.86,""candidate_org_events"":[]},{""gaining_competency_id"":""problem_solving"",""losing_competency_id"":""campaign_strategy"",""correlation"":-0.971,""p_value"":0,""n_overlap_points"":15,""gaining_velocity"":0.251,""losing_velocity"":-0.271,""confidence"":0.818,""candidate_org_events"":[]},{""gaining_competency_id"":""communication"",""losing_competency_id"":""campaign_strategy"",""correlation"":-0.921,""p_value"":0,""n_overlap_points"":14,""gaining_velocity"":0.291,""losing_velocity"":-0.271,""confidence"":0.904,""candidate_org_events"":[]},{""gaining_competency_id"":""execution"",""losing_competency_id"":""campaign_strategy"",""correlation"":-0.912,""p_value"":0,""n_overlap_points"":15,""gaining_velocity"":0.351,""losing_velocity"":-0.271,""confidence"":0.918,""candidate_org_events"":[]}]",4,1,6,2026-09-29T00:00:00.000Z
E-0444,divergent,0.682,"[{""gaining_competency_id"":""execution"",""losing_competency_id"":""communication"",""correlation"":-0.91,""p_value"":0,""n_overlap_points"":15,""gaining_velocity"":0.356,""losing_velocity"":-0.257,""confidence"":0.841,""candidate_org_events"":[]},{""gaining_competency_id"":""execution"",""losing_competency_id"":""roadmap_prioritization"",""correlation"":-0.897,""p_value"":0,""n_overlap_points"":16,""gaining_velocity"":0.356,""losing_velocity"":-0.326,""confidence"":0.976,""candidate_org_events"":[]},{""gaining_competency_id"":""execution"",""losing_competency_id"":""problem_solving"",""correlation"":-0.863,""p_value"":0,""n_overlap_points"":15,""gaining_velocity"":0.356,""losing_velocity"":-0.24,""confidence"":0.811,""candidate_org_events"":[]}]",1,3,6,2026-09-29T00:00:00.000Z
E-0445,divergent,0.681,"[{""gaining_competency_id"":""communication"",""losing_competency_id"":""problem_solving"",""correlation"":-0.948,""p_value"":0,""n_overlap_points"":15,""gaining_velocity"":0.362,""losing_velocity"":-0.319,""confidence"":0.938,""candidate_org_events"":[]},{""gaining_competency_id"":""communication"",""losing_competency_id"":""execution"",""correlation"":-0.859,""p_value"":0,""n_overlap_points"":15,""gaining_velocity"":0.362,""losing_velocity"":-0.309,""confidence"":0.975,""candidate_org_events"":[]}]",1,2,6,2026-09-29T00:00:00.000Z
E-0446,uniform_improving,0.439,[],2,0,6,2026-09-29T00:00:00.000Z
E-0447,uniform_improving,0.403,[],4,0,6,2026-09-29T00:00:00.000Z
E-0448,uniform_improving,0.412,[],2,0,6,2026-09-29T00:00:00.000Z
E-0449,uniform_improving,0.404,[],2,0,6,2026-09-29T00:00:00.000Z
E-0450,uniform_improving,0.603,[],2,0,6,2026-09-29T00:00:00.000Z
E-0451,divergent,0.61,"[{""gaining_competency_id"":""collaboration"",""losing_competency_id"":""execution"",""correlation"":-0.955,""p_value"":0,""n_overlap_points"":13,""gaining_velocity"":0.327,""losing_velocity"":-0.276,""confidence"":0.936,""candidate_org_events"":[]},{""gaining_competency_id"":""collaboration"",""losing_competency_id"":""problem_solving"",""correlation"":-0.872,""p_value"":0,""n_overlap_points"":11,""gaining_velocity"":0.327,""losing_velocity"":-0.283,""confidence"":0.864,""candidate_org_events"":[]}]",1,2,6,2026-09-29T00:00:00.000Z
E-0452,uniform_improving,0.515,[],4,0,6,2026-09-29T00:00:00.000Z
E-0453,divergent,0.674,"[{""gaining_competency_id"":""problem_solving"",""losing_competency_id"":""execution"",""correlation"":-0.961,""p_value"":0,""n_overlap_points"":15,""gaining_velocity"":0.407,""losing_velocity"":-0.227,""confidence"":0.821,""candidate_org_events"":[]},{""gaining_competency_id"":""problem_solving"",""losing_competency_id"":""collaboration"",""correlation"":-0.912,""p_value"":0,""n_overlap_points"":15,""gaining_velocity"":0.407,""losing_velocity"":-0.267,""confidence"":0.853,""candidate_org_events"":[]}]",1,2,6,2026-09-29T00:00:00.000Z
E-0454,uniform_improving,0.465,[],2,0,6,2026-09-29T00:00:00.000Z
E-0455,divergent,0.703,"[{""gaining_competency_id"":""collaboration"",""losing_competency_id"":""problem_solving"",""correlation"":-0.985,""p_value"":0,""n_overlap_points"":13,""gaining_velocity"":0.382,""losing_velocity"":-0.284,""confidence"":0.905,""candidate_org_events"":[]},{""gaining_competency_id"":""collaboration"",""losing_competency_id"":""execution"",""correlation"":-0.975,""p_value"":0,""n_overlap_points"":13,""gaining_velocity"":0.382,""losing_velocity"":-0.321,""confidence"":0.964,""candidate_org_events"":[]},{""gaining_competency_id"":""talent_assessment"",""losing_competency_id"":""problem_solving"",""correlation"":-0.804,""p_value"":0,""n_overlap_points"":14,""gaining_velocity"":0.281,""losing_velocity"":-0.284,""confidence"":0.905,""candidate_org_events"":[]},{""gaining_competency_id"":""talent_assessment"",""losing_competency_id"":""execution"",""correlation"":-0.802,""p_value"":0,""n_overlap_points"":14,""gaining_velocity"":0.281,""losing_velocity"":-0.321,""confidence"":0.913,""candidate_org_events"":[]}]",2,2,6,2026-09-29T00:00:00.000Z
E-0456,divergent,0.61,"[{""gaining_competency_id"":""communication"",""losing_competency_id"":""troubleshooting"",""correlation"":-0.935,""p_value"":0,""n_overlap_points"":15,""gaining_velocity"":0.345,""losing_velocity"":-0.265,""confidence"":0.873,""candidate_org_events"":[]}]",1,1,6,2026-09-29T00:00:00.000Z
E-0457,uniform_improving,0.441,[],1,0,6,2026-09-29T00:00:00.000Z
E-0458,divergent,0.648,"[{""gaining_competency_id"":""execution"",""losing_competency_id"":""problem_solving"",""correlation"":-0.906,""p_value"":0,""n_overlap_points"":13,""gaining_velocity"":0.342,""losing_velocity"":-0.283,""confidence"":0.905,""candidate_org_events"":[]},{""gaining_competency_id"":""pipeline_mgmt"",""losing_competency_id"":""problem_solving"",""correlation"":-0.867,""p_value"":0,""n_overlap_points"":14,""gaining_velocity"":0.345,""losing_velocity"":-0.283,""confidence"":0.905,""candidate_org_events"":[]},{""gaining_competency_id"":""collaboration"",""losing_competency_id"":""problem_solving"",""correlation"":-0.855,""p_value"":0,""n_overlap_points"":14,""gaining_velocity"":0.271,""losing_velocity"":-0.283,""confidence"":0.866,""candidate_org_events"":[]},{""gaining_competency_id"":""negotiation"",""losing_competency_id"":""problem_solving"",""correlation"":-0.836,""p_value"":0,""n_overlap_points"":14,""gaining_velocity"":0.365,""losing_velocity"":-0.283,""confidence"":0.905,""candidate_org_events"":[]}]",4,1,6,2026-09-29T00:00:00.000Z
E-0459,divergent,0.697,"[{""gaining_competency_id"":""execution"",""losing_competency_id"":""content_quality"",""correlation"":-0.941,""p_value"":0,""n_overlap_points"":15,""gaining_velocity"":0.409,""losing_velocity"":-0.285,""confidence"":0.888,""candidate_org_events"":[]},{""gaining_competency_id"":""execution"",""losing_competency_id"":""campaign_strategy"",""correlation"":-0.939,""p_value"":0,""n_overlap_points"":16,""gaining_velocity"":0.409,""losing_velocity"":-0.288,""confidence"":0.947,""candidate_org_events"":[]}]",1,2,6,2026-09-29T00:00:00.000Z
E-0460,uniform_improving,0.418,[],3,0,6,2026-09-29T00:00:00.000Z
E-0461,uniform_improving,0.36,[],5,0,6,2026-09-29T00:00:00.000Z
E-0462,uniform_improving,0.353,[],4,0,6,2026-09-29T00:00:00.000Z
E-0463,divergent,0.61,"[{""gaining_competency_id"":""problem_solving"",""losing_competency_id"":""policy_navigation"",""correlation"":-0.956,""p_value"":0,""n_overlap_points"":16,""gaining_velocity"":0.243,""losing_velocity"":-0.234,""confidence"":0.829,""candidate_org_events"":[]},{""gaining_competency_id"":""execution"",""losing_competency_id"":""policy_navigation"",""correlation"":-0.892,""p_value"":0,""n_overlap_points"":15,""gaining_velocity"":0.376,""losing_velocity"":-0.234,""confidence"":0.829,""candidate_org_events"":[]},{""gaining_competency_id"":""talent_assessment"",""losing_competency_id"":""policy_navigation"",""correlation"":-0.853,""p_value"":0,""n_overlap_points"":15,""gaining_velocity"":0.343,""losing_velocity"":-0.234,""confidence"":0.829,""candidate_org_events"":[]}]",3,1,6,2026-09-29T00:00:00.000Z
E-0464,divergent,0.767,"[{""gaining_competency_id"":""communication"",""losing_competency_id"":""execution"",""correlation"":-0.62,""p_value"":0.004,""n_overlap_points"":16,""gaining_velocity"":0.439,""losing_velocity"":-0.328,""confidence"":0.905,""candidate_org_events"":[]}]",1,1,6,2026-09-29T00:00:00.000Z
E-0465,divergent,0.766,"[{""gaining_competency_id"":""problem_solving"",""losing_competency_id"":""code_quality"",""correlation"":-0.979,""p_value"":0,""n_overlap_points"":15,""gaining_velocity"":0.367,""losing_velocity"":-0.335,""confidence"":0.962,""candidate_org_events"":[]},{""gaining_competency_id"":""problem_solving"",""losing_competency_id"":""execution"",""correlation"":-0.929,""p_value"":0,""n_overlap_points"":16,""gaining_velocity"":0.367,""losing_velocity"":-0.399,""confidence"":0.972,""candidate_org_events"":[]}]",1,2,6,2026-09-29T00:00:00.000Z
E-0466,divergent,0.636,"[{""gaining_competency_id"":""communication"",""losing_competency_id"":""problem_solving"",""correlation"":-0.971,""p_value"":0,""n_overlap_points"":14,""gaining_velocity"":0.32,""losing_velocity"":-0.277,""confidence"":0.914,""candidate_org_events"":[]},{""gaining_competency_id"":""negotiation"",""losing_competency_id"":""problem_solving"",""correlation"":-0.943,""p_value"":0,""n_overlap_points"":14,""gaining_velocity"":0.251,""losing_velocity"":-0.277,""confidence"":0.824,""candidate_org_events"":[]},{""gaining_competency_id"":""execution"",""losing_competency_id"":""problem_solving"",""correlation"":-0.917,""p_value"":0,""n_overlap_points"":14,""gaining_velocity"":0.359,""losing_velocity"":-0.277,""confidence"":0.914,""candidate_org_events"":[]}]",3,1,6,2026-09-29T00:00:00.000Z
E-0467,divergent,0.551,"[{""gaining_competency_id"":""problem_solving"",""losing_competency_id"":""campaign_strategy"",""correlation"":-0.971,""p_value"":0,""n_overlap_points"":15,""gaining_velocity"":0.252,""losing_velocity"":-0.299,""confidence"":0.846,""candidate_org_events"":[]}]",1,1,6,2026-09-29T00:00:00.000Z
E-0468,uniform_improving,0.447,[],3,0,6,2026-09-29T00:00:00.000Z
E-0469,uniform_improving,0.375,[],3,0,6,2026-09-29T00:00:00.000Z
E-0470,uniform_improving,0.526,[],3,0,6,2026-09-29T00:00:00.000Z
E-0471,uniform_improving,0.431,[],2,0,6,2026-09-29T00:00:00.000Z
E-0472,divergent,0.738,"[{""gaining_competency_id"":""communication"",""losing_competency_id"":""customer_resolution"",""correlation"":-0.971,""p_value"":0,""n_overlap_points"":15,""gaining_velocity"":0.391,""losing_velocity"":-0.289,""confidence"":0.937,""candidate_org_events"":[]},{""gaining_competency_id"":""communication"",""losing_competency_id"":""troubleshooting"",""correlation"":-0.94,""p_value"":0,""n_overlap_points"":15,""gaining_velocity"":0.391,""losing_velocity"":-0.347,""confidence"":0.979,""candidate_org_events"":[]},{""gaining_competency_id"":""communication"",""losing_competency_id"":""problem_solving"",""correlation"":-0.834,""p_value"":0,""n_overlap_points"":15,""gaining_velocity"":0.391,""losing_velocity"":-0.309,""confidence"":0.945,""candidate_org_events"":[]}]",1,3,6,2026-09-29T00:00:00.000Z
E-0473,uniform_improving,0.418,[],1,0,6,2026-09-29T00:00:00.000Z
E-0474,divergent,0.877,"[{""gaining_competency_id"":""pipeline_mgmt"",""losing_competency_id"":""negotiation"",""correlation"":-0.944,""p_value"":0,""n_overlap_points"":14,""gaining_velocity"":0.277,""losing_velocity"":-0.289,""confidence"":0.921,""candidate_org_events"":[]},{""gaining_competency_id"":""execution"",""losing_competency_id"":""negotiation"",""correlation"":-0.628,""p_value"":0.007,""n_overlap_points"":14,""gaining_velocity"":0.33,""losing_velocity"":-0.289,""confidence"":0.927,""candidate_org_events"":[]}]",2,2,6,2026-09-29T00:00:00.000Z
E-0475,uniform_improving,0.474,[],1,0,6,2026-09-29T00:00:00.000Z
E-0476,uniform_improving,0.354,[],3,0,6,2026-09-29T00:00:00.000Z
E-0477,uniform_improving,0.432,[],3,0,6,2026-09-29T00:00:00.000Z
E-0478,uniform_improving,0.003,[],2,0,6,2026-09-29T00:00:00.000Z
E-0479,uniform_improving,0.612,[],2,0,6,2026-09-29T00:00:00.000Z
E-0480,uniform_improving,0.332,[],4,0,6,2026-09-29T00:00:00.000Z
E-0481,divergent,0.579,"[{""gaining_competency_id"":""system_design"",""losing_competency_id"":""execution"",""correlation"":-0.932,""p_value"":0,""n_overlap_points"":16,""gaining_velocity"":0.28,""losing_velocity"":-0.299,""confidence"":0.924,""candidate_org_events"":[]}]",1,1,6,2026-09-29T00:00:00.000Z
E-0482,divergent,0.633,"[{""gaining_competency_id"":""collaboration"",""losing_competency_id"":""execution"",""correlation"":-0.724,""p_value"":0,""n_overlap_points"":16,""gaining_velocity"":0.271,""losing_velocity"":-0.324,""confidence"":0.899,""candidate_org_events"":[]}]",2,1,6,2026-09-29T00:00:00.000Z
E-0483,divergent,0.587,"[{""gaining_competency_id"":""problem_solving"",""losing_competency_id"":""content_quality"",""correlation"":-0.894,""p_value"":0,""n_overlap_points"":14,""gaining_velocity"":0.247,""losing_velocity"":-0.31,""confidence"":0.836,""candidate_org_events"":[]},{""gaining_competency_id"":""execution"",""losing_competency_id"":""content_quality"",""correlation"":-0.692,""p_value"":0.002,""n_overlap_points"":14,""gaining_velocity"":0.277,""losing_velocity"":-0.31,""confidence"":0.882,""candidate_org_events"":[]}]",2,1,6,2026-09-29T00:00:00.000Z
E-0484,uniform_improving,0.525,[],4,0,6,2026-09-29T00:00:00.000Z
E-0485,uniform_improving,0.412,[],3,0,6,2026-09-29T00:00:00.000Z
E-0486,uniform_improving,0.449,[],2,0,6,2026-09-29T00:00:00.000Z
E-0487,divergent,0.586,"[{""gaining_competency_id"":""communication"",""losing_competency_id"":""execution"",""correlation"":-0.969,""p_value"":0,""n_overlap_points"":14,""gaining_velocity"":0.252,""losing_velocity"":-0.334,""confidence"":0.852,""candidate_org_events"":[]}]",1,1,6,2026-09-29T00:00:00.000Z
E-0488,divergent,0.651,"[{""gaining_competency_id"":""troubleshooting"",""losing_competency_id"":""customer_resolution"",""correlation"":-0.596,""p_value"":0.009,""n_overlap_points"":15,""gaining_velocity"":0.352,""losing_velocity"":-0.299,""confidence"":0.941,""candidate_org_events"":[]}]",1,1,6,2026-09-29T00:00:00.000Z
E-0489,divergent,0.752,"[{""gaining_competency_id"":""collaboration"",""losing_competency_id"":""code_quality"",""correlation"":-0.899,""p_value"":0,""n_overlap_points"":15,""gaining_velocity"":0.407,""losing_velocity"":-0.345,""confidence"":0.972,""candidate_org_events"":[]},{""gaining_competency_id"":""execution"",""losing_competency_id"":""code_quality"",""correlation"":-0.886,""p_value"":0,""n_overlap_points"":15,""gaining_velocity"":0.31,""losing_velocity"":-0.345,""confidence"":0.972,""candidate_org_events"":[]}]",2,1,6,2026-09-29T00:00:00.000Z
E-0490,uniform_improving,0.565,[],1,0,6,2026-09-29T00:00:00.000Z
E-0491,uniform_improving,0.526,[],2,0,6,2026-09-29T00:00:00.000Z
E-0492,divergent,0.691,"[{""gaining_competency_id"":""stakeholder_alignment"",""losing_competency_id"":""execution"",""correlation"":-0.987,""p_value"":0,""n_overlap_points"":14,""gaining_velocity"":0.338,""losing_velocity"":-0.353,""confidence"":0.977,""candidate_org_events"":[]},{""gaining_competency_id"":""stakeholder_alignment"",""losing_competency_id"":""problem_solving"",""correlation"":-0.985,""p_value"":0,""n_overlap_points"":14,""gaining_velocity"":0.338,""losing_velocity"":-0.352,""confidence"":0.977,""candidate_org_events"":[]},{""gaining_competency_id"":""stakeholder_alignment"",""losing_competency_id"":""roadmap_prioritization"",""correlation"":-0.789,""p_value"":0,""n_overlap_points"":14,""gaining_velocity"":0.338,""losing_velocity"":-0.305,""confidence"":0.971,""candidate_org_events"":[]}]",1,3,6,2026-09-29T00:00:00.000Z
E-0493,divergent,0.882,"[{""gaining_competency_id"":""visual_craft"",""losing_competency_id"":""execution"",""correlation"":-0.825,""p_value"":0,""n_overlap_points"":14,""gaining_velocity"":0.276,""losing_velocity"":-0.324,""confidence"":0.915,""candidate_org_events"":[{""event_type"":""team_change"",""occurred_at"":""2025-04-01T00:00:00.000Z""}]}]",2,1,6,2026-09-29T00:00:00.000Z
E-0494,uniform_improving,0.862,[],3,0,6,2026-09-29T00:00:00.000Z
E-0495,uniform_improving,0.473,[],3,0,6,2026-09-29T00:00:00.000Z
E-0496,uniform_improving,0.385,[],2,0,6,2026-09-29T00:00:00.000Z
E-0497,uniform_improving,0.369,[],2,0,6,2026-09-29T00:00:00.000Z
E-0498,uniform_declining,0.321,[],0,1,6,2026-09-29T00:00:00.000Z
E-0499,divergent,0.58,"[{""gaining_competency_id"":""execution"",""losing_competency_id"":""campaign_strategy"",""correlation"":-0.969,""p_value"":0,""n_overlap_points"":15,""gaining_velocity"":0.349,""losing_velocity"":-0.231,""confidence"":0.819,""candidate_org_events"":[]},{""gaining_competency_id"":""content_quality"",""losing_competency_id"":""campaign_strategy"",""correlation"":-0.878,""p_value"":0,""n_overlap_points"":14,""gaining_velocity"":0.251,""losing_velocity"":-0.231,""confidence"":0.819,""candidate_org_events"":[]}]",2,1,6,2026-09-29T00:00:00.000Z
E-0500,divergent,0.646,"[{""gaining_competency_id"":""stakeholder_alignment"",""losing_competency_id"":""collaboration"",""correlation"":-0.974,""p_value"":0,""n_overlap_points"":12,""gaining_velocity"":0.354,""losing_velocity"":-0.292,""confidence"":0.828,""candidate_org_events"":[]},{""gaining_competency_id"":""stakeholder_alignment"",""losing_competency_id"":""roadmap_prioritization"",""correlation"":-0.943,""p_value"":0,""n_overlap_points"":15,""gaining_velocity"":0.354,""losing_velocity"":-0.279,""confidence"":0.935,""candidate_org_events"":[]},{""gaining_competency_id"":""problem_solving"",""losing_competency_id"":""roadmap_prioritization"",""correlation"":-0.912,""p_value"":0,""n_overlap_points"":13,""gaining_velocity"":0.25,""losing_velocity"":-0.279,""confidence"":0.814,""candidate_org_events"":[]},{""gaining_competency_id"":""problem_solving"",""losing_competency_id"":""collaboration"",""correlation"":-0.791,""p_value"":0.001,""n_overlap_points"":11,""gaining_velocity"":0.25,""losing_velocity"":-0.292,""confidence"":0.814,""candidate_org_events"":[]}]",2,2,6,2026-09-29T00:00:00.000Z