kpi_id,employee_id,competency_id,period_start,period_end,kpi_name,value,target,unit,higher_is_better
KPI-0000036,E-0001,execution,2024-10-01T00:00:00.000Z,2024-12-31T00:00:00.000Z,execution_output_score,106.2,100,index,true
KPI-0000061,E-0001,system_design,2025-01-01T00:00:00.000Z,2025-03-31T00:00:00.000Z,system_design_output_score,67.1,100,index,true
KPI-0000075,E-0001,execution,2025-04-01T00:00:00.000Z,2025-06-30T00:00:00.000Z,execution_output_score,95.5,100,index,true
KPI-0000077,E-0001,system_design,2025-04-01T00:00:00.000Z,2025-06-30T00:00:00.000Z,system_design_output_score,61.1,100,index,true
KPI-0000098,E-0001,execution,2025-07-01T00:00:00.000Z,2025-09-30T00:00:00.000Z,execution_output_score,98,100,index,true
KPI-0000100,E-0001,system_design,2025-07-01T00:00:00.000Z,2025-09-30T00:00:00.000Z,system_design_output_score,58.9,100,index,true
KPI-0000118,E-0001,execution,2025-10-01T00:00:00.000Z,2025-12-31T00:00:00.000Z,execution_output_score,82.6,100,index,true
KPI-0000138,E-0001,execution,2026-01-01T00:00:00.000Z,2026-03-31T00:00:00.000Z,execution_output_score,87.4,100,index,true
KPI-0000140,E-0001,system_design,2026-01-01T00:00:00.000Z,2026-03-31T00:00:00.000Z,system_design_output_score,82.1,100,index,true
KPI-0000149,E-0001,execution,2026-04-01T00:00:00.000Z,2026-06-30T00:00:00.000Z,execution_output_score,79.3,100,index,true
KPI-0000151,E-0001,system_design,2026-04-01T00:00:00.000Z,2026-06-30T00:00:00.000Z,system_design_output_score,82.8,100,index,true
KPI-0000176,E-0001,execution,2026-07-01T00:00:00.000Z,2026-09-29T00:00:00.000Z,execution_output_score,75.9,100,index,true
KPI-0000178,E-0001,system_design,2026-07-01T00:00:00.000Z,2026-09-29T00:00:00.000Z,system_design_output_score,86.2,100,index,true
KPI-0000217,E-0002,execution,2024-10-01T00:00:00.000Z,2024-12-31T00:00:00.000Z,execution_output_score,62,100,index,true
KPI-0000249,E-0002,execution,2025-04-01T00:00:00.000Z,2025-06-30T00:00:00.000Z,execution_output_score,60.9,100,index,true
KPI-0000269,E-0002,execution,2025-07-01T00:00:00.000Z,2025-09-30T00:00:00.000Z,execution_output_score,64.7,100,index,true
KPI-0000284,E-0002,execution,2025-10-01T00:00:00.000Z,2025-12-31T00:00:00.000Z,execution_output_score,79.3,100,index,true
KPI-0000304,E-0002,execution,2026-01-01T00:00:00.000Z,2026-03-31T00:00:00.000Z,execution_output_score,86.4,100,index,true
KPI-0000330,E-0002,execution,2026-07-01T00:00:00.000Z,2026-09-29T00:00:00.000Z,execution_output_score,94.8,100,index,true
KPI-0000359,E-0003,campaign_strategy,2024-10-01T00:00:00.000Z,2024-12-31T00:00:00.000Z,campaign_strategy_output_score,92.9,100,index,true
KPI-0000380,E-0003,execution,2025-01-01T00:00:00.000Z,2025-03-31T00:00:00.000Z,execution_output_score,86.6,100,index,true
KPI-0000382,E-0003,campaign_strategy,2025-01-01T00:00:00.000Z,2025-03-31T00:00:00.000Z,campaign_strategy_output_score,90.1,100,index,true
KPI-0000401,E-0003,execution,2025-04-01T00:00:00.000Z,2025-06-30T00:00:00.000Z,execution_output_score,84.2,100,index,true
KPI-0000403,E-0003,campaign_strategy,2025-04-01T00:00:00.000Z,2025-06-30T00:00:00.000Z,campaign_strategy_output_score,87.9,100,index,true
KPI-0000421,E-0003,campaign_strategy,2025-07-01T00:00:00.000Z,2025-09-30T00:00:00.000Z,campaign_strategy_output_score,85.2,100,index,true
KPI-0000430,E-0003,execution,2025-10-01T00:00:00.000Z,2025-12-31T00:00:00.000Z,execution_output_score,87.5,100,index,true
KPI-0000432,E-0003,campaign_strategy,2025-10-01T00:00:00.000Z,2025-12-31T00:00:00.000Z,campaign_strategy_output_score,79.6,100,index,true
KPI-0000461,E-0003,execution,2026-01-01T00:00:00.000Z,2026-03-31T00:00:00.000Z,execution_output_score,90.9,100,index,true
KPI-0000463,E-0003,campaign_strategy,2026-01-01T00:00:00.000Z,2026-03-31T00:00:00.000Z,campaign_strategy_output_score,89.8,100,index,true
KPI-0000472,E-0003,execution,2026-04-01T00:00:00.000Z,2026-06-30T00:00:00.000Z,execution_output_score,87.6,100,index,true
KPI-0000474,E-0003,campaign_strategy,2026-04-01T00:00:00.000Z,2026-06-30T00:00:00.000Z,campaign_strategy_output_score,93.9,100,index,true
KPI-0000489,E-0003,execution,2026-07-01T00:00:00.000Z,2026-09-29T00:00:00.000Z,execution_output_score,82.5,100,index,true
KPI-0000491,E-0003,campaign_strategy,2026-07-01T00:00:00.000Z,2026-09-29T00:00:00.000Z,campaign_strategy_output_score,99.2,100,index,true
KPI-0000520,E-0004,execution,2024-10-01T00:00:00.000Z,2024-12-31T00:00:00.000Z,execution_output_score,107.6,100,index,true
KPI-0000522,E-0004,roadmap_prioritization,2024-10-01T00:00:00.000Z,2024-12-31T00:00:00.000Z,roadmap_prioritization_output_score,75.9,100,index,true
KPI-0000541,E-0004,roadmap_prioritization,2025-01-01T00:00:00.000Z,2025-03-31T00:00:00.000Z,roadmap_prioritization_output_score,69.4,100,index,true
KPI-0000560,E-0004,execution,2025-04-01T00:00:00.000Z,2025-06-30T00:00:00.000Z,execution_output_score,99.4,100,index,true
KPI-0000562,E-0004,roadmap_prioritization,2025-04-01T00:00:00.000Z,2025-06-30T00:00:00.000Z,roadmap_prioritization_output_score,63.8,100,index,true
KPI-0000576,E-0004,execution,2025-07-01T00:00:00.000Z,2025-09-30T00:00:00.000Z,execution_output_score,100.4,100,index,true
KPI-0000578,E-0004,roadmap_prioritization,2025-07-01T00:00:00.000Z,2025-09-30T00:00:00.000Z,roadmap_prioritization_output_score,63.2,100,index,true
KPI-0000586,E-0004,roadmap_prioritization,2025-10-01T00:00:00.000Z,2025-12-31T00:00:00.000Z,roadmap_prioritization_output_score,72.7,100,index,true
KPI-0000607,E-0004,execution,2026-01-01T00:00:00.000Z,2026-03-31T00:00:00.000Z,execution_output_score,88.7,100,index,true
KPI-0000609,E-0004,roadmap_prioritization,2026-01-01T00:00:00.000Z,2026-03-31T00:00:00.000Z,roadmap_prioritization_output_score,67.5,100,index,true
KPI-0000624,E-0004,execution,2026-04-01T00:00:00.000Z,2026-06-30T00:00:00.000Z,execution_output_score,82.3,100,index,true
KPI-0000626,E-0004,roadmap_prioritization,2026-04-01T00:00:00.000Z,2026-06-30T00:00:00.000Z,roadmap_prioritization_output_score,62.8,100,index,true
KPI-0000657,E-0004,execution,2026-07-01T00:00:00.000Z,2026-09-29T00:00:00.000Z,execution_output_score,82.9,100,index,true
KPI-0000676,E-0005,execution,2024-10-01T00:00:00.000Z,2024-12-31T00:00:00.000Z,execution_output_score,65.8,100,index,true
KPI-0000678,E-0005,visual_craft,2024-10-01T00:00:00.000Z,2024-12-31T00:00:00.000Z,visual_craft_output_score,108.8,100,index,true
KPI-0000710,E-0005,visual_craft,2025-04-01T00:00:00.000Z,2025-06-30T00:00:00.000Z,visual_craft_output_score,94.1,100,index,true
KPI-0000731,E-0005,visual_craft,2025-07-01T00:00:00.000Z,2025-09-30T00:00:00.000Z,visual_craft_output_score,88.9,100,index,true
KPI-0000751,E-0005,visual_craft,2026-01-01T00:00:00.000Z,2026-03-31T00:00:00.000Z,visual_craft_output_score,79.2,100,index,true
KPI-0000753,E-0005,visual_craft,2026-04-01T00:00:00.000Z,2026-06-30T00:00:00.000Z,visual_craft_output_score,81.3,100,index,true
KPI-0000765,E-0005,visual_craft,2026-07-01T00:00:00.000Z,2026-09-29T00:00:00.000Z,visual_craft_output_score,75.8,100,index,true
KPI-0000789,E-0006,financial_modeling,2024-10-01T00:00:00.000Z,2024-12-31T00:00:00.000Z,financial_modeling_output_score,77.3,100,index,true
KPI-0000820,E-0006,execution,2025-01-01T00:00:00.000Z,2025-03-31T00:00:00.000Z,execution_output_score,67,100,index,true
KPI-0000822,E-0006,financial_modeling,2025-01-01T00:00:00.000Z,2025-03-31T00:00:00.000Z,financial_modeling_output_score,81.2,100,index,true
KPI-0000828,E-0006,execution,2025-04-01T00:00:00.000Z,2025-06-30T00:00:00.000Z,execution_output_score,79.2,100,index,true
KPI-0000830,E-0006,financial_modeling,2025-04-01T00:00:00.000Z,2025-06-30T00:00:00.000Z,financial_modeling_output_score,80.7,100,index,true
KPI-0000858,E-0006,execution,2025-07-01T00:00:00.000Z,2025-09-30T00:00:00.000Z,execution_output_score,79,100,index,true
KPI-0000860,E-0006,financial_modeling,2025-07-01T00:00:00.000Z,2025-09-30T00:00:00.000Z,financial_modeling_output_score,76.5,100,index,true
KPI-0000876,E-0006,execution,2025-10-01T00:00:00.000Z,2025-12-31T00:00:00.000Z,execution_output_score,86.8,100,index,true
KPI-0000894,E-0006,execution,2026-01-01T00:00:00.000Z,2026-03-31T00:00:00.000Z,execution_output_score,97.3,100,index,true
KPI-0000896,E-0006,financial_modeling,2026-01-01T00:00:00.000Z,2026-03-31T00:00:00.000Z,financial_modeling_output_score,80.4,100,index,true
KPI-0000909,E-0006,financial_modeling,2026-04-01T00:00:00.000Z,2026-06-30T00:00:00.000Z,financial_modeling_output_score,66.7,100,index,true
KPI-0000924,E-0006,execution,2026-07-01T00:00:00.000Z,2026-09-29T00:00:00.000Z,execution_output_score,102.1,100,index,true
KPI-0000926,E-0006,financial_modeling,2026-07-01T00:00:00.000Z,2026-09-29T00:00:00.000Z,financial_modeling_output_score,75.4,100,index,true
KPI-0000954,E-0007,execution,2024-10-01T00:00:00.000Z,2024-12-31T00:00:00.000Z,execution_output_score,67.5,100,index,true
KPI-0000956,E-0007,talent_assessment,2024-10-01T00:00:00.000Z,2024-12-31T00:00:00.000Z,talent_assessment_output_score,66.3,100,index,true
KPI-0000974,E-0007,execution,2025-01-01T00:00:00.000Z,2025-03-31T00:00:00.000Z,execution_output_score,74,100,index,true
KPI-0000976,E-0007,talent_assessment,2025-01-01T00:00:00.000Z,2025-03-31T00:00:00.000Z,talent_assessment_output_score,72.7,100,index,true
KPI-0000985,E-0007,execution,2025-04-01T00:00:00.000Z,2025-06-30T00:00:00.000Z,execution_output_score,74.7,100,index,true
KPI-0001001,E-0007,talent_assessment,2025-07-01T00:00:00.000Z,2025-09-30T00:00:00.000Z,talent_assessment_output_score,74.2,100,index,true
KPI-0001010,E-0007,execution,2025-10-01T00:00:00.000Z,2025-12-31T00:00:00.000Z,execution_output_score,84.4,100,index,true
KPI-0001021,E-0007,execution,2026-01-01T00:00:00.000Z,2026-03-31T00:00:00.000Z,execution_output_score,90.1,100,index,true
KPI-0001039,E-0007,execution,2026-04-01T00:00:00.000Z,2026-06-30T00:00:00.000Z,execution_output_score,92,100,index,true
KPI-0001041,E-0007,talent_assessment,2026-04-01T00:00:00.000Z,2026-06-30T00:00:00.000Z,talent_assessment_output_score,74.1,100,index,true
KPI-0001067,E-0007,execution,2026-07-01T00:00:00.000Z,2026-09-29T00:00:00.000Z,execution_output_score,96.6,100,index,true
KPI-0001069,E-0007,talent_assessment,2026-07-01T00:00:00.000Z,2026-09-29T00:00:00.000Z,talent_assessment_output_score,72.9,100,index,true
KPI-0001082,E-0008,execution,2024-10-01T00:00:00.000Z,2024-12-31T00:00:00.000Z,execution_output_score,76.9,100,index,true
KPI-0001103,E-0008,execution,2025-01-01T00:00:00.000Z,2025-03-31T00:00:00.000Z,execution_output_score,73,100,index,true
KPI-0001105,E-0008,customer_resolution,2025-01-01T00:00:00.000Z,2025-03-31T00:00:00.000Z,customer_resolution_output_score,72.4,100,index,true
KPI-0001118,E-0008,execution,2025-04-01T00:00:00.000Z,2025-06-30T00:00:00.000Z,execution_output_score,73.7,100,index,true
KPI-0001135,E-0008,execution,2025-07-01T00:00:00.000Z,2025-09-30T00:00:00.000Z,execution_output_score,69.3,100,index,true
KPI-0001137,E-0008,customer_resolution,2025-07-01T00:00:00.000Z,2025-09-30T00:00:00.000Z,customer_resolution_output_score,64.4,100,index,true
KPI-0001152,E-0008,customer_resolution,2025-10-01T00:00:00.000Z,2025-12-31T00:00:00.000Z,customer_resolution_output_score,66.7,100,index,true
KPI-0001168,E-0008,execution,2026-01-01T00:00:00.000Z,2026-03-31T00:00:00.000Z,execution_output_score,69.6,100,index,true
KPI-0001181,E-0008,execution,2026-04-01T00:00:00.000Z,2026-06-30T00:00:00.000Z,execution_output_score,69.5,100,index,true
KPI-0001202,E-0008,execution,2026-07-01T00:00:00.000Z,2026-09-29T00:00:00.000Z,execution_output_score,73.1,100,index,true
KPI-0001204,E-0008,customer_resolution,2026-07-01T00:00:00.000Z,2026-09-29T00:00:00.000Z,customer_resolution_output_score,69.5,100,index,true
KPI-0001228,E-0009,execution,2024-10-01T00:00:00.000Z,2024-12-31T00:00:00.000Z,execution_output_score,69.9,100,index,true
KPI-0001230,E-0009,system_design,2024-10-01T00:00:00.000Z,2024-12-31T00:00:00.000Z,system_design_output_score,64,100,index,true
KPI-0001252,E-0009,execution,2025-01-01T00:00:00.000Z,2025-03-31T00:00:00.000Z,execution_output_score,71.9,100,index,true
KPI-0001254,E-0009,system_design,2025-01-01T00:00:00.000Z,2025-03-31T00:00:00.000Z,system_design_output_score,65,100,index,true
KPI-0001266,E-0009,system_design,2025-04-01T00:00:00.000Z,2025-06-30T00:00:00.000Z,system_design_output_score,67.7,100,index,true
KPI-0001278,E-0009,execution,2025-07-01T00:00:00.000Z,2025-09-30T00:00:00.000Z,execution_output_score,75.2,100,index,true
KPI-0001280,E-0009,system_design,2025-07-01T00:00:00.000Z,2025-09-30T00:00:00.000Z,system_design_output_score,73.1,100,index,true
KPI-0001292,E-0009,execution,2025-10-01T00:00:00.000Z,2025-12-31T00:00:00.000Z,execution_output_score,68.1,100,index,true
KPI-0001294,E-0009,system_design,2025-10-01T00:00:00.000Z,2025-12-31T00:00:00.000Z,system_design_output_score,67.7,100,index,true
KPI-0001308,E-0009,execution,2026-01-01T00:00:00.000Z,2026-03-31T00:00:00.000Z,execution_output_score,72.6,100,index,true
KPI-0001310,E-0009,system_design,2026-01-01T00:00:00.000Z,2026-03-31T00:00:00.000Z,system_design_output_score,70.5,100,index,true
KPI-0001312,E-0009,execution,2026-04-01T00:00:00.000Z,2026-06-30T00:00:00.000Z,execution_output_score,72.1,100,index,true
KPI-0001335,E-0009,execution,2026-07-01T00:00:00.000Z,2026-09-29T00:00:00.000Z,execution_output_score,68.5,100,index,true
KPI-0001337,E-0009,system_design,2026-07-01T00:00:00.000Z,2026-09-29T00:00:00.000Z,system_design_output_score,65,100,index,true
KPI-0001384,E-0010,execution,2025-01-01T00:00:00.000Z,2025-03-31T00:00:00.000Z,execution_output_score,75.5,100,index,true
KPI-0001386,E-0010,pipeline_mgmt,2025-01-01T00:00:00.000Z,2025-03-31T00:00:00.000Z,pipeline_mgmt_output_score,77.6,100,index,true
KPI-0001401,E-0010,execution,2025-04-01T00:00:00.000Z,2025-06-30T00:00:00.000Z,execution_output_score,79.4,100,index,true
KPI-0001436,E-0010,pipeline_mgmt,2025-10-01T00:00:00.000Z,2025-12-31T00:00:00.000Z,pipeline_mgmt_output_score,79.5,100,index,true
KPI-0001459,E-0010,execution,2026-04-01T00:00:00.000Z,2026-06-30T00:00:00.000Z,execution_output_score,68.8,100,index,true
KPI-0001461,E-0010,pipeline_mgmt,2026-04-01T00:00:00.000Z,2026-06-30T00:00:00.000Z,pipeline_mgmt_output_score,76.1,100,index,true
KPI-0001476,E-0010,execution,2026-07-01T00:00:00.000Z,2026-09-29T00:00:00.000Z,execution_output_score,75.3,100,index,true
KPI-0001478,E-0010,pipeline_mgmt,2026-07-01T00:00:00.000Z,2026-09-29T00:00:00.000Z,pipeline_mgmt_output_score,80.9,100,index,true
KPI-0001511,E-0011,execution,2024-10-01T00:00:00.000Z,2024-12-31T00:00:00.000Z,execution_output_score,90.3,100,index,true
KPI-0001513,E-0011,campaign_strategy,2024-10-01T00:00:00.000Z,2024-12-31T00:00:00.000Z,campaign_strategy_output_score,66.5,100,index,true
KPI-0001542,E-0011,execution,2025-01-01T00:00:00.000Z,2025-03-31T00:00:00.000Z,execution_output_score,85.9,100,index,true
KPI-0001544,E-0011,campaign_strategy,2025-01-01T00:00:00.000Z,2025-03-31T00:00:00.000Z,campaign_strategy_output_score,60.3,100,index,true
KPI-0001556,E-0011,execution,2025-04-01T00:00:00.000Z,2025-06-30T00:00:00.000Z,execution_output_score,86.3,100,index,true
KPI-0001558,E-0011,campaign_strategy,2025-04-01T00:00:00.000Z,2025-06-30T00:00:00.000Z,campaign_strategy_output_score,62.3,100,index,true
KPI-0001581,E-0011,execution,2025-07-01T00:00:00.000Z,2025-09-30T00:00:00.000Z,execution_output_score,81,100,index,true
KPI-0001583,E-0011,campaign_strategy,2025-07-01T00:00:00.000Z,2025-09-30T00:00:00.000Z,campaign_strategy_output_score,70.9,100,index,true
KPI-0001585,E-0011,execution,2025-10-01T00:00:00.000Z,2025-12-31T00:00:00.000Z,execution_output_score,83.2,100,index,true
KPI-0001587,E-0011,campaign_strategy,2025-10-01T00:00:00.000Z,2025-12-31T00:00:00.000Z,campaign_strategy_output_score,71.8,100,index,true
KPI-0001616,E-0011,execution,2026-01-01T00:00:00.000Z,2026-03-31T00:00:00.000Z,execution_output_score,69.2,100,index,true
KPI-0001629,E-0011,execution,2026-04-01T00:00:00.000Z,2026-06-30T00:00:00.000Z,execution_output_score,71,100,index,true
KPI-0001631,E-0011,campaign_strategy,2026-04-01T00:00:00.000Z,2026-06-30T00:00:00.000Z,campaign_strategy_output_score,82.4,100,index,true
KPI-0001659,E-0011,execution,2026-07-01T00:00:00.000Z,2026-09-29T00:00:00.000Z,execution_output_score,79.1,100,index,true
KPI-0001691,E-0012,execution,2024-10-01T00:00:00.000Z,2024-12-31T00:00:00.000Z,execution_output_score,100.7,100,index,true
KPI-0001693,E-0012,roadmap_prioritization,2024-10-01T00:00:00.000Z,2024-12-31T00:00:00.000Z,roadmap_prioritization_output_score,98,100,index,true
KPI-0001714,E-0012,execution,2025-01-01T00:00:00.000Z,2025-03-31T00:00:00.000Z,execution_output_score,102.1,100,index,true
KPI-0001722,E-0012,roadmap_prioritization,2025-04-01T00:00:00.000Z,2025-06-30T00:00:00.000Z,roadmap_prioritization_output_score,95.4,100,index,true
KPI-0001730,E-0012,execution,2025-07-01T00:00:00.000Z,2025-09-30T00:00:00.000Z,execution_output_score,103.3,100,index,true
KPI-0001732,E-0012,roadmap_prioritization,2025-07-01T00:00:00.000Z,2025-09-30T00:00:00.000Z,roadmap_prioritization_output_score,96.4,100,index,true
KPI-0001743,E-0012,execution,2025-10-01T00:00:00.000Z,2025-12-31T00:00:00.000Z,execution_output_score,102.9,100,index,true
KPI-0001745,E-0012,roadmap_prioritization,2025-10-01T00:00:00.000Z,2025-12-31T00:00:00.000Z,roadmap_prioritization_output_score,98.3,100,index,true
KPI-0001766,E-0012,execution,2026-01-01T00:00:00.000Z,2026-03-31T00:00:00.000Z,execution_output_score,103.3,100,index,true
KPI-0001768,E-0012,roadmap_prioritization,2026-01-01T00:00:00.000Z,2026-03-31T00:00:00.000Z,roadmap_prioritization_output_score,94,100,index,true
KPI-0001773,E-0012,execution,2026-04-01T00:00:00.000Z,2026-06-30T00:00:00.000Z,execution_output_score,110.4,100,index,true
KPI-0001775,E-0012,roadmap_prioritization,2026-04-01T00:00:00.000Z,2026-06-30T00:00:00.000Z,roadmap_prioritization_output_score,101.2,100,index,true
KPI-0001791,E-0012,execution,2026-07-01T00:00:00.000Z,2026-09-29T00:00:00.000Z,execution_output_score,104,100,index,true
KPI-0001812,E-0013,execution,2024-10-01T00:00:00.000Z,2024-12-31T00:00:00.000Z,execution_output_score,66.4,100,index,true
KPI-0001830,E-0013,execution,2025-01-01T00:00:00.000Z,2025-03-31T00:00:00.000Z,execution_output_score,80.6,100,index,true
KPI-0001832,E-0013,visual_craft,2025-01-01T00:00:00.000Z,2025-03-31T00:00:00.000Z,visual_craft_output_score,81.8,100,index,true
KPI-0001845,E-0013,visual_craft,2025-04-01T00:00:00.000Z,2025-06-30T00:00:00.000Z,visual_craft_output_score,87.4,100,index,true
KPI-0001879,E-0013,execution,2025-10-01T00:00:00.000Z,2025-12-31T00:00:00.000Z,execution_output_score,92.1,100,index,true
KPI-0001881,E-0013,visual_craft,2025-10-01T00:00:00.000Z,2025-12-31T00:00:00.000Z,visual_craft_output_score,84.1,100,index,true
KPI-0001908,E-0013,visual_craft,2026-01-01T00:00:00.000Z,2026-03-31T00:00:00.000Z,visual_craft_output_score,90.4,100,index,true
KPI-0001917,E-0013,execution,2026-04-01T00:00:00.000Z,2026-06-30T00:00:00.000Z,execution_output_score,93.9,100,index,true
KPI-0001919,E-0013,visual_craft,2026-04-01T00:00:00.000Z,2026-06-30T00:00:00.000Z,visual_craft_output_score,89.4,100,index,true
KPI-0001931,E-0013,execution,2026-07-01T00:00:00.000Z,2026-09-29T00:00:00.000Z,execution_output_score,102.4,100,index,true
KPI-0001933,E-0013,visual_craft,2026-07-01T00:00:00.000Z,2026-09-29T00:00:00.000Z,visual_craft_output_score,83.1,100,index,true
KPI-0001951,E-0014,execution,2024-10-01T00:00:00.000Z,2024-12-31T00:00:00.000Z,execution_output_score,60.6,100,index,true
KPI-0001953,E-0014,financial_modeling,2024-10-01T00:00:00.000Z,2024-12-31T00:00:00.000Z,financial_modeling_output_score,75.2,100,index,true
KPI-0001972,E-0014,execution,2025-01-01T00:00:00.000Z,2025-03-31T00:00:00.000Z,execution_output_score,80.4,100,index,true
KPI-0001974,E-0014,financial_modeling,2025-01-01T00:00:00.000Z,2025-03-31T00:00:00.000Z,financial_modeling_output_score,86.6,100,index,true
KPI-0001986,E-0014,execution,2025-04-01T00:00:00.000Z,2025-06-30T00:00:00.000Z,execution_output_score,68.3,100,index,true
KPI-0002000,E-0014,execution,2025-07-01T00:00:00.000Z,2025-09-30T00:00:00.000Z,execution_output_score,70.2,100,index,true
KPI-0002025,E-0014,execution,2026-01-01T00:00:00.000Z,2026-03-31T00:00:00.000Z,execution_output_score,86.7,100,index,true
KPI-0002031,E-0014,execution,2026-04-01T00:00:00.000Z,2026-06-30T00:00:00.000Z,execution_output_score,96.5,100,index,true
KPI-0002044,E-0014,execution,2026-07-01T00:00:00.000Z,2026-09-29T00:00:00.000Z,execution_output_score,95,100,index,true
KPI-0002096,E-0015,talent_assessment,2025-01-01T00:00:00.000Z,2025-03-31T00:00:00.000Z,talent_assessment_output_score,101.4,100,index,true
KPI-0002109,E-0015,execution,2025-04-01T00:00:00.000Z,2025-06-30T00:00:00.000Z,execution_output_score,72.5,100,index,true
KPI-0002111,E-0015,talent_assessment,2025-04-01T00:00:00.000Z,2025-06-30T00:00:00.000Z,talent_assessment_output_score,102.2,100,index,true
KPI-0002126,E-0015,execution,2025-07-01T00:00:00.000Z,2025-09-30T00:00:00.000Z,execution_output_score,83.4,100,index,true
KPI-0002128,E-0015,talent_assessment,2025-07-01T00:00:00.000Z,2025-09-30T00:00:00.000Z,talent_assessment_output_score,93.2,100,index,true
KPI-0002147,E-0015,execution,2025-10-01T00:00:00.000Z,2025-12-31T00:00:00.000Z,execution_output_score,87.1,100,index,true
KPI-0002149,E-0015,talent_assessment,2025-10-01T00:00:00.000Z,2025-12-31T00:00:00.000Z,talent_assessment_output_score,91.9,100,index,true
KPI-0002173,E-0015,execution,2026-01-01T00:00:00.000Z,2026-03-31T00:00:00.000Z,execution_output_score,88.3,100,index,true
KPI-0002175,E-0015,talent_assessment,2026-01-01T00:00:00.000Z,2026-03-31T00:00:00.000Z,talent_assessment_output_score,96.9,100,index,true
KPI-0002187,E-0015,execution,2026-04-01T00:00:00.000Z,2026-06-30T00:00:00.000Z,execution_output_score,94,100,index,true
KPI-0002189,E-0015,talent_assessment,2026-04-01T00:00:00.000Z,2026-06-30T00:00:00.000Z,talent_assessment_output_score,94.1,100,index,true
KPI-0002210,E-0015,execution,2026-07-01T00:00:00.000Z,2026-09-29T00:00:00.000Z,execution_output_score,104.6,100,index,true
KPI-0002212,E-0015,talent_assessment,2026-07-01T00:00:00.000Z,2026-09-29T00:00:00.000Z,talent_assessment_output_score,83.2,100,index,true
KPI-0002236,E-0016,customer_resolution,2024-10-01T00:00:00.000Z,2024-12-31T00:00:00.000Z,customer_resolution_output_score,75.8,100,index,true
KPI-0002258,E-0016,execution,2025-01-01T00:00:00.000Z,2025-03-31T00:00:00.000Z,execution_output_score,82.1,100,index,true
KPI-0002260,E-0016,customer_resolution,2025-01-01T00:00:00.000Z,2025-03-31T00:00:00.000Z,customer_resolution_output_score,80,100,index,true
KPI-0002276,E-0016,execution,2025-04-01T00:00:00.000Z,2025-06-30T00:00:00.000Z,execution_output_score,79.7,100,index,true
KPI-0002278,E-0016,customer_resolution,2025-04-01T00:00:00.000Z,2025-06-30T00:00:00.000Z,customer_resolution_output_score,82.7,100,index,true
KPI-0002299,E-0016,execution,2025-07-01T00:00:00.000Z,2025-09-30T00:00:00.000Z,execution_output_score,76.7,100,index,true
KPI-0002301,E-0016,customer_resolution,2025-07-01T00:00:00.000Z,2025-09-30T00:00:00.000Z,customer_resolution_output_score,85,100,index,true
KPI-0002314,E-0016,execution,2025-10-01T00:00:00.000Z,2025-12-31T00:00:00.000Z,execution_output_score,78.3,100,index,true
KPI-0002316,E-0016,customer_resolution,2025-10-01T00:00:00.000Z,2025-12-31T00:00:00.000Z,customer_resolution_output_score,80.4,100,index,true
KPI-0002337,E-0016,execution,2026-01-01T00:00:00.000Z,2026-03-31T00:00:00.000Z,execution_output_score,80.5,100,index,true
KPI-0002339,E-0016,customer_resolution,2026-01-01T00:00:00.000Z,2026-03-31T00:00:00.000Z,customer_resolution_output_score,83.8,100,index,true
KPI-0002363,E-0017,execution,2024-10-01T00:00:00.000Z,2024-12-31T00:00:00.000Z,execution_output_score,79.1,100,index,true
KPI-0002365,E-0017,system_design,2024-10-01T00:00:00.000Z,2024-12-31T00:00:00.000Z,system_design_output_score,66,100,index,true
KPI-0002375,E-0017,execution,2025-01-01T00:00:00.000Z,2025-03-31T00:00:00.000Z,execution_output_score,73.4,100,index,true
KPI-0002387,E-0017,execution,2025-04-01T00:00:00.000Z,2025-06-30T00:00:00.000Z,execution_output_score,82.8,100,index,true
KPI-0002389,E-0017,system_design,2025-04-01T00:00:00.000Z,2025-06-30T00:00:00.000Z,system_design_output_score,75.5,100,index,true
KPI-0002405,E-0017,system_design,2025-07-01T00:00:00.000Z,2025-09-30T00:00:00.000Z,system_design_output_score,69.1,100,index,true
KPI-0002414,E-0017,system_design,2025-10-01T00:00:00.000Z,2025-12-31T00:00:00.000Z,system_design_output_score,83.8,100,index,true
KPI-0002426,E-0017,system_design,2026-01-01T00:00:00.000Z,2026-03-31T00:00:00.000Z,system_design_output_score,84.5,100,index,true
KPI-0002444,E-0017,system_design,2026-04-01T00:00:00.000Z,2026-06-30T00:00:00.000Z,system_design_output_score,95.5,100,index,true
KPI-0002469,E-0017,system_design,2026-07-01T00:00:00.000Z,2026-09-29T00:00:00.000Z,system_design_output_score,93.1,100,index,true
KPI-0002492,E-0018,pipeline_mgmt,2024-10-01T00:00:00.000Z,2024-12-31T00:00:00.000Z,pipeline_mgmt_output_score,74.2,100,index,true
KPI-0002519,E-0018,execution,2025-01-01T00:00:00.000Z,2025-03-31T00:00:00.000Z,execution_output_score,89.7,100,index,true
KPI-0002527,E-0018,execution,2025-04-01T00:00:00.000Z,2025-06-30T00:00:00.000Z,execution_output_score,92.9,100,index,true
KPI-0002547,E-0018,execution,2025-07-01T00:00:00.000Z,2025-09-30T00:00:00.000Z,execution_output_score,87.7,100,index,true
KPI-0002549,E-0018,pipeline_mgmt,2025-07-01T00:00:00.000Z,2025-09-30T00:00:00.000Z,pipeline_mgmt_output_score,72.4,100,index,true
KPI-0002558,E-0018,execution,2025-10-01T00:00:00.000Z,2025-12-31T00:00:00.000Z,execution_output_score,90.2,100,index,true
KPI-0002560,E-0018,pipeline_mgmt,2025-10-01T00:00:00.000Z,2025-12-31T00:00:00.000Z,pipeline_mgmt_output_score,80.9,100,index,true
KPI-0002576,E-0018,pipeline_mgmt,2026-01-01T00:00:00.000Z,2026-03-31T00:00:00.000Z,pipeline_mgmt_output_score,88.7,100,index,true
KPI-0002590,E-0018,execution,2026-04-01T00:00:00.000Z,2026-06-30T00:00:00.000Z,execution_output_score,97.1,100,index,true
KPI-0002592,E-0018,pipeline_mgmt,2026-04-01T00:00:00.000Z,2026-06-30T00:00:00.000Z,pipeline_mgmt_output_score,89.2,100,index,true
KPI-0002609,E-0018,pipeline_mgmt,2026-07-01T00:00:00.000Z,2026-09-29T00:00:00.000Z,pipeline_mgmt_output_score,92.9,100,index,true
KPI-0002621,E-0019,execution,2024-10-01T00:00:00.000Z,2024-12-31T00:00:00.000Z,execution_output_score,72.6,100,index,true
KPI-0002641,E-0019,execution,2025-01-01T00:00:00.000Z,2025-03-31T00:00:00.000Z,execution_output_score,63.2,100,index,true
KPI-0002650,E-0019,execution,2025-04-01T00:00:00.000Z,2025-06-30T00:00:00.000Z,execution_output_score,72.3,100,index,true
KPI-0002652,E-0019,campaign_strategy,2025-04-01T00:00:00.000Z,2025-06-30T00:00:00.000Z,campaign_strategy_output_score,72.6,100,index,true
KPI-0002670,E-0019,execution,2025-07-01T00:00:00.000Z,2025-09-30T00:00:00.000Z,execution_output_score,67.6,100,index,true
KPI-0002672,E-0019,campaign_strategy,2025-07-01T00:00:00.000Z,2025-09-30T00:00:00.000Z,campaign_strategy_output_score,72.7,100,index,true
KPI-0002681,E-0019,execution,2025-10-01T00:00:00.000Z,2025-12-31T00:00:00.000Z,execution_output_score,73.2,100,index,true
KPI-0002683,E-0019,campaign_strategy,2025-10-01T00:00:00.000Z,2025-12-31T00:00:00.000Z,campaign_strategy_output_score,72.1,100,index,true
KPI-0002705,E-0019,execution,2026-01-01T00:00:00.000Z,2026-03-31T00:00:00.000Z,execution_output_score,74.9,100,index,true
KPI-0002711,E-0019,execution,2026-04-01T00:00:00.000Z,2026-06-30T00:00:00.000Z,execution_output_score,80.4,100,index,true
KPI-0002726,E-0019,execution,2026-07-01T00:00:00.000Z,2026-09-29T00:00:00.000Z,execution_output_score,85.3,100,index,true
KPI-0002728,E-0019,campaign_strategy,2026-07-01T00:00:00.000Z,2026-09-29T00:00:00.000Z,campaign_strategy_output_score,88.9,100,index,true
KPI-0002745,E-0020,roadmap_prioritization,2024-10-01T00:00:00.000Z,2024-12-31T00:00:00.000Z,roadmap_prioritization_output_score,67.1,100,index,true
KPI-0002771,E-0020,execution,2025-01-01T00:00:00.000Z,2025-03-31T00:00:00.000Z,execution_output_score,67.5,100,index,true
KPI-0002777,E-0020,roadmap_prioritization,2025-04-01T00:00:00.000Z,2025-06-30T00:00:00.000Z,roadmap_prioritization_output_score,74.5,100,index,true
KPI-0002801,E-0020,execution,2025-07-01T00:00:00.000Z,2025-09-30T00:00:00.000Z,execution_output_score,75.3,100,index,true
KPI-0002803,E-0020,roadmap_prioritization,2025-07-01T00:00:00.000Z,2025-09-30T00:00:00.000Z,roadmap_prioritization_output_score,79.4,100,index,true
KPI-0002816,E-0020,roadmap_prioritization,2025-10-01T00:00:00.000Z,2025-12-31T00:00:00.000Z,roadmap_prioritization_output_score,93.4,100,index,true
KPI-0002838,E-0020,roadmap_prioritization,2026-01-01T00:00:00.000Z,2026-03-31T00:00:00.000Z,roadmap_prioritization_output_score,99,100,index,true
KPI-0002857,E-0020,execution,2026-04-01T00:00:00.000Z,2026-06-30T00:00:00.000Z,execution_output_score,72.3,100,index,true
KPI-0002859,E-0020,roadmap_prioritization,2026-04-01T00:00:00.000Z,2026-06-30T00:00:00.000Z,roadmap_prioritization_output_score,101.4,100,index,true
KPI-0002883,E-0020,execution,2026-07-01T00:00:00.000Z,2026-09-29T00:00:00.000Z,execution_output_score,70.1,100,index,true
KPI-0002885,E-0020,roadmap_prioritization,2026-07-01T00:00:00.000Z,2026-09-29T00:00:00.000Z,roadmap_prioritization_output_score,101.7,100,index,true
KPI-0002911,E-0021,visual_craft,2024-10-01T00:00:00.000Z,2024-12-31T00:00:00.000Z,visual_craft_output_score,62,100,index,true
KPI-0002937,E-0021,execution,2025-01-01T00:00:00.000Z,2025-03-31T00:00:00.000Z,execution_output_score,76.9,100,index,true
KPI-0002939,E-0021,visual_craft,2025-01-01T00:00:00.000Z,2025-03-31T00:00:00.000Z,visual_craft_output_score,72.1,100,index,true
KPI-0002955,E-0021,execution,2025-04-01T00:00:00.000Z,2025-06-30T00:00:00.000Z,execution_output_score,73.9,100,index,true
KPI-0002957,E-0021,visual_craft,2025-04-01T00:00:00.000Z,2025-06-30T00:00:00.000Z,visual_craft_output_score,60.4,100,index,true
KPI-0002977,E-0021,visual_craft,2025-07-01T00:00:00.000Z,2025-09-30T00:00:00.000Z,visual_craft_output_score,71.4,100,index,true
KPI-0002996,E-0021,visual_craft,2025-10-01T00:00:00.000Z,2025-12-31T00:00:00.000Z,visual_craft_output_score,65.7,100,index,true
KPI-0003012,E-0021,visual_craft,2026-01-01T00:00:00.000Z,2026-03-31T00:00:00.000Z,visual_craft_output_score,77.6,100,index,true
KPI-0003051,E-0021,visual_craft,2026-07-01T00:00:00.000Z,2026-09-29T00:00:00.000Z,visual_craft_output_score,78.3,100,index,true
KPI-0003075,E-0022,execution,2024-10-01T00:00:00.000Z,2024-12-31T00:00:00.000Z,execution_output_score,74.2,100,index,true
KPI-0003077,E-0022,financial_modeling,2024-10-01T00:00:00.000Z,2024-12-31T00:00:00.000Z,financial_modeling_output_score,74.3,100,index,true
KPI-0003093,E-0022,financial_modeling,2025-01-01T00:00:00.000Z,2025-03-31T00:00:00.000Z,financial_modeling_output_score,74.6,100,index,true
KPI-0003105,E-0022,execution,2025-04-01T00:00:00.000Z,2025-06-30T00:00:00.000Z,execution_output_score,73.2,100,index,true
KPI-0003107,E-0022,financial_modeling,2025-04-01T00:00:00.000Z,2025-06-30T00:00:00.000Z,financial_modeling_output_score,75.3,100,index,true
KPI-0003131,E-0022,execution,2025-07-01T00:00:00.000Z,2025-09-30T00:00:00.000Z,execution_output_score,66.8,100,index,true
KPI-0003133,E-0022,financial_modeling,2025-07-01T00:00:00.000Z,2025-09-30T00:00:00.000Z,financial_modeling_output_score,89,100,index,true
KPI-0003139,E-0022,execution,2025-10-01T00:00:00.000Z,2025-12-31T00:00:00.000Z,execution_output_score,70.9,100,index,true
KPI-0003141,E-0022,financial_modeling,2025-10-01T00:00:00.000Z,2025-12-31T00:00:00.000Z,financial_modeling_output_score,86.7,100,index,true
KPI-0003160,E-0022,execution,2026-01-01T00:00:00.000Z,2026-03-31T00:00:00.000Z,execution_output_score,71.1,100,index,true
KPI-0003162,E-0022,financial_modeling,2026-01-01T00:00:00.000Z,2026-03-31T00:00:00.000Z,financial_modeling_output_score,93.2,100,index,true
KPI-0003178,E-0022,execution,2026-04-01T00:00:00.000Z,2026-06-30T00:00:00.000Z,execution_output_score,68,100,index,true
KPI-0003202,E-0022,execution,2026-07-01T00:00:00.000Z,2026-09-29T00:00:00.000Z,execution_output_score,82.7,100,index,true
KPI-0003204,E-0022,financial_modeling,2026-07-01T00:00:00.000Z,2026-09-29T00:00:00.000Z,financial_modeling_output_score,105.7,100,index,true
KPI-0003234,E-0023,talent_assessment,2024-10-01T00:00:00.000Z,2024-12-31T00:00:00.000Z,talent_assessment_output_score,61,100,index,true
KPI-0003260,E-0023,execution,2025-01-01T00:00:00.000Z,2025-03-31T00:00:00.000Z,execution_output_score,76.2,100,index,true
KPI-0003273,E-0023,execution,2025-04-01T00:00:00.000Z,2025-06-30T00:00:00.000Z,execution_output_score,86.5,100,index,true
KPI-0003275,E-0023,talent_assessment,2025-04-01T00:00:00.000Z,2025-06-30T00:00:00.000Z,talent_assessment_output_score,79.2,100,index,true
KPI-0003301,E-0023,execution,2025-07-01T00:00:00.000Z,2025-09-30T00:00:00.000Z,execution_output_score,74.5,100,index,true
KPI-0003303,E-0023,talent_assessment,2025-07-01T00:00:00.000Z,2025-09-30T00:00:00.000Z,talent_assessment_output_score,79.4,100,index,true
KPI-0003315,E-0023,execution,2025-10-01T00:00:00.000Z,2025-12-31T00:00:00.000Z,execution_output_score,88.6,100,index,true
KPI-0003317,E-0023,talent_assessment,2025-10-01T00:00:00.000Z,2025-12-31T00:00:00.000Z,talent_assessment_output_score,92.7,100,index,true
KPI-0003334,E-0023,execution,2026-01-01T00:00:00.000Z,2026-03-31T00:00:00.000Z,execution_output_score,78.5,100,index,true
KPI-0003336,E-0023,talent_assessment,2026-01-01T00:00:00.000Z,2026-03-31T00:00:00.000Z,talent_assessment_output_score,84.8,100,index,true
KPI-0003345,E-0023,execution,2026-04-01T00:00:00.000Z,2026-06-30T00:00:00.000Z,execution_output_score,83.9,100,index,true
KPI-0003347,E-0023,talent_assessment,2026-04-01T00:00:00.000Z,2026-06-30T00:00:00.000Z,talent_assessment_output_score,78.7,100,index,true
KPI-0003363,E-0023,execution,2026-07-01T00:00:00.000Z,2026-09-29T00:00:00.000Z,execution_output_score,87.4,100,index,true
KPI-0003365,E-0023,talent_assessment,2026-07-01T00:00:00.000Z,2026-09-29T00:00:00.000Z,talent_assessment_output_score,94.2,100,index,true
KPI-0003385,E-0024,execution,2024-10-01T00:00:00.000Z,2024-12-31T00:00:00.000Z,execution_output_score,70.3,100,index,true
KPI-0003387,E-0024,customer_resolution,2024-10-01T00:00:00.000Z,2024-12-31T00:00:00.000Z,customer_resolution_output_score,74.5,100,index,true
KPI-0003406,E-0024,execution,2025-01-01T00:00:00.000Z,2025-03-31T00:00:00.000Z,execution_output_score,60,100,index,true
KPI-0003408,E-0024,customer_resolution,2025-01-01T00:00:00.000Z,2025-03-31T00:00:00.000Z,customer_resolution_output_score,71.6,100,index,true
KPI-0003424,E-0024,customer_resolution,2025-04-01T00:00:00.000Z,2025-06-30T00:00:00.000Z,customer_resolution_output_score,64.5,100,index,true
KPI-0003450,E-0024,execution,2025-07-01T00:00:00.000Z,2025-09-30T00:00:00.000Z,execution_output_score,59.6,100,index,true
KPI-0003452,E-0024,customer_resolution,2025-07-01T00:00:00.000Z,2025-09-30T00:00:00.000Z,customer_resolution_output_score,64.6,100,index,true
KPI-0003471,E-0024,execution,2025-10-01T00:00:00.000Z,2025-12-31T00:00:00.000Z,execution_output_score,70.4,100,index,true
KPI-0003473,E-0024,customer_resolution,2025-10-01T00:00:00.000Z,2025-12-31T00:00:00.000Z,customer_resolution_output_score,50,100,index,true
KPI-0003494,E-0024,execution,2026-01-01T00:00:00.000Z,2026-03-31T00:00:00.000Z,execution_output_score,76.1,100,index,true
KPI-0003496,E-0024,customer_resolution,2026-01-01T00:00:00.000Z,2026-03-31T00:00:00.000Z,customer_resolution_output_score,65.2,100,index,true
KPI-0003502,E-0024,execution,2026-04-01T00:00:00.000Z,2026-06-30T00:00:00.000Z,execution_output_score,76.1,100,index,true
KPI-0003504,E-0024,customer_resolution,2026-04-01T00:00:00.000Z,2026-06-30T00:00:00.000Z,customer_resolution_output_score,60.2,100,index,true
KPI-0003530,E-0024,execution,2026-07-01T00:00:00.000Z,2026-09-29T00:00:00.000Z,execution_output_score,90.2,100,index,true
KPI-0003532,E-0024,customer_resolution,2026-07-01T00:00:00.000Z,2026-09-29T00:00:00.000Z,customer_resolution_output_score,66.2,100,index,true
KPI-0003562,E-0025,execution,2024-10-01T00:00:00.000Z,2024-12-31T00:00:00.000Z,execution_output_score,72.3,100,index,true
KPI-0003564,E-0025,system_design,2024-10-01T00:00:00.000Z,2024-12-31T00:00:00.000Z,system_design_output_score,80.2,100,index,true
KPI-0003592,E-0025,execution,2025-01-01T00:00:00.000Z,2025-03-31T00:00:00.000Z,execution_output_score,74.9,100,index,true
KPI-0003594,E-0025,system_design,2025-01-01T00:00:00.000Z,2025-03-31T00:00:00.000Z,system_design_output_score,69.4,100,index,true
KPI-0003602,E-0025,execution,2025-04-01T00:00:00.000Z,2025-06-30T00:00:00.000Z,execution_output_score,62.8,100,index,true
KPI-0003604,E-0025,system_design,2025-04-01T00:00:00.000Z,2025-06-30T00:00:00.000Z,system_design_output_score,66.6,100,index,true
KPI-0003621,E-0025,execution,2025-07-01T00:00:00.000Z,2025-09-30T00:00:00.000Z,execution_output_score,72.9,100,index,true
KPI-0003623,E-0025,system_design,2025-07-01T00:00:00.000Z,2025-09-30T00:00:00.000Z,system_design_output_score,67.6,100,index,true
KPI-0003635,E-0025,execution,2025-10-01T00:00:00.000Z,2025-12-31T00:00:00.000Z,execution_output_score,69.3,100,index,true
KPI-0003662,E-0025,execution,2026-01-01T00:00:00.000Z,2026-03-31T00:00:00.000Z,execution_output_score,64,100,index,true
KPI-0003664,E-0025,system_design,2026-01-01T00:00:00.000Z,2026-03-31T00:00:00.000Z,system_design_output_score,78.6,100,index,true
KPI-0003680,E-0025,execution,2026-04-01T00:00:00.000Z,2026-06-30T00:00:00.000Z,execution_output_score,68.6,100,index,true
KPI-0003682,E-0025,system_design,2026-04-01T00:00:00.000Z,2026-06-30T00:00:00.000Z,system_design_output_score,91,100,index,true
KPI-0003699,E-0025,system_design,2026-07-01T00:00:00.000Z,2026-09-29T00:00:00.000Z,system_design_output_score,103.6,100,index,true
KPI-0003727,E-0026,execution,2024-10-01T00:00:00.000Z,2024-12-31T00:00:00.000Z,execution_output_score,66.7,100,index,true
KPI-0003729,E-0026,pipeline_mgmt,2024-10-01T00:00:00.000Z,2024-12-31T00:00:00.000Z,pipeline_mgmt_output_score,72.9,100,index,true
KPI-0003739,E-0026,execution,2025-01-01T00:00:00.000Z,2025-03-31T00:00:00.000Z,execution_output_score,72.4,100,index,true
KPI-0003741,E-0026,pipeline_mgmt,2025-01-01T00:00:00.000Z,2025-03-31T00:00:00.000Z,pipeline_mgmt_output_score,62.7,100,index,true
KPI-0003756,E-0026,execution,2025-04-01T00:00:00.000Z,2025-06-30T00:00:00.000Z,execution_output_score,80,100,index,true
KPI-0003758,E-0026,pipeline_mgmt,2025-04-01T00:00:00.000Z,2025-06-30T00:00:00.000Z,pipeline_mgmt_output_score,77.9,100,index,true
KPI-0003783,E-0026,execution,2025-07-01T00:00:00.000Z,2025-09-30T00:00:00.000Z,execution_output_score,84.1,100,index,true
KPI-0003785,E-0026,pipeline_mgmt,2025-07-01T00:00:00.000Z,2025-09-30T00:00:00.000Z,pipeline_mgmt_output_score,67,100,index,true
KPI-0003822,E-0026,execution,2026-01-01T00:00:00.000Z,2026-03-31T00:00:00.000Z,execution_output_score,86,100,index,true
KPI-0003824,E-0026,pipeline_mgmt,2026-01-01T00:00:00.000Z,2026-03-31T00:00:00.000Z,pipeline_mgmt_output_score,64.5,100,index,true
KPI-0003833,E-0026,execution,2026-04-01T00:00:00.000Z,2026-06-30T00:00:00.000Z,execution_output_score,98,100,index,true
KPI-0003835,E-0026,pipeline_mgmt,2026-04-01T00:00:00.000Z,2026-06-30T00:00:00.000Z,pipeline_mgmt_output_score,69,100,index,true
KPI-0003849,E-0026,execution,2026-07-01T00:00:00.000Z,2026-09-29T00:00:00.000Z,execution_output_score,97.8,100,index,true
KPI-0003851,E-0026,pipeline_mgmt,2026-07-01T00:00:00.000Z,2026-09-29T00:00:00.000Z,pipeline_mgmt_output_score,70.5,100,index,true
KPI-0003872,E-0027,execution,2024-10-01T00:00:00.000Z,2024-12-31T00:00:00.000Z,execution_output_score,63.2,100,index,true
KPI-0003900,E-0027,execution,2025-01-01T00:00:00.000Z,2025-03-31T00:00:00.000Z,execution_output_score,72.7,100,index,true
KPI-0003902,E-0027,campaign_strategy,2025-01-01T00:00:00.000Z,2025-03-31T00:00:00.000Z,campaign_strategy_output_score,73.9,100,index,true
KPI-0003908,E-0027,execution,2025-04-01T00:00:00.000Z,2025-06-30T00:00:00.000Z,execution_output_score,62.4,100,index,true
KPI-0003910,E-0027,campaign_strategy,2025-04-01T00:00:00.000Z,2025-06-30T00:00:00.000Z,campaign_strategy_output_score,73.6,100,index,true
KPI-0003941,E-0027,execution,2025-07-01T00:00:00.000Z,2025-09-30T00:00:00.000Z,execution_output_score,66.3,100,index,true
KPI-0003943,E-0027,campaign_strategy,2025-07-01T00:00:00.000Z,2025-09-30T00:00:00.000Z,campaign_strategy_output_score,76.5,100,index,true
KPI-0003956,E-0027,execution,2025-10-01T00:00:00.000Z,2025-12-31T00:00:00.000Z,execution_output_score,71.2,100,index,true
KPI-0003958,E-0027,campaign_strategy,2025-10-01T00:00:00.000Z,2025-12-31T00:00:00.000Z,campaign_strategy_output_score,84.8,100,index,true
KPI-0003981,E-0027,execution,2026-01-01T00:00:00.000Z,2026-03-31T00:00:00.000Z,execution_output_score,73.2,100,index,true
KPI-0003983,E-0027,campaign_strategy,2026-01-01T00:00:00.000Z,2026-03-31T00:00:00.000Z,campaign_strategy_output_score,93.4,100,index,true
KPI-0003996,E-0027,execution,2026-04-01T00:00:00.000Z,2026-06-30T00:00:00.000Z,execution_output_score,87,100,index,true
KPI-0003998,E-0027,campaign_strategy,2026-04-01T00:00:00.000Z,2026-06-30T00:00:00.000Z,campaign_strategy_output_score,94.2,100,index,true
KPI-0004020,E-0027,campaign_strategy,2026-07-01T00:00:00.000Z,2026-09-29T00:00:00.000Z,campaign_strategy_output_score,97.5,100,index,true
KPI-0004056,E-0028,execution,2024-10-01T00:00:00.000Z,2024-12-31T00:00:00.000Z,execution_output_score,62.5,100,index,true
KPI-0004058,E-0028,roadmap_prioritization,2024-10-01T00:00:00.000Z,2024-12-31T00:00:00.000Z,roadmap_prioritization_output_score,67.9,100,index,true
KPI-0004076,E-0028,execution,2025-01-01T00:00:00.000Z,2025-03-31T00:00:00.000Z,execution_output_score,69.7,100,index,true
KPI-0004078,E-0028,roadmap_prioritization,2025-01-01T00:00:00.000Z,2025-03-31T00:00:00.000Z,roadmap_prioritization_output_score,66.6,100,index,true
KPI-0004080,E-0028,roadmap_prioritization,2025-04-01T00:00:00.000Z,2025-06-30T00:00:00.000Z,roadmap_prioritization_output_score,68.4,100,index,true
KPI-0004097,E-0028,roadmap_prioritization,2025-07-01T00:00:00.000Z,2025-09-30T00:00:00.000Z,roadmap_prioritization_output_score,64.1,100,index,true
KPI-0004109,E-0028,execution,2025-10-01T00:00:00.000Z,2025-12-31T00:00:00.000Z,execution_output_score,85.5,100,index,true
KPI-0004126,E-0028,roadmap_prioritization,2026-01-01T00:00:00.000Z,2026-03-31T00:00:00.000Z,roadmap_prioritization_output_score,73.1,100,index,true
KPI-0004135,E-0028,execution,2026-04-01T00:00:00.000Z,2026-06-30T00:00:00.000Z,execution_output_score,100.1,100,index,true
KPI-0004137,E-0028,roadmap_prioritization,2026-04-01T00:00:00.000Z,2026-06-30T00:00:00.000Z,roadmap_prioritization_output_score,80,100,index,true
KPI-0004150,E-0028,execution,2026-07-01T00:00:00.000Z,2026-09-29T00:00:00.000Z,execution_output_score,98.9,100,index,true
KPI-0004152,E-0028,roadmap_prioritization,2026-07-01T00:00:00.000Z,2026-09-29T00:00:00.000Z,roadmap_prioritization_output_score,72.4,100,index,true
KPI-0004173,E-0029,execution,2024-10-01T00:00:00.000Z,2024-12-31T00:00:00.000Z,execution_output_score,75.3,100,index,true
KPI-0004175,E-0029,visual_craft,2024-10-01T00:00:00.000Z,2024-12-31T00:00:00.000Z,visual_craft_output_score,66.4,100,index,true
KPI-0004195,E-0029,execution,2025-01-01T00:00:00.000Z,2025-03-31T00:00:00.000Z,execution_output_score,72.4,100,index,true
KPI-0004197,E-0029,visual_craft,2025-01-01T00:00:00.000Z,2025-03-31T00:00:00.000Z,visual_craft_output_score,66.5,100,index,true
KPI-0004209,E-0029,visual_craft,2025-04-01T00:00:00.000Z,2025-06-30T00:00:00.000Z,visual_craft_output_score,69.1,100,index,true
KPI-0004240,E-0029,execution,2025-07-01T00:00:00.000Z,2025-09-30T00:00:00.000Z,execution_output_score,73.9,100,index,true
KPI-0004242,E-0029,visual_craft,2025-07-01T00:00:00.000Z,2025-09-30T00:00:00.000Z,visual_craft_output_score,77.7,100,index,true
KPI-0004255,E-0029,visual_craft,2025-10-01T00:00:00.000Z,2025-12-31T00:00:00.000Z,visual_craft_output_score,78.4,100,index,true
KPI-0004276,E-0029,execution,2026-01-01T00:00:00.000Z,2026-03-31T00:00:00.000Z,execution_output_score,72.4,100,index,true
KPI-0004278,E-0029,visual_craft,2026-01-01T00:00:00.000Z,2026-03-31T00:00:00.000Z,visual_craft_output_score,81.3,100,index,true
KPI-0004287,E-0029,visual_craft,2026-04-01T00:00:00.000Z,2026-06-30T00:00:00.000Z,visual_craft_output_score,95,100,index,true
KPI-0004314,E-0029,execution,2026-07-01T00:00:00.000Z,2026-09-29T00:00:00.000Z,execution_output_score,77.2,100,index,true
KPI-0004316,E-0029,visual_craft,2026-07-01T00:00:00.000Z,2026-09-29T00:00:00.000Z,visual_craft_output_score,88.8,100,index,true
KPI-0004336,E-0030,execution,2024-10-01T00:00:00.000Z,2024-12-31T00:00:00.000Z,execution_output_score,93.5,100,index,true
KPI-0004338,E-0030,financial_modeling,2024-10-01T00:00:00.000Z,2024-12-31T00:00:00.000Z,financial_modeling_output_score,90.8,100,index,true
KPI-0004353,E-0030,execution,2025-01-01T00:00:00.000Z,2025-03-31T00:00:00.000Z,execution_output_score,96.3,100,index,true
KPI-0004355,E-0030,financial_modeling,2025-01-01T00:00:00.000Z,2025-03-31T00:00:00.000Z,financial_modeling_output_score,95.5,100,index,true
KPI-0004367,E-0030,execution,2025-04-01T00:00:00.000Z,2025-06-30T00:00:00.000Z,execution_output_score,100,100,index,true
KPI-0004369,E-0030,financial_modeling,2025-04-01T00:00:00.000Z,2025-06-30T00:00:00.000Z,financial_modeling_output_score,90.2,100,index,true
KPI-0004393,E-0030,execution,2025-07-01T00:00:00.000Z,2025-09-30T00:00:00.000Z,execution_output_score,94.6,100,index,true
KPI-0004395,E-0030,financial_modeling,2025-07-01T00:00:00.000Z,2025-09-30T00:00:00.000Z,financial_modeling_output_score,91.3,100,index,true
KPI-0004403,E-0030,execution,2025-10-01T00:00:00.000Z,2025-12-31T00:00:00.000Z,execution_output_score,96,100,index,true
KPI-0004411,E-0030,execution,2026-01-01T00:00:00.000Z,2026-03-31T00:00:00.000Z,execution_output_score,91.2,100,index,true
KPI-0004413,E-0030,financial_modeling,2026-01-01T00:00:00.000Z,2026-03-31T00:00:00.000Z,financial_modeling_output_score,86.5,100,index,true
KPI-0004428,E-0030,execution,2026-04-01T00:00:00.000Z,2026-06-30T00:00:00.000Z,execution_output_score,91.6,100,index,true
KPI-0004430,E-0030,financial_modeling,2026-04-01T00:00:00.000Z,2026-06-30T00:00:00.000Z,financial_modeling_output_score,88.5,100,index,true
KPI-0004455,E-0030,execution,2026-07-01T00:00:00.000Z,2026-09-29T00:00:00.000Z,execution_output_score,94.9,100,index,true
KPI-0004457,E-0030,financial_modeling,2026-07-01T00:00:00.000Z,2026-09-29T00:00:00.000Z,financial_modeling_output_score,93.9,100,index,true
KPI-0004480,E-0031,execution,2024-10-01T00:00:00.000Z,2024-12-31T00:00:00.000Z,execution_output_score,70.8,100,index,true
KPI-0004500,E-0031,execution,2025-01-01T00:00:00.000Z,2025-03-31T00:00:00.000Z,execution_output_score,73.1,100,index,true
KPI-0004502,E-0031,talent_assessment,2025-01-01T00:00:00.000Z,2025-03-31T00:00:00.000Z,talent_assessment_output_score,76.4,100,index,true
KPI-0004521,E-0031,execution,2025-04-01T00:00:00.000Z,2025-06-30T00:00:00.000Z,execution_output_score,76,100,index,true
KPI-0004523,E-0031,talent_assessment,2025-04-01T00:00:00.000Z,2025-06-30T00:00:00.000Z,talent_assessment_output_score,71.2,100,index,true
KPI-0004543,E-0031,execution,2025-07-01T00:00:00.000Z,2025-09-30T00:00:00.000Z,execution_output_score,80.5,100,index,true
KPI-0004545,E-0031,talent_assessment,2025-07-01T00:00:00.000Z,2025-09-30T00:00:00.000Z,talent_assessment_output_score,68.5,100,index,true
KPI-0004564,E-0031,talent_assessment,2025-10-01T00:00:00.000Z,2025-12-31T00:00:00.000Z,talent_assessment_output_score,73.5,100,index,true
KPI-0004591,E-0031,execution,2026-01-01T00:00:00.000Z,2026-03-31T00:00:00.000Z,execution_output_score,71.8,100,index,true
KPI-0004593,E-0031,talent_assessment,2026-01-01T00:00:00.000Z,2026-03-31T00:00:00.000Z,talent_assessment_output_score,85.3,100,index,true
KPI-0004609,E-0031,execution,2026-04-01T00:00:00.000Z,2026-06-30T00:00:00.000Z,execution_output_score,76.1,100,index,true
KPI-0004611,E-0031,talent_assessment,2026-04-01T00:00:00.000Z,2026-06-30T00:00:00.000Z,talent_assessment_output_score,85.8,100,index,true
KPI-0004629,E-0031,execution,2026-07-01T00:00:00.000Z,2026-09-29T00:00:00.000Z,execution_output_score,76.1,100,index,true
KPI-0004631,E-0031,talent_assessment,2026-07-01T00:00:00.000Z,2026-09-29T00:00:00.000Z,talent_assessment_output_score,86.4,100,index,true
KPI-0004656,E-0032,customer_resolution,2024-10-01T00:00:00.000Z,2024-12-31T00:00:00.000Z,customer_resolution_output_score,112.1,100,index,true
KPI-0004671,E-0032,execution,2025-01-01T00:00:00.000Z,2025-03-31T00:00:00.000Z,execution_output_score,71.3,100,index,true
KPI-0004673,E-0032,customer_resolution,2025-01-01T00:00:00.000Z,2025-03-31T00:00:00.000Z,customer_resolution_output_score,106.1,100,index,true
KPI-0004682,E-0032,execution,2025-04-01T00:00:00.000Z,2025-06-30T00:00:00.000Z,execution_output_score,63.8,100,index,true
KPI-0004684,E-0032,customer_resolution,2025-04-01T00:00:00.000Z,2025-06-30T00:00:00.000Z,customer_resolution_output_score,98,100,index,true
KPI-0004713,E-0032,execution,2025-07-01T00:00:00.000Z,2025-09-30T00:00:00.000Z,execution_output_score,64.1,100,index,true
KPI-0004715,E-0032,customer_resolution,2025-07-01T00:00:00.000Z,2025-09-30T00:00:00.000Z,customer_resolution_output_score,95.2,100,index,true
KPI-0004731,E-0032,execution,2025-10-01T00:00:00.000Z,2025-12-31T00:00:00.000Z,execution_output_score,71,100,index,true
KPI-0004733,E-0032,customer_resolution,2025-10-01T00:00:00.000Z,2025-12-31T00:00:00.000Z,customer_resolution_output_score,94.5,100,index,true
KPI-0004756,E-0032,execution,2026-01-01T00:00:00.000Z,2026-03-31T00:00:00.000Z,execution_output_score,79.8,100,index,true
KPI-0004758,E-0032,customer_resolution,2026-01-01T00:00:00.000Z,2026-03-31T00:00:00.000Z,customer_resolution_output_score,82.3,100,index,true
KPI-0004777,E-0032,execution,2026-04-01T00:00:00.000Z,2026-06-30T00:00:00.000Z,execution_output_score,82.2,100,index,true
KPI-0004779,E-0032,customer_resolution,2026-04-01T00:00:00.000Z,2026-06-30T00:00:00.000Z,customer_resolution_output_score,79.7,100,index,true
KPI-0004789,E-0032,execution,2026-07-01T00:00:00.000Z,2026-09-29T00:00:00.000Z,execution_output_score,97.6,100,index,true
KPI-0004791,E-0032,customer_resolution,2026-07-01T00:00:00.000Z,2026-09-29T00:00:00.000Z,customer_resolution_output_score,72.7,100,index,true
KPI-0004802,E-0033,execution,2024-10-01T00:00:00.000Z,2024-12-31T00:00:00.000Z,execution_output_score,78.1,100,index,true
KPI-0004831,E-0033,execution,2025-01-01T00:00:00.000Z,2025-03-31T00:00:00.000Z,execution_output_score,74.3,100,index,true
KPI-0004844,E-0033,execution,2025-04-01T00:00:00.000Z,2025-06-30T00:00:00.000Z,execution_output_score,70.1,100,index,true
KPI-0004846,E-0033,system_design,2025-04-01T00:00:00.000Z,2025-06-30T00:00:00.000Z,system_design_output_score,75.3,100,index,true
KPI-0004861,E-0033,execution,2025-07-01T00:00:00.000Z,2025-09-30T00:00:00.000Z,execution_output_score,70,100,index,true
KPI-0004873,E-0033,execution,2025-10-01T00:00:00.000Z,2025-12-31T00:00:00.000Z,execution_output_score,72.7,100,index,true
KPI-0004875,E-0033,system_design,2025-10-01T00:00:00.000Z,2025-12-31T00:00:00.000Z,system_design_output_score,69,100,index,true
KPI-0004903,E-0033,execution,2026-04-01T00:00:00.000Z,2026-06-30T00:00:00.000Z,execution_output_score,71.3,100,index,true
KPI-0004905,E-0033,system_design,2026-04-01T00:00:00.000Z,2026-06-30T00:00:00.000Z,system_design_output_score,77.2,100,index,true
KPI-0004921,E-0033,system_design,2026-07-01T00:00:00.000Z,2026-09-29T00:00:00.000Z,system_design_output_score,82.1,100,index,true
KPI-0004949,E-0034,execution,2024-10-01T00:00:00.000Z,2024-12-31T00:00:00.000Z,execution_output_score,104.8,100,index,true
KPI-0004951,E-0034,pipeline_mgmt,2024-10-01T00:00:00.000Z,2024-12-31T00:00:00.000Z,pipeline_mgmt_output_score,100.8,100,index,true
KPI-0004976,E-0034,execution,2025-01-01T00:00:00.000Z,2025-03-31T00:00:00.000Z,execution_output_score,89.7,100,index,true
KPI-0004978,E-0034,pipeline_mgmt,2025-01-01T00:00:00.000Z,2025-03-31T00:00:00.000Z,pipeline_mgmt_output_score,94.2,100,index,true
KPI-0004987,E-0034,execution,2025-04-01T00:00:00.000Z,2025-06-30T00:00:00.000Z,execution_output_score,98.2,100,index,true
KPI-0004989,E-0034,pipeline_mgmt,2025-04-01T00:00:00.000Z,2025-06-30T00:00:00.000Z,pipeline_mgmt_output_score,86.9,100,index,true
KPI-0005005,E-0034,pipeline_mgmt,2025-07-01T00:00:00.000Z,2025-09-30T00:00:00.000Z,pipeline_mgmt_output_score,90.7,100,index,true
KPI-0005010,E-0034,pipeline_mgmt,2025-10-01T00:00:00.000Z,2025-12-31T00:00:00.000Z,pipeline_mgmt_output_score,79.5,100,index,true
KPI-0005027,E-0034,pipeline_mgmt,2026-01-01T00:00:00.000Z,2026-03-31T00:00:00.000Z,pipeline_mgmt_output_score,75.4,100,index,true
KPI-0005044,E-0034,execution,2026-04-01T00:00:00.000Z,2026-06-30T00:00:00.000Z,execution_output_score,71.2,100,index,true
KPI-0005046,E-0034,pipeline_mgmt,2026-04-01T00:00:00.000Z,2026-06-30T00:00:00.000Z,pipeline_mgmt_output_score,78.8,100,index,true
KPI-0005060,E-0034,execution,2026-07-01T00:00:00.000Z,2026-09-29T00:00:00.000Z,execution_output_score,70.2,100,index,true
KPI-0005062,E-0034,pipeline_mgmt,2026-07-01T00:00:00.000Z,2026-09-29T00:00:00.000Z,pipeline_mgmt_output_score,73.4,100,index,true
KPI-0005084,E-0035,execution,2024-10-01T00:00:00.000Z,2024-12-31T00:00:00.000Z,execution_output_score,65.4,100,index,true
KPI-0005086,E-0035,campaign_strategy,2024-10-01T00:00:00.000Z,2024-12-31T00:00:00.000Z,campaign_strategy_output_score,90.1,100,index,true
KPI-0005107,E-0035,campaign_strategy,2025-01-01T00:00:00.000Z,2025-03-31T00:00:00.000Z,campaign_strategy_output_score,90.3,100,index,true
KPI-0005123,E-0035,execution,2025-04-01T00:00:00.000Z,2025-06-30T00:00:00.000Z,execution_output_score,60.6,100,index,true
KPI-0005125,E-0035,campaign_strategy,2025-04-01T00:00:00.000Z,2025-06-30T00:00:00.000Z,campaign_strategy_output_score,91.1,100,index,true
KPI-0005150,E-0035,execution,2025-07-01T00:00:00.000Z,2025-09-30T00:00:00.000Z,execution_output_score,59.1,100,index,true
KPI-0005152,E-0035,campaign_strategy,2025-07-01T00:00:00.000Z,2025-09-30T00:00:00.000Z,campaign_strategy_output_score,88.2,100,index,true
KPI-0005168,E-0035,execution,2025-10-01T00:00:00.000Z,2025-12-31T00:00:00.000Z,execution_output_score,69.8,100,index,true
KPI-0005170,E-0035,campaign_strategy,2025-10-01T00:00:00.000Z,2025-12-31T00:00:00.000Z,campaign_strategy_output_score,94.6,100,index,true
KPI-0005190,E-0035,execution,2026-01-01T00:00:00.000Z,2026-03-31T00:00:00.000Z,execution_output_score,81.4,100,index,true
KPI-0005192,E-0035,campaign_strategy,2026-01-01T00:00:00.000Z,2026-03-31T00:00:00.000Z,campaign_strategy_output_score,94.3,100,index,true
KPI-0005198,E-0035,execution,2026-04-01T00:00:00.000Z,2026-06-30T00:00:00.000Z,execution_output_score,82,100,index,true
KPI-0005200,E-0035,campaign_strategy,2026-04-01T00:00:00.000Z,2026-06-30T00:00:00.000Z,campaign_strategy_output_score,88.1,100,index,true
KPI-0005219,E-0035,execution,2026-07-01T00:00:00.000Z,2026-09-29T00:00:00.000Z,execution_output_score,81.7,100,index,true
KPI-0005221,E-0035,campaign_strategy,2026-07-01T00:00:00.000Z,2026-09-29T00:00:00.000Z,campaign_strategy_output_score,91.4,100,index,true
KPI-0005248,E-0036,execution,2024-10-01T00:00:00.000Z,2024-12-31T00:00:00.000Z,execution_output_score,71.6,100,index,true
KPI-0005250,E-0036,roadmap_prioritization,2024-10-01T00:00:00.000Z,2024-12-31T00:00:00.000Z,roadmap_prioritization_output_score,61.3,100,index,true
KPI-0005268,E-0036,execution,2025-01-01T00:00:00.000Z,2025-03-31T00:00:00.000Z,execution_output_score,76.1,100,index,true
KPI-0005270,E-0036,roadmap_prioritization,2025-01-01T00:00:00.000Z,2025-03-31T00:00:00.000Z,roadmap_prioritization_output_score,77.4,100,index,true
KPI-0005284,E-0036,execution,2025-04-01T00:00:00.000Z,2025-06-30T00:00:00.000Z,execution_output_score,74.2,100,index,true
KPI-0005286,E-0036,roadmap_prioritization,2025-04-01T00:00:00.000Z,2025-06-30T00:00:00.000Z,roadmap_prioritization_output_score,75.4,100,index,true
KPI-0005301,E-0036,execution,2025-07-01T00:00:00.000Z,2025-09-30T00:00:00.000Z,execution_output_score,84.7,100,index,true
KPI-0005309,E-0036,roadmap_prioritization,2025-10-01T00:00:00.000Z,2025-12-31T00:00:00.000Z,roadmap_prioritization_output_score,88.8,100,index,true
KPI-0005323,E-0036,execution,2026-01-01T00:00:00.000Z,2026-03-31T00:00:00.000Z,execution_output_score,87.6,100,index,true
KPI-0005325,E-0036,roadmap_prioritization,2026-01-01T00:00:00.000Z,2026-03-31T00:00:00.000Z,roadmap_prioritization_output_score,88.1,100,index,true
KPI-0005339,E-0036,execution,2026-04-01T00:00:00.000Z,2026-06-30T00:00:00.000Z,execution_output_score,95.1,100,index,true
KPI-0005341,E-0036,roadmap_prioritization,2026-04-01T00:00:00.000Z,2026-06-30T00:00:00.000Z,roadmap_prioritization_output_score,99.2,100,index,true
KPI-0005365,E-0036,execution,2026-07-01T00:00:00.000Z,2026-09-29T00:00:00.000Z,execution_output_score,97.9,100,index,true
KPI-0005367,E-0036,roadmap_prioritization,2026-07-01T00:00:00.000Z,2026-09-29T00:00:00.000Z,roadmap_prioritization_output_score,103.7,100,index,true
KPI-0005382,E-0037,execution,2024-10-01T00:00:00.000Z,2024-12-31T00:00:00.000Z,execution_output_score,69.9,100,index,true
KPI-0005384,E-0037,visual_craft,2024-10-01T00:00:00.000Z,2024-12-31T00:00:00.000Z,visual_craft_output_score,67.8,100,index,true
KPI-0005407,E-0037,execution,2025-01-01T00:00:00.000Z,2025-03-31T00:00:00.000Z,execution_output_score,70.2,100,index,true
KPI-0005409,E-0037,visual_craft,2025-01-01T00:00:00.000Z,2025-03-31T00:00:00.000Z,visual_craft_output_score,68.1,100,index,true
KPI-0005428,E-0037,visual_craft,2025-04-01T00:00:00.000Z,2025-06-30T00:00:00.000Z,visual_craft_output_score,64.6,100,index,true
KPI-0005448,E-0037,execution,2025-07-01T00:00:00.000Z,2025-09-30T00:00:00.000Z,execution_output_score,85.2,100,index,true
KPI-0005450,E-0037,visual_craft,2025-07-01T00:00:00.000Z,2025-09-30T00:00:00.000Z,visual_craft_output_score,67.2,100,index,true
KPI-0005463,E-0037,execution,2025-10-01T00:00:00.000Z,2025-12-31T00:00:00.000Z,execution_output_score,102.2,100,index,true
KPI-0005465,E-0037,visual_craft,2025-10-01T00:00:00.000Z,2025-12-31T00:00:00.000Z,visual_craft_output_score,69.3,100,index,true
KPI-0005493,E-0037,execution,2026-01-01T00:00:00.000Z,2026-03-31T00:00:00.000Z,execution_output_score,93.9,100,index,true
KPI-0005495,E-0037,visual_craft,2026-01-01T00:00:00.000Z,2026-03-31T00:00:00.000Z,visual_craft_output_score,78.3,100,index,true
KPI-0005504,E-0037,execution,2026-04-01T00:00:00.000Z,2026-06-30T00:00:00.000Z,execution_output_score,97.9,100,index,true
KPI-0005506,E-0037,visual_craft,2026-04-01T00:00:00.000Z,2026-06-30T00:00:00.000Z,visual_craft_output_score,85.2,100,index,true
KPI-0005531,E-0037,execution,2026-07-01T00:00:00.000Z,2026-09-29T00:00:00.000Z,execution_output_score,109.9,100,index,true
KPI-0005533,E-0037,visual_craft,2026-07-01T00:00:00.000Z,2026-09-29T00:00:00.000Z,visual_craft_output_score,83.7,100,index,true
KPI-0005553,E-0038,execution,2024-10-01T00:00:00.000Z,2024-12-31T00:00:00.000Z,execution_output_score,76.3,100,index,true
KPI-0005575,E-0038,execution,2025-01-01T00:00:00.000Z,2025-03-31T00:00:00.000Z,execution_output_score,72.2,100,index,true
KPI-0005577,E-0038,financial_modeling,2025-01-01T00:00:00.000Z,2025-03-31T00:00:00.000Z,financial_modeling_output_score,59.5,100,index,true
KPI-0005596,E-0038,execution,2025-04-01T00:00:00.000Z,2025-06-30T00:00:00.000Z,execution_output_score,77,100,index,true
KPI-0005614,E-0038,execution,2025-07-01T00:00:00.000Z,2025-09-30T00:00:00.000Z,execution_output_score,89.6,100,index,true
KPI-0005616,E-0038,financial_modeling,2025-07-01T00:00:00.000Z,2025-09-30T00:00:00.000Z,financial_modeling_output_score,78.8,100,index,true
KPI-0005631,E-0038,execution,2025-10-01T00:00:00.000Z,2025-12-31T00:00:00.000Z,execution_output_score,92,100,index,true
KPI-0005633,E-0038,financial_modeling,2025-10-01T00:00:00.000Z,2025-12-31T00:00:00.000Z,financial_modeling_output_score,86,100,index,true
KPI-0005652,E-0038,execution,2026-01-01T00:00:00.000Z,2026-03-31T00:00:00.000Z,execution_output_score,98.4,100,index,true
KPI-0005654,E-0038,financial_modeling,2026-01-01T00:00:00.000Z,2026-03-31T00:00:00.000Z,financial_modeling_output_score,92.3,100,index,true
KPI-0005670,E-0038,financial_modeling,2026-04-01T00:00:00.000Z,2026-06-30T00:00:00.000Z,financial_modeling_output_score,94.4,100,index,true
KPI-0005696,E-0038,execution,2026-07-01T00:00:00.000Z,2026-09-29T00:00:00.000Z,execution_output_score,101.8,100,index,true
KPI-0005698,E-0038,financial_modeling,2026-07-01T00:00:00.000Z,2026-09-29T00:00:00.000Z,financial_modeling_output_score,102.7,100,index,true
KPI-0005718,E-0039,execution,2024-10-01T00:00:00.000Z,2024-12-31T00:00:00.000Z,execution_output_score,66.7,100,index,true
KPI-0005730,E-0039,execution,2025-01-01T00:00:00.000Z,2025-03-31T00:00:00.000Z,execution_output_score,77.5,100,index,true
KPI-0005732,E-0039,talent_assessment,2025-01-01T00:00:00.000Z,2025-03-31T00:00:00.000Z,talent_assessment_output_score,74.7,100,index,true
KPI-0005747,E-0039,execution,2025-04-01T00:00:00.000Z,2025-06-30T00:00:00.000Z,execution_output_score,72.3,100,index,true
KPI-0005749,E-0039,talent_assessment,2025-04-01T00:00:00.000Z,2025-06-30T00:00:00.000Z,talent_assessment_output_score,67.4,100,index,true
KPI-0005770,E-0039,execution,2025-07-01T00:00:00.000Z,2025-09-30T00:00:00.000Z,execution_output_score,68.8,100,index,true
KPI-0005772,E-0039,talent_assessment,2025-07-01T00:00:00.000Z,2025-09-30T00:00:00.000Z,talent_assessment_output_score,62.6,100,index,true
KPI-0005787,E-0039,execution,2025-10-01T00:00:00.000Z,2025-12-31T00:00:00.000Z,execution_output_score,75.5,100,index,true
KPI-0005789,E-0039,talent_assessment,2025-10-01T00:00:00.000Z,2025-12-31T00:00:00.000Z,talent_assessment_output_score,73,100,index,true
KPI-0005801,E-0039,execution,2026-01-01T00:00:00.000Z,2026-03-31T00:00:00.000Z,execution_output_score,66.7,100,index,true
KPI-0005803,E-0039,talent_assessment,2026-01-01T00:00:00.000Z,2026-03-31T00:00:00.000Z,talent_assessment_output_score,83.9,100,index,true
KPI-0005812,E-0039,talent_assessment,2026-04-01T00:00:00.000Z,2026-06-30T00:00:00.000Z,talent_assessment_output_score,85.3,100,index,true
KPI-0005832,E-0039,execution,2026-07-01T00:00:00.000Z,2026-09-29T00:00:00.000Z,execution_output_score,65.5,100,index,true
KPI-0005834,E-0039,talent_assessment,2026-07-01T00:00:00.000Z,2026-09-29T00:00:00.000Z,talent_assessment_output_score,96.8,100,index,true
KPI-0005857,E-0040,execution,2024-10-01T00:00:00.000Z,2024-12-31T00:00:00.000Z,execution_output_score,70.9,100,index,true
KPI-0005859,E-0040,customer_resolution,2024-10-01T00:00:00.000Z,2024-12-31T00:00:00.000Z,customer_resolution_output_score,59.3,100,index,true
KPI-0005888,E-0040,execution,2025-01-01T00:00:00.000Z,2025-03-31T00:00:00.000Z,execution_output_score,75.8,100,index,true
KPI-0005890,E-0040,customer_resolution,2025-01-01T00:00:00.000Z,2025-03-31T00:00:00.000Z,customer_resolution_output_score,72.3,100,index,true
KPI-0005895,E-0040,customer_resolution,2025-04-01T00:00:00.000Z,2025-06-30T00:00:00.000Z,customer_resolution_output_score,71.3,100,index,true
KPI-0005917,E-0040,execution,2025-07-01T00:00:00.000Z,2025-09-30T00:00:00.000Z,execution_output_score,87.4,100,index,true
KPI-0005936,E-0040,execution,2025-10-01T00:00:00.000Z,2025-12-31T00:00:00.000Z,execution_output_score,78.8,100,index,true
KPI-0005938,E-0040,customer_resolution,2025-10-01T00:00:00.000Z,2025-12-31T00:00:00.000Z,customer_resolution_output_score,81,100,index,true
KPI-0005960,E-0040,execution,2026-01-01T00:00:00.000Z,2026-03-31T00:00:00.000Z,execution_output_score,93.4,100,index,true
KPI-0005962,E-0040,customer_resolution,2026-01-01T00:00:00.000Z,2026-03-31T00:00:00.000Z,customer_resolution_output_score,86.1,100,index,true
KPI-0005975,E-0040,execution,2026-04-01T00:00:00.000Z,2026-06-30T00:00:00.000Z,execution_output_score,99.9,100,index,true
KPI-0005977,E-0040,customer_resolution,2026-04-01T00:00:00.000Z,2026-06-30T00:00:00.000Z,customer_resolution_output_score,94.9,100,index,true
KPI-0005992,E-0040,execution,2026-07-01T00:00:00.000Z,2026-09-29T00:00:00.000Z,execution_output_score,97.5,100,index,true
KPI-0005994,E-0040,customer_resolution,2026-07-01T00:00:00.000Z,2026-09-29T00:00:00.000Z,customer_resolution_output_score,91.3,100,index,true
KPI-0006023,E-0041,execution,2024-10-01T00:00:00.000Z,2024-12-31T00:00:00.000Z,execution_output_score,67.9,100,index,true
KPI-0006025,E-0041,system_design,2024-10-01T00:00:00.000Z,2024-12-31T00:00:00.000Z,system_design_output_score,71.4,100,index,true
KPI-0006048,E-0041,execution,2025-01-01T00:00:00.000Z,2025-03-31T00:00:00.000Z,execution_output_score,67.2,100,index,true
KPI-0006050,E-0041,system_design,2025-01-01T00:00:00.000Z,2025-03-31T00:00:00.000Z,system_design_output_score,70.8,100,index,true
KPI-0006066,E-0041,execution,2025-04-01T00:00:00.000Z,2025-06-30T00:00:00.000Z,execution_output_score,68.4,100,index,true
KPI-0006068,E-0041,system_design,2025-04-01T00:00:00.000Z,2025-06-30T00:00:00.000Z,system_design_output_score,91.7,100,index,true
KPI-0006092,E-0041,execution,2025-07-01T00:00:00.000Z,2025-09-30T00:00:00.000Z,execution_output_score,74.2,100,index,true
KPI-0006094,E-0041,system_design,2025-07-01T00:00:00.000Z,2025-09-30T00:00:00.000Z,system_design_output_score,76.6,100,index,true
KPI-0006106,E-0041,system_design,2025-10-01T00:00:00.000Z,2025-12-31T00:00:00.000Z,system_design_output_score,85,100,index,true
KPI-0006125,E-0041,system_design,2026-01-01T00:00:00.000Z,2026-03-31T00:00:00.000Z,system_design_output_score,96.6,100,index,true
KPI-0006141,E-0041,execution,2026-04-01T00:00:00.000Z,2026-06-30T00:00:00.000Z,execution_output_score,70.2,100,index,true
KPI-0006163,E-0041,execution,2026-07-01T00:00:00.000Z,2026-09-29T00:00:00.000Z,execution_output_score,74.8,100,index,true
KPI-0006165,E-0041,system_design,2026-07-01T00:00:00.000Z,2026-09-29T00:00:00.000Z,system_design_output_score,104.5,100,index,true
KPI-0006188,E-0042,execution,2024-10-01T00:00:00.000Z,2024-12-31T00:00:00.000Z,execution_output_score,67.6,100,index,true
KPI-0006190,E-0042,pipeline_mgmt,2024-10-01T00:00:00.000Z,2024-12-31T00:00:00.000Z,pipeline_mgmt_output_score,61.2,100,index,true
KPI-0006204,E-0042,execution,2025-01-01T00:00:00.000Z,2025-03-31T00:00:00.000Z,execution_output_score,71.7,100,index,true
KPI-0006206,E-0042,pipeline_mgmt,2025-01-01T00:00:00.000Z,2025-03-31T00:00:00.000Z,pipeline_mgmt_output_score,73.8,100,index,true
KPI-0006215,E-0042,pipeline_mgmt,2025-04-01T00:00:00.000Z,2025-06-30T00:00:00.000Z,pipeline_mgmt_output_score,86.7,100,index,true
KPI-0006239,E-0042,execution,2025-07-01T00:00:00.000Z,2025-09-30T00:00:00.000Z,execution_output_score,70.1,100,index,true
KPI-0006241,E-0042,pipeline_mgmt,2025-07-01T00:00:00.000Z,2025-09-30T00:00:00.000Z,pipeline_mgmt_output_score,91.3,100,index,true
KPI-0006250,E-0042,execution,2025-10-01T00:00:00.000Z,2025-12-31T00:00:00.000Z,execution_output_score,76,100,index,true
KPI-0006252,E-0042,pipeline_mgmt,2025-10-01T00:00:00.000Z,2025-12-31T00:00:00.000Z,pipeline_mgmt_output_score,80.8,100,index,true
KPI-0006283,E-0042,execution,2026-04-01T00:00:00.000Z,2026-06-30T00:00:00.000Z,execution_output_score,84.6,100,index,true
KPI-0006303,E-0042,execution,2026-07-01T00:00:00.000Z,2026-09-29T00:00:00.000Z,execution_output_score,91,100,index,true
KPI-0006305,E-0042,pipeline_mgmt,2026-07-01T00:00:00.000Z,2026-09-29T00:00:00.000Z,pipeline_mgmt_output_score,111.4,100,index,true
KPI-0006327,E-0043,execution,2024-10-01T00:00:00.000Z,2024-12-31T00:00:00.000Z,execution_output_score,70.4,100,index,true
KPI-0006329,E-0043,campaign_strategy,2024-10-01T00:00:00.000Z,2024-12-31T00:00:00.000Z,campaign_strategy_output_score,75.3,100,index,true
KPI-0006347,E-0043,execution,2025-01-01T00:00:00.000Z,2025-03-31T00:00:00.000Z,execution_output_score,68.2,100,index,true
KPI-0006349,E-0043,campaign_strategy,2025-01-01T00:00:00.000Z,2025-03-31T00:00:00.000Z,campaign_strategy_output_score,72.2,100,index,true
KPI-0006351,E-0043,execution,2025-04-01T00:00:00.000Z,2025-06-30T00:00:00.000Z,execution_output_score,71.4,100,index,true
KPI-0006371,E-0043,execution,2025-07-01T00:00:00.000Z,2025-09-30T00:00:00.000Z,execution_output_score,67.1,100,index,true
KPI-0006373,E-0043,campaign_strategy,2025-07-01T00:00:00.000Z,2025-09-30T00:00:00.000Z,campaign_strategy_output_score,73.5,100,index,true
KPI-0006405,E-0043,execution,2026-01-01T00:00:00.000Z,2026-03-31T00:00:00.000Z,execution_output_score,77.5,100,index,true
KPI-0006407,E-0043,campaign_strategy,2026-01-01T00:00:00.000Z,2026-03-31T00:00:00.000Z,campaign_strategy_output_score,72.6,100,index,true
KPI-0006419,E-0043,execution,2026-04-01T00:00:00.000Z,2026-06-30T00:00:00.000Z,execution_output_score,80.6,100,index,true
KPI-0006421,E-0043,campaign_strategy,2026-04-01T00:00:00.000Z,2026-06-30T00:00:00.000Z,campaign_strategy_output_score,73,100,index,true
KPI-0006435,E-0043,execution,2026-07-01T00:00:00.000Z,2026-09-29T00:00:00.000Z,execution_output_score,91.8,100,index,true
KPI-0006437,E-0043,campaign_strategy,2026-07-01T00:00:00.000Z,2026-09-29T00:00:00.000Z,campaign_strategy_output_score,69.6,100,index,true
KPI-0006452,E-0044,execution,2024-10-01T00:00:00.000Z,2024-12-31T00:00:00.000Z,execution_output_score,65.9,100,index,true
KPI-0006454,E-0044,roadmap_prioritization,2024-10-01T00:00:00.000Z,2024-12-31T00:00:00.000Z,roadmap_prioritization_output_score,76.3,100,index,true
KPI-0006475,E-0044,execution,2025-01-01T00:00:00.000Z,2025-03-31T00:00:00.000Z,execution_output_score,69.9,100,index,true
KPI-0006477,E-0044,roadmap_prioritization,2025-01-01T00:00:00.000Z,2025-03-31T00:00:00.000Z,roadmap_prioritization_output_score,65.3,100,index,true
KPI-0006493,E-0044,execution,2025-04-01T00:00:00.000Z,2025-06-30T00:00:00.000Z,execution_output_score,74.8,100,index,true
KPI-0006495,E-0044,roadmap_prioritization,2025-04-01T00:00:00.000Z,2025-06-30T00:00:00.000Z,roadmap_prioritization_output_score,60.6,100,index,true
KPI-0006512,E-0044,execution,2025-07-01T00:00:00.000Z,2025-09-30T00:00:00.000Z,execution_output_score,78.4,100,index,true
KPI-0006514,E-0044,roadmap_prioritization,2025-07-01T00:00:00.000Z,2025-09-30T00:00:00.000Z,roadmap_prioritization_output_score,71.3,100,index,true
KPI-0006553,E-0044,execution,2026-01-01T00:00:00.000Z,2026-03-31T00:00:00.000Z,execution_output_score,92.4,100,index,true
KPI-0006568,E-0044,roadmap_prioritization,2026-04-01T00:00:00.000Z,2026-06-30T00:00:00.000Z,roadmap_prioritization_output_score,78.4,100,index,true
KPI-0006593,E-0044,execution,2026-07-01T00:00:00.000Z,2026-09-29T00:00:00.000Z,execution_output_score,104.9,100,index,true
KPI-0006595,E-0044,roadmap_prioritization,2026-07-01T00:00:00.000Z,2026-09-29T00:00:00.000Z,roadmap_prioritization_output_score,73.8,100,index,true
KPI-0006641,E-0045,execution,2025-01-01T00:00:00.000Z,2025-03-31T00:00:00.000Z,execution_output_score,102.9,100,index,true
KPI-0006643,E-0045,visual_craft,2025-01-01T00:00:00.000Z,2025-03-31T00:00:00.000Z,visual_craft_output_score,95.2,100,index,true
KPI-0006652,E-0045,execution,2025-04-01T00:00:00.000Z,2025-06-30T00:00:00.000Z,execution_output_score,98,100,index,true
KPI-0006674,E-0045,execution,2025-07-01T00:00:00.000Z,2025-09-30T00:00:00.000Z,execution_output_score,97.8,100,index,true
KPI-0006676,E-0045,visual_craft,2025-07-01T00:00:00.000Z,2025-09-30T00:00:00.000Z,visual_craft_output_score,93.3,100,index,true
KPI-0006684,E-0045,visual_craft,2025-10-01T00:00:00.000Z,2025-12-31T00:00:00.000Z,visual_craft_output_score,93.3,100,index,true
KPI-0006712,E-0045,execution,2026-04-01T00:00:00.000Z,2026-06-30T00:00:00.000Z,execution_output_score,107,100,index,true
KPI-0006714,E-0045,visual_craft,2026-04-01T00:00:00.000Z,2026-06-30T00:00:00.000Z,visual_craft_output_score,92.6,100,index,true
KPI-0006739,E-0045,execution,2026-07-01T00:00:00.000Z,2026-09-29T00:00:00.000Z,execution_output_score,103.6,100,index,true
KPI-0006775,E-0046,financial_modeling,2024-10-01T00:00:00.000Z,2024-12-31T00:00:00.000Z,financial_modeling_output_score,103.9,100,index,true
KPI-0006796,E-0046,execution,2025-01-01T00:00:00.000Z,2025-03-31T00:00:00.000Z,execution_output_score,66,100,index,true
KPI-0006815,E-0046,execution,2025-04-01T00:00:00.000Z,2025-06-30T00:00:00.000Z,execution_output_score,64.1,100,index,true
KPI-0006833,E-0046,execution,2025-07-01T00:00:00.000Z,2025-09-30T00:00:00.000Z,execution_output_score,77.7,100,index,true
KPI-0006835,E-0046,financial_modeling,2025-07-01T00:00:00.000Z,2025-09-30T00:00:00.000Z,financial_modeling_output_score,94.9,100,index,true
KPI-0006851,E-0046,financial_modeling,2025-10-01T00:00:00.000Z,2025-12-31T00:00:00.000Z,financial_modeling_output_score,82.3,100,index,true
KPI-0006882,E-0046,execution,2026-01-01T00:00:00.000Z,2026-03-31T00:00:00.000Z,execution_output_score,69.9,100,index,true
KPI-0006895,E-0046,execution,2026-04-01T00:00:00.000Z,2026-06-30T00:00:00.000Z,execution_output_score,69.7,100,index,true
KPI-0006897,E-0046,financial_modeling,2026-04-01T00:00:00.000Z,2026-06-30T00:00:00.000Z,financial_modeling_output_score,80,100,index,true
KPI-0006922,E-0046,execution,2026-07-01T00:00:00.000Z,2026-09-29T00:00:00.000Z,execution_output_score,68.8,100,index,true
KPI-0006946,E-0047,execution,2024-10-01T00:00:00.000Z,2024-12-31T00:00:00.000Z,execution_output_score,65.4,100,index,true
KPI-0006948,E-0047,talent_assessment,2024-10-01T00:00:00.000Z,2024-12-31T00:00:00.000Z,talent_assessment_output_score,84.5,100,index,true
KPI-0006962,E-0047,execution,2025-01-01T00:00:00.000Z,2025-03-31T00:00:00.000Z,execution_output_score,66.4,100,index,true
KPI-0006964,E-0047,talent_assessment,2025-01-01T00:00:00.000Z,2025-03-31T00:00:00.000Z,talent_assessment_output_score,85.2,100,index,true
KPI-0006973,E-0047,talent_assessment,2025-04-01T00:00:00.000Z,2025-06-30T00:00:00.000Z,talent_assessment_output_score,84.2,100,index,true
KPI-0006998,E-0047,execution,2025-07-01T00:00:00.000Z,2025-09-30T00:00:00.000Z,execution_output_score,57.8,100,index,true
KPI-0007010,E-0047,execution,2025-10-01T00:00:00.000Z,2025-12-31T00:00:00.000Z,execution_output_score,70.3,100,index,true
KPI-0007012,E-0047,talent_assessment,2025-10-01T00:00:00.000Z,2025-12-31T00:00:00.000Z,talent_assessment_output_score,78.9,100,index,true
KPI-0007036,E-0047,execution,2026-01-01T00:00:00.000Z,2026-03-31T00:00:00.000Z,execution_output_score,79.9,100,index,true
KPI-0007038,E-0047,talent_assessment,2026-01-01T00:00:00.000Z,2026-03-31T00:00:00.000Z,talent_assessment_output_score,75.6,100,index,true
KPI-0007054,E-0047,execution,2026-04-01T00:00:00.000Z,2026-06-30T00:00:00.000Z,execution_output_score,73.9,100,index,true
KPI-0007056,E-0047,talent_assessment,2026-04-01T00:00:00.000Z,2026-06-30T00:00:00.000Z,talent_assessment_output_score,82,100,index,true
KPI-0007073,E-0047,execution,2026-07-01T00:00:00.000Z,2026-09-29T00:00:00.000Z,execution_output_score,83.2,100,index,true
KPI-0007084,E-0048,customer_resolution,2024-10-01T00:00:00.000Z,2024-12-31T00:00:00.000Z,customer_resolution_output_score,71.8,100,index,true
KPI-0007100,E-0048,execution,2025-01-01T00:00:00.000Z,2025-03-31T00:00:00.000Z,execution_output_score,59.7,100,index,true
KPI-0007102,E-0048,customer_resolution,2025-01-01T00:00:00.000Z,2025-03-31T00:00:00.000Z,customer_resolution_output_score,77.8,100,index,true
KPI-0007115,E-0048,execution,2025-04-01T00:00:00.000Z,2025-06-30T00:00:00.000Z,execution_output_score,70.2,100,index,true
KPI-0007117,E-0048,customer_resolution,2025-04-01T00:00:00.000Z,2025-06-30T00:00:00.000Z,customer_resolution_output_score,78.7,100,index,true
KPI-0007127,E-0048,customer_resolution,2025-07-01T00:00:00.000Z,2025-09-30T00:00:00.000Z,customer_resolution_output_score,74.4,100,index,true
KPI-0007136,E-0048,execution,2025-10-01T00:00:00.000Z,2025-12-31T00:00:00.000Z,execution_output_score,80.7,100,index,true
KPI-0007156,E-0048,execution,2026-01-01T00:00:00.000Z,2026-03-31T00:00:00.000Z,execution_output_score,81.3,100,index,true
KPI-0007158,E-0048,customer_resolution,2026-01-01T00:00:00.000Z,2026-03-31T00:00:00.000Z,customer_resolution_output_score,69.7,100,index,true
KPI-0007164,E-0048,execution,2026-04-01T00:00:00.000Z,2026-06-30T00:00:00.000Z,execution_output_score,85.6,100,index,true
KPI-0007180,E-0048,execution,2026-07-01T00:00:00.000Z,2026-09-29T00:00:00.000Z,execution_output_score,88.2,100,index,true
KPI-0007182,E-0048,customer_resolution,2026-07-01T00:00:00.000Z,2026-09-29T00:00:00.000Z,customer_resolution_output_score,64.2,100,index,true
KPI-0007204,E-0049,execution,2024-10-01T00:00:00.000Z,2024-12-31T00:00:00.000Z,execution_output_score,99.5,100,index,true
KPI-0007206,E-0049,system_design,2024-10-01T00:00:00.000Z,2024-12-31T00:00:00.000Z,system_design_output_score,94,100,index,true
KPI-0007235,E-0049,execution,2025-01-01T00:00:00.000Z,2025-03-31T00:00:00.000Z,execution_output_score,98.2,100,index,true
KPI-0007237,E-0049,system_design,2025-01-01T00:00:00.000Z,2025-03-31T00:00:00.000Z,system_design_output_score,86.8,100,index,true
KPI-0007253,E-0049,execution,2025-04-01T00:00:00.000Z,2025-06-30T00:00:00.000Z,execution_output_score,94.1,100,index,true
KPI-0007274,E-0049,execution,2025-07-01T00:00:00.000Z,2025-09-30T00:00:00.000Z,execution_output_score,89.5,100,index,true
KPI-0007289,E-0049,execution,2025-10-01T00:00:00.000Z,2025-12-31T00:00:00.000Z,execution_output_score,88.2,100,index,true
KPI-0007308,E-0049,execution,2026-01-01T00:00:00.000Z,2026-03-31T00:00:00.000Z,execution_output_score,85.7,100,index,true
KPI-0007316,E-0049,execution,2026-04-01T00:00:00.000Z,2026-06-30T00:00:00.000Z,execution_output_score,80.3,100,index,true
KPI-0007335,E-0049,execution,2026-07-01T00:00:00.000Z,2026-09-29T00:00:00.000Z,execution_output_score,70.6,100,index,true
KPI-0007361,E-0050,execution,2024-10-01T00:00:00.000Z,2024-12-31T00:00:00.000Z,execution_output_score,108.9,100,index,true
KPI-0007363,E-0050,pipeline_mgmt,2024-10-01T00:00:00.000Z,2024-12-31T00:00:00.000Z,pipeline_mgmt_output_score,81.2,100,index,true
KPI-0007384,E-0050,execution,2025-01-01T00:00:00.000Z,2025-03-31T00:00:00.000Z,execution_output_score,99,100,index,true
KPI-0007386,E-0050,pipeline_mgmt,2025-01-01T00:00:00.000Z,2025-03-31T00:00:00.000Z,pipeline_mgmt_output_score,80.2,100,index,true
KPI-0007398,E-0050,execution,2025-04-01T00:00:00.000Z,2025-06-30T00:00:00.000Z,execution_output_score,92.6,100,index,true
KPI-0007400,E-0050,pipeline_mgmt,2025-04-01T00:00:00.000Z,2025-06-30T00:00:00.000Z,pipeline_mgmt_output_score,81.7,100,index,true
KPI-0007418,E-0050,pipeline_mgmt,2025-07-01T00:00:00.000Z,2025-09-30T00:00:00.000Z,pipeline_mgmt_output_score,84.6,100,index,true
KPI-0007449,E-0050,execution,2026-01-01T00:00:00.000Z,2026-03-31T00:00:00.000Z,execution_output_score,85.6,100,index,true
KPI-0007470,E-0050,execution,2026-07-01T00:00:00.000Z,2026-09-29T00:00:00.000Z,execution_output_score,70.7,100,index,true
KPI-0007472,E-0050,pipeline_mgmt,2026-07-01T00:00:00.000Z,2026-09-29T00:00:00.000Z,pipeline_mgmt_output_score,98.8,100,index,true
KPI-0007497,E-0051,execution,2024-10-01T00:00:00.000Z,2024-12-31T00:00:00.000Z,execution_output_score,83.9,100,index,true
KPI-0007499,E-0051,campaign_strategy,2024-10-01T00:00:00.000Z,2024-12-31T00:00:00.000Z,campaign_strategy_output_score,69.6,100,index,true
KPI-0007513,E-0051,execution,2025-01-01T00:00:00.000Z,2025-03-31T00:00:00.000Z,execution_output_score,83.4,100,index,true
KPI-0007515,E-0051,campaign_strategy,2025-01-01T00:00:00.000Z,2025-03-31T00:00:00.000Z,campaign_strategy_output_score,70.1,100,index,true
KPI-0007548,E-0051,execution,2025-07-01T00:00:00.000Z,2025-09-30T00:00:00.000Z,execution_output_score,84.5,100,index,true
KPI-0007550,E-0051,campaign_strategy,2025-07-01T00:00:00.000Z,2025-09-30T00:00:00.000Z,campaign_strategy_output_score,76.4,100,index,true
KPI-0007552,E-0051,execution,2025-10-01T00:00:00.000Z,2025-12-31T00:00:00.000Z,execution_output_score,92.1,100,index,true
KPI-0007554,E-0051,campaign_strategy,2025-10-01T00:00:00.000Z,2025-12-31T00:00:00.000Z,campaign_strategy_output_score,79.1,100,index,true
KPI-0007572,E-0051,execution,2026-01-01T00:00:00.000Z,2026-03-31T00:00:00.000Z,execution_output_score,86.4,100,index,true
KPI-0007581,E-0051,campaign_strategy,2026-04-01T00:00:00.000Z,2026-06-30T00:00:00.000Z,campaign_strategy_output_score,86.9,100,index,true
KPI-0007625,E-0052,execution,2024-10-01T00:00:00.000Z,2024-12-31T00:00:00.000Z,execution_output_score,91.6,100,index,true
KPI-0007627,E-0052,roadmap_prioritization,2024-10-01T00:00:00.000Z,2024-12-31T00:00:00.000Z,roadmap_prioritization_output_score,63.8,100,index,true
KPI-0007647,E-0052,execution,2025-01-01T00:00:00.000Z,2025-03-31T00:00:00.000Z,execution_output_score,91.5,100,index,true
KPI-0007649,E-0052,roadmap_prioritization,2025-01-01T00:00:00.000Z,2025-03-31T00:00:00.000Z,roadmap_prioritization_output_score,83,100,index,true
KPI-0007655,E-0052,execution,2025-04-01T00:00:00.000Z,2025-06-30T00:00:00.000Z,execution_output_score,97.9,100,index,true
KPI-0007678,E-0052,execution,2025-07-01T00:00:00.000Z,2025-09-30T00:00:00.000Z,execution_output_score,90.6,100,index,true
KPI-0007680,E-0052,roadmap_prioritization,2025-07-01T00:00:00.000Z,2025-09-30T00:00:00.000Z,roadmap_prioritization_output_score,77.7,100,index,true
KPI-0007713,E-0052,execution,2026-01-01T00:00:00.000Z,2026-03-31T00:00:00.000Z,execution_output_score,92.6,100,index,true
KPI-0007715,E-0052,roadmap_prioritization,2026-01-01T00:00:00.000Z,2026-03-31T00:00:00.000Z,roadmap_prioritization_output_score,101.1,100,index,true
KPI-0007751,E-0052,execution,2026-07-01T00:00:00.000Z,2026-09-29T00:00:00.000Z,execution_output_score,97.1,100,index,true
KPI-0007753,E-0052,roadmap_prioritization,2026-07-01T00:00:00.000Z,2026-09-29T00:00:00.000Z,roadmap_prioritization_output_score,102.1,100,index,true
KPI-0007775,E-0053,execution,2024-10-01T00:00:00.000Z,2024-12-31T00:00:00.000Z,execution_output_score,72.8,100,index,true
KPI-0007777,E-0053,visual_craft,2024-10-01T00:00:00.000Z,2024-12-31T00:00:00.000Z,visual_craft_output_score,65.4,100,index,true
KPI-0007797,E-0053,execution,2025-01-01T00:00:00.000Z,2025-03-31T00:00:00.000Z,execution_output_score,73.9,100,index,true
KPI-0007799,E-0053,visual_craft,2025-01-01T00:00:00.000Z,2025-03-31T00:00:00.000Z,visual_craft_output_score,67.3,100,index,true
KPI-0007807,E-0053,execution,2025-04-01T00:00:00.000Z,2025-06-30T00:00:00.000Z,execution_output_score,73.5,100,index,true
KPI-0007809,E-0053,visual_craft,2025-04-01T00:00:00.000Z,2025-06-30T00:00:00.000Z,visual_craft_output_score,74.4,100,index,true
KPI-0007833,E-0053,execution,2025-07-01T00:00:00.000Z,2025-09-30T00:00:00.000Z,execution_output_score,74.6,100,index,true
KPI-0007835,E-0053,visual_craft,2025-07-01T00:00:00.000Z,2025-09-30T00:00:00.000Z,visual_craft_output_score,75.6,100,index,true
KPI-0007847,E-0053,execution,2025-10-01T00:00:00.000Z,2025-12-31T00:00:00.000Z,execution_output_score,81.3,100,index,true
KPI-0007849,E-0053,visual_craft,2025-10-01T00:00:00.000Z,2025-12-31T00:00:00.000Z,visual_craft_output_score,77.1,100,index,true
KPI-0007867,E-0053,execution,2026-01-01T00:00:00.000Z,2026-03-31T00:00:00.000Z,execution_output_score,87,100,index,true
KPI-0007869,E-0053,visual_craft,2026-01-01T00:00:00.000Z,2026-03-31T00:00:00.000Z,visual_craft_output_score,86.1,100,index,true
KPI-0007875,E-0053,execution,2026-04-01T00:00:00.000Z,2026-06-30T00:00:00.000Z,execution_output_score,87.8,100,index,true
KPI-0007877,E-0053,visual_craft,2026-04-01T00:00:00.000Z,2026-06-30T00:00:00.000Z,visual_craft_output_score,96.3,100,index,true
KPI-0007898,E-0053,execution,2026-07-01T00:00:00.000Z,2026-09-29T00:00:00.000Z,execution_output_score,86.3,100,index,true
KPI-0007900,E-0053,visual_craft,2026-07-01T00:00:00.000Z,2026-09-29T00:00:00.000Z,visual_craft_output_score,96.4,100,index,true
KPI-0007916,E-0054,execution,2024-10-01T00:00:00.000Z,2024-12-31T00:00:00.000Z,execution_output_score,63.7,100,index,true
KPI-0007918,E-0054,financial_modeling,2024-10-01T00:00:00.000Z,2024-12-31T00:00:00.000Z,financial_modeling_output_score,71.8,100,index,true
KPI-0007952,E-0054,financial_modeling,2025-04-01T00:00:00.000Z,2025-06-30T00:00:00.000Z,financial_modeling_output_score,80.9,100,index,true
KPI-0007980,E-0054,execution,2025-07-01T00:00:00.000Z,2025-09-30T00:00:00.000Z,execution_output_score,84.5,100,index,true
KPI-0007982,E-0054,financial_modeling,2025-07-01T00:00:00.000Z,2025-09-30T00:00:00.000Z,financial_modeling_output_score,84.5,100,index,true
KPI-0008001,E-0054,execution,2025-10-01T00:00:00.000Z,2025-12-31T00:00:00.000Z,execution_output_score,87.6,100,index,true
KPI-0008003,E-0054,financial_modeling,2025-10-01T00:00:00.000Z,2025-12-31T00:00:00.000Z,financial_modeling_output_score,80.4,100,index,true
KPI-0008024,E-0054,financial_modeling,2026-01-01T00:00:00.000Z,2026-03-31T00:00:00.000Z,financial_modeling_output_score,80.7,100,index,true
KPI-0008033,E-0054,execution,2026-04-01T00:00:00.000Z,2026-06-30T00:00:00.000Z,execution_output_score,96.8,100,index,true
KPI-0008035,E-0054,financial_modeling,2026-04-01T00:00:00.000Z,2026-06-30T00:00:00.000Z,financial_modeling_output_score,78.1,100,index,true
KPI-0008056,E-0054,financial_modeling,2026-07-01T00:00:00.000Z,2026-09-29T00:00:00.000Z,financial_modeling_output_score,77.6,100,index,true
KPI-0008085,E-0055,execution,2024-10-01T00:00:00.000Z,2024-12-31T00:00:00.000Z,execution_output_score,72.7,100,index,true
KPI-0008087,E-0055,talent_assessment,2024-10-01T00:00:00.000Z,2024-12-31T00:00:00.000Z,talent_assessment_output_score,64.1,100,index,true
KPI-0008116,E-0055,execution,2025-01-01T00:00:00.000Z,2025-03-31T00:00:00.000Z,execution_output_score,70.9,100,index,true
KPI-0008118,E-0055,talent_assessment,2025-01-01T00:00:00.000Z,2025-03-31T00:00:00.000Z,talent_assessment_output_score,67.2,100,index,true
KPI-0008127,E-0055,execution,2025-04-01T00:00:00.000Z,2025-06-30T00:00:00.000Z,execution_output_score,67.6,100,index,true
KPI-0008129,E-0055,talent_assessment,2025-04-01T00:00:00.000Z,2025-06-30T00:00:00.000Z,talent_assessment_output_score,77.1,100,index,true
KPI-0008153,E-0055,execution,2025-07-01T00:00:00.000Z,2025-09-30T00:00:00.000Z,execution_output_score,77.8,100,index,true
KPI-0008155,E-0055,talent_assessment,2025-07-01T00:00:00.000Z,2025-09-30T00:00:00.000Z,talent_assessment_output_score,76,100,index,true
KPI-0008160,E-0055,execution,2025-10-01T00:00:00.000Z,2025-12-31T00:00:00.000Z,execution_output_score,61.2,100,index,true
KPI-0008162,E-0055,talent_assessment,2025-10-01T00:00:00.000Z,2025-12-31T00:00:00.000Z,talent_assessment_output_score,86.4,100,index,true
KPI-0008181,E-0055,execution,2026-01-01T00:00:00.000Z,2026-03-31T00:00:00.000Z,execution_output_score,68.1,100,index,true
KPI-0008194,E-0055,execution,2026-04-01T00:00:00.000Z,2026-06-30T00:00:00.000Z,execution_output_score,64.6,100,index,true
KPI-0008196,E-0055,talent_assessment,2026-04-01T00:00:00.000Z,2026-06-30T00:00:00.000Z,talent_assessment_output_score,94.2,100,index,true
KPI-0008220,E-0055,talent_assessment,2026-07-01T00:00:00.000Z,2026-09-29T00:00:00.000Z,talent_assessment_output_score,103.1,100,index,true
KPI-0008252,E-0056,execution,2024-10-01T00:00:00.000Z,2024-12-31T00:00:00.000Z,execution_output_score,71.9,100,index,true
KPI-0008254,E-0056,customer_resolution,2024-10-01T00:00:00.000Z,2024-12-31T00:00:00.000Z,customer_resolution_output_score,69.5,100,index,true
KPI-0008271,E-0056,execution,2025-01-01T00:00:00.000Z,2025-03-31T00:00:00.000Z,execution_output_score,78.9,100,index,true
KPI-0008284,E-0056,execution,2025-04-01T00:00:00.000Z,2025-06-30T00:00:00.000Z,execution_output_score,72.7,100,index,true
KPI-0008319,E-0056,execution,2025-10-01T00:00:00.000Z,2025-12-31T00:00:00.000Z,execution_output_score,77.2,100,index,true
KPI-0008321,E-0056,customer_resolution,2025-10-01T00:00:00.000Z,2025-12-31T00:00:00.000Z,customer_resolution_output_score,79.3,100,index,true
KPI-0008340,E-0056,execution,2026-01-01T00:00:00.000Z,2026-03-31T00:00:00.000Z,execution_output_score,82.5,100,index,true
KPI-0008342,E-0056,customer_resolution,2026-01-01T00:00:00.000Z,2026-03-31T00:00:00.000Z,customer_resolution_output_score,90.7,100,index,true
KPI-0008351,E-0057,execution,2024-10-01T00:00:00.000Z,2024-12-31T00:00:00.000Z,execution_output_score,69.8,100,index,true
KPI-0008353,E-0057,system_design,2024-10-01T00:00:00.000Z,2024-12-31T00:00:00.000Z,system_design_output_score,106.1,100,index,true
KPI-0008374,E-0057,execution,2025-01-01T00:00:00.000Z,2025-03-31T00:00:00.000Z,execution_output_score,72.6,100,index,true
KPI-0008376,E-0057,system_design,2025-01-01T00:00:00.000Z,2025-03-31T00:00:00.000Z,system_design_output_score,104.5,100,index,true
KPI-0008389,E-0057,execution,2025-04-01T00:00:00.000Z,2025-06-30T00:00:00.000Z,execution_output_score,70.2,100,index,true
KPI-0008391,E-0057,system_design,2025-04-01T00:00:00.000Z,2025-06-30T00:00:00.000Z,system_design_output_score,91.8,100,index,true
KPI-0008412,E-0057,execution,2025-07-01T00:00:00.000Z,2025-09-30T00:00:00.000Z,execution_output_score,73.4,100,index,true
KPI-0008414,E-0057,system_design,2025-07-01T00:00:00.000Z,2025-09-30T00:00:00.000Z,system_design_output_score,94.2,100,index,true
KPI-0008433,E-0057,execution,2025-10-01T00:00:00.000Z,2025-12-31T00:00:00.000Z,execution_output_score,71.1,100,index,true
KPI-0008435,E-0057,system_design,2025-10-01T00:00:00.000Z,2025-12-31T00:00:00.000Z,system_design_output_score,86,100,index,true
KPI-0008464,E-0057,execution,2026-01-01T00:00:00.000Z,2026-03-31T00:00:00.000Z,execution_output_score,77.5,100,index,true
KPI-0008466,E-0057,system_design,2026-01-01T00:00:00.000Z,2026-03-31T00:00:00.000Z,system_design_output_score,85.1,100,index,true
KPI-0008478,E-0057,execution,2026-04-01T00:00:00.000Z,2026-06-30T00:00:00.000Z,execution_output_score,87.7,100,index,true
KPI-0008506,E-0057,execution,2026-07-01T00:00:00.000Z,2026-09-29T00:00:00.000Z,execution_output_score,102,100,index,true
KPI-0008530,E-0058,execution,2024-10-01T00:00:00.000Z,2024-12-31T00:00:00.000Z,execution_output_score,104.2,100,index,true
KPI-0008532,E-0058,pipeline_mgmt,2024-10-01T00:00:00.000Z,2024-12-31T00:00:00.000Z,pipeline_mgmt_output_score,85.9,100,index,true
KPI-0008553,E-0058,execution,2025-01-01T00:00:00.000Z,2025-03-31T00:00:00.000Z,execution_output_score,86.3,100,index,true
KPI-0008555,E-0058,pipeline_mgmt,2025-01-01T00:00:00.000Z,2025-03-31T00:00:00.000Z,pipeline_mgmt_output_score,90.4,100,index,true
KPI-0008557,E-0058,execution,2025-04-01T00:00:00.000Z,2025-06-30T00:00:00.000Z,execution_output_score,92.4,100,index,true
KPI-0008581,E-0058,execution,2025-07-01T00:00:00.000Z,2025-09-30T00:00:00.000Z,execution_output_score,105.3,100,index,true
KPI-0008595,E-0058,execution,2025-10-01T00:00:00.000Z,2025-12-31T00:00:00.000Z,execution_output_score,99,100,index,true
KPI-0008609,E-0058,execution,2026-01-01T00:00:00.000Z,2026-03-31T00:00:00.000Z,execution_output_score,107.7,100,index,true
KPI-0008636,E-0058,execution,2026-07-01T00:00:00.000Z,2026-09-29T00:00:00.000Z,execution_output_score,105.4,100,index,true
KPI-0008656,E-0059,execution,2024-10-01T00:00:00.000Z,2024-12-31T00:00:00.000Z,execution_output_score,65.8,100,index,true
KPI-0008658,E-0059,campaign_strategy,2024-10-01T00:00:00.000Z,2024-12-31T00:00:00.000Z,campaign_strategy_output_score,84.5,100,index,true
KPI-0008686,E-0059,execution,2025-01-01T00:00:00.000Z,2025-03-31T00:00:00.000Z,execution_output_score,72.4,100,index,true
KPI-0008688,E-0059,campaign_strategy,2025-01-01T00:00:00.000Z,2025-03-31T00:00:00.000Z,campaign_strategy_output_score,89.4,100,index,true
KPI-0008703,E-0059,execution,2025-04-01T00:00:00.000Z,2025-06-30T00:00:00.000Z,execution_output_score,76.3,100,index,true
KPI-0008705,E-0059,campaign_strategy,2025-04-01T00:00:00.000Z,2025-06-30T00:00:00.000Z,campaign_strategy_output_score,83.5,100,index,true
KPI-0008727,E-0059,execution,2025-07-01T00:00:00.000Z,2025-09-30T00:00:00.000Z,execution_output_score,82.8,100,index,true
KPI-0008739,E-0059,execution,2025-10-01T00:00:00.000Z,2025-12-31T00:00:00.000Z,execution_output_score,77.3,100,index,true
KPI-0008741,E-0059,campaign_strategy,2025-10-01T00:00:00.000Z,2025-12-31T00:00:00.000Z,campaign_strategy_output_score,74.7,100,index,true
KPI-0008772,E-0059,execution,2026-01-01T00:00:00.000Z,2026-03-31T00:00:00.000Z,execution_output_score,88.9,100,index,true
KPI-0008774,E-0059,campaign_strategy,2026-01-01T00:00:00.000Z,2026-03-31T00:00:00.000Z,campaign_strategy_output_score,74.5,100,index,true
KPI-0008787,E-0059,execution,2026-04-01T00:00:00.000Z,2026-06-30T00:00:00.000Z,execution_output_score,99.8,100,index,true
KPI-0008789,E-0059,campaign_strategy,2026-04-01T00:00:00.000Z,2026-06-30T00:00:00.000Z,campaign_strategy_output_score,75.7,100,index,true
KPI-0008814,E-0059,execution,2026-07-01T00:00:00.000Z,2026-09-29T00:00:00.000Z,execution_output_score,101.4,100,index,true
KPI-0008816,E-0059,campaign_strategy,2026-07-01T00:00:00.000Z,2026-09-29T00:00:00.000Z,campaign_strategy_output_score,76.7,100,index,true
KPI-0008834,E-0060,execution,2024-10-01T00:00:00.000Z,2024-12-31T00:00:00.000Z,execution_output_score,107.7,100,index,true
KPI-0008836,E-0060,roadmap_prioritization,2024-10-01T00:00:00.000Z,2024-12-31T00:00:00.000Z,roadmap_prioritization_output_score,75.1,100,index,true
KPI-0008860,E-0060,execution,2025-01-01T00:00:00.000Z,2025-03-31T00:00:00.000Z,execution_output_score,97.4,100,index,true
KPI-0008862,E-0060,roadmap_prioritization,2025-01-01T00:00:00.000Z,2025-03-31T00:00:00.000Z,roadmap_prioritization_output_score,71.7,100,index,true
KPI-0008874,E-0060,roadmap_prioritization,2025-04-01T00:00:00.000Z,2025-06-30T00:00:00.000Z,roadmap_prioritization_output_score,69.6,100,index,true
KPI-0008901,E-0060,execution,2025-07-01T00:00:00.000Z,2025-09-30T00:00:00.000Z,execution_output_score,91.5,100,index,true
KPI-0008914,E-0060,execution,2025-10-01T00:00:00.000Z,2025-12-31T00:00:00.000Z,execution_output_score,79.5,100,index,true
KPI-0008916,E-0060,roadmap_prioritization,2025-10-01T00:00:00.000Z,2025-12-31T00:00:00.000Z,roadmap_prioritization_output_score,86.9,100,index,true
KPI-0008955,E-0060,execution,2026-04-01T00:00:00.000Z,2026-06-30T00:00:00.000Z,execution_output_score,64.3,100,index,true
KPI-0008975,E-0060,execution,2026-07-01T00:00:00.000Z,2026-09-29T00:00:00.000Z,execution_output_score,69.9,100,index,true
KPI-0008977,E-0060,roadmap_prioritization,2026-07-01T00:00:00.000Z,2026-09-29T00:00:00.000Z,roadmap_prioritization_output_score,91.5,100,index,true
KPI-0008998,E-0061,execution,2024-10-01T00:00:00.000Z,2024-12-31T00:00:00.000Z,execution_output_score,61.8,100,index,true
KPI-0009020,E-0061,execution,2025-01-01T00:00:00.000Z,2025-03-31T00:00:00.000Z,execution_output_score,57.1,100,index,true
KPI-0009025,E-0061,execution,2025-04-01T00:00:00.000Z,2025-06-30T00:00:00.000Z,execution_output_score,64,100,index,true
KPI-0009043,E-0061,execution,2025-07-01T00:00:00.000Z,2025-09-30T00:00:00.000Z,execution_output_score,55.4,100,index,true
KPI-0009055,E-0061,execution,2025-10-01T00:00:00.000Z,2025-12-31T00:00:00.000Z,execution_output_score,73.4,100,index,true
KPI-0009075,E-0061,execution,2026-01-01T00:00:00.000Z,2026-03-31T00:00:00.000Z,execution_output_score,79.3,100,index,true
KPI-0009087,E-0061,execution,2026-04-01T00:00:00.000Z,2026-06-30T00:00:00.000Z,execution_output_score,66.7,100,index,true
KPI-0009104,E-0061,execution,2026-07-01T00:00:00.000Z,2026-09-29T00:00:00.000Z,execution_output_score,83.4,100,index,true
KPI-0009123,E-0062,execution,2024-10-01T00:00:00.000Z,2024-12-31T00:00:00.000Z,execution_output_score,76,100,index,true
KPI-0009125,E-0062,financial_modeling,2024-10-01T00:00:00.000Z,2024-12-31T00:00:00.000Z,financial_modeling_output_score,65.3,100,index,true
KPI-0009135,E-0062,execution,2025-01-01T00:00:00.000Z,2025-03-31T00:00:00.000Z,execution_output_score,80.4,100,index,true
KPI-0009137,E-0062,financial_modeling,2025-01-01T00:00:00.000Z,2025-03-31T00:00:00.000Z,financial_modeling_output_score,78.9,100,index,true
KPI-0009146,E-0062,execution,2025-04-01T00:00:00.000Z,2025-06-30T00:00:00.000Z,execution_output_score,82.7,100,index,true
KPI-0009148,E-0062,financial_modeling,2025-04-01T00:00:00.000Z,2025-06-30T00:00:00.000Z,financial_modeling_output_score,74,100,index,true
KPI-0009176,E-0062,execution,2025-07-01T00:00:00.000Z,2025-09-30T00:00:00.000Z,execution_output_score,98.9,100,index,true
KPI-0009178,E-0062,financial_modeling,2025-07-01T00:00:00.000Z,2025-09-30T00:00:00.000Z,financial_modeling_output_score,84.4,100,index,true
KPI-0009183,E-0062,execution,2025-10-01T00:00:00.000Z,2025-12-31T00:00:00.000Z,execution_output_score,89.3,100,index,true
KPI-0009185,E-0062,financial_modeling,2025-10-01T00:00:00.000Z,2025-12-31T00:00:00.000Z,financial_modeling_output_score,82.1,100,index,true
KPI-0009200,E-0062,execution,2026-01-01T00:00:00.000Z,2026-03-31T00:00:00.000Z,execution_output_score,104.7,100,index,true
KPI-0009202,E-0062,financial_modeling,2026-01-01T00:00:00.000Z,2026-03-31T00:00:00.000Z,financial_modeling_output_score,90.1,100,index,true
KPI-0009210,E-0062,execution,2026-04-01T00:00:00.000Z,2026-06-30T00:00:00.000Z,execution_output_score,108.8,100,index,true
KPI-0009229,E-0062,execution,2026-07-01T00:00:00.000Z,2026-09-29T00:00:00.000Z,execution_output_score,108.6,100,index,true
KPI-0009231,E-0062,financial_modeling,2026-07-01T00:00:00.000Z,2026-09-29T00:00:00.000Z,financial_modeling_output_score,102.9,100,index,true
KPI-0009254,E-0063,execution,2024-10-01T00:00:00.000Z,2024-12-31T00:00:00.000Z,execution_output_score,70.5,100,index,true
KPI-0009278,E-0063,talent_assessment,2025-01-01T00:00:00.000Z,2025-03-31T00:00:00.000Z,talent_assessment_output_score,72.5,100,index,true
KPI-0009297,E-0063,execution,2025-04-01T00:00:00.000Z,2025-06-30T00:00:00.000Z,execution_output_score,65.2,100,index,true
KPI-0009313,E-0063,execution,2025-07-01T00:00:00.000Z,2025-09-30T00:00:00.000Z,execution_output_score,71.6,100,index,true
KPI-0009315,E-0063,talent_assessment,2025-07-01T00:00:00.000Z,2025-09-30T00:00:00.000Z,talent_assessment_output_score,71.4,100,index,true
KPI-0009323,E-0063,execution,2025-10-01T00:00:00.000Z,2025-12-31T00:00:00.000Z,execution_output_score,80.1,100,index,true
KPI-0009325,E-0063,talent_assessment,2025-10-01T00:00:00.000Z,2025-12-31T00:00:00.000Z,talent_assessment_output_score,71.6,100,index,true
KPI-0009346,E-0063,execution,2026-01-01T00:00:00.000Z,2026-03-31T00:00:00.000Z,execution_output_score,77.2,100,index,true
KPI-0009348,E-0063,talent_assessment,2026-01-01T00:00:00.000Z,2026-03-31T00:00:00.000Z,talent_assessment_output_score,76.1,100,index,true
KPI-0009363,E-0063,talent_assessment,2026-04-01T00:00:00.000Z,2026-06-30T00:00:00.000Z,talent_assessment_output_score,80.5,100,index,true
KPI-0009387,E-0063,talent_assessment,2026-07-01T00:00:00.000Z,2026-09-29T00:00:00.000Z,talent_assessment_output_score,90.3,100,index,true
KPI-0009410,E-0064,execution,2024-10-01T00:00:00.000Z,2024-12-31T00:00:00.000Z,execution_output_score,86.4,100,index,true
KPI-0009412,E-0064,customer_resolution,2024-10-01T00:00:00.000Z,2024-12-31T00:00:00.000Z,customer_resolution_output_score,91.6,100,index,true
KPI-0009429,E-0064,execution,2025-01-01T00:00:00.000Z,2025-03-31T00:00:00.000Z,execution_output_score,85.5,100,index,true
KPI-0009431,E-0064,customer_resolution,2025-01-01T00:00:00.000Z,2025-03-31T00:00:00.000Z,customer_resolution_output_score,86.4,100,index,true
KPI-0009440,E-0064,execution,2025-04-01T00:00:00.000Z,2025-06-30T00:00:00.000Z,execution_output_score,86.7,100,index,true
KPI-0009442,E-0064,customer_resolution,2025-04-01T00:00:00.000Z,2025-06-30T00:00:00.000Z,customer_resolution_output_score,87,100,index,true
KPI-0009470,E-0064,execution,2025-07-01T00:00:00.000Z,2025-09-30T00:00:00.000Z,execution_output_score,83,100,index,true
KPI-0009472,E-0064,customer_resolution,2025-07-01T00:00:00.000Z,2025-09-30T00:00:00.000Z,customer_resolution_output_score,91.1,100,index,true
KPI-0009485,E-0064,execution,2025-10-01T00:00:00.000Z,2025-12-31T00:00:00.000Z,execution_output_score,85.3,100,index,true
KPI-0009487,E-0064,customer_resolution,2025-10-01T00:00:00.000Z,2025-12-31T00:00:00.000Z,customer_resolution_output_score,85.9,100,index,true
KPI-0009508,E-0064,execution,2026-01-01T00:00:00.000Z,2026-03-31T00:00:00.000Z,execution_output_score,82.4,100,index,true
KPI-0009510,E-0064,customer_resolution,2026-01-01T00:00:00.000Z,2026-03-31T00:00:00.000Z,customer_resolution_output_score,88.6,100,index,true
KPI-0009519,E-0064,execution,2026-04-01T00:00:00.000Z,2026-06-30T00:00:00.000Z,execution_output_score,85.2,100,index,true
KPI-0009521,E-0064,customer_resolution,2026-04-01T00:00:00.000Z,2026-06-30T00:00:00.000Z,customer_resolution_output_score,84.8,100,index,true
KPI-0009537,E-0064,execution,2026-07-01T00:00:00.000Z,2026-09-29T00:00:00.000Z,execution_output_score,81.9,100,index,true
KPI-0009554,E-0065,execution,2024-10-01T00:00:00.000Z,2024-12-31T00:00:00.000Z,execution_output_score,64.3,100,index,true
KPI-0009556,E-0065,system_design,2024-10-01T00:00:00.000Z,2024-12-31T00:00:00.000Z,system_design_output_score,100.8,100,index,true
KPI-0009576,E-0065,execution,2025-01-01T00:00:00.000Z,2025-03-31T00:00:00.000Z,execution_output_score,76.7,100,index,true
KPI-0009578,E-0065,system_design,2025-01-01T00:00:00.000Z,2025-03-31T00:00:00.000Z,system_design_output_score,94.1,100,index,true
KPI-0009586,E-0065,execution,2025-04-01T00:00:00.000Z,2025-06-30T00:00:00.000Z,execution_output_score,66.6,100,index,true
KPI-0009588,E-0065,system_design,2025-04-01T00:00:00.000Z,2025-06-30T00:00:00.000Z,system_design_output_score,96.9,100,index,true
KPI-0009607,E-0065,execution,2025-07-01T00:00:00.000Z,2025-09-30T00:00:00.000Z,execution_output_score,73.9,100,index,true
KPI-0009609,E-0065,system_design,2025-07-01T00:00:00.000Z,2025-09-30T00:00:00.000Z,system_design_output_score,100,100,index,true
KPI-0009624,E-0065,execution,2025-10-01T00:00:00.000Z,2025-12-31T00:00:00.000Z,execution_output_score,76.6,100,index,true
KPI-0009626,E-0065,system_design,2025-10-01T00:00:00.000Z,2025-12-31T00:00:00.000Z,system_design_output_score,96.3,100,index,true
KPI-0009643,E-0065,execution,2026-01-01T00:00:00.000Z,2026-03-31T00:00:00.000Z,execution_output_score,95.3,100,index,true
KPI-0009645,E-0065,system_design,2026-01-01T00:00:00.000Z,2026-03-31T00:00:00.000Z,system_design_output_score,104.9,100,index,true
KPI-0009647,E-0065,execution,2026-04-01T00:00:00.000Z,2026-06-30T00:00:00.000Z,execution_output_score,86.9,100,index,true
KPI-0009649,E-0065,system_design,2026-04-01T00:00:00.000Z,2026-06-30T00:00:00.000Z,system_design_output_score,98.3,100,index,true
KPI-0009673,E-0065,execution,2026-07-01T00:00:00.000Z,2026-09-29T00:00:00.000Z,execution_output_score,98.1,100,index,true
KPI-0009695,E-0066,execution,2024-10-01T00:00:00.000Z,2024-12-31T00:00:00.000Z,execution_output_score,106.4,100,index,true
KPI-0009697,E-0066,pipeline_mgmt,2024-10-01T00:00:00.000Z,2024-12-31T00:00:00.000Z,pipeline_mgmt_output_score,102.5,100,index,true
KPI-0009716,E-0066,execution,2025-01-01T00:00:00.000Z,2025-03-31T00:00:00.000Z,execution_output_score,98.5,100,index,true
KPI-0009718,E-0066,pipeline_mgmt,2025-01-01T00:00:00.000Z,2025-03-31T00:00:00.000Z,pipeline_mgmt_output_score,106.8,100,index,true
KPI-0009726,E-0066,execution,2025-04-01T00:00:00.000Z,2025-06-30T00:00:00.000Z,execution_output_score,98.7,100,index,true
KPI-0009728,E-0066,pipeline_mgmt,2025-04-01T00:00:00.000Z,2025-06-30T00:00:00.000Z,pipeline_mgmt_output_score,108.4,100,index,true
KPI-0009742,E-0066,pipeline_mgmt,2025-07-01T00:00:00.000Z,2025-09-30T00:00:00.000Z,pipeline_mgmt_output_score,105.1,100,index,true
KPI-0009751,E-0066,execution,2025-10-01T00:00:00.000Z,2025-12-31T00:00:00.000Z,execution_output_score,91.2,100,index,true
KPI-0009753,E-0066,pipeline_mgmt,2025-10-01T00:00:00.000Z,2025-12-31T00:00:00.000Z,pipeline_mgmt_output_score,100.8,100,index,true
KPI-0009780,E-0066,execution,2026-01-01T00:00:00.000Z,2026-03-31T00:00:00.000Z,execution_output_score,68.4,100,index,true
KPI-0009782,E-0066,pipeline_mgmt,2026-01-01T00:00:00.000Z,2026-03-31T00:00:00.000Z,pipeline_mgmt_output_score,98.4,100,index,true
KPI-0009797,E-0066,execution,2026-04-01T00:00:00.000Z,2026-06-30T00:00:00.000Z,execution_output_score,69.9,100,index,true
KPI-0009799,E-0066,pipeline_mgmt,2026-04-01T00:00:00.000Z,2026-06-30T00:00:00.000Z,pipeline_mgmt_output_score,98.1,100,index,true
KPI-0009826,E-0066,execution,2026-07-01T00:00:00.000Z,2026-09-29T00:00:00.000Z,execution_output_score,62,100,index,true
KPI-0009828,E-0066,pipeline_mgmt,2026-07-01T00:00:00.000Z,2026-09-29T00:00:00.000Z,pipeline_mgmt_output_score,106.5,100,index,true
KPI-0009855,E-0067,execution,2024-10-01T00:00:00.000Z,2024-12-31T00:00:00.000Z,execution_output_score,110.6,100,index,true
KPI-0009857,E-0067,campaign_strategy,2024-10-01T00:00:00.000Z,2024-12-31T00:00:00.000Z,campaign_strategy_output_score,70.4,100,index,true
KPI-0009877,E-0067,execution,2025-01-01T00:00:00.000Z,2025-03-31T00:00:00.000Z,execution_output_score,110.3,100,index,true
KPI-0009879,E-0067,campaign_strategy,2025-01-01T00:00:00.000Z,2025-03-31T00:00:00.000Z,campaign_strategy_output_score,75.5,100,index,true
KPI-0009881,E-0067,execution,2025-04-01T00:00:00.000Z,2025-06-30T00:00:00.000Z,execution_output_score,99.4,100,index,true
KPI-0009883,E-0067,campaign_strategy,2025-04-01T00:00:00.000Z,2025-06-30T00:00:00.000Z,campaign_strategy_output_score,72.2,100,index,true
KPI-0009905,E-0067,execution,2025-07-01T00:00:00.000Z,2025-09-30T00:00:00.000Z,execution_output_score,98.5,100,index,true
KPI-0009907,E-0067,campaign_strategy,2025-07-01T00:00:00.000Z,2025-09-30T00:00:00.000Z,campaign_strategy_output_score,67.2,100,index,true
KPI-0009913,E-0067,execution,2025-10-01T00:00:00.000Z,2025-12-31T00:00:00.000Z,execution_output_score,92.2,100,index,true
KPI-0009915,E-0067,campaign_strategy,2025-10-01T00:00:00.000Z,2025-12-31T00:00:00.000Z,campaign_strategy_output_score,65.3,100,index,true
KPI-0009929,E-0067,execution,2026-01-01T00:00:00.000Z,2026-03-31T00:00:00.000Z,execution_output_score,90.8,100,index,true
KPI-0009931,E-0067,campaign_strategy,2026-01-01T00:00:00.000Z,2026-03-31T00:00:00.000Z,campaign_strategy_output_score,82.6,100,index,true
KPI-0009938,E-0067,execution,2026-04-01T00:00:00.000Z,2026-06-30T00:00:00.000Z,execution_output_score,84,100,index,true
KPI-0009940,E-0067,campaign_strategy,2026-04-01T00:00:00.000Z,2026-06-30T00:00:00.000Z,campaign_strategy_output_score,80.3,100,index,true
KPI-0009957,E-0067,execution,2026-07-01T00:00:00.000Z,2026-09-29T00:00:00.000Z,execution_output_score,77,100,index,true
KPI-0009959,E-0067,campaign_strategy,2026-07-01T00:00:00.000Z,2026-09-29T00:00:00.000Z,campaign_strategy_output_score,72.2,100,index,true
KPI-0009982,E-0068,execution,2024-10-01T00:00:00.000Z,2024-12-31T00:00:00.000Z,execution_output_score,84.9,100,index,true
KPI-0009984,E-0068,roadmap_prioritization,2024-10-01T00:00:00.000Z,2024-12-31T00:00:00.000Z,roadmap_prioritization_output_score,66.5,100,index,true
KPI-0010006,E-0068,execution,2025-01-01T00:00:00.000Z,2025-03-31T00:00:00.000Z,execution_output_score,79.2,100,index,true
KPI-0010008,E-0068,roadmap_prioritization,2025-01-01T00:00:00.000Z,2025-03-31T00:00:00.000Z,roadmap_prioritization_output_score,75.6,100,index,true
KPI-0010020,E-0068,execution,2025-04-01T00:00:00.000Z,2025-06-30T00:00:00.000Z,execution_output_score,80.5,100,index,true
KPI-0010038,E-0068,execution,2025-07-01T00:00:00.000Z,2025-09-30T00:00:00.000Z,execution_output_score,89.5,100,index,true
KPI-0010040,E-0068,roadmap_prioritization,2025-07-01T00:00:00.000Z,2025-09-30T00:00:00.000Z,roadmap_prioritization_output_score,91.8,100,index,true
KPI-0010045,E-0068,execution,2025-10-01T00:00:00.000Z,2025-12-31T00:00:00.000Z,execution_output_score,81.2,100,index,true
KPI-0010047,E-0068,roadmap_prioritization,2025-10-01T00:00:00.000Z,2025-12-31T00:00:00.000Z,roadmap_prioritization_output_score,79,100,index,true
KPI-0010057,E-0068,execution,2026-01-01T00:00:00.000Z,2026-03-31T00:00:00.000Z,execution_output_score,88.6,100,index,true
KPI-0010070,E-0068,execution,2026-04-01T00:00:00.000Z,2026-06-30T00:00:00.000Z,execution_output_score,88.3,100,index,true
KPI-0010072,E-0068,roadmap_prioritization,2026-04-01T00:00:00.000Z,2026-06-30T00:00:00.000Z,roadmap_prioritization_output_score,105.5,100,index,true
KPI-0010093,E-0068,roadmap_prioritization,2026-07-01T00:00:00.000Z,2026-09-29T00:00:00.000Z,roadmap_prioritization_output_score,111.3,100,index,true
KPI-0010124,E-0069,execution,2024-10-01T00:00:00.000Z,2024-12-31T00:00:00.000Z,execution_output_score,69.6,100,index,true
KPI-0010126,E-0069,visual_craft,2024-10-01T00:00:00.000Z,2024-12-31T00:00:00.000Z,visual_craft_output_score,105.7,100,index,true
KPI-0010142,E-0069,execution,2025-01-01T00:00:00.000Z,2025-03-31T00:00:00.000Z,execution_output_score,64.7,100,index,true
KPI-0010144,E-0069,visual_craft,2025-01-01T00:00:00.000Z,2025-03-31T00:00:00.000Z,visual_craft_output_score,98.2,100,index,true
KPI-0010159,E-0069,execution,2025-04-01T00:00:00.000Z,2025-06-30T00:00:00.000Z,execution_output_score,65.1,100,index,true
KPI-0010161,E-0069,visual_craft,2025-04-01T00:00:00.000Z,2025-06-30T00:00:00.000Z,visual_craft_output_score,94.9,100,index,true
KPI-0010187,E-0069,execution,2025-07-01T00:00:00.000Z,2025-09-30T00:00:00.000Z,execution_output_score,59.3,100,index,true
KPI-0010206,E-0069,execution,2025-10-01T00:00:00.000Z,2025-12-31T00:00:00.000Z,execution_output_score,65.9,100,index,true
KPI-0010208,E-0069,visual_craft,2025-10-01T00:00:00.000Z,2025-12-31T00:00:00.000Z,visual_craft_output_score,85.9,100,index,true
KPI-0010226,E-0069,visual_craft,2026-01-01T00:00:00.000Z,2026-03-31T00:00:00.000Z,visual_craft_output_score,90.7,100,index,true
KPI-0010235,E-0069,execution,2026-04-01T00:00:00.000Z,2026-06-30T00:00:00.000Z,execution_output_score,75.4,100,index,true
KPI-0010237,E-0069,visual_craft,2026-04-01T00:00:00.000Z,2026-06-30T00:00:00.000Z,visual_craft_output_score,81.7,100,index,true
KPI-0010258,E-0069,execution,2026-07-01T00:00:00.000Z,2026-09-29T00:00:00.000Z,execution_output_score,82.7,100,index,true
KPI-0010260,E-0069,visual_craft,2026-07-01T00:00:00.000Z,2026-09-29T00:00:00.000Z,visual_craft_output_score,76.4,100,index,true
KPI-0010279,E-0070,execution,2024-10-01T00:00:00.000Z,2024-12-31T00:00:00.000Z,execution_output_score,66.8,100,index,true
KPI-0010281,E-0070,financial_modeling,2024-10-01T00:00:00.000Z,2024-12-31T00:00:00.000Z,financial_modeling_output_score,65.5,100,index,true
KPI-0010306,E-0070,financial_modeling,2025-01-01T00:00:00.000Z,2025-03-31T00:00:00.000Z,financial_modeling_output_score,59.2,100,index,true
KPI-0010319,E-0070,execution,2025-04-01T00:00:00.000Z,2025-06-30T00:00:00.000Z,execution_output_score,56,100,index,true
KPI-0010321,E-0070,financial_modeling,2025-04-01T00:00:00.000Z,2025-06-30T00:00:00.000Z,financial_modeling_output_score,61.9,100,index,true
KPI-0010341,E-0070,financial_modeling,2025-07-01T00:00:00.000Z,2025-09-30T00:00:00.000Z,financial_modeling_output_score,55.7,100,index,true
KPI-0010357,E-0070,execution,2025-10-01T00:00:00.000Z,2025-12-31T00:00:00.000Z,execution_output_score,66.8,100,index,true
KPI-0010359,E-0070,financial_modeling,2025-10-01T00:00:00.000Z,2025-12-31T00:00:00.000Z,financial_modeling_output_score,61.1,100,index,true
KPI-0010375,E-0070,execution,2026-01-01T00:00:00.000Z,2026-03-31T00:00:00.000Z,execution_output_score,81.4,100,index,true
KPI-0010377,E-0070,financial_modeling,2026-01-01T00:00:00.000Z,2026-03-31T00:00:00.000Z,financial_modeling_output_score,70.3,100,index,true
KPI-0010396,E-0070,execution,2026-04-01T00:00:00.000Z,2026-06-30T00:00:00.000Z,execution_output_score,89.6,100,index,true
KPI-0010414,E-0070,execution,2026-07-01T00:00:00.000Z,2026-09-29T00:00:00.000Z,execution_output_score,89.6,100,index,true
KPI-0010427,E-0071,execution,2024-10-01T00:00:00.000Z,2024-12-31T00:00:00.000Z,execution_output_score,92.1,100,index,true
KPI-0010429,E-0071,talent_assessment,2024-10-01T00:00:00.000Z,2024-12-31T00:00:00.000Z,talent_assessment_output_score,114,100,index,true
KPI-0010460,E-0071,execution,2025-01-01T00:00:00.000Z,2025-03-31T00:00:00.000Z,execution_output_score,87.1,100,index,true
KPI-0010462,E-0071,talent_assessment,2025-01-01T00:00:00.000Z,2025-03-31T00:00:00.000Z,talent_assessment_output_score,108.6,100,index,true
KPI-0010474,E-0071,execution,2025-04-01T00:00:00.000Z,2025-06-30T00:00:00.000Z,execution_output_score,89.2,100,index,true
KPI-0010476,E-0071,talent_assessment,2025-04-01T00:00:00.000Z,2025-06-30T00:00:00.000Z,talent_assessment_output_score,91.8,100,index,true
KPI-0010504,E-0071,execution,2025-07-01T00:00:00.000Z,2025-09-30T00:00:00.000Z,execution_output_score,79.6,100,index,true
KPI-0010516,E-0071,talent_assessment,2025-10-01T00:00:00.000Z,2025-12-31T00:00:00.000Z,talent_assessment_output_score,87.1,100,index,true
KPI-0010528,E-0071,execution,2026-01-01T00:00:00.000Z,2026-03-31T00:00:00.000Z,execution_output_score,78.2,100,index,true
KPI-0010530,E-0071,talent_assessment,2026-01-01T00:00:00.000Z,2026-03-31T00:00:00.000Z,talent_assessment_output_score,91.5,100,index,true
KPI-0010549,E-0071,execution,2026-04-01T00:00:00.000Z,2026-06-30T00:00:00.000Z,execution_output_score,74.6,100,index,true
KPI-0010551,E-0071,talent_assessment,2026-04-01T00:00:00.000Z,2026-06-30T00:00:00.000Z,talent_assessment_output_score,79.8,100,index,true
KPI-0010572,E-0071,execution,2026-07-01T00:00:00.000Z,2026-09-29T00:00:00.000Z,execution_output_score,73.3,100,index,true
KPI-0010588,E-0072,execution,2024-10-01T00:00:00.000Z,2024-12-31T00:00:00.000Z,execution_output_score,102.1,100,index,true
KPI-0010590,E-0072,customer_resolution,2024-10-01T00:00:00.000Z,2024-12-31T00:00:00.000Z,customer_resolution_output_score,84.5,100,index,true
KPI-0010606,E-0072,execution,2025-01-01T00:00:00.000Z,2025-03-31T00:00:00.000Z,execution_output_score,101,100,index,true
KPI-0010608,E-0072,customer_resolution,2025-01-01T00:00:00.000Z,2025-03-31T00:00:00.000Z,customer_resolution_output_score,87,100,index,true
KPI-0010616,E-0072,execution,2025-04-01T00:00:00.000Z,2025-06-30T00:00:00.000Z,execution_output_score,93.2,100,index,true
KPI-0010618,E-0072,customer_resolution,2025-04-01T00:00:00.000Z,2025-06-30T00:00:00.000Z,customer_resolution_output_score,87.7,100,index,true
KPI-0010637,E-0072,execution,2025-07-01T00:00:00.000Z,2025-09-30T00:00:00.000Z,execution_output_score,83.4,100,index,true
KPI-0010650,E-0072,execution,2025-10-01T00:00:00.000Z,2025-12-31T00:00:00.000Z,execution_output_score,94.5,100,index,true
KPI-0010652,E-0072,customer_resolution,2025-10-01T00:00:00.000Z,2025-12-31T00:00:00.000Z,customer_resolution_output_score,88.6,100,index,true
KPI-0010678,E-0072,execution,2026-01-01T00:00:00.000Z,2026-03-31T00:00:00.000Z,execution_output_score,79.1,100,index,true
KPI-0010680,E-0072,customer_resolution,2026-01-01T00:00:00.000Z,2026-03-31T00:00:00.000Z,customer_resolution_output_score,84.6,100,index,true
KPI-0010692,E-0072,execution,2026-04-01T00:00:00.000Z,2026-06-30T00:00:00.000Z,execution_output_score,84,100,index,true
KPI-0010694,E-0072,customer_resolution,2026-04-01T00:00:00.000Z,2026-06-30T00:00:00.000Z,customer_resolution_output_score,81.8,100,index,true
KPI-0010746,E-0073,execution,2024-10-01T00:00:00.000Z,2024-12-31T00:00:00.000Z,execution_output_score,110.4,100,index,true
KPI-0010770,E-0073,execution,2025-01-01T00:00:00.000Z,2025-03-31T00:00:00.000Z,execution_output_score,104.3,100,index,true
KPI-0010772,E-0073,system_design,2025-01-01T00:00:00.000Z,2025-03-31T00:00:00.000Z,system_design_output_score,70.2,100,index,true
KPI-0010787,E-0073,execution,2025-04-01T00:00:00.000Z,2025-06-30T00:00:00.000Z,execution_output_score,90.1,100,index,true
KPI-0010789,E-0073,system_design,2025-04-01T00:00:00.000Z,2025-06-30T00:00:00.000Z,system_design_output_score,73.6,100,index,true
KPI-0010807,E-0073,execution,2025-07-01T00:00:00.000Z,2025-09-30T00:00:00.000Z,execution_output_score,93.5,100,index,true
KPI-0010809,E-0073,system_design,2025-07-01T00:00:00.000Z,2025-09-30T00:00:00.000Z,system_design_output_score,76.5,100,index,true
KPI-0010814,E-0073,execution,2025-10-01T00:00:00.000Z,2025-12-31T00:00:00.000Z,execution_output_score,92.2,100,index,true
KPI-0010816,E-0073,system_design,2025-10-01T00:00:00.000Z,2025-12-31T00:00:00.000Z,system_design_output_score,72.9,100,index,true
KPI-0010842,E-0073,execution,2026-01-01T00:00:00.000Z,2026-03-31T00:00:00.000Z,execution_output_score,78.6,100,index,true
KPI-0010844,E-0073,system_design,2026-01-01T00:00:00.000Z,2026-03-31T00:00:00.000Z,system_design_output_score,75.4,100,index,true
KPI-0010853,E-0073,execution,2026-04-01T00:00:00.000Z,2026-06-30T00:00:00.000Z,execution_output_score,74.8,100,index,true
KPI-0010855,E-0073,system_design,2026-04-01T00:00:00.000Z,2026-06-30T00:00:00.000Z,system_design_output_score,82.8,100,index,true
KPI-0010878,E-0073,execution,2026-07-01T00:00:00.000Z,2026-09-29T00:00:00.000Z,execution_output_score,74.1,100,index,true
KPI-0010880,E-0073,system_design,2026-07-01T00:00:00.000Z,2026-09-29T00:00:00.000Z,system_design_output_score,74.4,100,index,true
KPI-0010910,E-0074,pipeline_mgmt,2024-10-01T00:00:00.000Z,2024-12-31T00:00:00.000Z,pipeline_mgmt_output_score,62.3,100,index,true
KPI-0010931,E-0074,execution,2025-01-01T00:00:00.000Z,2025-03-31T00:00:00.000Z,execution_output_score,72.7,100,index,true
KPI-0010933,E-0074,pipeline_mgmt,2025-01-01T00:00:00.000Z,2025-03-31T00:00:00.000Z,pipeline_mgmt_output_score,65.5,100,index,true
KPI-0010946,E-0074,execution,2025-04-01T00:00:00.000Z,2025-06-30T00:00:00.000Z,execution_output_score,80.3,100,index,true
KPI-0010956,E-0074,pipeline_mgmt,2025-07-01T00:00:00.000Z,2025-09-30T00:00:00.000Z,pipeline_mgmt_output_score,78.9,100,index,true
KPI-0010968,E-0074,execution,2025-10-01T00:00:00.000Z,2025-12-31T00:00:00.000Z,execution_output_score,76.1,100,index,true
KPI-0010970,E-0074,pipeline_mgmt,2025-10-01T00:00:00.000Z,2025-12-31T00:00:00.000Z,pipeline_mgmt_output_score,82.2,100,index,true
KPI-0010994,E-0074,pipeline_mgmt,2026-01-01T00:00:00.000Z,2026-03-31T00:00:00.000Z,pipeline_mgmt_output_score,85.3,100,index,true
KPI-0011007,E-0074,execution,2026-04-01T00:00:00.000Z,2026-06-30T00:00:00.000Z,execution_output_score,67.3,100,index,true
KPI-0011009,E-0074,pipeline_mgmt,2026-04-01T00:00:00.000Z,2026-06-30T00:00:00.000Z,pipeline_mgmt_output_score,82.6,100,index,true
KPI-0011038,E-0074,execution,2026-07-01T00:00:00.000Z,2026-09-29T00:00:00.000Z,execution_output_score,64,100,index,true
KPI-0011059,E-0075,execution,2024-10-01T00:00:00.000Z,2024-12-31T00:00:00.000Z,execution_output_score,91.9,100,index,true
KPI-0011061,E-0075,campaign_strategy,2024-10-01T00:00:00.000Z,2024-12-31T00:00:00.000Z,campaign_strategy_output_score,83.9,100,index,true
KPI-0011086,E-0075,execution,2025-01-01T00:00:00.000Z,2025-03-31T00:00:00.000Z,execution_output_score,101.8,100,index,true
KPI-0011088,E-0075,campaign_strategy,2025-01-01T00:00:00.000Z,2025-03-31T00:00:00.000Z,campaign_strategy_output_score,77.3,100,index,true
KPI-0011100,E-0075,execution,2025-04-01T00:00:00.000Z,2025-06-30T00:00:00.000Z,execution_output_score,89.5,100,index,true
KPI-0011114,E-0075,execution,2025-07-01T00:00:00.000Z,2025-09-30T00:00:00.000Z,execution_output_score,97.6,100,index,true
KPI-0011152,E-0075,execution,2026-01-01T00:00:00.000Z,2026-03-31T00:00:00.000Z,execution_output_score,106.5,100,index,true
KPI-0011161,E-0075,execution,2026-04-01T00:00:00.000Z,2026-06-30T00:00:00.000Z,execution_output_score,95.8,100,index,true
KPI-0011182,E-0075,execution,2026-07-01T00:00:00.000Z,2026-09-29T00:00:00.000Z,execution_output_score,105.8,100,index,true
KPI-0011202,E-0076,execution,2024-10-01T00:00:00.000Z,2024-12-31T00:00:00.000Z,execution_output_score,102.3,100,index,true
KPI-0011204,E-0076,roadmap_prioritization,2024-10-01T00:00:00.000Z,2024-12-31T00:00:00.000Z,roadmap_prioritization_output_score,71.3,100,index,true
KPI-0011221,E-0076,execution,2025-01-01T00:00:00.000Z,2025-03-31T00:00:00.000Z,execution_output_score,104.5,100,index,true
KPI-0011223,E-0076,roadmap_prioritization,2025-01-01T00:00:00.000Z,2025-03-31T00:00:00.000Z,roadmap_prioritization_output_score,77.9,100,index,true
KPI-0011229,E-0076,execution,2025-04-01T00:00:00.000Z,2025-06-30T00:00:00.000Z,execution_output_score,96.8,100,index,true
KPI-0011231,E-0076,roadmap_prioritization,2025-04-01T00:00:00.000Z,2025-06-30T00:00:00.000Z,roadmap_prioritization_output_score,76.4,100,index,true
KPI-0011250,E-0076,roadmap_prioritization,2025-07-01T00:00:00.000Z,2025-09-30T00:00:00.000Z,roadmap_prioritization_output_score,70.4,100,index,true
KPI-0011262,E-0076,execution,2025-10-01T00:00:00.000Z,2025-12-31T00:00:00.000Z,execution_output_score,80.6,100,index,true
KPI-0011264,E-0076,roadmap_prioritization,2025-10-01T00:00:00.000Z,2025-12-31T00:00:00.000Z,roadmap_prioritization_output_score,68.1,100,index,true
KPI-0011282,E-0076,execution,2026-01-01T00:00:00.000Z,2026-03-31T00:00:00.000Z,execution_output_score,75.6,100,index,true
KPI-0011284,E-0076,roadmap_prioritization,2026-01-01T00:00:00.000Z,2026-03-31T00:00:00.000Z,roadmap_prioritization_output_score,73.1,100,index,true
KPI-0011300,E-0076,roadmap_prioritization,2026-04-01T00:00:00.000Z,2026-06-30T00:00:00.000Z,roadmap_prioritization_output_score,77,100,index,true
KPI-0011329,E-0076,execution,2026-07-01T00:00:00.000Z,2026-09-29T00:00:00.000Z,execution_output_score,69.2,100,index,true
KPI-0011331,E-0076,roadmap_prioritization,2026-07-01T00:00:00.000Z,2026-09-29T00:00:00.000Z,roadmap_prioritization_output_score,83.1,100,index,true
KPI-0011349,E-0077,execution,2024-10-01T00:00:00.000Z,2024-12-31T00:00:00.000Z,execution_output_score,77.5,100,index,true
KPI-0011371,E-0077,execution,2025-01-01T00:00:00.000Z,2025-03-31T00:00:00.000Z,execution_output_score,82.2,100,index,true
KPI-0011373,E-0077,visual_craft,2025-01-01T00:00:00.000Z,2025-03-31T00:00:00.000Z,visual_craft_output_score,63.4,100,index,true
KPI-0011392,E-0077,execution,2025-04-01T00:00:00.000Z,2025-06-30T00:00:00.000Z,execution_output_score,77.7,100,index,true
KPI-0011394,E-0077,visual_craft,2025-04-01T00:00:00.000Z,2025-06-30T00:00:00.000Z,visual_craft_output_score,72.1,100,index,true
KPI-0011418,E-0077,execution,2025-07-01T00:00:00.000Z,2025-09-30T00:00:00.000Z,execution_output_score,81.4,100,index,true
KPI-0011420,E-0077,visual_craft,2025-07-01T00:00:00.000Z,2025-09-30T00:00:00.000Z,visual_craft_output_score,85.9,100,index,true
KPI-0011432,E-0077,execution,2025-10-01T00:00:00.000Z,2025-12-31T00:00:00.000Z,execution_output_score,82.3,100,index,true
KPI-0011454,E-0077,execution,2026-01-01T00:00:00.000Z,2026-03-31T00:00:00.000Z,execution_output_score,75.8,100,index,true
KPI-0011456,E-0077,visual_craft,2026-01-01T00:00:00.000Z,2026-03-31T00:00:00.000Z,visual_craft_output_score,91.9,100,index,true
KPI-0011465,E-0077,execution,2026-04-01T00:00:00.000Z,2026-06-30T00:00:00.000Z,execution_output_score,74.4,100,index,true
KPI-0011467,E-0077,visual_craft,2026-04-01T00:00:00.000Z,2026-06-30T00:00:00.000Z,visual_craft_output_score,90,100,index,true
KPI-0011481,E-0077,visual_craft,2026-07-01T00:00:00.000Z,2026-09-29T00:00:00.000Z,visual_craft_output_score,96.3,100,index,true
KPI-0011509,E-0078,execution,2024-10-01T00:00:00.000Z,2024-12-31T00:00:00.000Z,execution_output_score,58.1,100,index,true
KPI-0011511,E-0078,financial_modeling,2024-10-01T00:00:00.000Z,2024-12-31T00:00:00.000Z,financial_modeling_output_score,63.2,100,index,true
KPI-0011536,E-0078,execution,2025-01-01T00:00:00.000Z,2025-03-31T00:00:00.000Z,execution_output_score,59.6,100,index,true
KPI-0011538,E-0078,financial_modeling,2025-01-01T00:00:00.000Z,2025-03-31T00:00:00.000Z,financial_modeling_output_score,71.6,100,index,true
KPI-0011554,E-0078,execution,2025-04-01T00:00:00.000Z,2025-06-30T00:00:00.000Z,execution_output_score,61.9,100,index,true
KPI-0011556,E-0078,financial_modeling,2025-04-01T00:00:00.000Z,2025-06-30T00:00:00.000Z,financial_modeling_output_score,67.9,100,index,true
KPI-0011575,E-0078,execution,2025-07-01T00:00:00.000Z,2025-09-30T00:00:00.000Z,execution_output_score,62,100,index,true
KPI-0011577,E-0078,financial_modeling,2025-07-01T00:00:00.000Z,2025-09-30T00:00:00.000Z,financial_modeling_output_score,68.2,100,index,true
KPI-0011589,E-0078,execution,2025-10-01T00:00:00.000Z,2025-12-31T00:00:00.000Z,execution_output_score,71.4,100,index,true
KPI-0011591,E-0078,financial_modeling,2025-10-01T00:00:00.000Z,2025-12-31T00:00:00.000Z,financial_modeling_output_score,78.3,100,index,true
KPI-0011620,E-0078,execution,2026-01-01T00:00:00.000Z,2026-03-31T00:00:00.000Z,execution_output_score,66.9,100,index,true
KPI-0011622,E-0078,financial_modeling,2026-01-01T00:00:00.000Z,2026-03-31T00:00:00.000Z,financial_modeling_output_score,80.1,100,index,true
KPI-0011634,E-0078,execution,2026-04-01T00:00:00.000Z,2026-06-30T00:00:00.000Z,execution_output_score,84.3,100,index,true
KPI-0011660,E-0078,execution,2026-07-01T00:00:00.000Z,2026-09-29T00:00:00.000Z,execution_output_score,81.2,100,index,true
KPI-0011662,E-0078,financial_modeling,2026-07-01T00:00:00.000Z,2026-09-29T00:00:00.000Z,financial_modeling_output_score,92.6,100,index,true
KPI-0011686,E-0079,execution,2024-10-01T00:00:00.000Z,2024-12-31T00:00:00.000Z,execution_output_score,70.6,100,index,true
KPI-0011707,E-0079,execution,2025-01-01T00:00:00.000Z,2025-03-31T00:00:00.000Z,execution_output_score,77.1,100,index,true
KPI-0011733,E-0079,execution,2025-07-01T00:00:00.000Z,2025-09-30T00:00:00.000Z,execution_output_score,80.8,100,index,true
KPI-0011745,E-0079,execution,2025-10-01T00:00:00.000Z,2025-12-31T00:00:00.000Z,execution_output_score,72.9,100,index,true
KPI-0011773,E-0079,execution,2026-04-01T00:00:00.000Z,2026-06-30T00:00:00.000Z,execution_output_score,92.1,100,index,true
KPI-0011787,E-0079,execution,2026-07-01T00:00:00.000Z,2026-09-29T00:00:00.000Z,execution_output_score,95.4,100,index,true
KPI-0011808,E-0080,execution,2024-10-01T00:00:00.000Z,2024-12-31T00:00:00.000Z,execution_output_score,68.5,100,index,true
KPI-0011828,E-0080,execution,2025-04-01T00:00:00.000Z,2025-06-30T00:00:00.000Z,execution_output_score,68.5,100,index,true
KPI-0011851,E-0080,execution,2025-07-01T00:00:00.000Z,2025-09-30T00:00:00.000Z,execution_output_score,75.6,100,index,true
KPI-0011869,E-0080,execution,2025-10-01T00:00:00.000Z,2025-12-31T00:00:00.000Z,execution_output_score,73.5,100,index,true
KPI-0011885,E-0080,execution,2026-01-01T00:00:00.000Z,2026-03-31T00:00:00.000Z,execution_output_score,78.5,100,index,true
KPI-0011903,E-0080,execution,2026-04-01T00:00:00.000Z,2026-06-30T00:00:00.000Z,execution_output_score,67.5,100,index,true
KPI-0011922,E-0080,execution,2026-07-01T00:00:00.000Z,2026-09-29T00:00:00.000Z,execution_output_score,70.4,100,index,true
KPI-0011943,E-0081,execution,2024-10-01T00:00:00.000Z,2024-12-31T00:00:00.000Z,execution_output_score,72.7,100,index,true
KPI-0011945,E-0081,system_design,2024-10-01T00:00:00.000Z,2024-12-31T00:00:00.000Z,system_design_output_score,68.4,100,index,true
KPI-0011967,E-0081,execution,2025-01-01T00:00:00.000Z,2025-03-31T00:00:00.000Z,execution_output_score,73,100,index,true
KPI-0011969,E-0081,system_design,2025-01-01T00:00:00.000Z,2025-03-31T00:00:00.000Z,system_design_output_score,79,100,index,true
KPI-0011981,E-0081,execution,2025-04-01T00:00:00.000Z,2025-06-30T00:00:00.000Z,execution_output_score,73,100,index,true
KPI-0012003,E-0081,system_design,2025-07-01T00:00:00.000Z,2025-09-30T00:00:00.000Z,system_design_output_score,72.2,100,index,true
KPI-0012022,E-0081,system_design,2025-10-01T00:00:00.000Z,2025-12-31T00:00:00.000Z,system_design_output_score,67.1,100,index,true
KPI-0012043,E-0081,execution,2026-01-01T00:00:00.000Z,2026-03-31T00:00:00.000Z,execution_output_score,65.3,100,index,true
KPI-0012045,E-0081,system_design,2026-01-01T00:00:00.000Z,2026-03-31T00:00:00.000Z,system_design_output_score,76,100,index,true
KPI-0012054,E-0081,execution,2026-04-01T00:00:00.000Z,2026-06-30T00:00:00.000Z,execution_output_score,70.6,100,index,true
KPI-0012056,E-0081,system_design,2026-04-01T00:00:00.000Z,2026-06-30T00:00:00.000Z,system_design_output_score,59.2,100,index,true
KPI-0012077,E-0081,execution,2026-07-01T00:00:00.000Z,2026-09-29T00:00:00.000Z,execution_output_score,70.3,100,index,true
KPI-0012079,E-0081,system_design,2026-07-01T00:00:00.000Z,2026-09-29T00:00:00.000Z,system_design_output_score,72.6,100,index,true
KPI-0012110,E-0082,execution,2024-10-01T00:00:00.000Z,2024-12-31T00:00:00.000Z,execution_output_score,78.7,100,index,true
KPI-0012112,E-0082,pipeline_mgmt,2024-10-01T00:00:00.000Z,2024-12-31T00:00:00.000Z,pipeline_mgmt_output_score,61.4,100,index,true
KPI-0012143,E-0082,execution,2025-01-01T00:00:00.000Z,2025-03-31T00:00:00.000Z,execution_output_score,81.5,100,index,true
KPI-0012162,E-0082,execution,2025-04-01T00:00:00.000Z,2025-06-30T00:00:00.000Z,execution_output_score,87.2,100,index,true
KPI-0012164,E-0082,pipeline_mgmt,2025-04-01T00:00:00.000Z,2025-06-30T00:00:00.000Z,pipeline_mgmt_output_score,64,100,index,true
KPI-0012193,E-0082,execution,2025-07-01T00:00:00.000Z,2025-09-30T00:00:00.000Z,execution_output_score,82.1,100,index,true
KPI-0012195,E-0082,pipeline_mgmt,2025-07-01T00:00:00.000Z,2025-09-30T00:00:00.000Z,pipeline_mgmt_output_score,54.7,100,index,true
KPI-0012208,E-0082,pipeline_mgmt,2025-10-01T00:00:00.000Z,2025-12-31T00:00:00.000Z,pipeline_mgmt_output_score,67.4,100,index,true
KPI-0012229,E-0082,execution,2026-01-01T00:00:00.000Z,2026-03-31T00:00:00.000Z,execution_output_score,101.3,100,index,true
KPI-0012231,E-0082,pipeline_mgmt,2026-01-01T00:00:00.000Z,2026-03-31T00:00:00.000Z,pipeline_mgmt_output_score,75.8,100,index,true
KPI-0012250,E-0082,execution,2026-04-01T00:00:00.000Z,2026-06-30T00:00:00.000Z,execution_output_score,108.1,100,index,true
KPI-0012278,E-0082,execution,2026-07-01T00:00:00.000Z,2026-09-29T00:00:00.000Z,execution_output_score,114.5,100,index,true
KPI-0012295,E-0083,execution,2024-10-01T00:00:00.000Z,2024-12-31T00:00:00.000Z,execution_output_score,82.6,100,index,true
KPI-0012323,E-0083,execution,2025-01-01T00:00:00.000Z,2025-03-31T00:00:00.000Z,execution_output_score,84.8,100,index,true
KPI-0012325,E-0083,campaign_strategy,2025-01-01T00:00:00.000Z,2025-03-31T00:00:00.000Z,campaign_strategy_output_score,107.6,100,index,true
KPI-0012341,E-0083,execution,2025-04-01T00:00:00.000Z,2025-06-30T00:00:00.000Z,execution_output_score,82.9,100,index,true
KPI-0012343,E-0083,campaign_strategy,2025-04-01T00:00:00.000Z,2025-06-30T00:00:00.000Z,campaign_strategy_output_score,93.5,100,index,true
KPI-0012363,E-0083,execution,2025-07-01T00:00:00.000Z,2025-09-30T00:00:00.000Z,execution_output_score,80,100,index,true
KPI-0012365,E-0083,campaign_strategy,2025-07-01T00:00:00.000Z,2025-09-30T00:00:00.000Z,campaign_strategy_output_score,97.5,100,index,true
KPI-0012381,E-0083,execution,2025-10-01T00:00:00.000Z,2025-12-31T00:00:00.000Z,execution_output_score,70.2,100,index,true
KPI-0012383,E-0083,campaign_strategy,2025-10-01T00:00:00.000Z,2025-12-31T00:00:00.000Z,campaign_strategy_output_score,99.7,100,index,true
KPI-0012407,E-0083,campaign_strategy,2026-01-01T00:00:00.000Z,2026-03-31T00:00:00.000Z,campaign_strategy_output_score,100.5,100,index,true
KPI-0012413,E-0083,execution,2026-04-01T00:00:00.000Z,2026-06-30T00:00:00.000Z,execution_output_score,73.2,100,index,true
KPI-0012415,E-0083,campaign_strategy,2026-04-01T00:00:00.000Z,2026-06-30T00:00:00.000Z,campaign_strategy_output_score,100.1,100,index,true
KPI-0012441,E-0083,execution,2026-07-01T00:00:00.000Z,2026-09-29T00:00:00.000Z,execution_output_score,67.9,100,index,true
KPI-0012443,E-0083,campaign_strategy,2026-07-01T00:00:00.000Z,2026-09-29T00:00:00.000Z,campaign_strategy_output_score,107.1,100,index,true
KPI-0012460,E-0084,execution,2024-10-01T00:00:00.000Z,2024-12-31T00:00:00.000Z,execution_output_score,57.5,100,index,true
KPI-0012462,E-0084,roadmap_prioritization,2024-10-01T00:00:00.000Z,2024-12-31T00:00:00.000Z,roadmap_prioritization_output_score,74.4,100,index,true
KPI-0012489,E-0084,execution,2025-01-01T00:00:00.000Z,2025-03-31T00:00:00.000Z,execution_output_score,67.6,100,index,true
KPI-0012491,E-0084,execution,2025-04-01T00:00:00.000Z,2025-06-30T00:00:00.000Z,execution_output_score,70.9,100,index,true
KPI-0012493,E-0084,roadmap_prioritization,2025-04-01T00:00:00.000Z,2025-06-30T00:00:00.000Z,roadmap_prioritization_output_score,83.1,100,index,true
KPI-0012507,E-0084,execution,2025-07-01T00:00:00.000Z,2025-09-30T00:00:00.000Z,execution_output_score,75.3,100,index,true
KPI-0012509,E-0084,roadmap_prioritization,2025-07-01T00:00:00.000Z,2025-09-30T00:00:00.000Z,roadmap_prioritization_output_score,89.1,100,index,true
KPI-0012525,E-0084,execution,2025-10-01T00:00:00.000Z,2025-12-31T00:00:00.000Z,execution_output_score,80,100,index,true
KPI-0012585,E-0084,execution,2026-07-01T00:00:00.000Z,2026-09-29T00:00:00.000Z,execution_output_score,92.6,100,index,true
KPI-0012587,E-0084,roadmap_prioritization,2026-07-01T00:00:00.000Z,2026-09-29T00:00:00.000Z,roadmap_prioritization_output_score,104.3,100,index,true
KPI-0012614,E-0085,visual_craft,2024-10-01T00:00:00.000Z,2024-12-31T00:00:00.000Z,visual_craft_output_score,62.2,100,index,true
KPI-0012638,E-0085,visual_craft,2025-01-01T00:00:00.000Z,2025-03-31T00:00:00.000Z,visual_craft_output_score,66,100,index,true
KPI-0012656,E-0085,visual_craft,2025-04-01T00:00:00.000Z,2025-06-30T00:00:00.000Z,visual_craft_output_score,66.1,100,index,true
KPI-0012676,E-0085,visual_craft,2025-10-01T00:00:00.000Z,2025-12-31T00:00:00.000Z,visual_craft_output_score,78.1,100,index,true
KPI-0012693,E-0085,execution,2026-04-01T00:00:00.000Z,2026-06-30T00:00:00.000Z,execution_output_score,78.4,100,index,true
KPI-0012695,E-0085,visual_craft,2026-04-01T00:00:00.000Z,2026-06-30T00:00:00.000Z,visual_craft_output_score,83.5,100,index,true
KPI-0012711,E-0085,execution,2026-07-01T00:00:00.000Z,2026-09-29T00:00:00.000Z,execution_output_score,72.3,100,index,true
KPI-0012725,E-0086,execution,2024-10-01T00:00:00.000Z,2024-12-31T00:00:00.000Z,execution_output_score,92.1,100,index,true
KPI-0012754,E-0086,execution,2025-01-01T00:00:00.000Z,2025-03-31T00:00:00.000Z,execution_output_score,93.7,100,index,true
KPI-0012756,E-0086,financial_modeling,2025-01-01T00:00:00.000Z,2025-03-31T00:00:00.000Z,financial_modeling_output_score,85.5,100,index,true
KPI-0012765,E-0086,execution,2025-04-01T00:00:00.000Z,2025-06-30T00:00:00.000Z,execution_output_score,94.9,100,index,true
KPI-0012767,E-0086,financial_modeling,2025-04-01T00:00:00.000Z,2025-06-30T00:00:00.000Z,financial_modeling_output_score,82.2,100,index,true
KPI-0012789,E-0086,execution,2025-07-01T00:00:00.000Z,2025-09-30T00:00:00.000Z,execution_output_score,94.9,100,index,true
KPI-0012791,E-0086,financial_modeling,2025-07-01T00:00:00.000Z,2025-09-30T00:00:00.000Z,financial_modeling_output_score,86.1,100,index,true
KPI-0012799,E-0086,financial_modeling,2025-10-01T00:00:00.000Z,2025-12-31T00:00:00.000Z,financial_modeling_output_score,85,100,index,true
KPI-0012815,E-0086,execution,2026-01-01T00:00:00.000Z,2026-03-31T00:00:00.000Z,execution_output_score,91,100,index,true
KPI-0012817,E-0086,financial_modeling,2026-01-01T00:00:00.000Z,2026-03-31T00:00:00.000Z,financial_modeling_output_score,89.4,100,index,true
KPI-0012836,E-0086,financial_modeling,2026-04-01T00:00:00.000Z,2026-06-30T00:00:00.000Z,financial_modeling_output_score,87.5,100,index,true
KPI-0012857,E-0086,financial_modeling,2026-07-01T00:00:00.000Z,2026-09-29T00:00:00.000Z,financial_modeling_output_score,82.9,100,index,true
KPI-0012883,E-0087,execution,2024-10-01T00:00:00.000Z,2024-12-31T00:00:00.000Z,execution_output_score,101.3,100,index,true
KPI-0012885,E-0087,talent_assessment,2024-10-01T00:00:00.000Z,2024-12-31T00:00:00.000Z,talent_assessment_output_score,80.9,100,index,true
KPI-0012902,E-0087,execution,2025-01-01T00:00:00.000Z,2025-03-31T00:00:00.000Z,execution_output_score,97.7,100,index,true
KPI-0012904,E-0087,talent_assessment,2025-01-01T00:00:00.000Z,2025-03-31T00:00:00.000Z,talent_assessment_output_score,83.7,100,index,true
KPI-0012920,E-0087,execution,2025-04-01T00:00:00.000Z,2025-06-30T00:00:00.000Z,execution_output_score,95.1,100,index,true
KPI-0012949,E-0087,execution,2025-07-01T00:00:00.000Z,2025-09-30T00:00:00.000Z,execution_output_score,97.5,100,index,true
KPI-0012951,E-0087,talent_assessment,2025-07-01T00:00:00.000Z,2025-09-30T00:00:00.000Z,talent_assessment_output_score,78.6,100,index,true
KPI-0012975,E-0087,talent_assessment,2026-01-01T00:00:00.000Z,2026-03-31T00:00:00.000Z,talent_assessment_output_score,74.7,100,index,true
KPI-0012984,E-0087,execution,2026-04-01T00:00:00.000Z,2026-06-30T00:00:00.000Z,execution_output_score,79.4,100,index,true
KPI-0013001,E-0087,execution,2026-07-01T00:00:00.000Z,2026-09-29T00:00:00.000Z,execution_output_score,73.3,100,index,true
KPI-0013003,E-0087,talent_assessment,2026-07-01T00:00:00.000Z,2026-09-29T00:00:00.000Z,talent_assessment_output_score,82.3,100,index,true
KPI-0013025,E-0088,customer_resolution,2024-10-01T00:00:00.000Z,2024-12-31T00:00:00.000Z,customer_resolution_output_score,72.1,100,index,true
KPI-0013041,E-0088,execution,2025-01-01T00:00:00.000Z,2025-03-31T00:00:00.000Z,execution_output_score,71.5,100,index,true
KPI-0013043,E-0088,customer_resolution,2025-01-01T00:00:00.000Z,2025-03-31T00:00:00.000Z,customer_resolution_output_score,67.5,100,index,true
KPI-0013055,E-0088,execution,2025-04-01T00:00:00.000Z,2025-06-30T00:00:00.000Z,execution_output_score,67.2,100,index,true
KPI-0013057,E-0088,customer_resolution,2025-04-01T00:00:00.000Z,2025-06-30T00:00:00.000Z,customer_resolution_output_score,77.4,100,index,true
KPI-0013073,E-0088,execution,2025-07-01T00:00:00.000Z,2025-09-30T00:00:00.000Z,execution_output_score,69.1,100,index,true
KPI-0013075,E-0088,customer_resolution,2025-07-01T00:00:00.000Z,2025-09-30T00:00:00.000Z,customer_resolution_output_score,63.3,100,index,true
KPI-0013087,E-0088,customer_resolution,2025-10-01T00:00:00.000Z,2025-12-31T00:00:00.000Z,customer_resolution_output_score,70.9,100,index,true
KPI-0013107,E-0088,execution,2026-01-01T00:00:00.000Z,2026-03-31T00:00:00.000Z,execution_output_score,61.5,100,index,true
KPI-0013109,E-0088,customer_resolution,2026-01-01T00:00:00.000Z,2026-03-31T00:00:00.000Z,customer_resolution_output_score,68.7,100,index,true
KPI-0013121,E-0088,execution,2026-04-01T00:00:00.000Z,2026-06-30T00:00:00.000Z,execution_output_score,69.1,100,index,true
KPI-0013123,E-0088,customer_resolution,2026-04-01T00:00:00.000Z,2026-06-30T00:00:00.000Z,customer_resolution_output_score,67.7,100,index,true
KPI-0013139,E-0088,execution,2026-07-01T00:00:00.000Z,2026-09-29T00:00:00.000Z,execution_output_score,71.1,100,index,true
KPI-0013141,E-0088,customer_resolution,2026-07-01T00:00:00.000Z,2026-09-29T00:00:00.000Z,customer_resolution_output_score,65.8,100,index,true
KPI-0013159,E-0089,execution,2024-10-01T00:00:00.000Z,2024-12-31T00:00:00.000Z,execution_output_score,70.1,100,index,true
KPI-0013161,E-0089,system_design,2024-10-01T00:00:00.000Z,2024-12-31T00:00:00.000Z,system_design_output_score,70.1,100,index,true
KPI-0013182,E-0089,execution,2025-01-01T00:00:00.000Z,2025-03-31T00:00:00.000Z,execution_output_score,67,100,index,true
KPI-0013201,E-0089,system_design,2025-04-01T00:00:00.000Z,2025-06-30T00:00:00.000Z,system_design_output_score,78.4,100,index,true
KPI-0013218,E-0089,execution,2025-07-01T00:00:00.000Z,2025-09-30T00:00:00.000Z,execution_output_score,70.4,100,index,true
KPI-0013220,E-0089,system_design,2025-07-01T00:00:00.000Z,2025-09-30T00:00:00.000Z,system_design_output_score,73.8,100,index,true
KPI-0013239,E-0089,execution,2025-10-01T00:00:00.000Z,2025-12-31T00:00:00.000Z,execution_output_score,71.4,100,index,true
KPI-0013241,E-0089,system_design,2025-10-01T00:00:00.000Z,2025-12-31T00:00:00.000Z,system_design_output_score,85,100,index,true
KPI-0013253,E-0089,execution,2026-01-01T00:00:00.000Z,2026-03-31T00:00:00.000Z,execution_output_score,81.1,100,index,true
KPI-0013255,E-0089,system_design,2026-01-01T00:00:00.000Z,2026-03-31T00:00:00.000Z,system_design_output_score,90.3,100,index,true
KPI-0013261,E-0089,execution,2026-04-01T00:00:00.000Z,2026-06-30T00:00:00.000Z,execution_output_score,81.8,100,index,true
KPI-0013263,E-0089,system_design,2026-04-01T00:00:00.000Z,2026-06-30T00:00:00.000Z,system_design_output_score,90,100,index,true
KPI-0013285,E-0089,system_design,2026-07-01T00:00:00.000Z,2026-09-29T00:00:00.000Z,system_design_output_score,106.2,100,index,true
KPI-0013300,E-0090,execution,2024-10-01T00:00:00.000Z,2024-12-31T00:00:00.000Z,execution_output_score,76.1,100,index,true
KPI-0013302,E-0090,pipeline_mgmt,2024-10-01T00:00:00.000Z,2024-12-31T00:00:00.000Z,pipeline_mgmt_output_score,64.3,100,index,true
KPI-0013317,E-0090,execution,2025-01-01T00:00:00.000Z,2025-03-31T00:00:00.000Z,execution_output_score,77.1,100,index,true
KPI-0013319,E-0090,pipeline_mgmt,2025-01-01T00:00:00.000Z,2025-03-31T00:00:00.000Z,pipeline_mgmt_output_score,79.2,100,index,true
KPI-0013325,E-0090,execution,2025-04-01T00:00:00.000Z,2025-06-30T00:00:00.000Z,execution_output_score,76.7,100,index,true
KPI-0013327,E-0090,pipeline_mgmt,2025-04-01T00:00:00.000Z,2025-06-30T00:00:00.000Z,pipeline_mgmt_output_score,75.6,100,index,true
KPI-0013343,E-0090,execution,2025-07-01T00:00:00.000Z,2025-09-30T00:00:00.000Z,execution_output_score,70.5,100,index,true
KPI-0013345,E-0090,pipeline_mgmt,2025-07-01T00:00:00.000Z,2025-09-30T00:00:00.000Z,pipeline_mgmt_output_score,88.9,100,index,true
KPI-0013361,E-0090,execution,2025-10-01T00:00:00.000Z,2025-12-31T00:00:00.000Z,execution_output_score,76.6,100,index,true
KPI-0013363,E-0090,pipeline_mgmt,2025-10-01T00:00:00.000Z,2025-12-31T00:00:00.000Z,pipeline_mgmt_output_score,85.4,100,index,true
KPI-0013394,E-0090,execution,2026-01-01T00:00:00.000Z,2026-03-31T00:00:00.000Z,execution_output_score,72.6,100,index,true
KPI-0013413,E-0090,execution,2026-04-01T00:00:00.000Z,2026-06-30T00:00:00.000Z,execution_output_score,92.7,100,index,true
KPI-0013415,E-0090,pipeline_mgmt,2026-04-01T00:00:00.000Z,2026-06-30T00:00:00.000Z,pipeline_mgmt_output_score,91.2,100,index,true
KPI-0013438,E-0090,execution,2026-07-01T00:00:00.000Z,2026-09-29T00:00:00.000Z,execution_output_score,97.6,100,index,true
KPI-0013459,E-0091,execution,2024-10-01T00:00:00.000Z,2024-12-31T00:00:00.000Z,execution_output_score,67.1,100,index,true
KPI-0013461,E-0091,campaign_strategy,2024-10-01T00:00:00.000Z,2024-12-31T00:00:00.000Z,campaign_strategy_output_score,74,100,index,true
KPI-0013485,E-0091,execution,2025-01-01T00:00:00.000Z,2025-03-31T00:00:00.000Z,execution_output_score,81.5,100,index,true
KPI-0013487,E-0091,campaign_strategy,2025-01-01T00:00:00.000Z,2025-03-31T00:00:00.000Z,campaign_strategy_output_score,71.1,100,index,true
KPI-0013493,E-0091,execution,2025-04-01T00:00:00.000Z,2025-06-30T00:00:00.000Z,execution_output_score,66.7,100,index,true
KPI-0013516,E-0091,execution,2025-07-01T00:00:00.000Z,2025-09-30T00:00:00.000Z,execution_output_score,66.7,100,index,true
KPI-0013518,E-0091,campaign_strategy,2025-07-01T00:00:00.000Z,2025-09-30T00:00:00.000Z,campaign_strategy_output_score,75.4,100,index,true
KPI-0013527,E-0091,execution,2025-10-01T00:00:00.000Z,2025-12-31T00:00:00.000Z,execution_output_score,62.8,100,index,true
KPI-0013529,E-0091,campaign_strategy,2025-10-01T00:00:00.000Z,2025-12-31T00:00:00.000Z,campaign_strategy_output_score,71.7,100,index,true
KPI-0013551,E-0091,execution,2026-01-01T00:00:00.000Z,2026-03-31T00:00:00.000Z,execution_output_score,73.6,100,index,true
KPI-0013553,E-0091,campaign_strategy,2026-01-01T00:00:00.000Z,2026-03-31T00:00:00.000Z,campaign_strategy_output_score,69.2,100,index,true
KPI-0013572,E-0091,execution,2026-04-01T00:00:00.000Z,2026-06-30T00:00:00.000Z,execution_output_score,62.3,100,index,true
KPI-0013574,E-0091,campaign_strategy,2026-04-01T00:00:00.000Z,2026-06-30T00:00:00.000Z,campaign_strategy_output_score,78.9,100,index,true
KPI-0013599,E-0091,execution,2026-07-01T00:00:00.000Z,2026-09-29T00:00:00.000Z,execution_output_score,70.7,100,index,true
KPI-0013601,E-0091,campaign_strategy,2026-07-01T00:00:00.000Z,2026-09-29T00:00:00.000Z,campaign_strategy_output_score,72.1,100,index,true
KPI-0013620,E-0092,roadmap_prioritization,2024-10-01T00:00:00.000Z,2024-12-31T00:00:00.000Z,roadmap_prioritization_output_score,66.4,100,index,true
KPI-0013639,E-0092,execution,2025-01-01T00:00:00.000Z,2025-03-31T00:00:00.000Z,execution_output_score,74.8,100,index,true
KPI-0013645,E-0092,execution,2025-04-01T00:00:00.000Z,2025-06-30T00:00:00.000Z,execution_output_score,68.5,100,index,true
KPI-0013647,E-0092,roadmap_prioritization,2025-04-01T00:00:00.000Z,2025-06-30T00:00:00.000Z,roadmap_prioritization_output_score,76.5,100,index,true
KPI-0013663,E-0092,execution,2025-07-01T00:00:00.000Z,2025-09-30T00:00:00.000Z,execution_output_score,76.3,100,index,true
KPI-0013665,E-0092,roadmap_prioritization,2025-07-01T00:00:00.000Z,2025-09-30T00:00:00.000Z,roadmap_prioritization_output_score,79.8,100,index,true
KPI-0013681,E-0092,execution,2025-10-01T00:00:00.000Z,2025-12-31T00:00:00.000Z,execution_output_score,85.7,100,index,true
KPI-0013683,E-0092,roadmap_prioritization,2025-10-01T00:00:00.000Z,2025-12-31T00:00:00.000Z,roadmap_prioritization_output_score,84.8,100,index,true
KPI-0013709,E-0092,execution,2026-01-01T00:00:00.000Z,2026-03-31T00:00:00.000Z,execution_output_score,85,100,index,true
KPI-0013711,E-0092,roadmap_prioritization,2026-01-01T00:00:00.000Z,2026-03-31T00:00:00.000Z,roadmap_prioritization_output_score,80.9,100,index,true
KPI-0013723,E-0092,execution,2026-04-01T00:00:00.000Z,2026-06-30T00:00:00.000Z,execution_output_score,101.8,100,index,true
KPI-0013725,E-0092,roadmap_prioritization,2026-04-01T00:00:00.000Z,2026-06-30T00:00:00.000Z,roadmap_prioritization_output_score,95.2,100,index,true
KPI-0013743,E-0092,execution,2026-07-01T00:00:00.000Z,2026-09-29T00:00:00.000Z,execution_output_score,97.3,100,index,true
KPI-0013745,E-0092,roadmap_prioritization,2026-07-01T00:00:00.000Z,2026-09-29T00:00:00.000Z,roadmap_prioritization_output_score,85.1,100,index,true
KPI-0013779,E-0093,execution,2024-10-01T00:00:00.000Z,2024-12-31T00:00:00.000Z,execution_output_score,80.4,100,index,true
KPI-0013803,E-0093,execution,2025-01-01T00:00:00.000Z,2025-03-31T00:00:00.000Z,execution_output_score,79.8,100,index,true
KPI-0013805,E-0093,visual_craft,2025-01-01T00:00:00.000Z,2025-03-31T00:00:00.000Z,visual_craft_output_score,105.2,100,index,true
KPI-0013818,E-0093,execution,2025-04-01T00:00:00.000Z,2025-06-30T00:00:00.000Z,execution_output_score,83.8,100,index,true
KPI-0013845,E-0093,execution,2025-07-01T00:00:00.000Z,2025-09-30T00:00:00.000Z,execution_output_score,80.1,100,index,true
KPI-0013847,E-0093,visual_craft,2025-07-01T00:00:00.000Z,2025-09-30T00:00:00.000Z,visual_craft_output_score,102.4,100,index,true
KPI-0013856,E-0093,execution,2025-10-01T00:00:00.000Z,2025-12-31T00:00:00.000Z,execution_output_score,76.6,100,index,true
KPI-0013858,E-0093,visual_craft,2025-10-01T00:00:00.000Z,2025-12-31T00:00:00.000Z,visual_craft_output_score,94,100,index,true
KPI-0013887,E-0093,execution,2026-01-01T00:00:00.000Z,2026-03-31T00:00:00.000Z,execution_output_score,68.3,100,index,true
KPI-0013889,E-0093,visual_craft,2026-01-01T00:00:00.000Z,2026-03-31T00:00:00.000Z,visual_craft_output_score,92.2,100,index,true
KPI-0013902,E-0093,visual_craft,2026-04-01T00:00:00.000Z,2026-06-30T00:00:00.000Z,visual_craft_output_score,91.6,100,index,true
KPI-0013928,E-0093,visual_craft,2026-07-01T00:00:00.000Z,2026-09-29T00:00:00.000Z,visual_craft_output_score,82.4,100,index,true
KPI-0013957,E-0094,execution,2024-10-01T00:00:00.000Z,2024-12-31T00:00:00.000Z,execution_output_score,73.1,100,index,true
KPI-0013959,E-0094,financial_modeling,2024-10-01T00:00:00.000Z,2024-12-31T00:00:00.000Z,financial_modeling_output_score,71.1,100,index,true
KPI-0013983,E-0094,execution,2025-01-01T00:00:00.000Z,2025-03-31T00:00:00.000Z,execution_output_score,68.6,100,index,true
KPI-0013985,E-0094,financial_modeling,2025-01-01T00:00:00.000Z,2025-03-31T00:00:00.000Z,financial_modeling_output_score,70.8,100,index,true
KPI-0013994,E-0094,execution,2025-04-01T00:00:00.000Z,2025-06-30T00:00:00.000Z,execution_output_score,65.8,100,index,true
KPI-0013996,E-0094,financial_modeling,2025-04-01T00:00:00.000Z,2025-06-30T00:00:00.000Z,financial_modeling_output_score,75.1,100,index,true
KPI-0014015,E-0094,execution,2025-07-01T00:00:00.000Z,2025-09-30T00:00:00.000Z,execution_output_score,69.7,100,index,true
KPI-0014017,E-0094,financial_modeling,2025-07-01T00:00:00.000Z,2025-09-30T00:00:00.000Z,financial_modeling_output_score,79.3,100,index,true
KPI-0014029,E-0094,execution,2025-10-01T00:00:00.000Z,2025-12-31T00:00:00.000Z,execution_output_score,74.3,100,index,true
KPI-0014031,E-0094,financial_modeling,2025-10-01T00:00:00.000Z,2025-12-31T00:00:00.000Z,financial_modeling_output_score,81.4,100,index,true
KPI-0014059,E-0094,execution,2026-01-01T00:00:00.000Z,2026-03-31T00:00:00.000Z,execution_output_score,74.1,100,index,true
KPI-0014061,E-0094,financial_modeling,2026-01-01T00:00:00.000Z,2026-03-31T00:00:00.000Z,financial_modeling_output_score,76,100,index,true
KPI-0014073,E-0094,execution,2026-04-01T00:00:00.000Z,2026-06-30T00:00:00.000Z,execution_output_score,68.4,100,index,true
KPI-0014075,E-0094,financial_modeling,2026-04-01T00:00:00.000Z,2026-06-30T00:00:00.000Z,financial_modeling_output_score,75.9,100,index,true
KPI-0014103,E-0094,financial_modeling,2026-07-01T00:00:00.000Z,2026-09-29T00:00:00.000Z,financial_modeling_output_score,78.7,100,index,true
KPI-0014130,E-0095,execution,2024-10-01T00:00:00.000Z,2024-12-31T00:00:00.000Z,execution_output_score,102.9,100,index,true
KPI-0014132,E-0095,talent_assessment,2024-10-01T00:00:00.000Z,2024-12-31T00:00:00.000Z,talent_assessment_output_score,106.6,100,index,true
KPI-0014151,E-0095,execution,2025-01-01T00:00:00.000Z,2025-03-31T00:00:00.000Z,execution_output_score,108.3,100,index,true
KPI-0014153,E-0095,talent_assessment,2025-01-01T00:00:00.000Z,2025-03-31T00:00:00.000Z,talent_assessment_output_score,111.7,100,index,true
KPI-0014162,E-0095,execution,2025-04-01T00:00:00.000Z,2025-06-30T00:00:00.000Z,execution_output_score,97.9,100,index,true
KPI-0014164,E-0095,talent_assessment,2025-04-01T00:00:00.000Z,2025-06-30T00:00:00.000Z,talent_assessment_output_score,106.6,100,index,true
KPI-0014180,E-0095,execution,2025-07-01T00:00:00.000Z,2025-09-30T00:00:00.000Z,execution_output_score,96.2,100,index,true
KPI-0014182,E-0095,talent_assessment,2025-07-01T00:00:00.000Z,2025-09-30T00:00:00.000Z,talent_assessment_output_score,106.2,100,index,true
KPI-0014194,E-0095,execution,2025-10-01T00:00:00.000Z,2025-12-31T00:00:00.000Z,execution_output_score,90.6,100,index,true
KPI-0014196,E-0095,talent_assessment,2025-10-01T00:00:00.000Z,2025-12-31T00:00:00.000Z,talent_assessment_output_score,95.9,100,index,true
KPI-0014223,E-0095,execution,2026-01-01T00:00:00.000Z,2026-03-31T00:00:00.000Z,execution_output_score,81.2,100,index,true
KPI-0014225,E-0095,talent_assessment,2026-01-01T00:00:00.000Z,2026-03-31T00:00:00.000Z,talent_assessment_output_score,94.2,100,index,true
KPI-0014234,E-0095,execution,2026-04-01T00:00:00.000Z,2026-06-30T00:00:00.000Z,execution_output_score,87,100,index,true
KPI-0014236,E-0095,talent_assessment,2026-04-01T00:00:00.000Z,2026-06-30T00:00:00.000Z,talent_assessment_output_score,101.2,100,index,true
KPI-0014251,E-0095,execution,2026-07-01T00:00:00.000Z,2026-09-29T00:00:00.000Z,execution_output_score,76.3,100,index,true
KPI-0014275,E-0096,execution,2024-10-01T00:00:00.000Z,2024-12-31T00:00:00.000Z,execution_output_score,62.1,100,index,true
KPI-0014317,E-0096,execution,2025-04-01T00:00:00.000Z,2025-06-30T00:00:00.000Z,execution_output_score,77.3,100,index,true
KPI-0014319,E-0096,customer_resolution,2025-04-01T00:00:00.000Z,2025-06-30T00:00:00.000Z,customer_resolution_output_score,82,100,index,true
KPI-0014346,E-0096,execution,2025-07-01T00:00:00.000Z,2025-09-30T00:00:00.000Z,execution_output_score,75.1,100,index,true
KPI-0014348,E-0096,customer_resolution,2025-07-01T00:00:00.000Z,2025-09-30T00:00:00.000Z,customer_resolution_output_score,84.5,100,index,true
KPI-0014357,E-0096,execution,2025-10-01T00:00:00.000Z,2025-12-31T00:00:00.000Z,execution_output_score,89.3,100,index,true
KPI-0014359,E-0096,customer_resolution,2025-10-01T00:00:00.000Z,2025-12-31T00:00:00.000Z,customer_resolution_output_score,79.6,100,index,true
KPI-0014373,E-0096,execution,2026-01-01T00:00:00.000Z,2026-03-31T00:00:00.000Z,execution_output_score,88.8,100,index,true
KPI-0014375,E-0096,customer_resolution,2026-01-01T00:00:00.000Z,2026-03-31T00:00:00.000Z,customer_resolution_output_score,95.8,100,index,true
KPI-0014383,E-0096,execution,2026-04-01T00:00:00.000Z,2026-06-30T00:00:00.000Z,execution_output_score,86.8,100,index,true
KPI-0014385,E-0096,customer_resolution,2026-04-01T00:00:00.000Z,2026-06-30T00:00:00.000Z,customer_resolution_output_score,96.1,100,index,true
KPI-0014414,E-0097,execution,2024-10-01T00:00:00.000Z,2024-12-31T00:00:00.000Z,execution_output_score,78.7,100,index,true
KPI-0014416,E-0097,system_design,2024-10-01T00:00:00.000Z,2024-12-31T00:00:00.000Z,system_design_output_score,92,100,index,true
KPI-0014437,E-0097,execution,2025-01-01T00:00:00.000Z,2025-03-31T00:00:00.000Z,execution_output_score,68.8,100,index,true
KPI-0014439,E-0097,system_design,2025-01-01T00:00:00.000Z,2025-03-31T00:00:00.000Z,system_design_output_score,84.7,100,index,true
KPI-0014448,E-0097,execution,2025-04-01T00:00:00.000Z,2025-06-30T00:00:00.000Z,execution_output_score,86.1,100,index,true
KPI-0014450,E-0097,system_design,2025-04-01T00:00:00.000Z,2025-06-30T00:00:00.000Z,system_design_output_score,80.9,100,index,true
KPI-0014471,E-0097,execution,2025-07-01T00:00:00.000Z,2025-09-30T00:00:00.000Z,execution_output_score,79.4,100,index,true
KPI-0014479,E-0097,execution,2025-10-01T00:00:00.000Z,2025-12-31T00:00:00.000Z,execution_output_score,78.8,100,index,true
KPI-0014481,E-0097,system_design,2025-10-01T00:00:00.000Z,2025-12-31T00:00:00.000Z,system_design_output_score,84.8,100,index,true
KPI-0014510,E-0097,execution,2026-01-01T00:00:00.000Z,2026-03-31T00:00:00.000Z,execution_output_score,86.9,100,index,true
KPI-0014519,E-0097,execution,2026-04-01T00:00:00.000Z,2026-06-30T00:00:00.000Z,execution_output_score,85,100,index,true
KPI-0014521,E-0097,system_design,2026-04-01T00:00:00.000Z,2026-06-30T00:00:00.000Z,system_design_output_score,81.9,100,index,true
KPI-0014535,E-0097,execution,2026-07-01T00:00:00.000Z,2026-09-29T00:00:00.000Z,execution_output_score,83.4,100,index,true
KPI-0014537,E-0097,system_design,2026-07-01T00:00:00.000Z,2026-09-29T00:00:00.000Z,system_design_output_score,84.5,100,index,true
KPI-0014552,E-0098,execution,2024-10-01T00:00:00.000Z,2024-12-31T00:00:00.000Z,execution_output_score,68.1,100,index,true
KPI-0014574,E-0098,execution,2025-01-01T00:00:00.000Z,2025-03-31T00:00:00.000Z,execution_output_score,73.6,100,index,true
KPI-0014576,E-0098,pipeline_mgmt,2025-01-01T00:00:00.000Z,2025-03-31T00:00:00.000Z,pipeline_mgmt_output_score,85.7,100,index,true
KPI-0014591,E-0098,execution,2025-04-01T00:00:00.000Z,2025-06-30T00:00:00.000Z,execution_output_score,76.3,100,index,true
KPI-0014593,E-0098,pipeline_mgmt,2025-04-01T00:00:00.000Z,2025-06-30T00:00:00.000Z,pipeline_mgmt_output_score,88.5,100,index,true
KPI-0014619,E-0098,execution,2025-07-01T00:00:00.000Z,2025-09-30T00:00:00.000Z,execution_output_score,83.3,100,index,true
KPI-0014621,E-0098,pipeline_mgmt,2025-07-01T00:00:00.000Z,2025-09-30T00:00:00.000Z,pipeline_mgmt_output_score,89.4,100,index,true
KPI-0014640,E-0098,pipeline_mgmt,2025-10-01T00:00:00.000Z,2025-12-31T00:00:00.000Z,pipeline_mgmt_output_score,84.2,100,index,true
KPI-0014658,E-0098,execution,2026-01-01T00:00:00.000Z,2026-03-31T00:00:00.000Z,execution_output_score,88.4,100,index,true
KPI-0014660,E-0098,pipeline_mgmt,2026-01-01T00:00:00.000Z,2026-03-31T00:00:00.000Z,pipeline_mgmt_output_score,75.6,100,index,true
KPI-0014673,E-0098,execution,2026-04-01T00:00:00.000Z,2026-06-30T00:00:00.000Z,execution_output_score,90.2,100,index,true
KPI-0014693,E-0098,execution,2026-07-01T00:00:00.000Z,2026-09-29T00:00:00.000Z,execution_output_score,96.9,100,index,true
KPI-0014715,E-0099,execution,2024-10-01T00:00:00.000Z,2024-12-31T00:00:00.000Z,execution_output_score,67.4,100,index,true
KPI-0014717,E-0099,campaign_strategy,2024-10-01T00:00:00.000Z,2024-12-31T00:00:00.000Z,campaign_strategy_output_score,78.2,100,index,true
KPI-0014741,E-0099,execution,2025-01-01T00:00:00.000Z,2025-03-31T00:00:00.000Z,execution_output_score,76.2,100,index,true
KPI-0014760,E-0099,execution,2025-04-01T00:00:00.000Z,2025-06-30T00:00:00.000Z,execution_output_score,74.7,100,index,true
KPI-0014762,E-0099,campaign_strategy,2025-04-01T00:00:00.000Z,2025-06-30T00:00:00.000Z,campaign_strategy_output_score,78.2,100,index,true
KPI-0014779,E-0099,execution,2025-07-01T00:00:00.000Z,2025-09-30T00:00:00.000Z,execution_output_score,70.4,100,index,true
KPI-0014781,E-0099,campaign_strategy,2025-07-01T00:00:00.000Z,2025-09-30T00:00:00.000Z,campaign_strategy_output_score,81.2,100,index,true
KPI-0014794,E-0099,execution,2025-10-01T00:00:00.000Z,2025-12-31T00:00:00.000Z,execution_output_score,72.4,100,index,true
KPI-0014796,E-0099,campaign_strategy,2025-10-01T00:00:00.000Z,2025-12-31T00:00:00.000Z,campaign_strategy_output_score,84.4,100,index,true
KPI-0014821,E-0099,execution,2026-01-01T00:00:00.000Z,2026-03-31T00:00:00.000Z,execution_output_score,72,100,index,true
KPI-0014823,E-0099,campaign_strategy,2026-01-01T00:00:00.000Z,2026-03-31T00:00:00.000Z,campaign_strategy_output_score,87.6,100,index,true
KPI-0014841,E-0099,execution,2026-04-01T00:00:00.000Z,2026-06-30T00:00:00.000Z,execution_output_score,77.7,100,index,true
KPI-0014843,E-0099,campaign_strategy,2026-04-01T00:00:00.000Z,2026-06-30T00:00:00.000Z,campaign_strategy_output_score,100.6,100,index,true
KPI-0014862,E-0099,execution,2026-07-01T00:00:00.000Z,2026-09-29T00:00:00.000Z,execution_output_score,67.9,100,index,true
KPI-0014864,E-0099,campaign_strategy,2026-07-01T00:00:00.000Z,2026-09-29T00:00:00.000Z,campaign_strategy_output_score,102.8,100,index,true
KPI-0014893,E-0100,execution,2024-10-01T00:00:00.000Z,2024-12-31T00:00:00.000Z,execution_output_score,71.5,100,index,true
KPI-0014895,E-0100,roadmap_prioritization,2024-10-01T00:00:00.000Z,2024-12-31T00:00:00.000Z,roadmap_prioritization_output_score,87.4,100,index,true
KPI-0014914,E-0100,execution,2025-01-01T00:00:00.000Z,2025-03-31T00:00:00.000Z,execution_output_score,69.7,100,index,true
KPI-0014916,E-0100,roadmap_prioritization,2025-01-01T00:00:00.000Z,2025-03-31T00:00:00.000Z,roadmap_prioritization_output_score,81.4,100,index,true
KPI-0014921,E-0100,execution,2025-04-01T00:00:00.000Z,2025-06-30T00:00:00.000Z,execution_output_score,76,100,index,true
KPI-0014923,E-0100,roadmap_prioritization,2025-04-01T00:00:00.000Z,2025-06-30T00:00:00.000Z,roadmap_prioritization_output_score,87.2,100,index,true
KPI-0014938,E-0100,execution,2025-07-01T00:00:00.000Z,2025-09-30T00:00:00.000Z,execution_output_score,86.2,100,index,true
KPI-0014940,E-0100,roadmap_prioritization,2025-07-01T00:00:00.000Z,2025-09-30T00:00:00.000Z,roadmap_prioritization_output_score,87.3,100,index,true
KPI-0014945,E-0100,execution,2025-10-01T00:00:00.000Z,2025-12-31T00:00:00.000Z,execution_output_score,89.7,100,index,true
KPI-0014947,E-0100,roadmap_prioritization,2025-10-01T00:00:00.000Z,2025-12-31T00:00:00.000Z,roadmap_prioritization_output_score,83.3,100,index,true
KPI-0014965,E-0100,execution,2026-01-01T00:00:00.000Z,2026-03-31T00:00:00.000Z,execution_output_score,95.8,100,index,true
KPI-0014967,E-0100,roadmap_prioritization,2026-01-01T00:00:00.000Z,2026-03-31T00:00:00.000Z,roadmap_prioritization_output_score,81.5,100,index,true
KPI-0014975,E-0100,execution,2026-04-01T00:00:00.000Z,2026-06-30T00:00:00.000Z,execution_output_score,87.2,100,index,true
KPI-0014977,E-0100,roadmap_prioritization,2026-04-01T00:00:00.000Z,2026-06-30T00:00:00.000Z,roadmap_prioritization_output_score,88.5,100,index,true
KPI-0014987,E-0100,execution,2026-07-01T00:00:00.000Z,2026-09-29T00:00:00.000Z,execution_output_score,90.6,100,index,true
KPI-0015007,E-0101,execution,2024-10-01T00:00:00.000Z,2024-12-31T00:00:00.000Z,execution_output_score,65.3,100,index,true
KPI-0015009,E-0101,visual_craft,2024-10-01T00:00:00.000Z,2024-12-31T00:00:00.000Z,visual_craft_output_score,68.1,100,index,true
KPI-0015025,E-0101,visual_craft,2025-01-01T00:00:00.000Z,2025-03-31T00:00:00.000Z,visual_craft_output_score,74.9,100,index,true
KPI-0015033,E-0101,visual_craft,2025-04-01T00:00:00.000Z,2025-06-30T00:00:00.000Z,visual_craft_output_score,78,100,index,true
KPI-0015053,E-0101,execution,2025-07-01T00:00:00.000Z,2025-09-30T00:00:00.000Z,execution_output_score,91.9,100,index,true
KPI-0015055,E-0101,visual_craft,2025-07-01T00:00:00.000Z,2025-09-30T00:00:00.000Z,visual_craft_output_score,87.8,100,index,true
KPI-0015064,E-0101,visual_craft,2025-10-01T00:00:00.000Z,2025-12-31T00:00:00.000Z,visual_craft_output_score,84.8,100,index,true
KPI-0015084,E-0101,execution,2026-01-01T00:00:00.000Z,2026-03-31T00:00:00.000Z,execution_output_score,95.4,100,index,true
KPI-0015093,E-0101,visual_craft,2026-04-01T00:00:00.000Z,2026-06-30T00:00:00.000Z,visual_craft_output_score,100.2,100,index,true
KPI-0015109,E-0101,execution,2026-07-01T00:00:00.000Z,2026-09-29T00:00:00.000Z,execution_output_score,101.2,100,index,true
KPI-0015111,E-0101,visual_craft,2026-07-01T00:00:00.000Z,2026-09-29T00:00:00.000Z,visual_craft_output_score,100.7,100,index,true
KPI-0015129,E-0102,execution,2024-10-01T00:00:00.000Z,2024-12-31T00:00:00.000Z,execution_output_score,80.9,100,index,true
KPI-0015131,E-0102,financial_modeling,2024-10-01T00:00:00.000Z,2024-12-31T00:00:00.000Z,financial_modeling_output_score,69.9,100,index,true
KPI-0015158,E-0102,execution,2025-01-01T00:00:00.000Z,2025-03-31T00:00:00.000Z,execution_output_score,73.3,100,index,true
KPI-0015160,E-0102,financial_modeling,2025-01-01T00:00:00.000Z,2025-03-31T00:00:00.000Z,financial_modeling_output_score,58.1,100,index,true
KPI-0015166,E-0102,execution,2025-04-01T00:00:00.000Z,2025-06-30T00:00:00.000Z,execution_output_score,74.5,100,index,true
KPI-0015168,E-0102,financial_modeling,2025-04-01T00:00:00.000Z,2025-06-30T00:00:00.000Z,financial_modeling_output_score,70.6,100,index,true
KPI-0015197,E-0102,execution,2025-07-01T00:00:00.000Z,2025-09-30T00:00:00.000Z,execution_output_score,71.5,100,index,true
KPI-0015199,E-0102,financial_modeling,2025-07-01T00:00:00.000Z,2025-09-30T00:00:00.000Z,financial_modeling_output_score,73.5,100,index,true
KPI-0015214,E-0102,financial_modeling,2025-10-01T00:00:00.000Z,2025-12-31T00:00:00.000Z,financial_modeling_output_score,74.4,100,index,true
KPI-0015235,E-0102,execution,2026-01-01T00:00:00.000Z,2026-03-31T00:00:00.000Z,execution_output_score,71.5,100,index,true
KPI-0015237,E-0102,financial_modeling,2026-01-01T00:00:00.000Z,2026-03-31T00:00:00.000Z,financial_modeling_output_score,88.1,100,index,true
KPI-0015246,E-0102,financial_modeling,2026-04-01T00:00:00.000Z,2026-06-30T00:00:00.000Z,financial_modeling_output_score,94.1,100,index,true
KPI-0015263,E-0102,execution,2026-07-01T00:00:00.000Z,2026-09-29T00:00:00.000Z,execution_output_score,67.2,100,index,true
KPI-0015265,E-0102,financial_modeling,2026-07-01T00:00:00.000Z,2026-09-29T00:00:00.000Z,financial_modeling_output_score,91.9,100,index,true
KPI-0015284,E-0103,execution,2024-10-01T00:00:00.000Z,2024-12-31T00:00:00.000Z,execution_output_score,89.9,100,index,true
KPI-0015286,E-0103,talent_assessment,2024-10-01T00:00:00.000Z,2024-12-31T00:00:00.000Z,talent_assessment_output_score,84.7,100,index,true
KPI-0015302,E-0103,execution,2025-01-01T00:00:00.000Z,2025-03-31T00:00:00.000Z,execution_output_score,94.7,100,index,true
KPI-0015304,E-0103,talent_assessment,2025-01-01T00:00:00.000Z,2025-03-31T00:00:00.000Z,talent_assessment_output_score,90.1,100,index,true
KPI-0015323,E-0103,talent_assessment,2025-04-01T00:00:00.000Z,2025-06-30T00:00:00.000Z,talent_assessment_output_score,94.2,100,index,true
KPI-0015342,E-0103,talent_assessment,2025-07-01T00:00:00.000Z,2025-09-30T00:00:00.000Z,talent_assessment_output_score,89.3,100,index,true
KPI-0015354,E-0103,talent_assessment,2025-10-01T00:00:00.000Z,2025-12-31T00:00:00.000Z,talent_assessment_output_score,86.3,100,index,true
KPI-0015377,E-0103,talent_assessment,2026-01-01T00:00:00.000Z,2026-03-31T00:00:00.000Z,talent_assessment_output_score,85,100,index,true
KPI-0015409,E-0103,talent_assessment,2026-07-01T00:00:00.000Z,2026-09-29T00:00:00.000Z,talent_assessment_output_score,93.8,100,index,true
KPI-0015442,E-0104,execution,2024-10-01T00:00:00.000Z,2024-12-31T00:00:00.000Z,execution_output_score,69.2,100,index,true
KPI-0015444,E-0104,customer_resolution,2024-10-01T00:00:00.000Z,2024-12-31T00:00:00.000Z,customer_resolution_output_score,70.1,100,index,true
KPI-0015461,E-0104,execution,2025-01-01T00:00:00.000Z,2025-03-31T00:00:00.000Z,execution_output_score,65.7,100,index,true
KPI-0015470,E-0104,execution,2025-04-01T00:00:00.000Z,2025-06-30T00:00:00.000Z,execution_output_score,67.3,100,index,true
KPI-0015472,E-0104,customer_resolution,2025-04-01T00:00:00.000Z,2025-06-30T00:00:00.000Z,customer_resolution_output_score,76.1,100,index,true
KPI-0015485,E-0104,execution,2025-07-01T00:00:00.000Z,2025-09-30T00:00:00.000Z,execution_output_score,66.2,100,index,true
KPI-0015487,E-0104,customer_resolution,2025-07-01T00:00:00.000Z,2025-09-30T00:00:00.000Z,customer_resolution_output_score,76.6,100,index,true
KPI-0015495,E-0104,execution,2025-10-01T00:00:00.000Z,2025-12-31T00:00:00.000Z,execution_output_score,64.8,100,index,true
KPI-0015497,E-0104,customer_resolution,2025-10-01T00:00:00.000Z,2025-12-31T00:00:00.000Z,customer_resolution_output_score,75.7,100,index,true
KPI-0015515,E-0104,execution,2026-01-01T00:00:00.000Z,2026-03-31T00:00:00.000Z,execution_output_score,67.8,100,index,true
KPI-0015517,E-0104,customer_resolution,2026-01-01T00:00:00.000Z,2026-03-31T00:00:00.000Z,customer_resolution_output_score,78.2,100,index,true
KPI-0015519,E-0104,execution,2026-04-01T00:00:00.000Z,2026-06-30T00:00:00.000Z,execution_output_score,73.3,100,index,true
KPI-0015521,E-0104,customer_resolution,2026-04-01T00:00:00.000Z,2026-06-30T00:00:00.000Z,customer_resolution_output_score,72,100,index,true
KPI-0015538,E-0104,execution,2026-07-01T00:00:00.000Z,2026-09-29T00:00:00.000Z,execution_output_score,72.1,100,index,true
KPI-0015540,E-0104,customer_resolution,2026-07-01T00:00:00.000Z,2026-09-29T00:00:00.000Z,customer_resolution_output_score,70.5,100,index,true
KPI-0015559,E-0105,execution,2024-10-01T00:00:00.000Z,2024-12-31T00:00:00.000Z,execution_output_score,108.1,100,index,true
KPI-0015561,E-0105,system_design,2024-10-01T00:00:00.000Z,2024-12-31T00:00:00.000Z,system_design_output_score,71.7,100,index,true
KPI-0015588,E-0105,execution,2025-01-01T00:00:00.000Z,2025-03-31T00:00:00.000Z,execution_output_score,116.1,100,index,true
KPI-0015590,E-0105,system_design,2025-01-01T00:00:00.000Z,2025-03-31T00:00:00.000Z,system_design_output_score,77.5,100,index,true
KPI-0015609,E-0105,execution,2025-04-01T00:00:00.000Z,2025-06-30T00:00:00.000Z,execution_output_score,110.1,100,index,true
KPI-0015611,E-0105,system_design,2025-04-01T00:00:00.000Z,2025-06-30T00:00:00.000Z,system_design_output_score,66.1,100,index,true
KPI-0015637,E-0105,execution,2025-07-01T00:00:00.000Z,2025-09-30T00:00:00.000Z,execution_output_score,100.4,100,index,true
KPI-0015655,E-0105,execution,2025-10-01T00:00:00.000Z,2025-12-31T00:00:00.000Z,execution_output_score,94,100,index,true
KPI-0015657,E-0105,system_design,2025-10-01T00:00:00.000Z,2025-12-31T00:00:00.000Z,system_design_output_score,72.6,100,index,true
KPI-0015679,E-0105,execution,2026-01-01T00:00:00.000Z,2026-03-31T00:00:00.000Z,execution_output_score,90.4,100,index,true
KPI-0015681,E-0105,system_design,2026-01-01T00:00:00.000Z,2026-03-31T00:00:00.000Z,system_design_output_score,73.6,100,index,true
KPI-0015693,E-0105,execution,2026-04-01T00:00:00.000Z,2026-06-30T00:00:00.000Z,execution_output_score,83.2,100,index,true
KPI-0015695,E-0105,system_design,2026-04-01T00:00:00.000Z,2026-06-30T00:00:00.000Z,system_design_output_score,76,100,index,true
KPI-0015709,E-0105,execution,2026-07-01T00:00:00.000Z,2026-09-29T00:00:00.000Z,execution_output_score,73.7,100,index,true
KPI-0015711,E-0105,system_design,2026-07-01T00:00:00.000Z,2026-09-29T00:00:00.000Z,system_design_output_score,77.7,100,index,true
KPI-0015741,E-0106,execution,2024-10-01T00:00:00.000Z,2024-12-31T00:00:00.000Z,execution_output_score,68.1,100,index,true
KPI-0015743,E-0106,pipeline_mgmt,2024-10-01T00:00:00.000Z,2024-12-31T00:00:00.000Z,pipeline_mgmt_output_score,70.5,100,index,true
KPI-0015766,E-0106,execution,2025-01-01T00:00:00.000Z,2025-03-31T00:00:00.000Z,execution_output_score,80.2,100,index,true
KPI-0015768,E-0106,pipeline_mgmt,2025-01-01T00:00:00.000Z,2025-03-31T00:00:00.000Z,pipeline_mgmt_output_score,69.6,100,index,true
KPI-0015784,E-0106,execution,2025-04-01T00:00:00.000Z,2025-06-30T00:00:00.000Z,execution_output_score,76,100,index,true
KPI-0015786,E-0106,pipeline_mgmt,2025-04-01T00:00:00.000Z,2025-06-30T00:00:00.000Z,pipeline_mgmt_output_score,86.3,100,index,true
KPI-0015810,E-0106,execution,2025-07-01T00:00:00.000Z,2025-09-30T00:00:00.000Z,execution_output_score,80.5,100,index,true
KPI-0015812,E-0106,pipeline_mgmt,2025-07-01T00:00:00.000Z,2025-09-30T00:00:00.000Z,pipeline_mgmt_output_score,83.3,100,index,true
KPI-0015821,E-0106,execution,2025-10-01T00:00:00.000Z,2025-12-31T00:00:00.000Z,execution_output_score,70.2,100,index,true
KPI-0015823,E-0106,pipeline_mgmt,2025-10-01T00:00:00.000Z,2025-12-31T00:00:00.000Z,pipeline_mgmt_output_score,86.3,100,index,true
KPI-0015833,E-0106,pipeline_mgmt,2026-01-01T00:00:00.000Z,2026-03-31T00:00:00.000Z,pipeline_mgmt_output_score,90.3,100,index,true
KPI-0015845,E-0106,execution,2026-04-01T00:00:00.000Z,2026-06-30T00:00:00.000Z,execution_output_score,81.1,100,index,true
KPI-0015847,E-0106,pipeline_mgmt,2026-04-01T00:00:00.000Z,2026-06-30T00:00:00.000Z,pipeline_mgmt_output_score,94.9,100,index,true
KPI-0015858,E-0106,execution,2026-07-01T00:00:00.000Z,2026-09-29T00:00:00.000Z,execution_output_score,72.1,100,index,true
KPI-0015860,E-0106,pipeline_mgmt,2026-07-01T00:00:00.000Z,2026-09-29T00:00:00.000Z,pipeline_mgmt_output_score,99.9,100,index,true
KPI-0015886,E-0107,campaign_strategy,2024-10-01T00:00:00.000Z,2024-12-31T00:00:00.000Z,campaign_strategy_output_score,83.3,100,index,true
KPI-0015914,E-0107,execution,2025-01-01T00:00:00.000Z,2025-03-31T00:00:00.000Z,execution_output_score,77.9,100,index,true
KPI-0015932,E-0107,execution,2025-04-01T00:00:00.000Z,2025-06-30T00:00:00.000Z,execution_output_score,83.2,100,index,true
KPI-0015934,E-0107,campaign_strategy,2025-04-01T00:00:00.000Z,2025-06-30T00:00:00.000Z,campaign_strategy_output_score,83.1,100,index,true
KPI-0015966,E-0107,campaign_strategy,2025-10-01T00:00:00.000Z,2025-12-31T00:00:00.000Z,campaign_strategy_output_score,81.5,100,index,true
KPI-0015986,E-0107,campaign_strategy,2026-01-01T00:00:00.000Z,2026-03-31T00:00:00.000Z,campaign_strategy_output_score,69.3,100,index,true
KPI-0015999,E-0107,campaign_strategy,2026-04-01T00:00:00.000Z,2026-06-30T00:00:00.000Z,campaign_strategy_output_score,73.5,100,index,true
KPI-0016013,E-0107,campaign_strategy,2026-07-01T00:00:00.000Z,2026-09-29T00:00:00.000Z,campaign_strategy_output_score,78.5,100,index,true
KPI-0016039,E-0108,execution,2024-10-01T00:00:00.000Z,2024-12-31T00:00:00.000Z,execution_output_score,72.6,100,index,true
KPI-0016041,E-0108,roadmap_prioritization,2024-10-01T00:00:00.000Z,2024-12-31T00:00:00.000Z,roadmap_prioritization_output_score,69.6,100,index,true
KPI-0016067,E-0108,execution,2025-01-01T00:00:00.000Z,2025-03-31T00:00:00.000Z,execution_output_score,81.4,100,index,true
KPI-0016069,E-0108,roadmap_prioritization,2025-01-01T00:00:00.000Z,2025-03-31T00:00:00.000Z,roadmap_prioritization_output_score,72.5,100,index,true
KPI-0016078,E-0108,execution,2025-04-01T00:00:00.000Z,2025-06-30T00:00:00.000Z,execution_output_score,83.1,100,index,true
KPI-0016080,E-0108,roadmap_prioritization,2025-04-01T00:00:00.000Z,2025-06-30T00:00:00.000Z,roadmap_prioritization_output_score,78.4,100,index,true
KPI-0016099,E-0108,execution,2025-07-01T00:00:00.000Z,2025-09-30T00:00:00.000Z,execution_output_score,85.2,100,index,true
KPI-0016101,E-0108,roadmap_prioritization,2025-07-01T00:00:00.000Z,2025-09-30T00:00:00.000Z,roadmap_prioritization_output_score,80.7,100,index,true
KPI-0016113,E-0108,execution,2025-10-01T00:00:00.000Z,2025-12-31T00:00:00.000Z,execution_output_score,76.3,100,index,true
KPI-0016115,E-0108,roadmap_prioritization,2025-10-01T00:00:00.000Z,2025-12-31T00:00:00.000Z,roadmap_prioritization_output_score,89.7,100,index,true
KPI-0016136,E-0108,execution,2026-01-01T00:00:00.000Z,2026-03-31T00:00:00.000Z,execution_output_score,91.6,100,index,true
KPI-0016142,E-0108,roadmap_prioritization,2026-04-01T00:00:00.000Z,2026-06-30T00:00:00.000Z,roadmap_prioritization_output_score,96.1,100,index,true
KPI-0016154,E-0108,execution,2026-07-01T00:00:00.000Z,2026-09-29T00:00:00.000Z,execution_output_score,102.8,100,index,true
KPI-0016156,E-0108,roadmap_prioritization,2026-07-01T00:00:00.000Z,2026-09-29T00:00:00.000Z,roadmap_prioritization_output_score,114.7,100,index,true
KPI-0016180,E-0109,execution,2024-10-01T00:00:00.000Z,2024-12-31T00:00:00.000Z,execution_output_score,60.2,100,index,true
KPI-0016182,E-0109,visual_craft,2024-10-01T00:00:00.000Z,2024-12-31T00:00:00.000Z,visual_craft_output_score,87.9,100,index,true
KPI-0016213,E-0109,visual_craft,2025-01-01T00:00:00.000Z,2025-03-31T00:00:00.000Z,visual_craft_output_score,91.4,100,index,true
KPI-0016219,E-0109,execution,2025-04-01T00:00:00.000Z,2025-06-30T00:00:00.000Z,execution_output_score,74.7,100,index,true
KPI-0016221,E-0109,visual_craft,2025-04-01T00:00:00.000Z,2025-06-30T00:00:00.000Z,visual_craft_output_score,104.7,100,index,true
KPI-0016250,E-0109,execution,2025-07-01T00:00:00.000Z,2025-09-30T00:00:00.000Z,execution_output_score,88.1,100,index,true
KPI-0016252,E-0109,visual_craft,2025-07-01T00:00:00.000Z,2025-09-30T00:00:00.000Z,visual_craft_output_score,101.2,100,index,true
KPI-0016268,E-0109,execution,2025-10-01T00:00:00.000Z,2025-12-31T00:00:00.000Z,execution_output_score,78.6,100,index,true
KPI-0016270,E-0109,visual_craft,2025-10-01T00:00:00.000Z,2025-12-31T00:00:00.000Z,visual_craft_output_score,93.2,100,index,true
KPI-0016293,E-0109,execution,2026-01-01T00:00:00.000Z,2026-03-31T00:00:00.000Z,execution_output_score,89.2,100,index,true
KPI-0016295,E-0109,visual_craft,2026-01-01T00:00:00.000Z,2026-03-31T00:00:00.000Z,visual_craft_output_score,96.9,100,index,true
KPI-0016297,E-0109,execution,2026-04-01T00:00:00.000Z,2026-06-30T00:00:00.000Z,execution_output_score,90.7,100,index,true
KPI-0016321,E-0109,execution,2026-07-01T00:00:00.000Z,2026-09-29T00:00:00.000Z,execution_output_score,99.9,100,index,true
KPI-0016323,E-0109,visual_craft,2026-07-01T00:00:00.000Z,2026-09-29T00:00:00.000Z,visual_craft_output_score,106.3,100,index,true
KPI-0016348,E-0110,execution,2024-10-01T00:00:00.000Z,2024-12-31T00:00:00.000Z,execution_output_score,50.8,100,index,true
KPI-0016350,E-0110,financial_modeling,2024-10-01T00:00:00.000Z,2024-12-31T00:00:00.000Z,financial_modeling_output_score,91,100,index,true
KPI-0016371,E-0110,execution,2025-01-01T00:00:00.000Z,2025-03-31T00:00:00.000Z,execution_output_score,69.2,100,index,true
KPI-0016373,E-0110,financial_modeling,2025-01-01T00:00:00.000Z,2025-03-31T00:00:00.000Z,financial_modeling_output_score,96.3,100,index,true
KPI-0016392,E-0110,execution,2025-04-01T00:00:00.000Z,2025-06-30T00:00:00.000Z,execution_output_score,72.5,100,index,true
KPI-0016394,E-0110,financial_modeling,2025-04-01T00:00:00.000Z,2025-06-30T00:00:00.000Z,financial_modeling_output_score,102.7,100,index,true
KPI-0016410,E-0110,financial_modeling,2025-07-01T00:00:00.000Z,2025-09-30T00:00:00.000Z,financial_modeling_output_score,104.8,100,index,true
KPI-0016419,E-0110,execution,2025-10-01T00:00:00.000Z,2025-12-31T00:00:00.000Z,execution_output_score,85.6,100,index,true
KPI-0016421,E-0110,financial_modeling,2025-10-01T00:00:00.000Z,2025-12-31T00:00:00.000Z,financial_modeling_output_score,102.5,100,index,true
KPI-0016440,E-0110,execution,2026-01-01T00:00:00.000Z,2026-03-31T00:00:00.000Z,execution_output_score,92.7,100,index,true
KPI-0016442,E-0110,financial_modeling,2026-01-01T00:00:00.000Z,2026-03-31T00:00:00.000Z,financial_modeling_output_score,103.8,100,index,true
KPI-0016451,E-0110,financial_modeling,2026-04-01T00:00:00.000Z,2026-06-30T00:00:00.000Z,financial_modeling_output_score,105.7,100,index,true
KPI-0016466,E-0110,execution,2026-07-01T00:00:00.000Z,2026-09-29T00:00:00.000Z,execution_output_score,104.8,100,index,true
KPI-0016468,E-0110,financial_modeling,2026-07-01T00:00:00.000Z,2026-09-29T00:00:00.000Z,financial_modeling_output_score,97.5,100,index,true
KPI-0016490,E-0111,execution,2024-10-01T00:00:00.000Z,2024-12-31T00:00:00.000Z,execution_output_score,100.1,100,index,true
KPI-0016492,E-0111,talent_assessment,2024-10-01T00:00:00.000Z,2024-12-31T00:00:00.000Z,talent_assessment_output_score,69.7,100,index,true
KPI-0016516,E-0111,execution,2025-01-01T00:00:00.000Z,2025-03-31T00:00:00.000Z,execution_output_score,96,100,index,true
KPI-0016518,E-0111,talent_assessment,2025-01-01T00:00:00.000Z,2025-03-31T00:00:00.000Z,talent_assessment_output_score,71.1,100,index,true
KPI-0016548,E-0111,execution,2025-07-01T00:00:00.000Z,2025-09-30T00:00:00.000Z,execution_output_score,94.6,100,index,true
KPI-0016550,E-0111,talent_assessment,2025-07-01T00:00:00.000Z,2025-09-30T00:00:00.000Z,talent_assessment_output_score,82.2,100,index,true
KPI-0016563,E-0111,talent_assessment,2025-10-01T00:00:00.000Z,2025-12-31T00:00:00.000Z,talent_assessment_output_score,93.5,100,index,true
KPI-0016587,E-0111,execution,2026-01-01T00:00:00.000Z,2026-03-31T00:00:00.000Z,execution_output_score,95.6,100,index,true
KPI-0016589,E-0111,talent_assessment,2026-01-01T00:00:00.000Z,2026-03-31T00:00:00.000Z,talent_assessment_output_score,88.9,100,index,true
KPI-0016604,E-0111,execution,2026-04-01T00:00:00.000Z,2026-06-30T00:00:00.000Z,execution_output_score,95,100,index,true
KPI-0016606,E-0111,talent_assessment,2026-04-01T00:00:00.000Z,2026-06-30T00:00:00.000Z,talent_assessment_output_score,108.1,100,index,true
KPI-0016630,E-0111,talent_assessment,2026-07-01T00:00:00.000Z,2026-09-29T00:00:00.000Z,talent_assessment_output_score,102.6,100,index,true
KPI-0016653,E-0112,execution,2024-10-01T00:00:00.000Z,2024-12-31T00:00:00.000Z,execution_output_score,90.4,100,index,true
KPI-0016655,E-0112,customer_resolution,2024-10-01T00:00:00.000Z,2024-12-31T00:00:00.000Z,customer_resolution_output_score,87.4,100,index,true
KPI-0016681,E-0112,execution,2025-01-01T00:00:00.000Z,2025-03-31T00:00:00.000Z,execution_output_score,86.3,100,index,true
KPI-0016693,E-0112,customer_resolution,2025-04-01T00:00:00.000Z,2025-06-30T00:00:00.000Z,customer_resolution_output_score,84.4,100,index,true
KPI-0016720,E-0112,execution,2025-10-01T00:00:00.000Z,2025-12-31T00:00:00.000Z,execution_output_score,85.2,100,index,true
KPI-0016740,E-0112,execution,2026-01-01T00:00:00.000Z,2026-03-31T00:00:00.000Z,execution_output_score,82.8,100,index,true
KPI-0016775,E-0112,execution,2026-07-01T00:00:00.000Z,2026-09-29T00:00:00.000Z,execution_output_score,82.5,100,index,true
KPI-0016800,E-0113,execution,2024-10-01T00:00:00.000Z,2024-12-31T00:00:00.000Z,execution_output_score,70.8,100,index,true
KPI-0016802,E-0113,system_design,2024-10-01T00:00:00.000Z,2024-12-31T00:00:00.000Z,system_design_output_score,58.4,100,index,true
KPI-0016826,E-0113,execution,2025-01-01T00:00:00.000Z,2025-03-31T00:00:00.000Z,execution_output_score,60.4,100,index,true
KPI-0016828,E-0113,system_design,2025-01-01T00:00:00.000Z,2025-03-31T00:00:00.000Z,system_design_output_score,77.6,100,index,true
KPI-0016836,E-0113,execution,2025-04-01T00:00:00.000Z,2025-06-30T00:00:00.000Z,execution_output_score,53.8,100,index,true
KPI-0016838,E-0113,system_design,2025-04-01T00:00:00.000Z,2025-06-30T00:00:00.000Z,system_design_output_score,79.1,100,index,true
KPI-0016858,E-0113,execution,2025-07-01T00:00:00.000Z,2025-09-30T00:00:00.000Z,execution_output_score,52.3,100,index,true
KPI-0016860,E-0113,system_design,2025-07-01T00:00:00.000Z,2025-09-30T00:00:00.000Z,system_design_output_score,76.8,100,index,true
KPI-0016865,E-0113,system_design,2025-10-01T00:00:00.000Z,2025-12-31T00:00:00.000Z,system_design_output_score,87.7,100,index,true
KPI-0016885,E-0113,execution,2026-01-01T00:00:00.000Z,2026-03-31T00:00:00.000Z,execution_output_score,55.6,100,index,true
KPI-0016887,E-0113,system_design,2026-01-01T00:00:00.000Z,2026-03-31T00:00:00.000Z,system_design_output_score,90.8,100,index,true
KPI-0016899,E-0113,execution,2026-04-01T00:00:00.000Z,2026-06-30T00:00:00.000Z,execution_output_score,56,100,index,true
KPI-0016901,E-0113,system_design,2026-04-01T00:00:00.000Z,2026-06-30T00:00:00.000Z,system_design_output_score,86.5,100,index,true
KPI-0016927,E-0113,execution,2026-07-01T00:00:00.000Z,2026-09-29T00:00:00.000Z,execution_output_score,58.5,100,index,true
KPI-0016929,E-0113,system_design,2026-07-01T00:00:00.000Z,2026-09-29T00:00:00.000Z,system_design_output_score,102.3,100,index,true
KPI-0016944,E-0114,execution,2024-10-01T00:00:00.000Z,2024-12-31T00:00:00.000Z,execution_output_score,64.7,100,index,true
KPI-0016946,E-0114,pipeline_mgmt,2024-10-01T00:00:00.000Z,2024-12-31T00:00:00.000Z,pipeline_mgmt_output_score,107.9,100,index,true
KPI-0016965,E-0114,execution,2025-01-01T00:00:00.000Z,2025-03-31T00:00:00.000Z,execution_output_score,68.1,100,index,true
KPI-0016967,E-0114,pipeline_mgmt,2025-01-01T00:00:00.000Z,2025-03-31T00:00:00.000Z,pipeline_mgmt_output_score,112.1,100,index,true
KPI-0016969,E-0114,execution,2025-04-01T00:00:00.000Z,2025-06-30T00:00:00.000Z,execution_output_score,81.1,100,index,true
KPI-0016971,E-0114,pipeline_mgmt,2025-04-01T00:00:00.000Z,2025-06-30T00:00:00.000Z,pipeline_mgmt_output_score,98.2,100,index,true
KPI-0016983,E-0114,pipeline_mgmt,2025-07-01T00:00:00.000Z,2025-09-30T00:00:00.000Z,pipeline_mgmt_output_score,96.1,100,index,true
KPI-0016995,E-0114,execution,2025-10-01T00:00:00.000Z,2025-12-31T00:00:00.000Z,execution_output_score,84.9,100,index,true
KPI-0016997,E-0114,pipeline_mgmt,2025-10-01T00:00:00.000Z,2025-12-31T00:00:00.000Z,pipeline_mgmt_output_score,93.1,100,index,true
KPI-0017016,E-0114,pipeline_mgmt,2026-01-01T00:00:00.000Z,2026-03-31T00:00:00.000Z,pipeline_mgmt_output_score,79.6,100,index,true
KPI-0017025,E-0114,execution,2026-04-01T00:00:00.000Z,2026-06-30T00:00:00.000Z,execution_output_score,99,100,index,true
KPI-0017027,E-0114,pipeline_mgmt,2026-04-01T00:00:00.000Z,2026-06-30T00:00:00.000Z,pipeline_mgmt_output_score,68.6,100,index,true
KPI-0017051,E-0114,pipeline_mgmt,2026-07-01T00:00:00.000Z,2026-09-29T00:00:00.000Z,pipeline_mgmt_output_score,77.2,100,index,true
KPI-0017066,E-0115,execution,2024-10-01T00:00:00.000Z,2024-12-31T00:00:00.000Z,execution_output_score,74.8,100,index,true
KPI-0017068,E-0115,campaign_strategy,2024-10-01T00:00:00.000Z,2024-12-31T00:00:00.000Z,campaign_strategy_output_score,97.2,100,index,true
KPI-0017089,E-0115,campaign_strategy,2025-01-01T00:00:00.000Z,2025-03-31T00:00:00.000Z,campaign_strategy_output_score,100.4,100,index,true
KPI-0017102,E-0115,campaign_strategy,2025-04-01T00:00:00.000Z,2025-06-30T00:00:00.000Z,campaign_strategy_output_score,100.5,100,index,true
KPI-0017124,E-0115,execution,2025-07-01T00:00:00.000Z,2025-09-30T00:00:00.000Z,execution_output_score,76,100,index,true
KPI-0017126,E-0115,campaign_strategy,2025-07-01T00:00:00.000Z,2025-09-30T00:00:00.000Z,campaign_strategy_output_score,93.2,100,index,true
KPI-0017142,E-0115,execution,2025-10-01T00:00:00.000Z,2025-12-31T00:00:00.000Z,execution_output_score,85,100,index,true
KPI-0017144,E-0115,campaign_strategy,2025-10-01T00:00:00.000Z,2025-12-31T00:00:00.000Z,campaign_strategy_output_score,95.3,100,index,true
KPI-0017167,E-0115,execution,2026-01-01T00:00:00.000Z,2026-03-31T00:00:00.000Z,execution_output_score,75.6,100,index,true
KPI-0017169,E-0115,campaign_strategy,2026-01-01T00:00:00.000Z,2026-03-31T00:00:00.000Z,campaign_strategy_output_score,92.7,100,index,true
KPI-0017175,E-0115,execution,2026-04-01T00:00:00.000Z,2026-06-30T00:00:00.000Z,execution_output_score,78,100,index,true
KPI-0017189,E-0115,execution,2026-07-01T00:00:00.000Z,2026-09-29T00:00:00.000Z,execution_output_score,81.3,100,index,true
KPI-0017191,E-0115,campaign_strategy,2026-07-01T00:00:00.000Z,2026-09-29T00:00:00.000Z,campaign_strategy_output_score,107.4,100,index,true
KPI-0017215,E-0116,execution,2024-10-01T00:00:00.000Z,2024-12-31T00:00:00.000Z,execution_output_score,60.7,100,index,true
KPI-0017217,E-0116,roadmap_prioritization,2024-10-01T00:00:00.000Z,2024-12-31T00:00:00.000Z,roadmap_prioritization_output_score,100.7,100,index,true
KPI-0017244,E-0116,execution,2025-01-01T00:00:00.000Z,2025-03-31T00:00:00.000Z,execution_output_score,72.6,100,index,true
KPI-0017246,E-0116,roadmap_prioritization,2025-01-01T00:00:00.000Z,2025-03-31T00:00:00.000Z,roadmap_prioritization_output_score,95.6,100,index,true
KPI-0017248,E-0116,roadmap_prioritization,2025-04-01T00:00:00.000Z,2025-06-30T00:00:00.000Z,roadmap_prioritization_output_score,99.3,100,index,true
KPI-0017275,E-0116,execution,2025-07-01T00:00:00.000Z,2025-09-30T00:00:00.000Z,execution_output_score,82.1,100,index,true
KPI-0017277,E-0116,roadmap_prioritization,2025-07-01T00:00:00.000Z,2025-09-30T00:00:00.000Z,roadmap_prioritization_output_score,89.1,100,index,true
KPI-0017279,E-0116,roadmap_prioritization,2025-10-01T00:00:00.000Z,2025-12-31T00:00:00.000Z,roadmap_prioritization_output_score,93.2,100,index,true
KPI-0017291,E-0116,execution,2026-01-01T00:00:00.000Z,2026-03-31T00:00:00.000Z,execution_output_score,85.6,100,index,true
KPI-0017293,E-0116,roadmap_prioritization,2026-01-01T00:00:00.000Z,2026-03-31T00:00:00.000Z,roadmap_prioritization_output_score,91.7,100,index,true
KPI-0017305,E-0116,roadmap_prioritization,2026-04-01T00:00:00.000Z,2026-06-30T00:00:00.000Z,roadmap_prioritization_output_score,108.3,100,index,true
KPI-0017330,E-0116,execution,2026-07-01T00:00:00.000Z,2026-09-29T00:00:00.000Z,execution_output_score,98.4,100,index,true
KPI-0017332,E-0116,roadmap_prioritization,2026-07-01T00:00:00.000Z,2026-09-29T00:00:00.000Z,roadmap_prioritization_output_score,103.7,100,index,true
KPI-0017357,E-0117,visual_craft,2024-10-01T00:00:00.000Z,2024-12-31T00:00:00.000Z,visual_craft_output_score,68.5,100,index,true
KPI-0017385,E-0117,visual_craft,2025-04-01T00:00:00.000Z,2025-06-30T00:00:00.000Z,visual_craft_output_score,59.6,100,index,true
KPI-0017414,E-0117,visual_craft,2025-10-01T00:00:00.000Z,2025-12-31T00:00:00.000Z,visual_craft_output_score,69.6,100,index,true
KPI-0017433,E-0117,visual_craft,2026-01-01T00:00:00.000Z,2026-03-31T00:00:00.000Z,visual_craft_output_score,81.2,100,index,true
KPI-0017444,E-0117,visual_craft,2026-04-01T00:00:00.000Z,2026-06-30T00:00:00.000Z,visual_craft_output_score,76.7,100,index,true
KPI-0017466,E-0117,visual_craft,2026-07-01T00:00:00.000Z,2026-09-29T00:00:00.000Z,visual_craft_output_score,83,100,index,true
KPI-0017487,E-0118,execution,2024-10-01T00:00:00.000Z,2024-12-31T00:00:00.000Z,execution_output_score,73.8,100,index,true
KPI-0017489,E-0118,financial_modeling,2024-10-01T00:00:00.000Z,2024-12-31T00:00:00.000Z,financial_modeling_output_score,71.2,100,index,true
KPI-0017518,E-0118,execution,2025-01-01T00:00:00.000Z,2025-03-31T00:00:00.000Z,execution_output_score,74.2,100,index,true
KPI-0017523,E-0118,execution,2025-04-01T00:00:00.000Z,2025-06-30T00:00:00.000Z,execution_output_score,65.3,100,index,true
KPI-0017525,E-0118,financial_modeling,2025-04-01T00:00:00.000Z,2025-06-30T00:00:00.000Z,financial_modeling_output_score,90.5,100,index,true
KPI-0017546,E-0118,execution,2025-07-01T00:00:00.000Z,2025-09-30T00:00:00.000Z,execution_output_score,68.3,100,index,true
KPI-0017575,E-0118,execution,2026-01-01T00:00:00.000Z,2026-03-31T00:00:00.000Z,execution_output_score,75.1,100,index,true
KPI-0017577,E-0118,financial_modeling,2026-01-01T00:00:00.000Z,2026-03-31T00:00:00.000Z,financial_modeling_output_score,90.9,100,index,true
KPI-0017596,E-0118,financial_modeling,2026-04-01T00:00:00.000Z,2026-06-30T00:00:00.000Z,financial_modeling_output_score,95.9,100,index,true
KPI-0017622,E-0118,execution,2026-07-01T00:00:00.000Z,2026-09-29T00:00:00.000Z,execution_output_score,72.8,100,index,true
KPI-0017624,E-0118,financial_modeling,2026-07-01T00:00:00.000Z,2026-09-29T00:00:00.000Z,financial_modeling_output_score,102.1,100,index,true
KPI-0017657,E-0119,talent_assessment,2024-10-01T00:00:00.000Z,2024-12-31T00:00:00.000Z,talent_assessment_output_score,100.6,100,index,true
KPI-0017676,E-0119,talent_assessment,2025-01-01T00:00:00.000Z,2025-03-31T00:00:00.000Z,talent_assessment_output_score,95.8,100,index,true
KPI-0017684,E-0119,execution,2025-04-01T00:00:00.000Z,2025-06-30T00:00:00.000Z,execution_output_score,62.6,100,index,true
KPI-0017686,E-0119,talent_assessment,2025-04-01T00:00:00.000Z,2025-06-30T00:00:00.000Z,talent_assessment_output_score,99,100,index,true
KPI-0017703,E-0119,talent_assessment,2025-07-01T00:00:00.000Z,2025-09-30T00:00:00.000Z,talent_assessment_output_score,94.6,100,index,true
KPI-0017715,E-0119,execution,2025-10-01T00:00:00.000Z,2025-12-31T00:00:00.000Z,execution_output_score,71.1,100,index,true
KPI-0017717,E-0119,talent_assessment,2025-10-01T00:00:00.000Z,2025-12-31T00:00:00.000Z,talent_assessment_output_score,93.5,100,index,true
KPI-0017730,E-0119,execution,2026-01-01T00:00:00.000Z,2026-03-31T00:00:00.000Z,execution_output_score,83.5,100,index,true
KPI-0017732,E-0119,talent_assessment,2026-01-01T00:00:00.000Z,2026-03-31T00:00:00.000Z,talent_assessment_output_score,94.7,100,index,true
KPI-0017746,E-0119,execution,2026-07-01T00:00:00.000Z,2026-09-29T00:00:00.000Z,execution_output_score,94.9,100,index,true
KPI-0017748,E-0119,talent_assessment,2026-07-01T00:00:00.000Z,2026-09-29T00:00:00.000Z,talent_assessment_output_score,93,100,index,true
KPI-0017759,E-0120,execution,2024-10-01T00:00:00.000Z,2024-12-31T00:00:00.000Z,execution_output_score,98.1,100,index,true
KPI-0017761,E-0120,customer_resolution,2024-10-01T00:00:00.000Z,2024-12-31T00:00:00.000Z,customer_resolution_output_score,97.3,100,index,true
KPI-0017790,E-0120,execution,2025-01-01T00:00:00.000Z,2025-03-31T00:00:00.000Z,execution_output_score,100.6,100,index,true
KPI-0017792,E-0120,customer_resolution,2025-01-01T00:00:00.000Z,2025-03-31T00:00:00.000Z,customer_resolution_output_score,100.4,100,index,true
KPI-0017798,E-0120,execution,2025-04-01T00:00:00.000Z,2025-06-30T00:00:00.000Z,execution_output_score,92.7,100,index,true
KPI-0017800,E-0120,customer_resolution,2025-04-01T00:00:00.000Z,2025-06-30T00:00:00.000Z,customer_resolution_output_score,92.7,100,index,true
KPI-0017818,E-0120,execution,2025-07-01T00:00:00.000Z,2025-09-30T00:00:00.000Z,execution_output_score,90.6,100,index,true
KPI-0017820,E-0120,customer_resolution,2025-07-01T00:00:00.000Z,2025-09-30T00:00:00.000Z,customer_resolution_output_score,85,100,index,true
KPI-0017836,E-0120,execution,2025-10-01T00:00:00.000Z,2025-12-31T00:00:00.000Z,execution_output_score,83.9,100,index,true
KPI-0017838,E-0120,customer_resolution,2025-10-01T00:00:00.000Z,2025-12-31T00:00:00.000Z,customer_resolution_output_score,74.7,100,index,true
KPI-0017852,E-0120,execution,2026-01-01T00:00:00.000Z,2026-03-31T00:00:00.000Z,execution_output_score,78.8,100,index,true
KPI-0017854,E-0120,customer_resolution,2026-01-01T00:00:00.000Z,2026-03-31T00:00:00.000Z,customer_resolution_output_score,73.5,100,index,true
KPI-0017866,E-0120,execution,2026-04-01T00:00:00.000Z,2026-06-30T00:00:00.000Z,execution_output_score,73.2,100,index,true
KPI-0017868,E-0120,customer_resolution,2026-04-01T00:00:00.000Z,2026-06-30T00:00:00.000Z,customer_resolution_output_score,74.9,100,index,true
KPI-0017896,E-0120,execution,2026-07-01T00:00:00.000Z,2026-09-29T00:00:00.000Z,execution_output_score,69.9,100,index,true
KPI-0017898,E-0120,customer_resolution,2026-07-01T00:00:00.000Z,2026-09-29T00:00:00.000Z,customer_resolution_output_score,76.1,100,index,true
KPI-0017922,E-0121,execution,2024-10-01T00:00:00.000Z,2024-12-31T00:00:00.000Z,execution_output_score,106.9,100,index,true
KPI-0017924,E-0121,system_design,2024-10-01T00:00:00.000Z,2024-12-31T00:00:00.000Z,system_design_output_score,97.8,100,index,true
KPI-0017949,E-0121,execution,2025-01-01T00:00:00.000Z,2025-03-31T00:00:00.000Z,execution_output_score,101,100,index,true
KPI-0017951,E-0121,system_design,2025-01-01T00:00:00.000Z,2025-03-31T00:00:00.000Z,system_design_output_score,88.7,100,index,true
KPI-0017967,E-0121,execution,2025-04-01T00:00:00.000Z,2025-06-30T00:00:00.000Z,execution_output_score,95.5,100,index,true
KPI-0017992,E-0121,execution,2025-07-01T00:00:00.000Z,2025-09-30T00:00:00.000Z,execution_output_score,89.8,100,index,true
KPI-0018011,E-0121,execution,2025-10-01T00:00:00.000Z,2025-12-31T00:00:00.000Z,execution_output_score,88.9,100,index,true
KPI-0018033,E-0121,execution,2026-01-01T00:00:00.000Z,2026-03-31T00:00:00.000Z,execution_output_score,86.5,100,index,true
KPI-0018069,E-0121,execution,2026-07-01T00:00:00.000Z,2026-09-29T00:00:00.000Z,execution_output_score,78.4,100,index,true
KPI-0018099,E-0122,pipeline_mgmt,2024-10-01T00:00:00.000Z,2024-12-31T00:00:00.000Z,pipeline_mgmt_output_score,65.1,100,index,true
KPI-0018117,E-0122,execution,2025-01-01T00:00:00.000Z,2025-03-31T00:00:00.000Z,execution_output_score,56.8,100,index,true
KPI-0018119,E-0122,pipeline_mgmt,2025-01-01T00:00:00.000Z,2025-03-31T00:00:00.000Z,pipeline_mgmt_output_score,63.6,100,index,true
KPI-0018137,E-0122,execution,2025-04-01T00:00:00.000Z,2025-06-30T00:00:00.000Z,execution_output_score,70.2,100,index,true
KPI-0018139,E-0122,pipeline_mgmt,2025-04-01T00:00:00.000Z,2025-06-30T00:00:00.000Z,pipeline_mgmt_output_score,56.9,100,index,true
KPI-0018161,E-0122,execution,2025-07-01T00:00:00.000Z,2025-09-30T00:00:00.000Z,execution_output_score,74,100,index,true
KPI-0018163,E-0122,pipeline_mgmt,2025-07-01T00:00:00.000Z,2025-09-30T00:00:00.000Z,pipeline_mgmt_output_score,56,100,index,true
KPI-0018169,E-0122,execution,2025-10-01T00:00:00.000Z,2025-12-31T00:00:00.000Z,execution_output_score,72.8,100,index,true
KPI-0018193,E-0122,execution,2026-01-01T00:00:00.000Z,2026-03-31T00:00:00.000Z,execution_output_score,88.9,100,index,true
KPI-0018195,E-0122,pipeline_mgmt,2026-01-01T00:00:00.000Z,2026-03-31T00:00:00.000Z,pipeline_mgmt_output_score,72.7,100,index,true
KPI-0018210,E-0122,execution,2026-04-01T00:00:00.000Z,2026-06-30T00:00:00.000Z,execution_output_score,90,100,index,true
KPI-0018212,E-0122,pipeline_mgmt,2026-04-01T00:00:00.000Z,2026-06-30T00:00:00.000Z,pipeline_mgmt_output_score,77.4,100,index,true
KPI-0018234,E-0122,execution,2026-07-01T00:00:00.000Z,2026-09-29T00:00:00.000Z,execution_output_score,92.3,100,index,true
KPI-0018236,E-0122,pipeline_mgmt,2026-07-01T00:00:00.000Z,2026-09-29T00:00:00.000Z,pipeline_mgmt_output_score,81.4,100,index,true
KPI-0018254,E-0123,campaign_strategy,2024-10-01T00:00:00.000Z,2024-12-31T00:00:00.000Z,campaign_strategy_output_score,111.5,100,index,true
KPI-0018273,E-0123,execution,2025-01-01T00:00:00.000Z,2025-03-31T00:00:00.000Z,execution_output_score,71.8,100,index,true
KPI-0018275,E-0123,campaign_strategy,2025-01-01T00:00:00.000Z,2025-03-31T00:00:00.000Z,campaign_strategy_output_score,102,100,index,true
KPI-0018291,E-0123,campaign_strategy,2025-04-01T00:00:00.000Z,2025-06-30T00:00:00.000Z,campaign_strategy_output_score,98.4,100,index,true
KPI-0018309,E-0123,execution,2025-07-01T00:00:00.000Z,2025-09-30T00:00:00.000Z,execution_output_score,71,100,index,true
KPI-0018311,E-0123,campaign_strategy,2025-07-01T00:00:00.000Z,2025-09-30T00:00:00.000Z,campaign_strategy_output_score,100.6,100,index,true
KPI-0018319,E-0123,execution,2025-10-01T00:00:00.000Z,2025-12-31T00:00:00.000Z,execution_output_score,74.7,100,index,true
KPI-0018321,E-0123,campaign_strategy,2025-10-01T00:00:00.000Z,2025-12-31T00:00:00.000Z,campaign_strategy_output_score,85.4,100,index,true
KPI-0018347,E-0123,campaign_strategy,2026-01-01T00:00:00.000Z,2026-03-31T00:00:00.000Z,campaign_strategy_output_score,80,100,index,true
KPI-0018353,E-0123,execution,2026-04-01T00:00:00.000Z,2026-06-30T00:00:00.000Z,execution_output_score,79.6,100,index,true
KPI-0018379,E-0123,execution,2026-07-01T00:00:00.000Z,2026-09-29T00:00:00.000Z,execution_output_score,78.6,100,index,true
KPI-0018381,E-0123,campaign_strategy,2026-07-01T00:00:00.000Z,2026-09-29T00:00:00.000Z,campaign_strategy_output_score,69.2,100,index,true
KPI-0018414,E-0124,execution,2024-10-01T00:00:00.000Z,2024-12-31T00:00:00.000Z,execution_output_score,74,100,index,true
KPI-0018416,E-0124,roadmap_prioritization,2024-10-01T00:00:00.000Z,2024-12-31T00:00:00.000Z,roadmap_prioritization_output_score,50,100,index,true
KPI-0018439,E-0124,execution,2025-01-01T00:00:00.000Z,2025-03-31T00:00:00.000Z,execution_output_score,65.9,100,index,true
KPI-0018441,E-0124,roadmap_prioritization,2025-01-01T00:00:00.000Z,2025-03-31T00:00:00.000Z,roadmap_prioritization_output_score,63.7,100,index,true
KPI-0018456,E-0124,roadmap_prioritization,2025-04-01T00:00:00.000Z,2025-06-30T00:00:00.000Z,roadmap_prioritization_output_score,70.2,100,index,true
KPI-0018470,E-0124,execution,2025-07-01T00:00:00.000Z,2025-09-30T00:00:00.000Z,execution_output_score,67,100,index,true
KPI-0018481,E-0124,execution,2025-10-01T00:00:00.000Z,2025-12-31T00:00:00.000Z,execution_output_score,69.8,100,index,true
KPI-0018504,E-0124,execution,2026-01-01T00:00:00.000Z,2026-03-31T00:00:00.000Z,execution_output_score,69.4,100,index,true
KPI-0018506,E-0124,roadmap_prioritization,2026-01-01T00:00:00.000Z,2026-03-31T00:00:00.000Z,roadmap_prioritization_output_score,91.5,100,index,true
KPI-0018515,E-0124,execution,2026-04-01T00:00:00.000Z,2026-06-30T00:00:00.000Z,execution_output_score,64.4,100,index,true
KPI-0018517,E-0124,roadmap_prioritization,2026-04-01T00:00:00.000Z,2026-06-30T00:00:00.000Z,roadmap_prioritization_output_score,85.8,100,index,true
KPI-0018536,E-0124,execution,2026-07-01T00:00:00.000Z,2026-09-29T00:00:00.000Z,execution_output_score,57.6,100,index,true
KPI-0018538,E-0124,roadmap_prioritization,2026-07-01T00:00:00.000Z,2026-09-29T00:00:00.000Z,roadmap_prioritization_output_score,88.3,100,index,true
KPI-0018567,E-0125,visual_craft,2024-10-01T00:00:00.000Z,2024-12-31T00:00:00.000Z,visual_craft_output_score,70.9,100,index,true
KPI-0018579,E-0125,execution,2025-01-01T00:00:00.000Z,2025-03-31T00:00:00.000Z,execution_output_score,100.4,100,index,true
KPI-0018581,E-0125,visual_craft,2025-01-01T00:00:00.000Z,2025-03-31T00:00:00.000Z,visual_craft_output_score,81.2,100,index,true
KPI-0018600,E-0125,execution,2025-04-01T00:00:00.000Z,2025-06-30T00:00:00.000Z,execution_output_score,95.5,100,index,true
KPI-0018617,E-0125,execution,2025-07-01T00:00:00.000Z,2025-09-30T00:00:00.000Z,execution_output_score,91.6,100,index,true
KPI-0018619,E-0125,visual_craft,2025-07-01T00:00:00.000Z,2025-09-30T00:00:00.000Z,visual_craft_output_score,83.2,100,index,true
KPI-0018625,E-0125,execution,2025-10-01T00:00:00.000Z,2025-12-31T00:00:00.000Z,execution_output_score,91.6,100,index,true
KPI-0018647,E-0125,visual_craft,2026-01-01T00:00:00.000Z,2026-03-31T00:00:00.000Z,visual_craft_output_score,98.3,100,index,true
KPI-0018663,E-0125,execution,2026-04-01T00:00:00.000Z,2026-06-30T00:00:00.000Z,execution_output_score,88.8,100,index,true
KPI-0018665,E-0125,visual_craft,2026-04-01T00:00:00.000Z,2026-06-30T00:00:00.000Z,visual_craft_output_score,105.3,100,index,true
KPI-0018683,E-0125,execution,2026-07-01T00:00:00.000Z,2026-09-29T00:00:00.000Z,execution_output_score,73.7,100,index,true
KPI-0018685,E-0125,visual_craft,2026-07-01T00:00:00.000Z,2026-09-29T00:00:00.000Z,visual_craft_output_score,110.7,100,index,true
KPI-0018702,E-0126,execution,2024-10-01T00:00:00.000Z,2024-12-31T00:00:00.000Z,execution_output_score,106.6,100,index,true
KPI-0018704,E-0126,financial_modeling,2024-10-01T00:00:00.000Z,2024-12-31T00:00:00.000Z,financial_modeling_output_score,60.1,100,index,true
KPI-0018728,E-0126,execution,2025-01-01T00:00:00.000Z,2025-03-31T00:00:00.000Z,execution_output_score,105.7,100,index,true
KPI-0018730,E-0126,financial_modeling,2025-01-01T00:00:00.000Z,2025-03-31T00:00:00.000Z,financial_modeling_output_score,60.8,100,index,true
KPI-0018746,E-0126,execution,2025-04-01T00:00:00.000Z,2025-06-30T00:00:00.000Z,execution_output_score,95.4,100,index,true
KPI-0018764,E-0126,execution,2025-07-01T00:00:00.000Z,2025-09-30T00:00:00.000Z,execution_output_score,91.1,100,index,true
KPI-0018766,E-0126,financial_modeling,2025-07-01T00:00:00.000Z,2025-09-30T00:00:00.000Z,financial_modeling_output_score,70.6,100,index,true
KPI-0018772,E-0126,execution,2025-10-01T00:00:00.000Z,2025-12-31T00:00:00.000Z,execution_output_score,85.6,100,index,true
KPI-0018774,E-0126,financial_modeling,2025-10-01T00:00:00.000Z,2025-12-31T00:00:00.000Z,financial_modeling_output_score,80.3,100,index,true
KPI-0018786,E-0126,execution,2026-01-01T00:00:00.000Z,2026-03-31T00:00:00.000Z,execution_output_score,79.1,100,index,true
KPI-0018788,E-0126,financial_modeling,2026-01-01T00:00:00.000Z,2026-03-31T00:00:00.000Z,financial_modeling_output_score,88.4,100,index,true
KPI-0018803,E-0126,financial_modeling,2026-04-01T00:00:00.000Z,2026-06-30T00:00:00.000Z,financial_modeling_output_score,84.1,100,index,true
KPI-0018819,E-0126,execution,2026-07-01T00:00:00.000Z,2026-09-29T00:00:00.000Z,execution_output_score,71.9,100,index,true
KPI-0018821,E-0126,financial_modeling,2026-07-01T00:00:00.000Z,2026-09-29T00:00:00.000Z,financial_modeling_output_score,102.5,100,index,true
KPI-0018845,E-0127,execution,2024-10-01T00:00:00.000Z,2024-12-31T00:00:00.000Z,execution_output_score,67.7,100,index,true
KPI-0018847,E-0127,talent_assessment,2024-10-01T00:00:00.000Z,2024-12-31T00:00:00.000Z,talent_assessment_output_score,85.5,100,index,true
KPI-0018872,E-0127,execution,2025-01-01T00:00:00.000Z,2025-03-31T00:00:00.000Z,execution_output_score,70.8,100,index,true
KPI-0018874,E-0127,talent_assessment,2025-01-01T00:00:00.000Z,2025-03-31T00:00:00.000Z,talent_assessment_output_score,92.9,100,index,true
KPI-0018880,E-0127,execution,2025-04-01T00:00:00.000Z,2025-06-30T00:00:00.000Z,execution_output_score,72.5,100,index,true
KPI-0018905,E-0127,talent_assessment,2025-07-01T00:00:00.000Z,2025-09-30T00:00:00.000Z,talent_assessment_output_score,88.2,100,index,true
KPI-0018944,E-0127,execution,2026-01-01T00:00:00.000Z,2026-03-31T00:00:00.000Z,execution_output_score,87.1,100,index,true
KPI-0018946,E-0127,talent_assessment,2026-01-01T00:00:00.000Z,2026-03-31T00:00:00.000Z,talent_assessment_output_score,92.5,100,index,true
KPI-0018962,E-0127,talent_assessment,2026-04-01T00:00:00.000Z,2026-06-30T00:00:00.000Z,talent_assessment_output_score,100.7,100,index,true
KPI-0018984,E-0127,execution,2026-07-01T00:00:00.000Z,2026-09-29T00:00:00.000Z,execution_output_score,91.1,100,index,true
KPI-0018986,E-0127,talent_assessment,2026-07-01T00:00:00.000Z,2026-09-29T00:00:00.000Z,talent_assessment_output_score,97.1,100,index,true
KPI-0019009,E-0128,execution,2024-10-01T00:00:00.000Z,2024-12-31T00:00:00.000Z,execution_output_score,95.9,100,index,true
KPI-0019011,E-0128,customer_resolution,2024-10-01T00:00:00.000Z,2024-12-31T00:00:00.000Z,customer_resolution_output_score,57.8,100,index,true
KPI-0019028,E-0128,customer_resolution,2025-01-01T00:00:00.000Z,2025-03-31T00:00:00.000Z,customer_resolution_output_score,64.1,100,index,true
KPI-0019037,E-0128,execution,2025-04-01T00:00:00.000Z,2025-06-30T00:00:00.000Z,execution_output_score,90.4,100,index,true
KPI-0019039,E-0128,customer_resolution,2025-04-01T00:00:00.000Z,2025-06-30T00:00:00.000Z,customer_resolution_output_score,77,100,index,true
KPI-0019058,E-0128,execution,2025-07-01T00:00:00.000Z,2025-09-30T00:00:00.000Z,execution_output_score,89.9,100,index,true
KPI-0019060,E-0128,customer_resolution,2025-07-01T00:00:00.000Z,2025-09-30T00:00:00.000Z,customer_resolution_output_score,82.6,100,index,true
KPI-0019075,E-0128,execution,2025-10-01T00:00:00.000Z,2025-12-31T00:00:00.000Z,execution_output_score,96.2,100,index,true
KPI-0019077,E-0128,customer_resolution,2025-10-01T00:00:00.000Z,2025-12-31T00:00:00.000Z,customer_resolution_output_score,91.2,100,index,true
KPI-0019101,E-0128,execution,2026-01-01T00:00:00.000Z,2026-03-31T00:00:00.000Z,execution_output_score,89.3,100,index,true
KPI-0019103,E-0128,customer_resolution,2026-01-01T00:00:00.000Z,2026-03-31T00:00:00.000Z,customer_resolution_output_score,81.3,100,index,true
KPI-0019121,E-0128,execution,2026-04-01T00:00:00.000Z,2026-06-30T00:00:00.000Z,execution_output_score,84,100,index,true
KPI-0019143,E-0128,execution,2026-07-01T00:00:00.000Z,2026-09-29T00:00:00.000Z,execution_output_score,94.2,100,index,true
KPI-0019145,E-0128,customer_resolution,2026-07-01T00:00:00.000Z,2026-09-29T00:00:00.000Z,customer_resolution_output_score,95.8,100,index,true
KPI-0019172,E-0129,execution,2024-10-01T00:00:00.000Z,2024-12-31T00:00:00.000Z,execution_output_score,88.4,100,index,true
KPI-0019174,E-0129,system_design,2024-10-01T00:00:00.000Z,2024-12-31T00:00:00.000Z,system_design_output_score,113.9,100,index,true
KPI-0019196,E-0129,execution,2025-01-01T00:00:00.000Z,2025-03-31T00:00:00.000Z,execution_output_score,91,100,index,true
KPI-0019198,E-0129,system_design,2025-01-01T00:00:00.000Z,2025-03-31T00:00:00.000Z,system_design_output_score,98.7,100,index,true
KPI-0019203,E-0129,execution,2025-04-01T00:00:00.000Z,2025-06-30T00:00:00.000Z,execution_output_score,90.8,100,index,true
KPI-0019205,E-0129,system_design,2025-04-01T00:00:00.000Z,2025-06-30T00:00:00.000Z,system_design_output_score,104.8,100,index,true
KPI-0019234,E-0129,execution,2025-07-01T00:00:00.000Z,2025-09-30T00:00:00.000Z,execution_output_score,86,100,index,true
KPI-0019236,E-0129,system_design,2025-07-01T00:00:00.000Z,2025-09-30T00:00:00.000Z,system_design_output_score,95.1,100,index,true
KPI-0019248,E-0129,system_design,2025-10-01T00:00:00.000Z,2025-12-31T00:00:00.000Z,system_design_output_score,96.5,100,index,true
KPI-0019277,E-0129,execution,2026-01-01T00:00:00.000Z,2026-03-31T00:00:00.000Z,execution_output_score,96.3,100,index,true
KPI-0019279,E-0129,system_design,2026-01-01T00:00:00.000Z,2026-03-31T00:00:00.000Z,system_design_output_score,84.2,100,index,true
KPI-0019294,E-0129,execution,2026-04-01T00:00:00.000Z,2026-06-30T00:00:00.000Z,execution_output_score,93.2,100,index,true
KPI-0019296,E-0129,system_design,2026-04-01T00:00:00.000Z,2026-06-30T00:00:00.000Z,system_design_output_score,79.8,100,index,true
KPI-0019327,E-0129,execution,2026-07-01T00:00:00.000Z,2026-09-29T00:00:00.000Z,execution_output_score,100.1,100,index,true
KPI-0019329,E-0129,system_design,2026-07-01T00:00:00.000Z,2026-09-29T00:00:00.000Z,system_design_output_score,72,100,index,true
KPI-0019360,E-0130,execution,2024-10-01T00:00:00.000Z,2024-12-31T00:00:00.000Z,execution_output_score,73.2,100,index,true
KPI-0019362,E-0130,pipeline_mgmt,2024-10-01T00:00:00.000Z,2024-12-31T00:00:00.000Z,pipeline_mgmt_output_score,101.5,100,index,true
KPI-0019376,E-0130,execution,2025-01-01T00:00:00.000Z,2025-03-31T00:00:00.000Z,execution_output_score,74.5,100,index,true
KPI-0019378,E-0130,pipeline_mgmt,2025-01-01T00:00:00.000Z,2025-03-31T00:00:00.000Z,pipeline_mgmt_output_score,99.1,100,index,true
KPI-0019387,E-0130,execution,2025-04-01T00:00:00.000Z,2025-06-30T00:00:00.000Z,execution_output_score,88.2,100,index,true
KPI-0019389,E-0130,pipeline_mgmt,2025-04-01T00:00:00.000Z,2025-06-30T00:00:00.000Z,pipeline_mgmt_output_score,100.6,100,index,true
KPI-0019405,E-0130,execution,2025-07-01T00:00:00.000Z,2025-09-30T00:00:00.000Z,execution_output_score,85.4,100,index,true
KPI-0019407,E-0130,pipeline_mgmt,2025-07-01T00:00:00.000Z,2025-09-30T00:00:00.000Z,pipeline_mgmt_output_score,95.9,100,index,true
KPI-0019419,E-0130,execution,2025-10-01T00:00:00.000Z,2025-12-31T00:00:00.000Z,execution_output_score,92,100,index,true
KPI-0019421,E-0130,pipeline_mgmt,2025-10-01T00:00:00.000Z,2025-12-31T00:00:00.000Z,pipeline_mgmt_output_score,88.4,100,index,true
KPI-0019443,E-0130,execution,2026-01-01T00:00:00.000Z,2026-03-31T00:00:00.000Z,execution_output_score,94.3,100,index,true
KPI-0019455,E-0130,execution,2026-04-01T00:00:00.000Z,2026-06-30T00:00:00.000Z,execution_output_score,104.2,100,index,true
KPI-0019457,E-0130,pipeline_mgmt,2026-04-01T00:00:00.000Z,2026-06-30T00:00:00.000Z,pipeline_mgmt_output_score,96.8,100,index,true
KPI-0019477,E-0130,execution,2026-07-01T00:00:00.000Z,2026-09-29T00:00:00.000Z,execution_output_score,107,100,index,true
KPI-0019479,E-0130,pipeline_mgmt,2026-07-01T00:00:00.000Z,2026-09-29T00:00:00.000Z,pipeline_mgmt_output_score,75.6,100,index,true
KPI-0019512,E-0131,execution,2024-10-01T00:00:00.000Z,2024-12-31T00:00:00.000Z,execution_output_score,70.1,100,index,true
KPI-0019543,E-0131,execution,2025-04-01T00:00:00.000Z,2025-06-30T00:00:00.000Z,execution_output_score,61.9,100,index,true
KPI-0019557,E-0131,execution,2025-07-01T00:00:00.000Z,2025-09-30T00:00:00.000Z,execution_output_score,76.5,100,index,true
KPI-0019559,E-0131,execution,2025-10-01T00:00:00.000Z,2025-12-31T00:00:00.000Z,execution_output_score,74.1,100,index,true
KPI-0019585,E-0131,execution,2026-01-01T00:00:00.000Z,2026-03-31T00:00:00.000Z,execution_output_score,65.9,100,index,true
KPI-0019596,E-0131,execution,2026-04-01T00:00:00.000Z,2026-06-30T00:00:00.000Z,execution_output_score,64.8,100,index,true
KPI-0019615,E-0131,execution,2026-07-01T00:00:00.000Z,2026-09-29T00:00:00.000Z,execution_output_score,69,100,index,true
KPI-0019638,E-0132,execution,2024-10-01T00:00:00.000Z,2024-12-31T00:00:00.000Z,execution_output_score,76.7,100,index,true
KPI-0019640,E-0132,roadmap_prioritization,2024-10-01T00:00:00.000Z,2024-12-31T00:00:00.000Z,roadmap_prioritization_output_score,73.2,100,index,true
KPI-0019658,E-0132,roadmap_prioritization,2025-01-01T00:00:00.000Z,2025-03-31T00:00:00.000Z,roadmap_prioritization_output_score,72.8,100,index,true
KPI-0019677,E-0132,roadmap_prioritization,2025-04-01T00:00:00.000Z,2025-06-30T00:00:00.000Z,roadmap_prioritization_output_score,69.8,100,index,true
KPI-0019703,E-0132,execution,2025-07-01T00:00:00.000Z,2025-09-30T00:00:00.000Z,execution_output_score,83.7,100,index,true
KPI-0019705,E-0132,roadmap_prioritization,2025-07-01T00:00:00.000Z,2025-09-30T00:00:00.000Z,roadmap_prioritization_output_score,79.8,100,index,true
KPI-0019714,E-0132,execution,2025-10-01T00:00:00.000Z,2025-12-31T00:00:00.000Z,execution_output_score,94.3,100,index,true
KPI-0019716,E-0132,roadmap_prioritization,2025-10-01T00:00:00.000Z,2025-12-31T00:00:00.000Z,roadmap_prioritization_output_score,65.6,100,index,true
KPI-0019759,E-0132,execution,2026-04-01T00:00:00.000Z,2026-06-30T00:00:00.000Z,execution_output_score,103.9,100,index,true
KPI-0019761,E-0132,roadmap_prioritization,2026-04-01T00:00:00.000Z,2026-06-30T00:00:00.000Z,roadmap_prioritization_output_score,84.6,100,index,true
KPI-0019775,E-0132,execution,2026-07-01T00:00:00.000Z,2026-09-29T00:00:00.000Z,execution_output_score,107.3,100,index,true
KPI-0019777,E-0132,roadmap_prioritization,2026-07-01T00:00:00.000Z,2026-09-29T00:00:00.000Z,roadmap_prioritization_output_score,105,100,index,true
KPI-0019797,E-0133,execution,2024-10-01T00:00:00.000Z,2024-12-31T00:00:00.000Z,execution_output_score,84.3,100,index,true
KPI-0019799,E-0133,visual_craft,2024-10-01T00:00:00.000Z,2024-12-31T00:00:00.000Z,visual_craft_output_score,99.6,100,index,true
KPI-0019827,E-0133,execution,2025-01-01T00:00:00.000Z,2025-03-31T00:00:00.000Z,execution_output_score,89.2,100,index,true
KPI-0019829,E-0133,visual_craft,2025-01-01T00:00:00.000Z,2025-03-31T00:00:00.000Z,visual_craft_output_score,90.1,100,index,true
KPI-0019860,E-0133,execution,2025-07-01T00:00:00.000Z,2025-09-30T00:00:00.000Z,execution_output_score,87.8,100,index,true
KPI-0019862,E-0133,visual_craft,2025-07-01T00:00:00.000Z,2025-09-30T00:00:00.000Z,visual_craft_output_score,100.1,100,index,true
KPI-0019864,E-0133,execution,2025-10-01T00:00:00.000Z,2025-12-31T00:00:00.000Z,execution_output_score,91.2,100,index,true
KPI-0019866,E-0133,visual_craft,2025-10-01T00:00:00.000Z,2025-12-31T00:00:00.000Z,visual_craft_output_score,103.7,100,index,true
KPI-0019883,E-0133,execution,2026-01-01T00:00:00.000Z,2026-03-31T00:00:00.000Z,execution_output_score,82.2,100,index,true
KPI-0019901,E-0133,execution,2026-04-01T00:00:00.000Z,2026-06-30T00:00:00.000Z,execution_output_score,84,100,index,true
KPI-0019919,E-0133,execution,2026-07-01T00:00:00.000Z,2026-09-29T00:00:00.000Z,execution_output_score,81.4,100,index,true
KPI-0019921,E-0133,visual_craft,2026-07-01T00:00:00.000Z,2026-09-29T00:00:00.000Z,visual_craft_output_score,91,100,index,true
KPI-0019946,E-0134,execution,2024-10-01T00:00:00.000Z,2024-12-31T00:00:00.000Z,execution_output_score,63.3,100,index,true
KPI-0019969,E-0134,execution,2025-01-01T00:00:00.000Z,2025-03-31T00:00:00.000Z,execution_output_score,71.8,100,index,true
KPI-0019971,E-0134,financial_modeling,2025-01-01T00:00:00.000Z,2025-03-31T00:00:00.000Z,financial_modeling_output_score,85.7,100,index,true
KPI-0019976,E-0134,execution,2025-04-01T00:00:00.000Z,2025-06-30T00:00:00.000Z,execution_output_score,81.3,100,index,true
KPI-0019978,E-0134,financial_modeling,2025-04-01T00:00:00.000Z,2025-06-30T00:00:00.000Z,financial_modeling_output_score,85.9,100,index,true
KPI-0020001,E-0134,execution,2025-07-01T00:00:00.000Z,2025-09-30T00:00:00.000Z,execution_output_score,84.4,100,index,true
KPI-0020009,E-0134,financial_modeling,2025-10-01T00:00:00.000Z,2025-12-31T00:00:00.000Z,financial_modeling_output_score,84.3,100,index,true
KPI-0020019,E-0134,execution,2026-01-01T00:00:00.000Z,2026-03-31T00:00:00.000Z,execution_output_score,96.1,100,index,true
KPI-0020021,E-0134,financial_modeling,2026-01-01T00:00:00.000Z,2026-03-31T00:00:00.000Z,financial_modeling_output_score,95.2,100,index,true
KPI-0020034,E-0134,execution,2026-04-01T00:00:00.000Z,2026-06-30T00:00:00.000Z,execution_output_score,92.7,100,index,true
KPI-0020093,E-0135,talent_assessment,2024-10-01T00:00:00.000Z,2024-12-31T00:00:00.000Z,talent_assessment_output_score,105.7,100,index,true
KPI-0020118,E-0135,execution,2025-01-01T00:00:00.000Z,2025-03-31T00:00:00.000Z,execution_output_score,68,100,index,true
KPI-0020120,E-0135,talent_assessment,2025-01-01T00:00:00.000Z,2025-03-31T00:00:00.000Z,talent_assessment_output_score,96.6,100,index,true
KPI-0020122,E-0135,execution,2025-04-01T00:00:00.000Z,2025-06-30T00:00:00.000Z,execution_output_score,69,100,index,true
KPI-0020138,E-0135,execution,2025-07-01T00:00:00.000Z,2025-09-30T00:00:00.000Z,execution_output_score,75,100,index,true
KPI-0020140,E-0135,talent_assessment,2025-07-01T00:00:00.000Z,2025-09-30T00:00:00.000Z,talent_assessment_output_score,104,100,index,true
KPI-0020165,E-0135,execution,2026-01-01T00:00:00.000Z,2026-03-31T00:00:00.000Z,execution_output_score,93.1,100,index,true
KPI-0020167,E-0135,talent_assessment,2026-01-01T00:00:00.000Z,2026-03-31T00:00:00.000Z,talent_assessment_output_score,104.5,100,index,true
KPI-0020169,E-0135,execution,2026-04-01T00:00:00.000Z,2026-06-30T00:00:00.000Z,execution_output_score,95.2,100,index,true
KPI-0020171,E-0135,talent_assessment,2026-04-01T00:00:00.000Z,2026-06-30T00:00:00.000Z,talent_assessment_output_score,95.8,100,index,true
KPI-0020196,E-0135,talent_assessment,2026-07-01T00:00:00.000Z,2026-09-29T00:00:00.000Z,talent_assessment_output_score,107.1,100,index,true
KPI-0020210,E-0136,customer_resolution,2024-10-01T00:00:00.000Z,2024-12-31T00:00:00.000Z,customer_resolution_output_score,99.5,100,index,true
KPI-0020237,E-0136,execution,2025-01-01T00:00:00.000Z,2025-03-31T00:00:00.000Z,execution_output_score,68.6,100,index,true
KPI-0020239,E-0136,customer_resolution,2025-01-01T00:00:00.000Z,2025-03-31T00:00:00.000Z,customer_resolution_output_score,89.2,100,index,true
KPI-0020248,E-0136,execution,2025-04-01T00:00:00.000Z,2025-06-30T00:00:00.000Z,execution_output_score,72.2,100,index,true
KPI-0020250,E-0136,customer_resolution,2025-04-01T00:00:00.000Z,2025-06-30T00:00:00.000Z,customer_resolution_output_score,91.6,100,index,true
KPI-0020258,E-0136,execution,2025-07-01T00:00:00.000Z,2025-09-30T00:00:00.000Z,execution_output_score,82.1,100,index,true
KPI-0020266,E-0136,execution,2025-10-01T00:00:00.000Z,2025-12-31T00:00:00.000Z,execution_output_score,84.3,100,index,true
KPI-0020287,E-0136,execution,2026-01-01T00:00:00.000Z,2026-03-31T00:00:00.000Z,execution_output_score,92.2,100,index,true
KPI-0020289,E-0136,customer_resolution,2026-01-01T00:00:00.000Z,2026-03-31T00:00:00.000Z,customer_resolution_output_score,89.4,100,index,true
KPI-0020316,E-0137,execution,2024-10-01T00:00:00.000Z,2024-12-31T00:00:00.000Z,execution_output_score,95.5,100,index,true
KPI-0020318,E-0137,system_design,2024-10-01T00:00:00.000Z,2024-12-31T00:00:00.000Z,system_design_output_score,70.6,100,index,true
KPI-0020347,E-0137,execution,2025-01-01T00:00:00.000Z,2025-03-31T00:00:00.000Z,execution_output_score,102.7,100,index,true
KPI-0020349,E-0137,system_design,2025-01-01T00:00:00.000Z,2025-03-31T00:00:00.000Z,system_design_output_score,60.4,100,index,true
KPI-0020355,E-0137,execution,2025-04-01T00:00:00.000Z,2025-06-30T00:00:00.000Z,execution_output_score,97.6,100,index,true
KPI-0020357,E-0137,system_design,2025-04-01T00:00:00.000Z,2025-06-30T00:00:00.000Z,system_design_output_score,61.3,100,index,true
KPI-0020380,E-0137,execution,2025-07-01T00:00:00.000Z,2025-09-30T00:00:00.000Z,execution_output_score,87.9,100,index,true
KPI-0020382,E-0137,system_design,2025-07-01T00:00:00.000Z,2025-09-30T00:00:00.000Z,system_design_output_score,60.2,100,index,true
KPI-0020391,E-0137,execution,2025-10-01T00:00:00.000Z,2025-12-31T00:00:00.000Z,execution_output_score,85.2,100,index,true
KPI-0020393,E-0137,system_design,2025-10-01T00:00:00.000Z,2025-12-31T00:00:00.000Z,system_design_output_score,63.7,100,index,true
KPI-0020421,E-0137,execution,2026-01-01T00:00:00.000Z,2026-03-31T00:00:00.000Z,execution_output_score,78,100,index,true
KPI-0020423,E-0137,system_design,2026-01-01T00:00:00.000Z,2026-03-31T00:00:00.000Z,system_design_output_score,72.5,100,index,true
KPI-0020425,E-0137,execution,2026-04-01T00:00:00.000Z,2026-06-30T00:00:00.000Z,execution_output_score,74.7,100,index,true
KPI-0020427,E-0137,system_design,2026-04-01T00:00:00.000Z,2026-06-30T00:00:00.000Z,system_design_output_score,74.2,100,index,true
KPI-0020455,E-0137,execution,2026-07-01T00:00:00.000Z,2026-09-29T00:00:00.000Z,execution_output_score,60.9,100,index,true
KPI-0020457,E-0137,system_design,2026-07-01T00:00:00.000Z,2026-09-29T00:00:00.000Z,system_design_output_score,77.8,100,index,true
KPI-0020474,E-0138,execution,2024-10-01T00:00:00.000Z,2024-12-31T00:00:00.000Z,execution_output_score,110.2,100,index,true
KPI-0020476,E-0138,pipeline_mgmt,2024-10-01T00:00:00.000Z,2024-12-31T00:00:00.000Z,pipeline_mgmt_output_score,59.7,100,index,true
KPI-0020505,E-0138,pipeline_mgmt,2025-01-01T00:00:00.000Z,2025-03-31T00:00:00.000Z,pipeline_mgmt_output_score,70.7,100,index,true
KPI-0020521,E-0138,pipeline_mgmt,2025-04-01T00:00:00.000Z,2025-06-30T00:00:00.000Z,pipeline_mgmt_output_score,86.4,100,index,true
KPI-0020542,E-0138,execution,2025-07-01T00:00:00.000Z,2025-09-30T00:00:00.000Z,execution_output_score,98.2,100,index,true
KPI-0020544,E-0138,pipeline_mgmt,2025-07-01T00:00:00.000Z,2025-09-30T00:00:00.000Z,pipeline_mgmt_output_score,83.7,100,index,true
KPI-0020553,E-0138,execution,2025-10-01T00:00:00.000Z,2025-12-31T00:00:00.000Z,execution_output_score,91.5,100,index,true
KPI-0020555,E-0138,pipeline_mgmt,2025-10-01T00:00:00.000Z,2025-12-31T00:00:00.000Z,pipeline_mgmt_output_score,94,100,index,true
KPI-0020580,E-0138,execution,2026-01-01T00:00:00.000Z,2026-03-31T00:00:00.000Z,execution_output_score,88.7,100,index,true
KPI-0020582,E-0138,pipeline_mgmt,2026-01-01T00:00:00.000Z,2026-03-31T00:00:00.000Z,pipeline_mgmt_output_score,99.2,100,index,true
KPI-0020595,E-0138,execution,2026-04-01T00:00:00.000Z,2026-06-30T00:00:00.000Z,execution_output_score,82,100,index,true
KPI-0020597,E-0138,pipeline_mgmt,2026-04-01T00:00:00.000Z,2026-06-30T00:00:00.000Z,pipeline_mgmt_output_score,91.2,100,index,true
KPI-0020625,E-0138,execution,2026-07-01T00:00:00.000Z,2026-09-29T00:00:00.000Z,execution_output_score,80.4,100,index,true
KPI-0020627,E-0138,pipeline_mgmt,2026-07-01T00:00:00.000Z,2026-09-29T00:00:00.000Z,pipeline_mgmt_output_score,101.9,100,index,true
KPI-0020652,E-0139,execution,2024-10-01T00:00:00.000Z,2024-12-31T00:00:00.000Z,execution_output_score,71,100,index,true
KPI-0020654,E-0139,campaign_strategy,2024-10-01T00:00:00.000Z,2024-12-31T00:00:00.000Z,campaign_strategy_output_score,79.3,100,index,true
KPI-0020676,E-0139,execution,2025-01-01T00:00:00.000Z,2025-03-31T00:00:00.000Z,execution_output_score,75.7,100,index,true
KPI-0020688,E-0139,campaign_strategy,2025-04-01T00:00:00.000Z,2025-06-30T00:00:00.000Z,campaign_strategy_output_score,77.2,100,index,true
KPI-0020710,E-0139,execution,2025-07-01T00:00:00.000Z,2025-09-30T00:00:00.000Z,execution_output_score,70.2,100,index,true
KPI-0020712,E-0139,campaign_strategy,2025-07-01T00:00:00.000Z,2025-09-30T00:00:00.000Z,campaign_strategy_output_score,80.1,100,index,true
KPI-0020714,E-0139,execution,2025-10-01T00:00:00.000Z,2025-12-31T00:00:00.000Z,execution_output_score,82.1,100,index,true
KPI-0020716,E-0139,campaign_strategy,2025-10-01T00:00:00.000Z,2025-12-31T00:00:00.000Z,campaign_strategy_output_score,70.2,100,index,true
KPI-0020734,E-0139,campaign_strategy,2026-01-01T00:00:00.000Z,2026-03-31T00:00:00.000Z,campaign_strategy_output_score,77.8,100,index,true
KPI-0020746,E-0139,execution,2026-04-01T00:00:00.000Z,2026-06-30T00:00:00.000Z,execution_output_score,72.9,100,index,true
KPI-0020748,E-0139,campaign_strategy,2026-04-01T00:00:00.000Z,2026-06-30T00:00:00.000Z,campaign_strategy_output_score,71.3,100,index,true
KPI-0020765,E-0139,execution,2026-07-01T00:00:00.000Z,2026-09-29T00:00:00.000Z,execution_output_score,71.7,100,index,true
KPI-0020767,E-0139,campaign_strategy,2026-07-01T00:00:00.000Z,2026-09-29T00:00:00.000Z,campaign_strategy_output_score,63.1,100,index,true
KPI-0020801,E-0140,execution,2025-01-01T00:00:00.000Z,2025-03-31T00:00:00.000Z,execution_output_score,69.9,100,index,true
KPI-0020816,E-0140,execution,2025-04-01T00:00:00.000Z,2025-06-30T00:00:00.000Z,execution_output_score,80.2,100,index,true
KPI-0020818,E-0140,roadmap_prioritization,2025-04-01T00:00:00.000Z,2025-06-30T00:00:00.000Z,roadmap_prioritization_output_score,73,100,index,true
KPI-0020832,E-0140,execution,2025-07-01T00:00:00.000Z,2025-09-30T00:00:00.000Z,execution_output_score,89,100,index,true
KPI-0020834,E-0140,roadmap_prioritization,2025-07-01T00:00:00.000Z,2025-09-30T00:00:00.000Z,roadmap_prioritization_output_score,75.9,100,index,true
KPI-0020846,E-0140,execution,2025-10-01T00:00:00.000Z,2025-12-31T00:00:00.000Z,execution_output_score,94.9,100,index,true
KPI-0020848,E-0140,roadmap_prioritization,2025-10-01T00:00:00.000Z,2025-12-31T00:00:00.000Z,roadmap_prioritization_output_score,84.7,100,index,true
KPI-0020861,E-0140,execution,2026-01-01T00:00:00.000Z,2026-03-31T00:00:00.000Z,execution_output_score,94.9,100,index,true
KPI-0020877,E-0140,roadmap_prioritization,2026-04-01T00:00:00.000Z,2026-06-30T00:00:00.000Z,roadmap_prioritization_output_score,87.4,100,index,true
KPI-0020903,E-0140,execution,2026-07-01T00:00:00.000Z,2026-09-29T00:00:00.000Z,execution_output_score,103.5,100,index,true
KPI-0020905,E-0140,roadmap_prioritization,2026-07-01T00:00:00.000Z,2026-09-29T00:00:00.000Z,roadmap_prioritization_output_score,94.4,100,index,true
KPI-0020923,E-0141,execution,2024-10-01T00:00:00.000Z,2024-12-31T00:00:00.000Z,execution_output_score,82.3,100,index,true
KPI-0020925,E-0141,visual_craft,2024-10-01T00:00:00.000Z,2024-12-31T00:00:00.000Z,visual_craft_output_score,69.8,100,index,true
KPI-0020945,E-0141,execution,2025-01-01T00:00:00.000Z,2025-03-31T00:00:00.000Z,execution_output_score,81.3,100,index,true
KPI-0020947,E-0141,visual_craft,2025-01-01T00:00:00.000Z,2025-03-31T00:00:00.000Z,visual_craft_output_score,71.7,100,index,true
KPI-0020956,E-0141,execution,2025-04-01T00:00:00.000Z,2025-06-30T00:00:00.000Z,execution_output_score,78.2,100,index,true
KPI-0020974,E-0141,execution,2025-07-01T00:00:00.000Z,2025-09-30T00:00:00.000Z,execution_output_score,76.1,100,index,true
KPI-0020976,E-0141,visual_craft,2025-07-01T00:00:00.000Z,2025-09-30T00:00:00.000Z,visual_craft_output_score,76,100,index,true
KPI-0020985,E-0141,execution,2025-10-01T00:00:00.000Z,2025-12-31T00:00:00.000Z,execution_output_score,77.4,100,index,true
KPI-0020987,E-0141,visual_craft,2025-10-01T00:00:00.000Z,2025-12-31T00:00:00.000Z,visual_craft_output_score,79.7,100,index,true
KPI-0021015,E-0141,execution,2026-01-01T00:00:00.000Z,2026-03-31T00:00:00.000Z,execution_output_score,86.9,100,index,true
KPI-0021017,E-0141,visual_craft,2026-01-01T00:00:00.000Z,2026-03-31T00:00:00.000Z,visual_craft_output_score,79.2,100,index,true
KPI-0021023,E-0141,execution,2026-04-01T00:00:00.000Z,2026-06-30T00:00:00.000Z,execution_output_score,82,100,index,true
KPI-0021038,E-0141,execution,2026-07-01T00:00:00.000Z,2026-09-29T00:00:00.000Z,execution_output_score,73.3,100,index,true
KPI-0021040,E-0141,visual_craft,2026-07-01T00:00:00.000Z,2026-09-29T00:00:00.000Z,visual_craft_output_score,81.5,100,index,true
KPI-0021062,E-0142,execution,2024-10-01T00:00:00.000Z,2024-12-31T00:00:00.000Z,execution_output_score,74.6,100,index,true
KPI-0021083,E-0142,execution,2025-01-01T00:00:00.000Z,2025-03-31T00:00:00.000Z,execution_output_score,72.7,100,index,true
KPI-0021085,E-0142,financial_modeling,2025-01-01T00:00:00.000Z,2025-03-31T00:00:00.000Z,financial_modeling_output_score,75.8,100,index,true
KPI-0021104,E-0142,execution,2025-04-01T00:00:00.000Z,2025-06-30T00:00:00.000Z,execution_output_score,72.2,100,index,true
KPI-0021106,E-0142,financial_modeling,2025-04-01T00:00:00.000Z,2025-06-30T00:00:00.000Z,financial_modeling_output_score,74,100,index,true
KPI-0021127,E-0142,execution,2025-07-01T00:00:00.000Z,2025-09-30T00:00:00.000Z,execution_output_score,73.3,100,index,true
KPI-0021129,E-0142,financial_modeling,2025-07-01T00:00:00.000Z,2025-09-30T00:00:00.000Z,financial_modeling_output_score,75.3,100,index,true
KPI-0021138,E-0142,execution,2025-10-01T00:00:00.000Z,2025-12-31T00:00:00.000Z,execution_output_score,68.1,100,index,true
KPI-0021156,E-0142,execution,2026-01-01T00:00:00.000Z,2026-03-31T00:00:00.000Z,execution_output_score,78,100,index,true
KPI-0021158,E-0142,financial_modeling,2026-01-01T00:00:00.000Z,2026-03-31T00:00:00.000Z,financial_modeling_output_score,70.5,100,index,true
KPI-0021167,E-0142,execution,2026-04-01T00:00:00.000Z,2026-06-30T00:00:00.000Z,execution_output_score,74.8,100,index,true
KPI-0021169,E-0142,financial_modeling,2026-04-01T00:00:00.000Z,2026-06-30T00:00:00.000Z,financial_modeling_output_score,76.2,100,index,true
KPI-0021193,E-0142,execution,2026-07-01T00:00:00.000Z,2026-09-29T00:00:00.000Z,execution_output_score,70.7,100,index,true
KPI-0021195,E-0142,financial_modeling,2026-07-01T00:00:00.000Z,2026-09-29T00:00:00.000Z,financial_modeling_output_score,70.9,100,index,true
KPI-0021218,E-0143,execution,2024-10-01T00:00:00.000Z,2024-12-31T00:00:00.000Z,execution_output_score,108.7,100,index,true
KPI-0021220,E-0143,talent_assessment,2024-10-01T00:00:00.000Z,2024-12-31T00:00:00.000Z,talent_assessment_output_score,81.2,100,index,true
KPI-0021242,E-0143,execution,2025-01-01T00:00:00.000Z,2025-03-31T00:00:00.000Z,execution_output_score,105.4,100,index,true
KPI-0021244,E-0143,talent_assessment,2025-01-01T00:00:00.000Z,2025-03-31T00:00:00.000Z,talent_assessment_output_score,76.3,100,index,true
KPI-0021252,E-0143,execution,2025-04-01T00:00:00.000Z,2025-06-30T00:00:00.000Z,execution_output_score,96.6,100,index,true
KPI-0021265,E-0143,talent_assessment,2025-07-01T00:00:00.000Z,2025-09-30T00:00:00.000Z,talent_assessment_output_score,61.9,100,index,true
KPI-0021267,E-0143,execution,2025-10-01T00:00:00.000Z,2025-12-31T00:00:00.000Z,execution_output_score,88.7,100,index,true
KPI-0021269,E-0143,talent_assessment,2025-10-01T00:00:00.000Z,2025-12-31T00:00:00.000Z,talent_assessment_output_score,72.3,100,index,true
KPI-0021281,E-0143,execution,2026-01-01T00:00:00.000Z,2026-03-31T00:00:00.000Z,execution_output_score,91.1,100,index,true
KPI-0021283,E-0143,talent_assessment,2026-01-01T00:00:00.000Z,2026-03-31T00:00:00.000Z,talent_assessment_output_score,72,100,index,true
KPI-0021300,E-0143,execution,2026-04-01T00:00:00.000Z,2026-06-30T00:00:00.000Z,execution_output_score,83.7,100,index,true
KPI-0021302,E-0143,talent_assessment,2026-04-01T00:00:00.000Z,2026-06-30T00:00:00.000Z,talent_assessment_output_score,71,100,index,true
KPI-0021318,E-0143,talent_assessment,2026-07-01T00:00:00.000Z,2026-09-29T00:00:00.000Z,talent_assessment_output_score,72.8,100,index,true
KPI-0021346,E-0144,execution,2024-10-01T00:00:00.000Z,2024-12-31T00:00:00.000Z,execution_output_score,63.8,100,index,true
KPI-0021348,E-0144,customer_resolution,2024-10-01T00:00:00.000Z,2024-12-31T00:00:00.000Z,customer_resolution_output_score,70.1,100,index,true
KPI-0021368,E-0144,execution,2025-01-01T00:00:00.000Z,2025-03-31T00:00:00.000Z,execution_output_score,77.8,100,index,true
KPI-0021370,E-0144,customer_resolution,2025-01-01T00:00:00.000Z,2025-03-31T00:00:00.000Z,customer_resolution_output_score,68.6,100,index,true
KPI-0021389,E-0144,execution,2025-04-01T00:00:00.000Z,2025-06-30T00:00:00.000Z,execution_output_score,87.3,100,index,true
KPI-0021391,E-0144,customer_resolution,2025-04-01T00:00:00.000Z,2025-06-30T00:00:00.000Z,customer_resolution_output_score,73.2,100,index,true
KPI-0021418,E-0144,execution,2025-07-01T00:00:00.000Z,2025-09-30T00:00:00.000Z,execution_output_score,93.6,100,index,true
KPI-0021420,E-0144,customer_resolution,2025-07-01T00:00:00.000Z,2025-09-30T00:00:00.000Z,customer_resolution_output_score,72.9,100,index,true
KPI-0021439,E-0144,execution,2025-10-01T00:00:00.000Z,2025-12-31T00:00:00.000Z,execution_output_score,93.7,100,index,true
KPI-0021441,E-0144,customer_resolution,2025-10-01T00:00:00.000Z,2025-12-31T00:00:00.000Z,customer_resolution_output_score,79.4,100,index,true
KPI-0021466,E-0144,execution,2026-01-01T00:00:00.000Z,2026-03-31T00:00:00.000Z,execution_output_score,99.4,100,index,true
KPI-0021468,E-0144,customer_resolution,2026-01-01T00:00:00.000Z,2026-03-31T00:00:00.000Z,customer_resolution_output_score,75,100,index,true
KPI-0021474,E-0144,execution,2026-04-01T00:00:00.000Z,2026-06-30T00:00:00.000Z,execution_output_score,97.2,100,index,true
KPI-0021497,E-0144,execution,2026-07-01T00:00:00.000Z,2026-09-29T00:00:00.000Z,execution_output_score,107.7,100,index,true
KPI-0021499,E-0144,customer_resolution,2026-07-01T00:00:00.000Z,2026-09-29T00:00:00.000Z,customer_resolution_output_score,73.2,100,index,true
KPI-0021521,E-0145,execution,2024-10-01T00:00:00.000Z,2024-12-31T00:00:00.000Z,execution_output_score,67.2,100,index,true
KPI-0021523,E-0145,system_design,2024-10-01T00:00:00.000Z,2024-12-31T00:00:00.000Z,system_design_output_score,64.5,100,index,true
KPI-0021549,E-0145,execution,2025-01-01T00:00:00.000Z,2025-03-31T00:00:00.000Z,execution_output_score,74.2,100,index,true
KPI-0021551,E-0145,system_design,2025-01-01T00:00:00.000Z,2025-03-31T00:00:00.000Z,system_design_output_score,70.7,100,index,true
KPI-0021570,E-0145,execution,2025-04-01T00:00:00.000Z,2025-06-30T00:00:00.000Z,execution_output_score,74.9,100,index,true
KPI-0021572,E-0145,system_design,2025-04-01T00:00:00.000Z,2025-06-30T00:00:00.000Z,system_design_output_score,70.3,100,index,true
KPI-0021596,E-0145,execution,2025-07-01T00:00:00.000Z,2025-09-30T00:00:00.000Z,execution_output_score,84.3,100,index,true
KPI-0021598,E-0145,system_design,2025-07-01T00:00:00.000Z,2025-09-30T00:00:00.000Z,system_design_output_score,80.8,100,index,true
KPI-0021614,E-0145,execution,2025-10-01T00:00:00.000Z,2025-12-31T00:00:00.000Z,execution_output_score,86.1,100,index,true
KPI-0021616,E-0145,system_design,2025-10-01T00:00:00.000Z,2025-12-31T00:00:00.000Z,system_design_output_score,78.5,100,index,true
KPI-0021639,E-0145,execution,2026-01-01T00:00:00.000Z,2026-03-31T00:00:00.000Z,execution_output_score,95,100,index,true
KPI-0021641,E-0145,system_design,2026-01-01T00:00:00.000Z,2026-03-31T00:00:00.000Z,system_design_output_score,89.9,100,index,true
KPI-0021657,E-0145,execution,2026-04-01T00:00:00.000Z,2026-06-30T00:00:00.000Z,execution_output_score,95.7,100,index,true
KPI-0021659,E-0145,system_design,2026-04-01T00:00:00.000Z,2026-06-30T00:00:00.000Z,system_design_output_score,90.3,100,index,true
KPI-0021707,E-0146,pipeline_mgmt,2024-10-01T00:00:00.000Z,2024-12-31T00:00:00.000Z,pipeline_mgmt_output_score,67.7,100,index,true
KPI-0021738,E-0146,execution,2025-01-01T00:00:00.000Z,2025-03-31T00:00:00.000Z,execution_output_score,86.8,100,index,true
KPI-0021744,E-0146,execution,2025-04-01T00:00:00.000Z,2025-06-30T00:00:00.000Z,execution_output_score,87.7,100,index,true
KPI-0021746,E-0146,pipeline_mgmt,2025-04-01T00:00:00.000Z,2025-06-30T00:00:00.000Z,pipeline_mgmt_output_score,66.8,100,index,true
KPI-0021774,E-0146,execution,2025-07-01T00:00:00.000Z,2025-09-30T00:00:00.000Z,execution_output_score,90.4,100,index,true
KPI-0021786,E-0146,pipeline_mgmt,2025-10-01T00:00:00.000Z,2025-12-31T00:00:00.000Z,pipeline_mgmt_output_score,72.4,100,index,true
KPI-0021811,E-0146,pipeline_mgmt,2026-01-01T00:00:00.000Z,2026-03-31T00:00:00.000Z,pipeline_mgmt_output_score,76.7,100,index,true
KPI-0021830,E-0146,execution,2026-04-01T00:00:00.000Z,2026-06-30T00:00:00.000Z,execution_output_score,79.1,100,index,true
KPI-0021832,E-0146,pipeline_mgmt,2026-04-01T00:00:00.000Z,2026-06-30T00:00:00.000Z,pipeline_mgmt_output_score,72.4,100,index,true
KPI-0021855,E-0146,execution,2026-07-01T00:00:00.000Z,2026-09-29T00:00:00.000Z,execution_output_score,76.9,100,index,true
KPI-0021857,E-0146,pipeline_mgmt,2026-07-01T00:00:00.000Z,2026-09-29T00:00:00.000Z,pipeline_mgmt_output_score,71.9,100,index,true
KPI-0021891,E-0147,execution,2024-10-01T00:00:00.000Z,2024-12-31T00:00:00.000Z,execution_output_score,63.6,100,index,true
KPI-0021910,E-0147,campaign_strategy,2025-01-01T00:00:00.000Z,2025-03-31T00:00:00.000Z,campaign_strategy_output_score,109.1,100,index,true
KPI-0021922,E-0147,execution,2025-04-01T00:00:00.000Z,2025-06-30T00:00:00.000Z,execution_output_score,76.3,100,index,true
KPI-0021924,E-0147,campaign_strategy,2025-04-01T00:00:00.000Z,2025-06-30T00:00:00.000Z,campaign_strategy_output_score,105,100,index,true
KPI-0021944,E-0147,execution,2025-07-01T00:00:00.000Z,2025-09-30T00:00:00.000Z,execution_output_score,82.6,100,index,true
KPI-0021946,E-0147,campaign_strategy,2025-07-01T00:00:00.000Z,2025-09-30T00:00:00.000Z,campaign_strategy_output_score,94.6,100,index,true
KPI-0021981,E-0147,campaign_strategy,2026-01-01T00:00:00.000Z,2026-03-31T00:00:00.000Z,campaign_strategy_output_score,84.3,100,index,true
KPI-0021989,E-0147,execution,2026-04-01T00:00:00.000Z,2026-06-30T00:00:00.000Z,execution_output_score,103.2,100,index,true
KPI-0022006,E-0147,execution,2026-07-01T00:00:00.000Z,2026-09-29T00:00:00.000Z,execution_output_score,102,100,index,true
KPI-0022027,E-0148,execution,2024-10-01T00:00:00.000Z,2024-12-31T00:00:00.000Z,execution_output_score,75.6,100,index,true
KPI-0022043,E-0148,roadmap_prioritization,2025-01-01T00:00:00.000Z,2025-03-31T00:00:00.000Z,roadmap_prioritization_output_score,63.9,100,index,true
KPI-0022056,E-0148,execution,2025-04-01T00:00:00.000Z,2025-06-30T00:00:00.000Z,execution_output_score,78.6,100,index,true
KPI-0022070,E-0148,roadmap_prioritization,2025-07-01T00:00:00.000Z,2025-09-30T00:00:00.000Z,roadmap_prioritization_output_score,75.6,100,index,true
KPI-0022079,E-0148,execution,2025-10-01T00:00:00.000Z,2025-12-31T00:00:00.000Z,execution_output_score,92.4,100,index,true
KPI-0022081,E-0148,roadmap_prioritization,2025-10-01T00:00:00.000Z,2025-12-31T00:00:00.000Z,roadmap_prioritization_output_score,86.8,100,index,true
KPI-0022106,E-0148,execution,2026-01-01T00:00:00.000Z,2026-03-31T00:00:00.000Z,execution_output_score,99.3,100,index,true
KPI-0022108,E-0148,roadmap_prioritization,2026-01-01T00:00:00.000Z,2026-03-31T00:00:00.000Z,roadmap_prioritization_output_score,86.4,100,index,true
KPI-0022120,E-0148,roadmap_prioritization,2026-04-01T00:00:00.000Z,2026-06-30T00:00:00.000Z,roadmap_prioritization_output_score,89.5,100,index,true
KPI-0022145,E-0148,execution,2026-07-01T00:00:00.000Z,2026-09-29T00:00:00.000Z,execution_output_score,105.5,100,index,true
KPI-0022147,E-0148,roadmap_prioritization,2026-07-01T00:00:00.000Z,2026-09-29T00:00:00.000Z,roadmap_prioritization_output_score,89.4,100,index,true
KPI-0022169,E-0149,visual_craft,2024-10-01T00:00:00.000Z,2024-12-31T00:00:00.000Z,visual_craft_output_score,73.5,100,index,true
KPI-0022195,E-0149,execution,2025-01-01T00:00:00.000Z,2025-03-31T00:00:00.000Z,execution_output_score,69.4,100,index,true
KPI-0022197,E-0149,visual_craft,2025-01-01T00:00:00.000Z,2025-03-31T00:00:00.000Z,visual_craft_output_score,65.4,100,index,true
KPI-0022213,E-0149,execution,2025-04-01T00:00:00.000Z,2025-06-30T00:00:00.000Z,execution_output_score,74.4,100,index,true
KPI-0022215,E-0149,visual_craft,2025-04-01T00:00:00.000Z,2025-06-30T00:00:00.000Z,visual_craft_output_score,65.3,100,index,true
KPI-0022243,E-0149,execution,2025-07-01T00:00:00.000Z,2025-09-30T00:00:00.000Z,execution_output_score,62.4,100,index,true
KPI-0022245,E-0149,visual_craft,2025-07-01T00:00:00.000Z,2025-09-30T00:00:00.000Z,visual_craft_output_score,68.5,100,index,true
KPI-0022261,E-0149,execution,2025-10-01T00:00:00.000Z,2025-12-31T00:00:00.000Z,execution_output_score,67.3,100,index,true
KPI-0022263,E-0149,visual_craft,2025-10-01T00:00:00.000Z,2025-12-31T00:00:00.000Z,visual_craft_output_score,72.9,100,index,true
KPI-0022284,E-0149,execution,2026-01-01T00:00:00.000Z,2026-03-31T00:00:00.000Z,execution_output_score,71.8,100,index,true
KPI-0022332,E-0150,execution,2024-10-01T00:00:00.000Z,2024-12-31T00:00:00.000Z,execution_output_score,106.4,100,index,true
KPI-0022334,E-0150,financial_modeling,2024-10-01T00:00:00.000Z,2024-12-31T00:00:00.000Z,financial_modeling_output_score,71.5,100,index,true
KPI-0022350,E-0150,execution,2025-01-01T00:00:00.000Z,2025-03-31T00:00:00.000Z,execution_output_score,110.3,100,index,true
KPI-0022356,E-0150,execution,2025-04-01T00:00:00.000Z,2025-06-30T00:00:00.000Z,execution_output_score,88.4,100,index,true
KPI-0022358,E-0150,financial_modeling,2025-04-01T00:00:00.000Z,2025-06-30T00:00:00.000Z,financial_modeling_output_score,75.4,100,index,true
KPI-0022386,E-0150,execution,2025-07-01T00:00:00.000Z,2025-09-30T00:00:00.000Z,execution_output_score,90.6,100,index,true
KPI-0022388,E-0150,financial_modeling,2025-07-01T00:00:00.000Z,2025-09-30T00:00:00.000Z,financial_modeling_output_score,69.4,100,index,true
KPI-0022407,E-0150,execution,2025-10-01T00:00:00.000Z,2025-12-31T00:00:00.000Z,execution_output_score,89.7,100,index,true
KPI-0022409,E-0150,financial_modeling,2025-10-01T00:00:00.000Z,2025-12-31T00:00:00.000Z,financial_modeling_output_score,88.2,100,index,true
KPI-0022433,E-0150,execution,2026-01-01T00:00:00.000Z,2026-03-31T00:00:00.000Z,execution_output_score,79.7,100,index,true
KPI-0022435,E-0150,financial_modeling,2026-01-01T00:00:00.000Z,2026-03-31T00:00:00.000Z,financial_modeling_output_score,86.9,100,index,true
KPI-0022444,E-0150,execution,2026-04-01T00:00:00.000Z,2026-06-30T00:00:00.000Z,execution_output_score,72.4,100,index,true
KPI-0022446,E-0150,financial_modeling,2026-04-01T00:00:00.000Z,2026-06-30T00:00:00.000Z,financial_modeling_output_score,89.4,100,index,true
KPI-0022472,E-0150,execution,2026-07-01T00:00:00.000Z,2026-09-29T00:00:00.000Z,execution_output_score,67.6,100,index,true
KPI-0022491,E-0151,execution,2024-10-01T00:00:00.000Z,2024-12-31T00:00:00.000Z,execution_output_score,71.7,100,index,true
KPI-0022493,E-0151,talent_assessment,2024-10-01T00:00:00.000Z,2024-12-31T00:00:00.000Z,talent_assessment_output_score,64.9,100,index,true
KPI-0022513,E-0151,talent_assessment,2025-01-01T00:00:00.000Z,2025-03-31T00:00:00.000Z,talent_assessment_output_score,65,100,index,true
KPI-0022539,E-0151,execution,2025-07-01T00:00:00.000Z,2025-09-30T00:00:00.000Z,execution_output_score,61,100,index,true
KPI-0022541,E-0151,talent_assessment,2025-07-01T00:00:00.000Z,2025-09-30T00:00:00.000Z,talent_assessment_output_score,80.4,100,index,true
KPI-0022557,E-0151,execution,2025-10-01T00:00:00.000Z,2025-12-31T00:00:00.000Z,execution_output_score,74.3,100,index,true
KPI-0022559,E-0151,talent_assessment,2025-10-01T00:00:00.000Z,2025-12-31T00:00:00.000Z,talent_assessment_output_score,78.3,100,index,true
KPI-0022581,E-0151,execution,2026-01-01T00:00:00.000Z,2026-03-31T00:00:00.000Z,execution_output_score,82.8,100,index,true
KPI-0022593,E-0151,execution,2026-04-01T00:00:00.000Z,2026-06-30T00:00:00.000Z,execution_output_score,82.2,100,index,true
KPI-0022595,E-0151,talent_assessment,2026-04-01T00:00:00.000Z,2026-06-30T00:00:00.000Z,talent_assessment_output_score,101.5,100,index,true
KPI-0022626,E-0151,talent_assessment,2026-07-01T00:00:00.000Z,2026-09-29T00:00:00.000Z,talent_assessment_output_score,100.9,100,index,true
KPI-0022647,E-0152,execution,2024-10-01T00:00:00.000Z,2024-12-31T00:00:00.000Z,execution_output_score,64.2,100,index,true
KPI-0022649,E-0152,customer_resolution,2024-10-01T00:00:00.000Z,2024-12-31T00:00:00.000Z,customer_resolution_output_score,99.4,100,index,true
KPI-0022667,E-0152,execution,2025-01-01T00:00:00.000Z,2025-03-31T00:00:00.000Z,execution_output_score,72.9,100,index,true
KPI-0022669,E-0152,customer_resolution,2025-01-01T00:00:00.000Z,2025-03-31T00:00:00.000Z,customer_resolution_output_score,87.7,100,index,true
KPI-0022675,E-0152,execution,2025-04-01T00:00:00.000Z,2025-06-30T00:00:00.000Z,execution_output_score,88.5,100,index,true
KPI-0022677,E-0152,customer_resolution,2025-04-01T00:00:00.000Z,2025-06-30T00:00:00.000Z,customer_resolution_output_score,90.3,100,index,true
KPI-0022698,E-0152,customer_resolution,2025-07-01T00:00:00.000Z,2025-09-30T00:00:00.000Z,customer_resolution_output_score,79.6,100,index,true
KPI-0022710,E-0152,customer_resolution,2025-10-01T00:00:00.000Z,2025-12-31T00:00:00.000Z,customer_resolution_output_score,75.3,100,index,true
KPI-0022720,E-0152,execution,2026-01-01T00:00:00.000Z,2026-03-31T00:00:00.000Z,execution_output_score,84.9,100,index,true
KPI-0022722,E-0152,customer_resolution,2026-01-01T00:00:00.000Z,2026-03-31T00:00:00.000Z,customer_resolution_output_score,75.2,100,index,true
KPI-0022728,E-0152,execution,2026-04-01T00:00:00.000Z,2026-06-30T00:00:00.000Z,execution_output_score,75.5,100,index,true
KPI-0022730,E-0152,customer_resolution,2026-04-01T00:00:00.000Z,2026-06-30T00:00:00.000Z,customer_resolution_output_score,64.6,100,index,true
KPI-0022755,E-0152,execution,2026-07-01T00:00:00.000Z,2026-09-29T00:00:00.000Z,execution_output_score,85.3,100,index,true
KPI-0022757,E-0152,customer_resolution,2026-07-01T00:00:00.000Z,2026-09-29T00:00:00.000Z,customer_resolution_output_score,60.6,100,index,true
KPI-0022788,E-0153,execution,2024-10-01T00:00:00.000Z,2024-12-31T00:00:00.000Z,execution_output_score,67.3,100,index,true
KPI-0022790,E-0153,system_design,2024-10-01T00:00:00.000Z,2024-12-31T00:00:00.000Z,system_design_output_score,63.8,100,index,true
KPI-0022813,E-0153,execution,2025-01-01T00:00:00.000Z,2025-03-31T00:00:00.000Z,execution_output_score,73.6,100,index,true
KPI-0022815,E-0153,system_design,2025-01-01T00:00:00.000Z,2025-03-31T00:00:00.000Z,system_design_output_score,65.2,100,index,true
KPI-0022817,E-0153,execution,2025-04-01T00:00:00.000Z,2025-06-30T00:00:00.000Z,execution_output_score,73.7,100,index,true
KPI-0022819,E-0153,system_design,2025-04-01T00:00:00.000Z,2025-06-30T00:00:00.000Z,system_design_output_score,71.6,100,index,true
KPI-0022845,E-0153,execution,2025-07-01T00:00:00.000Z,2025-09-30T00:00:00.000Z,execution_output_score,66.6,100,index,true
KPI-0022847,E-0153,system_design,2025-07-01T00:00:00.000Z,2025-09-30T00:00:00.000Z,system_design_output_score,74.2,100,index,true
KPI-0022853,E-0153,execution,2025-10-01T00:00:00.000Z,2025-12-31T00:00:00.000Z,execution_output_score,72.3,100,index,true
KPI-0022855,E-0153,system_design,2025-10-01T00:00:00.000Z,2025-12-31T00:00:00.000Z,system_design_output_score,76,100,index,true
KPI-0022870,E-0153,system_design,2026-01-01T00:00:00.000Z,2026-03-31T00:00:00.000Z,system_design_output_score,81.8,100,index,true
KPI-0022872,E-0153,execution,2026-04-01T00:00:00.000Z,2026-06-30T00:00:00.000Z,execution_output_score,70.7,100,index,true
KPI-0022874,E-0153,system_design,2026-04-01T00:00:00.000Z,2026-06-30T00:00:00.000Z,system_design_output_score,78.2,100,index,true
KPI-0022894,E-0153,execution,2026-07-01T00:00:00.000Z,2026-09-29T00:00:00.000Z,execution_output_score,61.7,100,index,true
KPI-0022896,E-0153,system_design,2026-07-01T00:00:00.000Z,2026-09-29T00:00:00.000Z,system_design_output_score,72.7,100,index,true
KPI-0022916,E-0154,execution,2024-10-01T00:00:00.000Z,2024-12-31T00:00:00.000Z,execution_output_score,75.5,100,index,true
KPI-0022918,E-0154,pipeline_mgmt,2024-10-01T00:00:00.000Z,2024-12-31T00:00:00.000Z,pipeline_mgmt_output_score,75.7,100,index,true
KPI-0022946,E-0154,execution,2025-01-01T00:00:00.000Z,2025-03-31T00:00:00.000Z,execution_output_score,66.8,100,index,true
KPI-0022948,E-0154,pipeline_mgmt,2025-01-01T00:00:00.000Z,2025-03-31T00:00:00.000Z,pipeline_mgmt_output_score,74.9,100,index,true
KPI-0022960,E-0154,execution,2025-04-01T00:00:00.000Z,2025-06-30T00:00:00.000Z,execution_output_score,68,100,index,true
KPI-0022984,E-0154,execution,2025-07-01T00:00:00.000Z,2025-09-30T00:00:00.000Z,execution_output_score,78.9,100,index,true
KPI-0022986,E-0154,pipeline_mgmt,2025-07-01T00:00:00.000Z,2025-09-30T00:00:00.000Z,pipeline_mgmt_output_score,93.8,100,index,true
KPI-0022998,E-0154,pipeline_mgmt,2025-10-01T00:00:00.000Z,2025-12-31T00:00:00.000Z,pipeline_mgmt_output_score,99.7,100,index,true
KPI-0023029,E-0154,pipeline_mgmt,2026-01-01T00:00:00.000Z,2026-03-31T00:00:00.000Z,pipeline_mgmt_output_score,98.1,100,index,true
KPI-0023042,E-0154,execution,2026-04-01T00:00:00.000Z,2026-06-30T00:00:00.000Z,execution_output_score,58.9,100,index,true
KPI-0023044,E-0154,pipeline_mgmt,2026-04-01T00:00:00.000Z,2026-06-30T00:00:00.000Z,pipeline_mgmt_output_score,91.3,100,index,true
KPI-0023059,E-0154,execution,2026-07-01T00:00:00.000Z,2026-09-29T00:00:00.000Z,execution_output_score,64.6,100,index,true
KPI-0023096,E-0155,execution,2024-10-01T00:00:00.000Z,2024-12-31T00:00:00.000Z,execution_output_score,65.6,100,index,true
KPI-0023106,E-0155,execution,2025-01-01T00:00:00.000Z,2025-03-31T00:00:00.000Z,execution_output_score,66,100,index,true
KPI-0023118,E-0155,execution,2025-04-01T00:00:00.000Z,2025-06-30T00:00:00.000Z,execution_output_score,70.8,100,index,true
KPI-0023144,E-0155,execution,2025-07-01T00:00:00.000Z,2025-09-30T00:00:00.000Z,execution_output_score,64.6,100,index,true
KPI-0023146,E-0155,execution,2025-10-01T00:00:00.000Z,2025-12-31T00:00:00.000Z,execution_output_score,63.7,100,index,true
KPI-0023167,E-0155,execution,2026-04-01T00:00:00.000Z,2026-06-30T00:00:00.000Z,execution_output_score,67.9,100,index,true
KPI-0023207,E-0156,roadmap_prioritization,2024-10-01T00:00:00.000Z,2024-12-31T00:00:00.000Z,roadmap_prioritization_output_score,66.2,100,index,true
KPI-0023244,E-0156,roadmap_prioritization,2025-04-01T00:00:00.000Z,2025-06-30T00:00:00.000Z,roadmap_prioritization_output_score,81.3,100,index,true
KPI-0023270,E-0156,roadmap_prioritization,2025-07-01T00:00:00.000Z,2025-09-30T00:00:00.000Z,roadmap_prioritization_output_score,86.8,100,index,true
KPI-0023293,E-0156,roadmap_prioritization,2026-01-01T00:00:00.000Z,2026-03-31T00:00:00.000Z,roadmap_prioritization_output_score,103.2,100,index,true
KPI-0023351,E-0157,execution,2024-10-01T00:00:00.000Z,2024-12-31T00:00:00.000Z,execution_output_score,67,100,index,true
KPI-0023367,E-0157,execution,2025-01-01T00:00:00.000Z,2025-03-31T00:00:00.000Z,execution_output_score,74.6,100,index,true
KPI-0023455,E-0158,execution,2024-10-01T00:00:00.000Z,2024-12-31T00:00:00.000Z,execution_output_score,63.2,100,index,true
KPI-0023457,E-0158,financial_modeling,2024-10-01T00:00:00.000Z,2024-12-31T00:00:00.000Z,financial_modeling_output_score,66.3,100,index,true
KPI-0023470,E-0158,execution,2025-01-01T00:00:00.000Z,2025-03-31T00:00:00.000Z,execution_output_score,65.2,100,index,true
KPI-0023472,E-0158,financial_modeling,2025-01-01T00:00:00.000Z,2025-03-31T00:00:00.000Z,financial_modeling_output_score,64.9,100,index,true
KPI-0023485,E-0158,execution,2025-04-01T00:00:00.000Z,2025-06-30T00:00:00.000Z,execution_output_score,68.3,100,index,true
KPI-0023506,E-0158,execution,2025-07-01T00:00:00.000Z,2025-09-30T00:00:00.000Z,execution_output_score,69.3,100,index,true
KPI-0023508,E-0158,financial_modeling,2025-07-01T00:00:00.000Z,2025-09-30T00:00:00.000Z,financial_modeling_output_score,81.8,100,index,true
KPI-0023521,E-0158,financial_modeling,2025-10-01T00:00:00.000Z,2025-12-31T00:00:00.000Z,financial_modeling_output_score,78.6,100,index,true
KPI-0023543,E-0158,execution,2026-01-01T00:00:00.000Z,2026-03-31T00:00:00.000Z,execution_output_score,84.1,100,index,true
KPI-0023551,E-0158,execution,2026-04-01T00:00:00.000Z,2026-06-30T00:00:00.000Z,execution_output_score,85.8,100,index,true
KPI-0023566,E-0158,execution,2026-07-01T00:00:00.000Z,2026-09-29T00:00:00.000Z,execution_output_score,88.1,100,index,true
KPI-0023593,E-0159,execution,2024-10-01T00:00:00.000Z,2024-12-31T00:00:00.000Z,execution_output_score,67.4,100,index,true
KPI-0023595,E-0159,talent_assessment,2024-10-01T00:00:00.000Z,2024-12-31T00:00:00.000Z,talent_assessment_output_score,68.9,100,index,true
KPI-0023610,E-0159,execution,2025-01-01T00:00:00.000Z,2025-03-31T00:00:00.000Z,execution_output_score,69.1,100,index,true
KPI-0023612,E-0159,talent_assessment,2025-01-01T00:00:00.000Z,2025-03-31T00:00:00.000Z,talent_assessment_output_score,71.2,100,index,true
KPI-0023621,E-0159,execution,2025-04-01T00:00:00.000Z,2025-06-30T00:00:00.000Z,execution_output_score,70.1,100,index,true
KPI-0023623,E-0159,talent_assessment,2025-04-01T00:00:00.000Z,2025-06-30T00:00:00.000Z,talent_assessment_output_score,61,100,index,true
KPI-0023644,E-0159,execution,2025-07-01T00:00:00.000Z,2025-09-30T00:00:00.000Z,execution_output_score,65,100,index,true
KPI-0023646,E-0159,talent_assessment,2025-07-01T00:00:00.000Z,2025-09-30T00:00:00.000Z,talent_assessment_output_score,73.8,100,index,true
KPI-0023662,E-0159,talent_assessment,2025-10-01T00:00:00.000Z,2025-12-31T00:00:00.000Z,talent_assessment_output_score,71.5,100,index,true
KPI-0023678,E-0159,execution,2026-01-01T00:00:00.000Z,2026-03-31T00:00:00.000Z,execution_output_score,72.1,100,index,true
KPI-0023680,E-0159,talent_assessment,2026-01-01T00:00:00.000Z,2026-03-31T00:00:00.000Z,talent_assessment_output_score,72.4,100,index,true
KPI-0023696,E-0159,execution,2026-04-01T00:00:00.000Z,2026-06-30T00:00:00.000Z,execution_output_score,77,100,index,true
KPI-0023698,E-0159,talent_assessment,2026-04-01T00:00:00.000Z,2026-06-30T00:00:00.000Z,talent_assessment_output_score,77.8,100,index,true
KPI-0023719,E-0159,execution,2026-07-01T00:00:00.000Z,2026-09-29T00:00:00.000Z,execution_output_score,72.7,100,index,true
KPI-0023721,E-0159,talent_assessment,2026-07-01T00:00:00.000Z,2026-09-29T00:00:00.000Z,talent_assessment_output_score,67.8,100,index,true
KPI-0023752,E-0160,execution,2024-10-01T00:00:00.000Z,2024-12-31T00:00:00.000Z,execution_output_score,77.8,100,index,true
KPI-0023754,E-0160,customer_resolution,2024-10-01T00:00:00.000Z,2024-12-31T00:00:00.000Z,customer_resolution_output_score,65.6,100,index,true
KPI-0023776,E-0160,execution,2025-01-01T00:00:00.000Z,2025-03-31T00:00:00.000Z,execution_output_score,85,100,index,true
KPI-0023778,E-0160,customer_resolution,2025-01-01T00:00:00.000Z,2025-03-31T00:00:00.000Z,customer_resolution_output_score,70.5,100,index,true
KPI-0023784,E-0160,execution,2025-04-01T00:00:00.000Z,2025-06-30T00:00:00.000Z,execution_output_score,79.9,100,index,true
KPI-0023804,E-0160,execution,2025-07-01T00:00:00.000Z,2025-09-30T00:00:00.000Z,execution_output_score,88.4,100,index,true
KPI-0023806,E-0160,customer_resolution,2025-07-01T00:00:00.000Z,2025-09-30T00:00:00.000Z,customer_resolution_output_score,72.4,100,index,true
KPI-0023817,E-0160,execution,2025-10-01T00:00:00.000Z,2025-12-31T00:00:00.000Z,execution_output_score,89.4,100,index,true
KPI-0023819,E-0160,customer_resolution,2025-10-01T00:00:00.000Z,2025-12-31T00:00:00.000Z,customer_resolution_output_score,66.2,100,index,true
KPI-0023840,E-0160,execution,2026-01-01T00:00:00.000Z,2026-03-31T00:00:00.000Z,execution_output_score,90.4,100,index,true
KPI-0023842,E-0160,customer_resolution,2026-01-01T00:00:00.000Z,2026-03-31T00:00:00.000Z,customer_resolution_output_score,73.8,100,index,true
KPI-0023853,E-0160,execution,2026-04-01T00:00:00.000Z,2026-06-30T00:00:00.000Z,execution_output_score,85.4,100,index,true
KPI-0023855,E-0160,customer_resolution,2026-04-01T00:00:00.000Z,2026-06-30T00:00:00.000Z,customer_resolution_output_score,67.9,100,index,true
KPI-0023871,E-0160,execution,2026-07-01T00:00:00.000Z,2026-09-29T00:00:00.000Z,execution_output_score,92.7,100,index,true
KPI-0023873,E-0160,customer_resolution,2026-07-01T00:00:00.000Z,2026-09-29T00:00:00.000Z,customer_resolution_output_score,71.3,100,index,true
KPI-0023894,E-0161,execution,2024-10-01T00:00:00.000Z,2024-12-31T00:00:00.000Z,execution_output_score,68.1,100,index,true
KPI-0023896,E-0161,system_design,2024-10-01T00:00:00.000Z,2024-12-31T00:00:00.000Z,system_design_output_score,65.7,100,index,true
KPI-0023914,E-0161,execution,2025-01-01T00:00:00.000Z,2025-03-31T00:00:00.000Z,execution_output_score,75.7,100,index,true
KPI-0023916,E-0161,system_design,2025-01-01T00:00:00.000Z,2025-03-31T00:00:00.000Z,system_design_output_score,67.7,100,index,true
KPI-0023925,E-0161,execution,2025-04-01T00:00:00.000Z,2025-06-30T00:00:00.000Z,execution_output_score,80.3,100,index,true
KPI-0023927,E-0161,system_design,2025-04-01T00:00:00.000Z,2025-06-30T00:00:00.000Z,system_design_output_score,63.3,100,index,true
KPI-0023937,E-0161,execution,2025-07-01T00:00:00.000Z,2025-09-30T00:00:00.000Z,execution_output_score,90,100,index,true
KPI-0023939,E-0161,system_design,2025-07-01T00:00:00.000Z,2025-09-30T00:00:00.000Z,system_design_output_score,64.8,100,index,true
KPI-0023948,E-0161,execution,2025-10-01T00:00:00.000Z,2025-12-31T00:00:00.000Z,execution_output_score,87.9,100,index,true
KPI-0023950,E-0161,system_design,2025-10-01T00:00:00.000Z,2025-12-31T00:00:00.000Z,system_design_output_score,82.9,100,index,true
KPI-0023976,E-0161,system_design,2026-01-01T00:00:00.000Z,2026-03-31T00:00:00.000Z,system_design_output_score,77.1,100,index,true
KPI-0023978,E-0161,execution,2026-04-01T00:00:00.000Z,2026-06-30T00:00:00.000Z,execution_output_score,103,100,index,true
KPI-0023980,E-0161,system_design,2026-04-01T00:00:00.000Z,2026-06-30T00:00:00.000Z,system_design_output_score,87.2,100,index,true
KPI-0023994,E-0161,execution,2026-07-01T00:00:00.000Z,2026-09-29T00:00:00.000Z,execution_output_score,98.6,100,index,true
KPI-0024015,E-0162,pipeline_mgmt,2024-10-01T00:00:00.000Z,2024-12-31T00:00:00.000Z,pipeline_mgmt_output_score,81.9,100,index,true
KPI-0024040,E-0162,execution,2025-01-01T00:00:00.000Z,2025-03-31T00:00:00.000Z,execution_output_score,98.8,100,index,true
KPI-0024042,E-0162,pipeline_mgmt,2025-01-01T00:00:00.000Z,2025-03-31T00:00:00.000Z,pipeline_mgmt_output_score,82.9,100,index,true
KPI-0024051,E-0162,execution,2025-04-01T00:00:00.000Z,2025-06-30T00:00:00.000Z,execution_output_score,102.9,100,index,true
KPI-0024061,E-0162,pipeline_mgmt,2025-07-01T00:00:00.000Z,2025-09-30T00:00:00.000Z,pipeline_mgmt_output_score,80.5,100,index,true
KPI-0024070,E-0162,execution,2025-10-01T00:00:00.000Z,2025-12-31T00:00:00.000Z,execution_output_score,93.7,100,index,true
KPI-0024072,E-0162,pipeline_mgmt,2025-10-01T00:00:00.000Z,2025-12-31T00:00:00.000Z,pipeline_mgmt_output_score,90.3,100,index,true
KPI-0024093,E-0162,execution,2026-01-01T00:00:00.000Z,2026-03-31T00:00:00.000Z,execution_output_score,83.6,100,index,true
KPI-0024095,E-0162,execution,2026-04-01T00:00:00.000Z,2026-06-30T00:00:00.000Z,execution_output_score,83.6,100,index,true
KPI-0024116,E-0162,execution,2026-07-01T00:00:00.000Z,2026-09-29T00:00:00.000Z,execution_output_score,83.5,100,index,true
KPI-0024132,E-0163,campaign_strategy,2024-10-01T00:00:00.000Z,2024-12-31T00:00:00.000Z,campaign_strategy_output_score,65.8,100,index,true
KPI-0024157,E-0163,execution,2025-01-01T00:00:00.000Z,2025-03-31T00:00:00.000Z,execution_output_score,97.3,100,index,true
KPI-0024159,E-0163,campaign_strategy,2025-01-01T00:00:00.000Z,2025-03-31T00:00:00.000Z,campaign_strategy_output_score,78.4,100,index,true
KPI-0024178,E-0163,execution,2025-04-01T00:00:00.000Z,2025-06-30T00:00:00.000Z,execution_output_score,98.7,100,index,true
KPI-0024180,E-0163,campaign_strategy,2025-04-01T00:00:00.000Z,2025-06-30T00:00:00.000Z,campaign_strategy_output_score,61.1,100,index,true
KPI-0024204,E-0163,execution,2025-07-01T00:00:00.000Z,2025-09-30T00:00:00.000Z,execution_output_score,87.3,100,index,true
KPI-0024206,E-0163,campaign_strategy,2025-07-01T00:00:00.000Z,2025-09-30T00:00:00.000Z,campaign_strategy_output_score,66.5,100,index,true
KPI-0024218,E-0163,execution,2025-10-01T00:00:00.000Z,2025-12-31T00:00:00.000Z,execution_output_score,88.6,100,index,true
KPI-0024243,E-0163,execution,2026-01-01T00:00:00.000Z,2026-03-31T00:00:00.000Z,execution_output_score,86.2,100,index,true
KPI-0024245,E-0163,campaign_strategy,2026-01-01T00:00:00.000Z,2026-03-31T00:00:00.000Z,campaign_strategy_output_score,73.5,100,index,true
KPI-0024251,E-0163,campaign_strategy,2026-04-01T00:00:00.000Z,2026-06-30T00:00:00.000Z,campaign_strategy_output_score,67.2,100,index,true
KPI-0024275,E-0163,execution,2026-07-01T00:00:00.000Z,2026-09-29T00:00:00.000Z,execution_output_score,73.9,100,index,true
KPI-0024277,E-0163,campaign_strategy,2026-07-01T00:00:00.000Z,2026-09-29T00:00:00.000Z,campaign_strategy_output_score,69.5,100,index,true
KPI-0024303,E-0164,roadmap_prioritization,2024-10-01T00:00:00.000Z,2024-12-31T00:00:00.000Z,roadmap_prioritization_output_score,67.5,100,index,true
KPI-0024314,E-0164,execution,2025-01-01T00:00:00.000Z,2025-03-31T00:00:00.000Z,execution_output_score,96.8,100,index,true
KPI-0024329,E-0164,roadmap_prioritization,2025-04-01T00:00:00.000Z,2025-06-30T00:00:00.000Z,roadmap_prioritization_output_score,75.6,100,index,true
KPI-0024344,E-0164,execution,2025-07-01T00:00:00.000Z,2025-09-30T00:00:00.000Z,execution_output_score,90.9,100,index,true
KPI-0024346,E-0164,roadmap_prioritization,2025-07-01T00:00:00.000Z,2025-09-30T00:00:00.000Z,roadmap_prioritization_output_score,73.6,100,index,true
KPI-0024355,E-0164,roadmap_prioritization,2025-10-01T00:00:00.000Z,2025-12-31T00:00:00.000Z,roadmap_prioritization_output_score,82.6,100,index,true
KPI-0024370,E-0164,execution,2026-01-01T00:00:00.000Z,2026-03-31T00:00:00.000Z,execution_output_score,82.5,100,index,true
KPI-0024372,E-0164,roadmap_prioritization,2026-01-01T00:00:00.000Z,2026-03-31T00:00:00.000Z,roadmap_prioritization_output_score,86,100,index,true
KPI-0024387,E-0164,execution,2026-04-01T00:00:00.000Z,2026-06-30T00:00:00.000Z,execution_output_score,69.7,100,index,true
KPI-0024389,E-0164,roadmap_prioritization,2026-04-01T00:00:00.000Z,2026-06-30T00:00:00.000Z,roadmap_prioritization_output_score,91.9,100,index,true
KPI-0024405,E-0164,execution,2026-07-01T00:00:00.000Z,2026-09-29T00:00:00.000Z,execution_output_score,71.6,100,index,true
KPI-0024407,E-0164,roadmap_prioritization,2026-07-01T00:00:00.000Z,2026-09-29T00:00:00.000Z,roadmap_prioritization_output_score,92.5,100,index,true
KPI-0024429,E-0165,visual_craft,2024-10-01T00:00:00.000Z,2024-12-31T00:00:00.000Z,visual_craft_output_score,74.5,100,index,true
KPI-0024448,E-0165,execution,2025-01-01T00:00:00.000Z,2025-03-31T00:00:00.000Z,execution_output_score,68.2,100,index,true
KPI-0024467,E-0165,visual_craft,2025-04-01T00:00:00.000Z,2025-06-30T00:00:00.000Z,visual_craft_output_score,66.7,100,index,true
KPI-0024486,E-0165,visual_craft,2025-07-01T00:00:00.000Z,2025-09-30T00:00:00.000Z,visual_craft_output_score,65.7,100,index,true
KPI-0024529,E-0165,execution,2026-01-01T00:00:00.000Z,2026-03-31T00:00:00.000Z,execution_output_score,75.4,100,index,true
KPI-0024531,E-0165,visual_craft,2026-01-01T00:00:00.000Z,2026-03-31T00:00:00.000Z,visual_craft_output_score,70.2,100,index,true
KPI-0024563,E-0165,visual_craft,2026-07-01T00:00:00.000Z,2026-09-29T00:00:00.000Z,visual_craft_output_score,74.2,100,index,true
KPI-0024582,E-0166,execution,2024-10-01T00:00:00.000Z,2024-12-31T00:00:00.000Z,execution_output_score,67.7,100,index,true
KPI-0024604,E-0166,execution,2025-01-01T00:00:00.000Z,2025-03-31T00:00:00.000Z,execution_output_score,77.1,100,index,true
KPI-0024606,E-0166,financial_modeling,2025-01-01T00:00:00.000Z,2025-03-31T00:00:00.000Z,financial_modeling_output_score,85.9,100,index,true
KPI-0024615,E-0166,execution,2025-04-01T00:00:00.000Z,2025-06-30T00:00:00.000Z,execution_output_score,69.1,100,index,true
KPI-0024617,E-0166,financial_modeling,2025-04-01T00:00:00.000Z,2025-06-30T00:00:00.000Z,financial_modeling_output_score,88.6,100,index,true
KPI-0024629,E-0166,execution,2025-07-01T00:00:00.000Z,2025-09-30T00:00:00.000Z,execution_output_score,65.3,100,index,true
KPI-0024647,E-0166,execution,2025-10-01T00:00:00.000Z,2025-12-31T00:00:00.000Z,execution_output_score,69.7,100,index,true
KPI-0024662,E-0166,execution,2026-01-01T00:00:00.000Z,2026-03-31T00:00:00.000Z,execution_output_score,80.1,100,index,true
KPI-0024674,E-0166,execution,2026-04-01T00:00:00.000Z,2026-06-30T00:00:00.000Z,execution_output_score,82,100,index,true
KPI-0024692,E-0166,execution,2026-07-01T00:00:00.000Z,2026-09-29T00:00:00.000Z,execution_output_score,90.9,100,index,true
KPI-0024720,E-0167,talent_assessment,2024-10-01T00:00:00.000Z,2024-12-31T00:00:00.000Z,talent_assessment_output_score,72.8,100,index,true
KPI-0024736,E-0167,talent_assessment,2025-01-01T00:00:00.000Z,2025-03-31T00:00:00.000Z,talent_assessment_output_score,63.3,100,index,true
KPI-0024774,E-0167,talent_assessment,2025-07-01T00:00:00.000Z,2025-09-30T00:00:00.000Z,talent_assessment_output_score,66.4,100,index,true
KPI-0024786,E-0167,talent_assessment,2025-10-01T00:00:00.000Z,2025-12-31T00:00:00.000Z,talent_assessment_output_score,57.4,100,index,true
KPI-0024806,E-0167,talent_assessment,2026-01-01T00:00:00.000Z,2026-03-31T00:00:00.000Z,talent_assessment_output_score,63.2,100,index,true
KPI-0024821,E-0167,talent_assessment,2026-04-01T00:00:00.000Z,2026-06-30T00:00:00.000Z,talent_assessment_output_score,59.2,100,index,true
KPI-0024837,E-0167,talent_assessment,2026-07-01T00:00:00.000Z,2026-09-29T00:00:00.000Z,talent_assessment_output_score,58.3,100,index,true
KPI-0024860,E-0168,execution,2024-10-01T00:00:00.000Z,2024-12-31T00:00:00.000Z,execution_output_score,75.2,100,index,true
KPI-0024862,E-0168,customer_resolution,2024-10-01T00:00:00.000Z,2024-12-31T00:00:00.000Z,customer_resolution_output_score,77,100,index,true
KPI-0024884,E-0168,execution,2025-01-01T00:00:00.000Z,2025-03-31T00:00:00.000Z,execution_output_score,69.8,100,index,true
KPI-0024886,E-0168,customer_resolution,2025-01-01T00:00:00.000Z,2025-03-31T00:00:00.000Z,customer_resolution_output_score,79.9,100,index,true
KPI-0024891,E-0168,execution,2025-04-01T00:00:00.000Z,2025-06-30T00:00:00.000Z,execution_output_score,70.8,100,index,true
KPI-0024893,E-0168,customer_resolution,2025-04-01T00:00:00.000Z,2025-06-30T00:00:00.000Z,customer_resolution_output_score,78.6,100,index,true
KPI-0024922,E-0168,execution,2025-07-01T00:00:00.000Z,2025-09-30T00:00:00.000Z,execution_output_score,73,100,index,true
KPI-0024924,E-0168,customer_resolution,2025-07-01T00:00:00.000Z,2025-09-30T00:00:00.000Z,customer_resolution_output_score,76.9,100,index,true
KPI-0024937,E-0168,execution,2025-10-01T00:00:00.000Z,2025-12-31T00:00:00.000Z,execution_output_score,68.1,100,index,true
KPI-0024939,E-0168,customer_resolution,2025-10-01T00:00:00.000Z,2025-12-31T00:00:00.000Z,customer_resolution_output_score,70.2,100,index,true
KPI-0024964,E-0168,execution,2026-01-01T00:00:00.000Z,2026-03-31T00:00:00.000Z,execution_output_score,78.1,100,index,true
KPI-0024966,E-0168,customer_resolution,2026-01-01T00:00:00.000Z,2026-03-31T00:00:00.000Z,customer_resolution_output_score,72.2,100,index,true
KPI-0024978,E-0168,execution,2026-04-01T00:00:00.000Z,2026-06-30T00:00:00.000Z,execution_output_score,74.9,100,index,true
KPI-0024980,E-0168,customer_resolution,2026-04-01T00:00:00.000Z,2026-06-30T00:00:00.000Z,customer_resolution_output_score,70.7,100,index,true
KPI-0024994,E-0168,execution,2026-07-01T00:00:00.000Z,2026-09-29T00:00:00.000Z,execution_output_score,72.3,100,index,true
KPI-0024996,E-0168,customer_resolution,2026-07-01T00:00:00.000Z,2026-09-29T00:00:00.000Z,customer_resolution_output_score,69.2,100,index,true
KPI-0025029,E-0169,system_design,2024-10-01T00:00:00.000Z,2024-12-31T00:00:00.000Z,system_design_output_score,108.3,100,index,true
KPI-0025048,E-0169,execution,2025-01-01T00:00:00.000Z,2025-03-31T00:00:00.000Z,execution_output_score,88.1,100,index,true
KPI-0025050,E-0169,system_design,2025-01-01T00:00:00.000Z,2025-03-31T00:00:00.000Z,system_design_output_score,95.7,100,index,true
KPI-0025059,E-0169,system_design,2025-04-01T00:00:00.000Z,2025-06-30T00:00:00.000Z,system_design_output_score,105.7,100,index,true
KPI-0025076,E-0169,execution,2025-07-01T00:00:00.000Z,2025-09-30T00:00:00.000Z,execution_output_score,98,100,index,true
KPI-0025078,E-0169,system_design,2025-07-01T00:00:00.000Z,2025-09-30T00:00:00.000Z,system_design_output_score,99.5,100,index,true
KPI-0025094,E-0169,execution,2025-10-01T00:00:00.000Z,2025-12-31T00:00:00.000Z,execution_output_score,89.8,100,index,true
KPI-0025096,E-0169,system_design,2025-10-01T00:00:00.000Z,2025-12-31T00:00:00.000Z,system_design_output_score,95.2,100,index,true
KPI-0025133,E-0169,execution,2026-04-01T00:00:00.000Z,2026-06-30T00:00:00.000Z,execution_output_score,85.9,100,index,true
KPI-0025151,E-0169,execution,2026-07-01T00:00:00.000Z,2026-09-29T00:00:00.000Z,execution_output_score,76.1,100,index,true
KPI-0025173,E-0170,execution,2024-10-01T00:00:00.000Z,2024-12-31T00:00:00.000Z,execution_output_score,72.3,100,index,true
KPI-0025175,E-0170,pipeline_mgmt,2024-10-01T00:00:00.000Z,2024-12-31T00:00:00.000Z,pipeline_mgmt_output_score,67.2,100,index,true
KPI-0025191,E-0170,execution,2025-01-01T00:00:00.000Z,2025-03-31T00:00:00.000Z,execution_output_score,64.6,100,index,true
KPI-0025193,E-0170,pipeline_mgmt,2025-01-01T00:00:00.000Z,2025-03-31T00:00:00.000Z,pipeline_mgmt_output_score,70.9,100,index,true
KPI-0025202,E-0170,execution,2025-04-01T00:00:00.000Z,2025-06-30T00:00:00.000Z,execution_output_score,83.9,100,index,true
KPI-0025229,E-0170,execution,2025-07-01T00:00:00.000Z,2025-09-30T00:00:00.000Z,execution_output_score,91.8,100,index,true
KPI-0025231,E-0170,pipeline_mgmt,2025-07-01T00:00:00.000Z,2025-09-30T00:00:00.000Z,pipeline_mgmt_output_score,70.2,100,index,true
KPI-0025233,E-0170,execution,2025-10-01T00:00:00.000Z,2025-12-31T00:00:00.000Z,execution_output_score,94.4,100,index,true
KPI-0025253,E-0170,execution,2026-01-01T00:00:00.000Z,2026-03-31T00:00:00.000Z,execution_output_score,101.2,100,index,true
KPI-0025255,E-0170,pipeline_mgmt,2026-01-01T00:00:00.000Z,2026-03-31T00:00:00.000Z,pipeline_mgmt_output_score,73.3,100,index,true
KPI-0025272,E-0170,execution,2026-04-01T00:00:00.000Z,2026-06-30T00:00:00.000Z,execution_output_score,97.1,100,index,true
KPI-0025274,E-0170,pipeline_mgmt,2026-04-01T00:00:00.000Z,2026-06-30T00:00:00.000Z,pipeline_mgmt_output_score,69.4,100,index,true
KPI-0025297,E-0170,execution,2026-07-01T00:00:00.000Z,2026-09-29T00:00:00.000Z,execution_output_score,102.9,100,index,true
KPI-0025299,E-0170,pipeline_mgmt,2026-07-01T00:00:00.000Z,2026-09-29T00:00:00.000Z,pipeline_mgmt_output_score,72.9,100,index,true
KPI-0025329,E-0171,execution,2024-10-01T00:00:00.000Z,2024-12-31T00:00:00.000Z,execution_output_score,70.7,100,index,true
KPI-0025331,E-0171,campaign_strategy,2024-10-01T00:00:00.000Z,2024-12-31T00:00:00.000Z,campaign_strategy_output_score,65.4,100,index,true
KPI-0025357,E-0171,execution,2025-01-01T00:00:00.000Z,2025-03-31T00:00:00.000Z,execution_output_score,75.2,100,index,true
KPI-0025363,E-0171,execution,2025-04-01T00:00:00.000Z,2025-06-30T00:00:00.000Z,execution_output_score,77.7,100,index,true
KPI-0025365,E-0171,campaign_strategy,2025-04-01T00:00:00.000Z,2025-06-30T00:00:00.000Z,campaign_strategy_output_score,75.1,100,index,true
KPI-0025385,E-0171,execution,2025-07-01T00:00:00.000Z,2025-09-30T00:00:00.000Z,execution_output_score,66,100,index,true
KPI-0025387,E-0171,campaign_strategy,2025-07-01T00:00:00.000Z,2025-09-30T00:00:00.000Z,campaign_strategy_output_score,87.1,100,index,true
KPI-0025396,E-0171,campaign_strategy,2025-10-01T00:00:00.000Z,2025-12-31T00:00:00.000Z,campaign_strategy_output_score,88.7,100,index,true
KPI-0025419,E-0171,execution,2026-01-01T00:00:00.000Z,2026-03-31T00:00:00.000Z,execution_output_score,79.9,100,index,true
KPI-0025421,E-0171,campaign_strategy,2026-01-01T00:00:00.000Z,2026-03-31T00:00:00.000Z,campaign_strategy_output_score,100.2,100,index,true
KPI-0025437,E-0171,execution,2026-04-01T00:00:00.000Z,2026-06-30T00:00:00.000Z,execution_output_score,88.7,100,index,true
KPI-0025439,E-0171,campaign_strategy,2026-04-01T00:00:00.000Z,2026-06-30T00:00:00.000Z,campaign_strategy_output_score,105.1,100,index,true
KPI-0025461,E-0171,execution,2026-07-01T00:00:00.000Z,2026-09-29T00:00:00.000Z,execution_output_score,100.4,100,index,true
KPI-0025463,E-0171,campaign_strategy,2026-07-01T00:00:00.000Z,2026-09-29T00:00:00.000Z,campaign_strategy_output_score,111.2,100,index,true
KPI-0025495,E-0172,execution,2024-10-01T00:00:00.000Z,2024-12-31T00:00:00.000Z,execution_output_score,64.8,100,index,true
KPI-0025497,E-0172,roadmap_prioritization,2024-10-01T00:00:00.000Z,2024-12-31T00:00:00.000Z,roadmap_prioritization_output_score,63.7,100,index,true
KPI-0025515,E-0172,execution,2025-01-01T00:00:00.000Z,2025-03-31T00:00:00.000Z,execution_output_score,74.6,100,index,true
KPI-0025517,E-0172,roadmap_prioritization,2025-01-01T00:00:00.000Z,2025-03-31T00:00:00.000Z,roadmap_prioritization_output_score,73.3,100,index,true
KPI-0025529,E-0172,roadmap_prioritization,2025-04-01T00:00:00.000Z,2025-06-30T00:00:00.000Z,roadmap_prioritization_output_score,70.2,100,index,true
KPI-0025554,E-0172,execution,2025-07-01T00:00:00.000Z,2025-09-30T00:00:00.000Z,execution_output_score,72.1,100,index,true
KPI-0025556,E-0172,roadmap_prioritization,2025-07-01T00:00:00.000Z,2025-09-30T00:00:00.000Z,roadmap_prioritization_output_score,81.1,100,index,true
KPI-0025572,E-0172,execution,2025-10-01T00:00:00.000Z,2025-12-31T00:00:00.000Z,execution_output_score,69.3,100,index,true
KPI-0025591,E-0172,execution,2026-01-01T00:00:00.000Z,2026-03-31T00:00:00.000Z,execution_output_score,66.1,100,index,true
KPI-0025593,E-0172,roadmap_prioritization,2026-01-01T00:00:00.000Z,2026-03-31T00:00:00.000Z,roadmap_prioritization_output_score,85.2,100,index,true
KPI-0025601,E-0172,execution,2026-04-01T00:00:00.000Z,2026-06-30T00:00:00.000Z,execution_output_score,68.9,100,index,true
KPI-0025620,E-0172,execution,2026-07-01T00:00:00.000Z,2026-09-29T00:00:00.000Z,execution_output_score,61.4,100,index,true
KPI-0025639,E-0173,execution,2024-10-01T00:00:00.000Z,2024-12-31T00:00:00.000Z,execution_output_score,73.5,100,index,true
KPI-0025641,E-0173,visual_craft,2024-10-01T00:00:00.000Z,2024-12-31T00:00:00.000Z,visual_craft_output_score,68.7,100,index,true
KPI-0025672,E-0173,execution,2025-01-01T00:00:00.000Z,2025-03-31T00:00:00.000Z,execution_output_score,72.6,100,index,true
KPI-0025674,E-0173,visual_craft,2025-01-01T00:00:00.000Z,2025-03-31T00:00:00.000Z,visual_craft_output_score,72.3,100,index,true
KPI-0025686,E-0173,execution,2025-04-01T00:00:00.000Z,2025-06-30T00:00:00.000Z,execution_output_score,68.5,100,index,true
KPI-0025688,E-0173,visual_craft,2025-04-01T00:00:00.000Z,2025-06-30T00:00:00.000Z,visual_craft_output_score,79.5,100,index,true
KPI-0025713,E-0173,execution,2025-07-01T00:00:00.000Z,2025-09-30T00:00:00.000Z,execution_output_score,71,100,index,true
KPI-0025715,E-0173,visual_craft,2025-07-01T00:00:00.000Z,2025-09-30T00:00:00.000Z,visual_craft_output_score,82,100,index,true
KPI-0025724,E-0173,execution,2025-10-01T00:00:00.000Z,2025-12-31T00:00:00.000Z,execution_output_score,77.9,100,index,true
KPI-0025726,E-0173,visual_craft,2025-10-01T00:00:00.000Z,2025-12-31T00:00:00.000Z,visual_craft_output_score,87.5,100,index,true
KPI-0025751,E-0173,execution,2026-01-01T00:00:00.000Z,2026-03-31T00:00:00.000Z,execution_output_score,86.5,100,index,true
KPI-0025753,E-0173,visual_craft,2026-01-01T00:00:00.000Z,2026-03-31T00:00:00.000Z,visual_craft_output_score,107.9,100,index,true
KPI-0025768,E-0173,execution,2026-04-01T00:00:00.000Z,2026-06-30T00:00:00.000Z,execution_output_score,79.9,100,index,true
KPI-0025770,E-0173,visual_craft,2026-04-01T00:00:00.000Z,2026-06-30T00:00:00.000Z,visual_craft_output_score,100.5,100,index,true
KPI-0025818,E-0174,financial_modeling,2024-10-01T00:00:00.000Z,2024-12-31T00:00:00.000Z,financial_modeling_output_score,76.9,100,index,true
KPI-0025840,E-0174,execution,2025-01-01T00:00:00.000Z,2025-03-31T00:00:00.000Z,execution_output_score,74,100,index,true
KPI-0025842,E-0174,financial_modeling,2025-01-01T00:00:00.000Z,2025-03-31T00:00:00.000Z,financial_modeling_output_score,81.2,100,index,true
KPI-0025858,E-0174,execution,2025-04-01T00:00:00.000Z,2025-06-30T00:00:00.000Z,execution_output_score,76.8,100,index,true
KPI-0025860,E-0174,financial_modeling,2025-04-01T00:00:00.000Z,2025-06-30T00:00:00.000Z,financial_modeling_output_score,88.9,100,index,true
KPI-0025884,E-0174,execution,2025-07-01T00:00:00.000Z,2025-09-30T00:00:00.000Z,execution_output_score,70.9,100,index,true
KPI-0025897,E-0174,execution,2025-10-01T00:00:00.000Z,2025-12-31T00:00:00.000Z,execution_output_score,79.9,100,index,true
KPI-0025899,E-0174,financial_modeling,2025-10-01T00:00:00.000Z,2025-12-31T00:00:00.000Z,financial_modeling_output_score,97.7,100,index,true
KPI-0025915,E-0174,financial_modeling,2026-01-01T00:00:00.000Z,2026-03-31T00:00:00.000Z,financial_modeling_output_score,95.1,100,index,true
KPI-0025921,E-0174,financial_modeling,2026-04-01T00:00:00.000Z,2026-06-30T00:00:00.000Z,financial_modeling_output_score,110,100,index,true
KPI-0025933,E-0174,execution,2026-07-01T00:00:00.000Z,2026-09-29T00:00:00.000Z,execution_output_score,62.4,100,index,true
KPI-0025952,E-0175,talent_assessment,2024-10-01T00:00:00.000Z,2024-12-31T00:00:00.000Z,talent_assessment_output_score,72.9,100,index,true
KPI-0025964,E-0175,execution,2025-01-01T00:00:00.000Z,2025-03-31T00:00:00.000Z,execution_output_score,70.6,100,index,true
KPI-0025966,E-0175,talent_assessment,2025-01-01T00:00:00.000Z,2025-03-31T00:00:00.000Z,talent_assessment_output_score,72.2,100,index,true
KPI-0025972,E-0175,execution,2025-04-01T00:00:00.000Z,2025-06-30T00:00:00.000Z,execution_output_score,67.5,100,index,true
KPI-0025974,E-0175,talent_assessment,2025-04-01T00:00:00.000Z,2025-06-30T00:00:00.000Z,talent_assessment_output_score,67,100,index,true
KPI-0026009,E-0175,execution,2025-10-01T00:00:00.000Z,2025-12-31T00:00:00.000Z,execution_output_score,69,100,index,true
KPI-0026011,E-0175,talent_assessment,2025-10-01T00:00:00.000Z,2025-12-31T00:00:00.000Z,talent_assessment_output_score,70.1,100,index,true
KPI-0026035,E-0175,execution,2026-01-01T00:00:00.000Z,2026-03-31T00:00:00.000Z,execution_output_score,79.6,100,index,true
KPI-0026037,E-0175,talent_assessment,2026-01-01T00:00:00.000Z,2026-03-31T00:00:00.000Z,talent_assessment_output_score,70.9,100,index,true
KPI-0026053,E-0175,execution,2026-04-01T00:00:00.000Z,2026-06-30T00:00:00.000Z,execution_output_score,63.8,100,index,true
KPI-0026055,E-0175,talent_assessment,2026-04-01T00:00:00.000Z,2026-06-30T00:00:00.000Z,talent_assessment_output_score,66.9,100,index,true
KPI-0026086,E-0175,execution,2026-07-01T00:00:00.000Z,2026-09-29T00:00:00.000Z,execution_output_score,72.6,100,index,true
KPI-0026121,E-0176,execution,2025-01-01T00:00:00.000Z,2025-03-31T00:00:00.000Z,execution_output_score,69.4,100,index,true
KPI-0026123,E-0176,customer_resolution,2025-01-01T00:00:00.000Z,2025-03-31T00:00:00.000Z,customer_resolution_output_score,70.2,100,index,true
KPI-0026129,E-0176,execution,2025-04-01T00:00:00.000Z,2025-06-30T00:00:00.000Z,execution_output_score,85.8,100,index,true
KPI-0026144,E-0176,execution,2025-07-01T00:00:00.000Z,2025-09-30T00:00:00.000Z,execution_output_score,89.1,100,index,true
KPI-0026150,E-0176,customer_resolution,2025-10-01T00:00:00.000Z,2025-12-31T00:00:00.000Z,customer_resolution_output_score,76.8,100,index,true
KPI-0026172,E-0177,execution,2024-10-01T00:00:00.000Z,2024-12-31T00:00:00.000Z,execution_output_score,69.8,100,index,true
KPI-0026174,E-0177,system_design,2024-10-01T00:00:00.000Z,2024-12-31T00:00:00.000Z,system_design_output_score,72,100,index,true
KPI-0026203,E-0177,system_design,2025-01-01T00:00:00.000Z,2025-03-31T00:00:00.000Z,system_design_output_score,71.4,100,index,true
KPI-0026219,E-0177,execution,2025-04-01T00:00:00.000Z,2025-06-30T00:00:00.000Z,execution_output_score,71.2,100,index,true
KPI-0026221,E-0177,system_design,2025-04-01T00:00:00.000Z,2025-06-30T00:00:00.000Z,system_design_output_score,59.1,100,index,true
KPI-0026242,E-0177,system_design,2025-07-01T00:00:00.000Z,2025-09-30T00:00:00.000Z,system_design_output_score,65.5,100,index,true
KPI-0026255,E-0177,execution,2025-10-01T00:00:00.000Z,2025-12-31T00:00:00.000Z,execution_output_score,85.4,100,index,true
KPI-0026257,E-0177,system_design,2025-10-01T00:00:00.000Z,2025-12-31T00:00:00.000Z,system_design_output_score,64.9,100,index,true
KPI-0026280,E-0177,execution,2026-01-01T00:00:00.000Z,2026-03-31T00:00:00.000Z,execution_output_score,80.5,100,index,true
KPI-0026282,E-0177,system_design,2026-01-01T00:00:00.000Z,2026-03-31T00:00:00.000Z,system_design_output_score,79.3,100,index,true
KPI-0026284,E-0177,execution,2026-04-01T00:00:00.000Z,2026-06-30T00:00:00.000Z,execution_output_score,92.7,100,index,true
KPI-0026286,E-0177,system_design,2026-04-01T00:00:00.000Z,2026-06-30T00:00:00.000Z,system_design_output_score,87.1,100,index,true
KPI-0026304,E-0177,execution,2026-07-01T00:00:00.000Z,2026-09-29T00:00:00.000Z,execution_output_score,98.7,100,index,true
KPI-0026306,E-0177,system_design,2026-07-01T00:00:00.000Z,2026-09-29T00:00:00.000Z,system_design_output_score,90.5,100,index,true
KPI-0026321,E-0178,execution,2024-10-01T00:00:00.000Z,2024-12-31T00:00:00.000Z,execution_output_score,64.3,100,index,true
KPI-0026323,E-0178,pipeline_mgmt,2024-10-01T00:00:00.000Z,2024-12-31T00:00:00.000Z,pipeline_mgmt_output_score,68.6,100,index,true
KPI-0026337,E-0178,execution,2025-01-01T00:00:00.000Z,2025-03-31T00:00:00.000Z,execution_output_score,65,100,index,true
KPI-0026339,E-0178,pipeline_mgmt,2025-01-01T00:00:00.000Z,2025-03-31T00:00:00.000Z,pipeline_mgmt_output_score,69.1,100,index,true
KPI-0026358,E-0178,execution,2025-04-01T00:00:00.000Z,2025-06-30T00:00:00.000Z,execution_output_score,73.2,100,index,true
KPI-0026360,E-0178,pipeline_mgmt,2025-04-01T00:00:00.000Z,2025-06-30T00:00:00.000Z,pipeline_mgmt_output_score,66.5,100,index,true
KPI-0026379,E-0178,execution,2025-07-01T00:00:00.000Z,2025-09-30T00:00:00.000Z,execution_output_score,85.2,100,index,true
KPI-0026381,E-0178,pipeline_mgmt,2025-07-01T00:00:00.000Z,2025-09-30T00:00:00.000Z,pipeline_mgmt_output_score,71,100,index,true
KPI-0026387,E-0178,execution,2025-10-01T00:00:00.000Z,2025-12-31T00:00:00.000Z,execution_output_score,93.3,100,index,true
KPI-0026389,E-0178,pipeline_mgmt,2025-10-01T00:00:00.000Z,2025-12-31T00:00:00.000Z,pipeline_mgmt_output_score,76.3,100,index,true
KPI-0026412,E-0178,pipeline_mgmt,2026-01-01T00:00:00.000Z,2026-03-31T00:00:00.000Z,pipeline_mgmt_output_score,73.5,100,index,true
KPI-0026418,E-0178,execution,2026-04-01T00:00:00.000Z,2026-06-30T00:00:00.000Z,execution_output_score,96.7,100,index,true
KPI-0026460,E-0179,campaign_strategy,2024-10-01T00:00:00.000Z,2024-12-31T00:00:00.000Z,campaign_strategy_output_score,78.3,100,index,true
KPI-0026489,E-0179,execution,2025-01-01T00:00:00.000Z,2025-03-31T00:00:00.000Z,execution_output_score,73.3,100,index,true
KPI-0026491,E-0179,campaign_strategy,2025-01-01T00:00:00.000Z,2025-03-31T00:00:00.000Z,campaign_strategy_output_score,70.4,100,index,true
KPI-0026496,E-0179,execution,2025-04-01T00:00:00.000Z,2025-06-30T00:00:00.000Z,execution_output_score,63.6,100,index,true
KPI-0026524,E-0179,campaign_strategy,2025-07-01T00:00:00.000Z,2025-09-30T00:00:00.000Z,campaign_strategy_output_score,73.9,100,index,true
KPI-0026530,E-0179,execution,2025-10-01T00:00:00.000Z,2025-12-31T00:00:00.000Z,execution_output_score,77.2,100,index,true
KPI-0026532,E-0179,campaign_strategy,2025-10-01T00:00:00.000Z,2025-12-31T00:00:00.000Z,campaign_strategy_output_score,63.9,100,index,true
KPI-0026550,E-0179,execution,2026-01-01T00:00:00.000Z,2026-03-31T00:00:00.000Z,execution_output_score,67.9,100,index,true
KPI-0026552,E-0179,execution,2026-04-01T00:00:00.000Z,2026-06-30T00:00:00.000Z,execution_output_score,71.1,100,index,true
KPI-0026554,E-0179,campaign_strategy,2026-04-01T00:00:00.000Z,2026-06-30T00:00:00.000Z,campaign_strategy_output_score,68,100,index,true
KPI-0026574,E-0179,execution,2026-07-01T00:00:00.000Z,2026-09-29T00:00:00.000Z,execution_output_score,61.6,100,index,true
KPI-0026576,E-0179,campaign_strategy,2026-07-01T00:00:00.000Z,2026-09-29T00:00:00.000Z,campaign_strategy_output_score,68.7,100,index,true
KPI-0026619,E-0180,execution,2025-01-01T00:00:00.000Z,2025-03-31T00:00:00.000Z,execution_output_score,68.6,100,index,true
KPI-0026621,E-0180,roadmap_prioritization,2025-01-01T00:00:00.000Z,2025-03-31T00:00:00.000Z,roadmap_prioritization_output_score,102.3,100,index,true
KPI-0026627,E-0180,execution,2025-04-01T00:00:00.000Z,2025-06-30T00:00:00.000Z,execution_output_score,72,100,index,true
KPI-0026645,E-0180,execution,2025-07-01T00:00:00.000Z,2025-09-30T00:00:00.000Z,execution_output_score,79.7,100,index,true
KPI-0026647,E-0180,roadmap_prioritization,2025-07-01T00:00:00.000Z,2025-09-30T00:00:00.000Z,roadmap_prioritization_output_score,84.4,100,index,true
KPI-0026649,E-0180,execution,2025-10-01T00:00:00.000Z,2025-12-31T00:00:00.000Z,execution_output_score,80.6,100,index,true
KPI-0026651,E-0180,roadmap_prioritization,2025-10-01T00:00:00.000Z,2025-12-31T00:00:00.000Z,roadmap_prioritization_output_score,82.1,100,index,true
KPI-0026682,E-0180,execution,2026-01-01T00:00:00.000Z,2026-03-31T00:00:00.000Z,execution_output_score,80.2,100,index,true
KPI-0026701,E-0180,execution,2026-04-01T00:00:00.000Z,2026-06-30T00:00:00.000Z,execution_output_score,88.6,100,index,true
KPI-0026703,E-0180,roadmap_prioritization,2026-04-01T00:00:00.000Z,2026-06-30T00:00:00.000Z,roadmap_prioritization_output_score,81,100,index,true
KPI-0026734,E-0180,roadmap_prioritization,2026-07-01T00:00:00.000Z,2026-09-29T00:00:00.000Z,roadmap_prioritization_output_score,74.8,100,index,true
KPI-0026759,E-0181,execution,2024-10-01T00:00:00.000Z,2024-12-31T00:00:00.000Z,execution_output_score,61.1,100,index,true
KPI-0026761,E-0181,visual_craft,2024-10-01T00:00:00.000Z,2024-12-31T00:00:00.000Z,visual_craft_output_score,99.2,100,index,true
KPI-0026774,E-0181,execution,2025-01-01T00:00:00.000Z,2025-03-31T00:00:00.000Z,execution_output_score,59.1,100,index,true
KPI-0026776,E-0181,visual_craft,2025-01-01T00:00:00.000Z,2025-03-31T00:00:00.000Z,visual_craft_output_score,100.8,100,index,true
KPI-0026784,E-0181,execution,2025-04-01T00:00:00.000Z,2025-06-30T00:00:00.000Z,execution_output_score,57.3,100,index,true
KPI-0026786,E-0181,visual_craft,2025-04-01T00:00:00.000Z,2025-06-30T00:00:00.000Z,visual_craft_output_score,94,100,index,true
KPI-0026807,E-0181,execution,2025-07-01T00:00:00.000Z,2025-09-30T00:00:00.000Z,execution_output_score,58.7,100,index,true
KPI-0026809,E-0181,visual_craft,2025-07-01T00:00:00.000Z,2025-09-30T00:00:00.000Z,visual_craft_output_score,97.6,100,index,true
KPI-0026824,E-0181,execution,2025-10-01T00:00:00.000Z,2025-12-31T00:00:00.000Z,execution_output_score,60.7,100,index,true
KPI-0026826,E-0181,visual_craft,2025-10-01T00:00:00.000Z,2025-12-31T00:00:00.000Z,visual_craft_output_score,95.4,100,index,true
KPI-0026836,E-0181,execution,2026-01-01T00:00:00.000Z,2026-03-31T00:00:00.000Z,execution_output_score,69.7,100,index,true
KPI-0026838,E-0181,visual_craft,2026-01-01T00:00:00.000Z,2026-03-31T00:00:00.000Z,visual_craft_output_score,98.5,100,index,true
KPI-0026846,E-0181,execution,2026-04-01T00:00:00.000Z,2026-06-30T00:00:00.000Z,execution_output_score,79,100,index,true
KPI-0026848,E-0181,visual_craft,2026-04-01T00:00:00.000Z,2026-06-30T00:00:00.000Z,visual_craft_output_score,88.8,100,index,true
KPI-0026863,E-0181,execution,2026-07-01T00:00:00.000Z,2026-09-29T00:00:00.000Z,execution_output_score,79.8,100,index,true
KPI-0026865,E-0181,visual_craft,2026-07-01T00:00:00.000Z,2026-09-29T00:00:00.000Z,visual_craft_output_score,94.4,100,index,true
KPI-0026887,E-0182,execution,2024-10-01T00:00:00.000Z,2024-12-31T00:00:00.000Z,execution_output_score,74,100,index,true
KPI-0026904,E-0182,execution,2025-01-01T00:00:00.000Z,2025-03-31T00:00:00.000Z,execution_output_score,63.3,100,index,true
KPI-0026920,E-0182,execution,2025-04-01T00:00:00.000Z,2025-06-30T00:00:00.000Z,execution_output_score,75.5,100,index,true
KPI-0026922,E-0182,financial_modeling,2025-04-01T00:00:00.000Z,2025-06-30T00:00:00.000Z,financial_modeling_output_score,81.5,100,index,true
KPI-0026950,E-0182,financial_modeling,2025-07-01T00:00:00.000Z,2025-09-30T00:00:00.000Z,financial_modeling_output_score,80.7,100,index,true
KPI-0026959,E-0182,execution,2025-10-01T00:00:00.000Z,2025-12-31T00:00:00.000Z,execution_output_score,69.9,100,index,true
KPI-0026980,E-0182,execution,2026-01-01T00:00:00.000Z,2026-03-31T00:00:00.000Z,execution_output_score,72.2,100,index,true
KPI-0026982,E-0182,financial_modeling,2026-01-01T00:00:00.000Z,2026-03-31T00:00:00.000Z,financial_modeling_output_score,96.1,100,index,true
KPI-0027001,E-0182,execution,2026-04-01T00:00:00.000Z,2026-06-30T00:00:00.000Z,execution_output_score,68.5,100,index,true
KPI-0027003,E-0182,financial_modeling,2026-04-01T00:00:00.000Z,2026-06-30T00:00:00.000Z,financial_modeling_output_score,100.9,100,index,true
KPI-0027022,E-0182,financial_modeling,2026-07-01T00:00:00.000Z,2026-09-29T00:00:00.000Z,financial_modeling_output_score,108.8,100,index,true
KPI-0027042,E-0183,execution,2024-10-01T00:00:00.000Z,2024-12-31T00:00:00.000Z,execution_output_score,69.3,100,index,true
KPI-0027044,E-0183,talent_assessment,2024-10-01T00:00:00.000Z,2024-12-31T00:00:00.000Z,talent_assessment_output_score,98.9,100,index,true
KPI-0027064,E-0183,execution,2025-01-01T00:00:00.000Z,2025-03-31T00:00:00.000Z,execution_output_score,75.4,100,index,true
KPI-0027066,E-0183,talent_assessment,2025-01-01T00:00:00.000Z,2025-03-31T00:00:00.000Z,talent_assessment_output_score,93.3,100,index,true
KPI-0027068,E-0183,execution,2025-04-01T00:00:00.000Z,2025-06-30T00:00:00.000Z,execution_output_score,66.9,100,index,true
KPI-0027070,E-0183,talent_assessment,2025-04-01T00:00:00.000Z,2025-06-30T00:00:00.000Z,talent_assessment_output_score,102.1,100,index,true
KPI-0027094,E-0183,execution,2025-07-01T00:00:00.000Z,2025-09-30T00:00:00.000Z,execution_output_score,56.8,100,index,true
KPI-0027099,E-0183,execution,2025-10-01T00:00:00.000Z,2025-12-31T00:00:00.000Z,execution_output_score,67.6,100,index,true
KPI-0027101,E-0183,talent_assessment,2025-10-01T00:00:00.000Z,2025-12-31T00:00:00.000Z,talent_assessment_output_score,115,100,index,true
KPI-0027128,E-0183,execution,2026-01-01T00:00:00.000Z,2026-03-31T00:00:00.000Z,execution_output_score,83,100,index,true
KPI-0027130,E-0183,talent_assessment,2026-01-01T00:00:00.000Z,2026-03-31T00:00:00.000Z,talent_assessment_output_score,104.7,100,index,true
KPI-0027132,E-0183,execution,2026-04-01T00:00:00.000Z,2026-06-30T00:00:00.000Z,execution_output_score,76.3,100,index,true
KPI-0027165,E-0184,customer_resolution,2024-10-01T00:00:00.000Z,2024-12-31T00:00:00.000Z,customer_resolution_output_score,61.2,100,index,true
KPI-0027183,E-0184,execution,2025-01-01T00:00:00.000Z,2025-03-31T00:00:00.000Z,execution_output_score,73.9,100,index,true
KPI-0027185,E-0184,customer_resolution,2025-01-01T00:00:00.000Z,2025-03-31T00:00:00.000Z,customer_resolution_output_score,73.4,100,index,true
KPI-0027204,E-0184,execution,2025-04-01T00:00:00.000Z,2025-06-30T00:00:00.000Z,execution_output_score,75.8,100,index,true
KPI-0027206,E-0184,customer_resolution,2025-04-01T00:00:00.000Z,2025-06-30T00:00:00.000Z,customer_resolution_output_score,89.3,100,index,true
KPI-0027226,E-0184,execution,2025-07-01T00:00:00.000Z,2025-09-30T00:00:00.000Z,execution_output_score,81.2,100,index,true
KPI-0027241,E-0184,execution,2025-10-01T00:00:00.000Z,2025-12-31T00:00:00.000Z,execution_output_score,93.2,100,index,true
KPI-0027272,E-0184,execution,2026-04-01T00:00:00.000Z,2026-06-30T00:00:00.000Z,execution_output_score,89.9,100,index,true
KPI-0027298,E-0184,execution,2026-07-01T00:00:00.000Z,2026-09-29T00:00:00.000Z,execution_output_score,99.1,100,index,true
KPI-0027323,E-0185,execution,2024-10-01T00:00:00.000Z,2024-12-31T00:00:00.000Z,execution_output_score,74.2,100,index,true
KPI-0027325,E-0185,system_design,2024-10-01T00:00:00.000Z,2024-12-31T00:00:00.000Z,system_design_output_score,68.2,100,index,true
KPI-0027356,E-0185,execution,2025-01-01T00:00:00.000Z,2025-03-31T00:00:00.000Z,execution_output_score,61.6,100,index,true
KPI-0027358,E-0185,system_design,2025-01-01T00:00:00.000Z,2025-03-31T00:00:00.000Z,system_design_output_score,74.2,100,index,true
KPI-0027377,E-0185,execution,2025-04-01T00:00:00.000Z,2025-06-30T00:00:00.000Z,execution_output_score,66,100,index,true
KPI-0027379,E-0185,system_design,2025-04-01T00:00:00.000Z,2025-06-30T00:00:00.000Z,system_design_output_score,79.3,100,index,true
KPI-0027408,E-0185,execution,2025-07-01T00:00:00.000Z,2025-09-30T00:00:00.000Z,execution_output_score,66.9,100,index,true
KPI-0027410,E-0185,system_design,2025-07-01T00:00:00.000Z,2025-09-30T00:00:00.000Z,system_design_output_score,82.6,100,index,true
KPI-0027416,E-0185,system_design,2025-10-01T00:00:00.000Z,2025-12-31T00:00:00.000Z,system_design_output_score,89.9,100,index,true
KPI-0027441,E-0185,execution,2026-01-01T00:00:00.000Z,2026-03-31T00:00:00.000Z,execution_output_score,66.2,100,index,true
KPI-0027443,E-0185,system_design,2026-01-01T00:00:00.000Z,2026-03-31T00:00:00.000Z,system_design_output_score,88.5,100,index,true
KPI-0027445,E-0185,execution,2026-04-01T00:00:00.000Z,2026-06-30T00:00:00.000Z,execution_output_score,66.3,100,index,true
KPI-0027447,E-0185,system_design,2026-04-01T00:00:00.000Z,2026-06-30T00:00:00.000Z,system_design_output_score,91.8,100,index,true
KPI-0027474,E-0185,system_design,2026-07-01T00:00:00.000Z,2026-09-29T00:00:00.000Z,system_design_output_score,99.9,100,index,true
KPI-0027500,E-0186,execution,2024-10-01T00:00:00.000Z,2024-12-31T00:00:00.000Z,execution_output_score,101.8,100,index,true
KPI-0027502,E-0186,pipeline_mgmt,2024-10-01T00:00:00.000Z,2024-12-31T00:00:00.000Z,pipeline_mgmt_output_score,71.8,100,index,true
KPI-0027527,E-0186,execution,2025-01-01T00:00:00.000Z,2025-03-31T00:00:00.000Z,execution_output_score,99.7,100,index,true
KPI-0027529,E-0186,pipeline_mgmt,2025-01-01T00:00:00.000Z,2025-03-31T00:00:00.000Z,pipeline_mgmt_output_score,73.1,100,index,true
KPI-0027542,E-0186,execution,2025-04-01T00:00:00.000Z,2025-06-30T00:00:00.000Z,execution_output_score,96.5,100,index,true
KPI-0027567,E-0186,execution,2025-07-01T00:00:00.000Z,2025-09-30T00:00:00.000Z,execution_output_score,81.5,100,index,true
KPI-0027569,E-0186,pipeline_mgmt,2025-07-01T00:00:00.000Z,2025-09-30T00:00:00.000Z,pipeline_mgmt_output_score,74.3,100,index,true
KPI-0027577,E-0186,execution,2025-10-01T00:00:00.000Z,2025-12-31T00:00:00.000Z,execution_output_score,81.6,100,index,true
KPI-0027579,E-0186,pipeline_mgmt,2025-10-01T00:00:00.000Z,2025-12-31T00:00:00.000Z,pipeline_mgmt_output_score,72.9,100,index,true
KPI-0027599,E-0186,execution,2026-01-01T00:00:00.000Z,2026-03-31T00:00:00.000Z,execution_output_score,78.4,100,index,true
KPI-0027601,E-0186,pipeline_mgmt,2026-01-01T00:00:00.000Z,2026-03-31T00:00:00.000Z,pipeline_mgmt_output_score,66,100,index,true
KPI-0027617,E-0186,pipeline_mgmt,2026-04-01T00:00:00.000Z,2026-06-30T00:00:00.000Z,pipeline_mgmt_output_score,76.9,100,index,true
KPI-0027639,E-0186,execution,2026-07-01T00:00:00.000Z,2026-09-29T00:00:00.000Z,execution_output_score,67.8,100,index,true
KPI-0027664,E-0187,execution,2024-10-01T00:00:00.000Z,2024-12-31T00:00:00.000Z,execution_output_score,72.3,100,index,true
KPI-0027666,E-0187,campaign_strategy,2024-10-01T00:00:00.000Z,2024-12-31T00:00:00.000Z,campaign_strategy_output_score,67.4,100,index,true
KPI-0027689,E-0187,campaign_strategy,2025-01-01T00:00:00.000Z,2025-03-31T00:00:00.000Z,campaign_strategy_output_score,73.4,100,index,true
KPI-0027701,E-0187,execution,2025-04-01T00:00:00.000Z,2025-06-30T00:00:00.000Z,execution_output_score,71.5,100,index,true
KPI-0027718,E-0187,execution,2025-07-01T00:00:00.000Z,2025-09-30T00:00:00.000Z,execution_output_score,79.3,100,index,true
KPI-0027720,E-0187,campaign_strategy,2025-07-01T00:00:00.000Z,2025-09-30T00:00:00.000Z,campaign_strategy_output_score,74.6,100,index,true
KPI-0027738,E-0187,campaign_strategy,2025-10-01T00:00:00.000Z,2025-12-31T00:00:00.000Z,campaign_strategy_output_score,71.6,100,index,true
KPI-0027752,E-0187,campaign_strategy,2026-01-01T00:00:00.000Z,2026-03-31T00:00:00.000Z,campaign_strategy_output_score,74,100,index,true
KPI-0027757,E-0187,execution,2026-04-01T00:00:00.000Z,2026-06-30T00:00:00.000Z,execution_output_score,67.9,100,index,true
KPI-0027759,E-0187,campaign_strategy,2026-04-01T00:00:00.000Z,2026-06-30T00:00:00.000Z,campaign_strategy_output_score,75.6,100,index,true
KPI-0027784,E-0187,execution,2026-07-01T00:00:00.000Z,2026-09-29T00:00:00.000Z,execution_output_score,75.5,100,index,true
KPI-0027786,E-0187,campaign_strategy,2026-07-01T00:00:00.000Z,2026-09-29T00:00:00.000Z,campaign_strategy_output_score,69.2,100,index,true
KPI-0027807,E-0188,execution,2024-10-01T00:00:00.000Z,2024-12-31T00:00:00.000Z,execution_output_score,75.7,100,index,true
KPI-0027809,E-0188,roadmap_prioritization,2024-10-01T00:00:00.000Z,2024-12-31T00:00:00.000Z,roadmap_prioritization_output_score,63.4,100,index,true
KPI-0027837,E-0188,execution,2025-01-01T00:00:00.000Z,2025-03-31T00:00:00.000Z,execution_output_score,80.2,100,index,true
KPI-0027839,E-0188,roadmap_prioritization,2025-01-01T00:00:00.000Z,2025-03-31T00:00:00.000Z,roadmap_prioritization_output_score,67.7,100,index,true
KPI-0027848,E-0188,roadmap_prioritization,2025-04-01T00:00:00.000Z,2025-06-30T00:00:00.000Z,roadmap_prioritization_output_score,64.2,100,index,true
KPI-0027870,E-0188,roadmap_prioritization,2025-07-01T00:00:00.000Z,2025-09-30T00:00:00.000Z,roadmap_prioritization_output_score,65.5,100,index,true
KPI-0027879,E-0188,execution,2025-10-01T00:00:00.000Z,2025-12-31T00:00:00.000Z,execution_output_score,73.7,100,index,true
KPI-0027881,E-0188,roadmap_prioritization,2025-10-01T00:00:00.000Z,2025-12-31T00:00:00.000Z,roadmap_prioritization_output_score,68.1,100,index,true
KPI-0027907,E-0188,roadmap_prioritization,2026-01-01T00:00:00.000Z,2026-03-31T00:00:00.000Z,roadmap_prioritization_output_score,81.1,100,index,true
KPI-0027922,E-0188,execution,2026-04-01T00:00:00.000Z,2026-06-30T00:00:00.000Z,execution_output_score,97.2,100,index,true
KPI-0027924,E-0188,roadmap_prioritization,2026-04-01T00:00:00.000Z,2026-06-30T00:00:00.000Z,roadmap_prioritization_output_score,81.8,100,index,true
KPI-0027940,E-0188,execution,2026-07-01T00:00:00.000Z,2026-09-29T00:00:00.000Z,execution_output_score,98,100,index,true
KPI-0027942,E-0188,roadmap_prioritization,2026-07-01T00:00:00.000Z,2026-09-29T00:00:00.000Z,roadmap_prioritization_output_score,89.7,100,index,true
KPI-0027969,E-0189,execution,2024-10-01T00:00:00.000Z,2024-12-31T00:00:00.000Z,execution_output_score,65.5,100,index,true
KPI-0027971,E-0189,visual_craft,2024-10-01T00:00:00.000Z,2024-12-31T00:00:00.000Z,visual_craft_output_score,72,100,index,true
KPI-0028002,E-0189,execution,2025-01-01T00:00:00.000Z,2025-03-31T00:00:00.000Z,execution_output_score,61.2,100,index,true
KPI-0028004,E-0189,visual_craft,2025-01-01T00:00:00.000Z,2025-03-31T00:00:00.000Z,visual_craft_output_score,63.9,100,index,true
KPI-0028009,E-0189,execution,2025-04-01T00:00:00.000Z,2025-06-30T00:00:00.000Z,execution_output_score,73.6,100,index,true
KPI-0028011,E-0189,visual_craft,2025-04-01T00:00:00.000Z,2025-06-30T00:00:00.000Z,visual_craft_output_score,60.6,100,index,true
KPI-0028034,E-0189,execution,2025-07-01T00:00:00.000Z,2025-09-30T00:00:00.000Z,execution_output_score,74.8,100,index,true
KPI-0028036,E-0189,visual_craft,2025-07-01T00:00:00.000Z,2025-09-30T00:00:00.000Z,visual_craft_output_score,67.1,100,index,true
KPI-0028055,E-0189,execution,2025-10-01T00:00:00.000Z,2025-12-31T00:00:00.000Z,execution_output_score,79.8,100,index,true
KPI-0028057,E-0189,visual_craft,2025-10-01T00:00:00.000Z,2025-12-31T00:00:00.000Z,visual_craft_output_score,62.2,100,index,true
KPI-0028078,E-0189,execution,2026-01-01T00:00:00.000Z,2026-03-31T00:00:00.000Z,execution_output_score,90.6,100,index,true
KPI-0028080,E-0189,visual_craft,2026-01-01T00:00:00.000Z,2026-03-31T00:00:00.000Z,visual_craft_output_score,69.9,100,index,true
KPI-0028099,E-0189,execution,2026-04-01T00:00:00.000Z,2026-06-30T00:00:00.000Z,execution_output_score,89.5,100,index,true
KPI-0028101,E-0189,visual_craft,2026-04-01T00:00:00.000Z,2026-06-30T00:00:00.000Z,visual_craft_output_score,57.5,100,index,true
KPI-0028122,E-0189,execution,2026-07-01T00:00:00.000Z,2026-09-29T00:00:00.000Z,execution_output_score,93.1,100,index,true
KPI-0028124,E-0189,visual_craft,2026-07-01T00:00:00.000Z,2026-09-29T00:00:00.000Z,visual_craft_output_score,70,100,index,true
KPI-0028144,E-0190,execution,2024-10-01T00:00:00.000Z,2024-12-31T00:00:00.000Z,execution_output_score,67.4,100,index,true
KPI-0028146,E-0190,financial_modeling,2024-10-01T00:00:00.000Z,2024-12-31T00:00:00.000Z,financial_modeling_output_score,77.1,100,index,true
KPI-0028203,E-0190,financial_modeling,2025-07-01T00:00:00.000Z,2025-09-30T00:00:00.000Z,financial_modeling_output_score,78.2,100,index,true
KPI-0028282,E-0191,execution,2024-10-01T00:00:00.000Z,2024-12-31T00:00:00.000Z,execution_output_score,63.2,100,index,true
KPI-0028284,E-0191,talent_assessment,2024-10-01T00:00:00.000Z,2024-12-31T00:00:00.000Z,talent_assessment_output_score,87.5,100,index,true
KPI-0028302,E-0191,execution,2025-01-01T00:00:00.000Z,2025-03-31T00:00:00.000Z,execution_output_score,66,100,index,true
KPI-0028304,E-0191,talent_assessment,2025-01-01T00:00:00.000Z,2025-03-31T00:00:00.000Z,talent_assessment_output_score,82.8,100,index,true
KPI-0028319,E-0191,execution,2025-04-01T00:00:00.000Z,2025-06-30T00:00:00.000Z,execution_output_score,76.7,100,index,true
KPI-0028321,E-0191,talent_assessment,2025-04-01T00:00:00.000Z,2025-06-30T00:00:00.000Z,talent_assessment_output_score,80,100,index,true
KPI-0028342,E-0191,execution,2025-07-01T00:00:00.000Z,2025-09-30T00:00:00.000Z,execution_output_score,84.2,100,index,true
KPI-0028354,E-0191,execution,2025-10-01T00:00:00.000Z,2025-12-31T00:00:00.000Z,execution_output_score,86.2,100,index,true
KPI-0028366,E-0191,execution,2026-01-01T00:00:00.000Z,2026-03-31T00:00:00.000Z,execution_output_score,89.9,100,index,true
KPI-0028371,E-0191,execution,2026-04-01T00:00:00.000Z,2026-06-30T00:00:00.000Z,execution_output_score,87.5,100,index,true
KPI-0028395,E-0191,execution,2026-07-01T00:00:00.000Z,2026-09-29T00:00:00.000Z,execution_output_score,89.8,100,index,true
KPI-0028397,E-0191,talent_assessment,2026-07-01T00:00:00.000Z,2026-09-29T00:00:00.000Z,talent_assessment_output_score,87.3,100,index,true
KPI-0028406,E-0192,execution,2024-10-01T00:00:00.000Z,2024-12-31T00:00:00.000Z,execution_output_score,65.8,100,index,true
KPI-0028408,E-0192,customer_resolution,2024-10-01T00:00:00.000Z,2024-12-31T00:00:00.000Z,customer_resolution_output_score,75.9,100,index,true
KPI-0028437,E-0192,customer_resolution,2025-04-01T00:00:00.000Z,2025-06-30T00:00:00.000Z,customer_resolution_output_score,78.4,100,index,true
KPI-0028464,E-0192,execution,2025-07-01T00:00:00.000Z,2025-09-30T00:00:00.000Z,execution_output_score,95.6,100,index,true
KPI-0028476,E-0192,execution,2025-10-01T00:00:00.000Z,2025-12-31T00:00:00.000Z,execution_output_score,100.2,100,index,true
KPI-0028499,E-0192,execution,2026-01-01T00:00:00.000Z,2026-03-31T00:00:00.000Z,execution_output_score,100.9,100,index,true
KPI-0028517,E-0192,execution,2026-04-01T00:00:00.000Z,2026-06-30T00:00:00.000Z,execution_output_score,107,100,index,true
KPI-0028519,E-0192,customer_resolution,2026-04-01T00:00:00.000Z,2026-06-30T00:00:00.000Z,customer_resolution_output_score,80.3,100,index,true
KPI-0028547,E-0192,execution,2026-07-01T00:00:00.000Z,2026-09-29T00:00:00.000Z,execution_output_score,112.7,100,index,true
KPI-0028549,E-0192,customer_resolution,2026-07-01T00:00:00.000Z,2026-09-29T00:00:00.000Z,customer_resolution_output_score,73.2,100,index,true
KPI-0028582,E-0193,execution,2024-10-01T00:00:00.000Z,2024-12-31T00:00:00.000Z,execution_output_score,63.2,100,index,true
KPI-0028584,E-0193,system_design,2024-10-01T00:00:00.000Z,2024-12-31T00:00:00.000Z,system_design_output_score,66.6,100,index,true
KPI-0028596,E-0193,execution,2025-01-01T00:00:00.000Z,2025-03-31T00:00:00.000Z,execution_output_score,66.8,100,index,true
KPI-0028598,E-0193,system_design,2025-01-01T00:00:00.000Z,2025-03-31T00:00:00.000Z,system_design_output_score,71.4,100,index,true
KPI-0028614,E-0193,execution,2025-04-01T00:00:00.000Z,2025-06-30T00:00:00.000Z,execution_output_score,80.1,100,index,true
KPI-0028616,E-0193,system_design,2025-04-01T00:00:00.000Z,2025-06-30T00:00:00.000Z,system_design_output_score,68.7,100,index,true
KPI-0028659,E-0193,execution,2025-10-01T00:00:00.000Z,2025-12-31T00:00:00.000Z,execution_output_score,77.3,100,index,true
KPI-0028661,E-0193,system_design,2025-10-01T00:00:00.000Z,2025-12-31T00:00:00.000Z,system_design_output_score,71,100,index,true
KPI-0028675,E-0193,system_design,2026-01-01T00:00:00.000Z,2026-03-31T00:00:00.000Z,system_design_output_score,81.1,100,index,true
KPI-0028680,E-0193,system_design,2026-04-01T00:00:00.000Z,2026-06-30T00:00:00.000Z,system_design_output_score,64.1,100,index,true
KPI-0028709,E-0193,execution,2026-07-01T00:00:00.000Z,2026-09-29T00:00:00.000Z,execution_output_score,101,100,index,true
KPI-0028711,E-0193,system_design,2026-07-01T00:00:00.000Z,2026-09-29T00:00:00.000Z,system_design_output_score,71.8,100,index,true
KPI-0028740,E-0194,execution,2024-10-01T00:00:00.000Z,2024-12-31T00:00:00.000Z,execution_output_score,77.4,100,index,true
KPI-0028742,E-0194,pipeline_mgmt,2024-10-01T00:00:00.000Z,2024-12-31T00:00:00.000Z,pipeline_mgmt_output_score,89.5,100,index,true
KPI-0028764,E-0194,execution,2025-01-01T00:00:00.000Z,2025-03-31T00:00:00.000Z,execution_output_score,79.1,100,index,true
KPI-0028766,E-0194,execution,2025-04-01T00:00:00.000Z,2025-06-30T00:00:00.000Z,execution_output_score,79,100,index,true
KPI-0028768,E-0194,pipeline_mgmt,2025-04-01T00:00:00.000Z,2025-06-30T00:00:00.000Z,pipeline_mgmt_output_score,95.5,100,index,true
KPI-0028792,E-0194,execution,2025-07-01T00:00:00.000Z,2025-09-30T00:00:00.000Z,execution_output_score,84.4,100,index,true
KPI-0028800,E-0194,execution,2025-10-01T00:00:00.000Z,2025-12-31T00:00:00.000Z,execution_output_score,90.3,100,index,true
KPI-0028802,E-0194,pipeline_mgmt,2025-10-01T00:00:00.000Z,2025-12-31T00:00:00.000Z,pipeline_mgmt_output_score,91.8,100,index,true
KPI-0028816,E-0194,pipeline_mgmt,2026-01-01T00:00:00.000Z,2026-03-31T00:00:00.000Z,pipeline_mgmt_output_score,97.6,100,index,true
KPI-0028818,E-0194,execution,2026-04-01T00:00:00.000Z,2026-06-30T00:00:00.000Z,execution_output_score,95,100,index,true
KPI-0028820,E-0194,pipeline_mgmt,2026-04-01T00:00:00.000Z,2026-06-30T00:00:00.000Z,pipeline_mgmt_output_score,99.2,100,index,true
KPI-0028837,E-0194,pipeline_mgmt,2026-07-01T00:00:00.000Z,2026-09-29T00:00:00.000Z,pipeline_mgmt_output_score,88,100,index,true
KPI-0028860,E-0195,campaign_strategy,2024-10-01T00:00:00.000Z,2024-12-31T00:00:00.000Z,campaign_strategy_output_score,71.3,100,index,true
KPI-0028885,E-0195,campaign_strategy,2025-01-01T00:00:00.000Z,2025-03-31T00:00:00.000Z,campaign_strategy_output_score,65.5,100,index,true
KPI-0028894,E-0195,execution,2025-04-01T00:00:00.000Z,2025-06-30T00:00:00.000Z,execution_output_score,77.1,100,index,true
KPI-0028896,E-0195,campaign_strategy,2025-04-01T00:00:00.000Z,2025-06-30T00:00:00.000Z,campaign_strategy_output_score,66,100,index,true
KPI-0028921,E-0195,execution,2025-07-01T00:00:00.000Z,2025-09-30T00:00:00.000Z,execution_output_score,82,100,index,true
KPI-0028923,E-0195,campaign_strategy,2025-07-01T00:00:00.000Z,2025-09-30T00:00:00.000Z,campaign_strategy_output_score,70.3,100,index,true
KPI-0028936,E-0195,campaign_strategy,2025-10-01T00:00:00.000Z,2025-12-31T00:00:00.000Z,campaign_strategy_output_score,77.8,100,index,true
KPI-0028965,E-0195,execution,2026-01-01T00:00:00.000Z,2026-03-31T00:00:00.000Z,execution_output_score,87.7,100,index,true
KPI-0028967,E-0195,campaign_strategy,2026-01-01T00:00:00.000Z,2026-03-31T00:00:00.000Z,campaign_strategy_output_score,74.2,100,index,true
KPI-0028986,E-0195,campaign_strategy,2026-04-01T00:00:00.000Z,2026-06-30T00:00:00.000Z,campaign_strategy_output_score,81.3,100,index,true
KPI-0029017,E-0195,execution,2026-07-01T00:00:00.000Z,2026-09-29T00:00:00.000Z,execution_output_score,97.2,100,index,true
KPI-0029019,E-0195,campaign_strategy,2026-07-01T00:00:00.000Z,2026-09-29T00:00:00.000Z,campaign_strategy_output_score,90.5,100,index,true
KPI-0029036,E-0196,execution,2024-10-01T00:00:00.000Z,2024-12-31T00:00:00.000Z,execution_output_score,63,100,index,true
KPI-0029038,E-0196,roadmap_prioritization,2024-10-01T00:00:00.000Z,2024-12-31T00:00:00.000Z,roadmap_prioritization_output_score,67.8,100,index,true
KPI-0029065,E-0196,execution,2025-01-01T00:00:00.000Z,2025-03-31T00:00:00.000Z,execution_output_score,79.5,100,index,true
KPI-0029067,E-0196,roadmap_prioritization,2025-01-01T00:00:00.000Z,2025-03-31T00:00:00.000Z,roadmap_prioritization_output_score,77.4,100,index,true
KPI-0029083,E-0196,execution,2025-04-01T00:00:00.000Z,2025-06-30T00:00:00.000Z,execution_output_score,82.6,100,index,true
KPI-0029085,E-0196,roadmap_prioritization,2025-04-01T00:00:00.000Z,2025-06-30T00:00:00.000Z,roadmap_prioritization_output_score,72.5,100,index,true
KPI-0029105,E-0196,execution,2025-07-01T00:00:00.000Z,2025-09-30T00:00:00.000Z,execution_output_score,84.1,100,index,true
KPI-0029107,E-0196,roadmap_prioritization,2025-07-01T00:00:00.000Z,2025-09-30T00:00:00.000Z,roadmap_prioritization_output_score,78,100,index,true
KPI-0029126,E-0196,roadmap_prioritization,2025-10-01T00:00:00.000Z,2025-12-31T00:00:00.000Z,roadmap_prioritization_output_score,76.4,100,index,true
KPI-0029145,E-0196,execution,2026-01-01T00:00:00.000Z,2026-03-31T00:00:00.000Z,execution_output_score,84,100,index,true
KPI-0029147,E-0196,roadmap_prioritization,2026-01-01T00:00:00.000Z,2026-03-31T00:00:00.000Z,roadmap_prioritization_output_score,84.1,100,index,true
KPI-0029152,E-0196,execution,2026-04-01T00:00:00.000Z,2026-06-30T00:00:00.000Z,execution_output_score,75.8,100,index,true
KPI-0029154,E-0196,roadmap_prioritization,2026-04-01T00:00:00.000Z,2026-06-30T00:00:00.000Z,roadmap_prioritization_output_score,89.3,100,index,true
KPI-0029177,E-0196,roadmap_prioritization,2026-07-01T00:00:00.000Z,2026-09-29T00:00:00.000Z,roadmap_prioritization_output_score,95.6,100,index,true
KPI-0029200,E-0197,execution,2024-10-01T00:00:00.000Z,2024-12-31T00:00:00.000Z,execution_output_score,68.7,100,index,true
KPI-0029202,E-0197,visual_craft,2024-10-01T00:00:00.000Z,2024-12-31T00:00:00.000Z,visual_craft_output_score,76.3,100,index,true
KPI-0029228,E-0197,execution,2025-01-01T00:00:00.000Z,2025-03-31T00:00:00.000Z,execution_output_score,71.3,100,index,true
KPI-0029230,E-0197,visual_craft,2025-01-01T00:00:00.000Z,2025-03-31T00:00:00.000Z,visual_craft_output_score,68.4,100,index,true
KPI-0029239,E-0197,execution,2025-04-01T00:00:00.000Z,2025-06-30T00:00:00.000Z,execution_output_score,75.8,100,index,true
KPI-0029241,E-0197,visual_craft,2025-04-01T00:00:00.000Z,2025-06-30T00:00:00.000Z,visual_craft_output_score,64.7,100,index,true
KPI-0029256,E-0197,execution,2025-07-01T00:00:00.000Z,2025-09-30T00:00:00.000Z,execution_output_score,73,100,index,true
KPI-0029258,E-0197,visual_craft,2025-07-01T00:00:00.000Z,2025-09-30T00:00:00.000Z,visual_craft_output_score,63.7,100,index,true
KPI-0029264,E-0197,execution,2025-10-01T00:00:00.000Z,2025-12-31T00:00:00.000Z,execution_output_score,76,100,index,true
KPI-0029266,E-0197,visual_craft,2025-10-01T00:00:00.000Z,2025-12-31T00:00:00.000Z,visual_craft_output_score,68.2,100,index,true
KPI-0029292,E-0197,execution,2026-01-01T00:00:00.000Z,2026-03-31T00:00:00.000Z,execution_output_score,72.9,100,index,true
KPI-0029294,E-0197,visual_craft,2026-01-01T00:00:00.000Z,2026-03-31T00:00:00.000Z,visual_craft_output_score,67.4,100,index,true
KPI-0029300,E-0197,execution,2026-04-01T00:00:00.000Z,2026-06-30T00:00:00.000Z,execution_output_score,75.1,100,index,true
KPI-0029302,E-0197,visual_craft,2026-04-01T00:00:00.000Z,2026-06-30T00:00:00.000Z,visual_craft_output_score,68.3,100,index,true
KPI-0029320,E-0197,execution,2026-07-01T00:00:00.000Z,2026-09-29T00:00:00.000Z,execution_output_score,77.5,100,index,true
KPI-0029322,E-0197,visual_craft,2026-07-01T00:00:00.000Z,2026-09-29T00:00:00.000Z,visual_craft_output_score,70.3,100,index,true
KPI-0029342,E-0198,execution,2024-10-01T00:00:00.000Z,2024-12-31T00:00:00.000Z,execution_output_score,68.4,100,index,true
KPI-0029344,E-0198,financial_modeling,2024-10-01T00:00:00.000Z,2024-12-31T00:00:00.000Z,financial_modeling_output_score,78.9,100,index,true
KPI-0029361,E-0198,execution,2025-01-01T00:00:00.000Z,2025-03-31T00:00:00.000Z,execution_output_score,77.2,100,index,true
KPI-0029370,E-0198,execution,2025-04-01T00:00:00.000Z,2025-06-30T00:00:00.000Z,execution_output_score,71.6,100,index,true
KPI-0029372,E-0198,financial_modeling,2025-04-01T00:00:00.000Z,2025-06-30T00:00:00.000Z,financial_modeling_output_score,80.6,100,index,true
KPI-0029396,E-0198,execution,2025-07-01T00:00:00.000Z,2025-09-30T00:00:00.000Z,execution_output_score,72.1,100,index,true
KPI-0029402,E-0198,financial_modeling,2025-10-01T00:00:00.000Z,2025-12-31T00:00:00.000Z,financial_modeling_output_score,79.4,100,index,true
KPI-0029430,E-0198,execution,2026-01-01T00:00:00.000Z,2026-03-31T00:00:00.000Z,execution_output_score,80.2,100,index,true
KPI-0029432,E-0198,financial_modeling,2026-01-01T00:00:00.000Z,2026-03-31T00:00:00.000Z,financial_modeling_output_score,89.4,100,index,true
KPI-0029443,E-0198,execution,2026-04-01T00:00:00.000Z,2026-06-30T00:00:00.000Z,execution_output_score,85.2,100,index,true
KPI-0029445,E-0198,financial_modeling,2026-04-01T00:00:00.000Z,2026-06-30T00:00:00.000Z,financial_modeling_output_score,90.6,100,index,true
KPI-0029471,E-0198,execution,2026-07-01T00:00:00.000Z,2026-09-29T00:00:00.000Z,execution_output_score,72.7,100,index,true
KPI-0029473,E-0198,financial_modeling,2026-07-01T00:00:00.000Z,2026-09-29T00:00:00.000Z,financial_modeling_output_score,89.4,100,index,true
KPI-0029506,E-0199,execution,2024-10-01T00:00:00.000Z,2024-12-31T00:00:00.000Z,execution_output_score,73.9,100,index,true
KPI-0029508,E-0199,talent_assessment,2024-10-01T00:00:00.000Z,2024-12-31T00:00:00.000Z,talent_assessment_output_score,100.1,100,index,true
KPI-0029533,E-0199,execution,2025-01-01T00:00:00.000Z,2025-03-31T00:00:00.000Z,execution_output_score,72.4,100,index,true
KPI-0029535,E-0199,talent_assessment,2025-01-01T00:00:00.000Z,2025-03-31T00:00:00.000Z,talent_assessment_output_score,94,100,index,true
KPI-0029547,E-0199,execution,2025-04-01T00:00:00.000Z,2025-06-30T00:00:00.000Z,execution_output_score,77.4,100,index,true
KPI-0029549,E-0199,talent_assessment,2025-04-01T00:00:00.000Z,2025-06-30T00:00:00.000Z,talent_assessment_output_score,88.9,100,index,true
KPI-0029573,E-0199,execution,2025-07-01T00:00:00.000Z,2025-09-30T00:00:00.000Z,execution_output_score,75.7,100,index,true
KPI-0029575,E-0199,talent_assessment,2025-07-01T00:00:00.000Z,2025-09-30T00:00:00.000Z,talent_assessment_output_score,85.7,100,index,true
KPI-0029591,E-0199,execution,2025-10-01T00:00:00.000Z,2025-12-31T00:00:00.000Z,execution_output_score,76.9,100,index,true
KPI-0029593,E-0199,talent_assessment,2025-10-01T00:00:00.000Z,2025-12-31T00:00:00.000Z,talent_assessment_output_score,71.9,100,index,true
KPI-0029615,E-0199,talent_assessment,2026-01-01T00:00:00.000Z,2026-03-31T00:00:00.000Z,talent_assessment_output_score,70,100,index,true
KPI-0029627,E-0199,execution,2026-04-01T00:00:00.000Z,2026-06-30T00:00:00.000Z,execution_output_score,75.2,100,index,true
KPI-0029648,E-0199,execution,2026-07-01T00:00:00.000Z,2026-09-29T00:00:00.000Z,execution_output_score,78,100,index,true
KPI-0029650,E-0199,talent_assessment,2026-07-01T00:00:00.000Z,2026-09-29T00:00:00.000Z,talent_assessment_output_score,71.1,100,index,true
KPI-0029673,E-0200,execution,2024-10-01T00:00:00.000Z,2024-12-31T00:00:00.000Z,execution_output_score,75.8,100,index,true
KPI-0029675,E-0200,customer_resolution,2024-10-01T00:00:00.000Z,2024-12-31T00:00:00.000Z,customer_resolution_output_score,75.4,100,index,true
KPI-0029693,E-0200,execution,2025-01-01T00:00:00.000Z,2025-03-31T00:00:00.000Z,execution_output_score,72.8,100,index,true
KPI-0029695,E-0200,customer_resolution,2025-01-01T00:00:00.000Z,2025-03-31T00:00:00.000Z,customer_resolution_output_score,76.6,100,index,true
KPI-0029714,E-0200,customer_resolution,2025-04-01T00:00:00.000Z,2025-06-30T00:00:00.000Z,customer_resolution_output_score,77.9,100,index,true
KPI-0029738,E-0200,execution,2025-07-01T00:00:00.000Z,2025-09-30T00:00:00.000Z,execution_output_score,74.4,100,index,true
KPI-0029757,E-0200,execution,2025-10-01T00:00:00.000Z,2025-12-31T00:00:00.000Z,execution_output_score,69.2,100,index,true
KPI-0029759,E-0200,customer_resolution,2025-10-01T00:00:00.000Z,2025-12-31T00:00:00.000Z,customer_resolution_output_score,71.8,100,index,true
KPI-0029775,E-0200,execution,2026-01-01T00:00:00.000Z,2026-03-31T00:00:00.000Z,execution_output_score,80.4,100,index,true
KPI-0029777,E-0200,customer_resolution,2026-01-01T00:00:00.000Z,2026-03-31T00:00:00.000Z,customer_resolution_output_score,83.9,100,index,true
KPI-0029790,E-0200,execution,2026-04-01T00:00:00.000Z,2026-06-30T00:00:00.000Z,execution_output_score,72.5,100,index,true
KPI-0029792,E-0200,customer_resolution,2026-04-01T00:00:00.000Z,2026-06-30T00:00:00.000Z,customer_resolution_output_score,93.1,100,index,true
KPI-0029808,E-0200,execution,2026-07-01T00:00:00.000Z,2026-09-29T00:00:00.000Z,execution_output_score,85,100,index,true
KPI-0029810,E-0200,customer_resolution,2026-07-01T00:00:00.000Z,2026-09-29T00:00:00.000Z,customer_resolution_output_score,106.1,100,index,true
KPI-0029833,E-0201,execution,2024-10-01T00:00:00.000Z,2024-12-31T00:00:00.000Z,execution_output_score,67.7,100,index,true
KPI-0029835,E-0201,system_design,2024-10-01T00:00:00.000Z,2024-12-31T00:00:00.000Z,system_design_output_score,65.2,100,index,true
KPI-0029863,E-0201,execution,2025-01-01T00:00:00.000Z,2025-03-31T00:00:00.000Z,execution_output_score,66.7,100,index,true
KPI-0029872,E-0201,execution,2025-04-01T00:00:00.000Z,2025-06-30T00:00:00.000Z,execution_output_score,62.9,100,index,true
KPI-0029874,E-0201,system_design,2025-04-01T00:00:00.000Z,2025-06-30T00:00:00.000Z,system_design_output_score,68.5,100,index,true
KPI-0029896,E-0201,execution,2025-07-01T00:00:00.000Z,2025-09-30T00:00:00.000Z,execution_output_score,59.7,100,index,true
KPI-0029898,E-0201,system_design,2025-07-01T00:00:00.000Z,2025-09-30T00:00:00.000Z,system_design_output_score,74.7,100,index,true
KPI-0029910,E-0201,execution,2025-10-01T00:00:00.000Z,2025-12-31T00:00:00.000Z,execution_output_score,62.9,100,index,true
KPI-0029926,E-0201,execution,2026-01-01T00:00:00.000Z,2026-03-31T00:00:00.000Z,execution_output_score,68,100,index,true
KPI-0029928,E-0201,execution,2026-04-01T00:00:00.000Z,2026-06-30T00:00:00.000Z,execution_output_score,66.4,100,index,true
KPI-0029951,E-0201,execution,2026-07-01T00:00:00.000Z,2026-09-29T00:00:00.000Z,execution_output_score,71,100,index,true
KPI-0029975,E-0202,execution,2024-10-01T00:00:00.000Z,2024-12-31T00:00:00.000Z,execution_output_score,85.1,100,index,true
KPI-0029977,E-0202,pipeline_mgmt,2024-10-01T00:00:00.000Z,2024-12-31T00:00:00.000Z,pipeline_mgmt_output_score,70.7,100,index,true
KPI-0029989,E-0202,execution,2025-01-01T00:00:00.000Z,2025-03-31T00:00:00.000Z,execution_output_score,72.3,100,index,true
KPI-0029991,E-0202,pipeline_mgmt,2025-01-01T00:00:00.000Z,2025-03-31T00:00:00.000Z,pipeline_mgmt_output_score,62.5,100,index,true
KPI-0030003,E-0202,execution,2025-04-01T00:00:00.000Z,2025-06-30T00:00:00.000Z,execution_output_score,74.8,100,index,true
KPI-0030005,E-0202,pipeline_mgmt,2025-04-01T00:00:00.000Z,2025-06-30T00:00:00.000Z,pipeline_mgmt_output_score,78.7,100,index,true
KPI-0030020,E-0202,execution,2025-07-01T00:00:00.000Z,2025-09-30T00:00:00.000Z,execution_output_score,77.7,100,index,true
KPI-0030022,E-0202,pipeline_mgmt,2025-07-01T00:00:00.000Z,2025-09-30T00:00:00.000Z,pipeline_mgmt_output_score,75,100,index,true
KPI-0030035,E-0202,pipeline_mgmt,2025-10-01T00:00:00.000Z,2025-12-31T00:00:00.000Z,pipeline_mgmt_output_score,72.4,100,index,true
KPI-0030059,E-0202,execution,2026-01-01T00:00:00.000Z,2026-03-31T00:00:00.000Z,execution_output_score,76.7,100,index,true
KPI-0030061,E-0202,pipeline_mgmt,2026-01-01T00:00:00.000Z,2026-03-31T00:00:00.000Z,pipeline_mgmt_output_score,75.4,100,index,true
KPI-0030070,E-0202,execution,2026-04-01T00:00:00.000Z,2026-06-30T00:00:00.000Z,execution_output_score,74.1,100,index,true
KPI-0030072,E-0202,pipeline_mgmt,2026-04-01T00:00:00.000Z,2026-06-30T00:00:00.000Z,pipeline_mgmt_output_score,71.4,100,index,true
KPI-0030095,E-0202,execution,2026-07-01T00:00:00.000Z,2026-09-29T00:00:00.000Z,execution_output_score,73.9,100,index,true
KPI-0030097,E-0202,pipeline_mgmt,2026-07-01T00:00:00.000Z,2026-09-29T00:00:00.000Z,pipeline_mgmt_output_score,83.3,100,index,true
KPI-0030123,E-0203,execution,2024-10-01T00:00:00.000Z,2024-12-31T00:00:00.000Z,execution_output_score,58.9,100,index,true
KPI-0030125,E-0203,campaign_strategy,2024-10-01T00:00:00.000Z,2024-12-31T00:00:00.000Z,campaign_strategy_output_score,103.1,100,index,true
KPI-0030139,E-0203,execution,2025-01-01T00:00:00.000Z,2025-03-31T00:00:00.000Z,execution_output_score,65.5,100,index,true
KPI-0030141,E-0203,campaign_strategy,2025-01-01T00:00:00.000Z,2025-03-31T00:00:00.000Z,campaign_strategy_output_score,99.5,100,index,true
KPI-0030156,E-0203,execution,2025-04-01T00:00:00.000Z,2025-06-30T00:00:00.000Z,execution_output_score,73.8,100,index,true
KPI-0030158,E-0203,campaign_strategy,2025-04-01T00:00:00.000Z,2025-06-30T00:00:00.000Z,campaign_strategy_output_score,98.2,100,index,true
KPI-0030178,E-0203,execution,2025-07-01T00:00:00.000Z,2025-09-30T00:00:00.000Z,execution_output_score,83.7,100,index,true
KPI-0030180,E-0203,campaign_strategy,2025-07-01T00:00:00.000Z,2025-09-30T00:00:00.000Z,campaign_strategy_output_score,88.2,100,index,true
KPI-0030189,E-0203,execution,2025-10-01T00:00:00.000Z,2025-12-31T00:00:00.000Z,execution_output_score,78.6,100,index,true
KPI-0030191,E-0203,campaign_strategy,2025-10-01T00:00:00.000Z,2025-12-31T00:00:00.000Z,campaign_strategy_output_score,93.6,100,index,true
KPI-0030206,E-0203,execution,2026-01-01T00:00:00.000Z,2026-03-31T00:00:00.000Z,execution_output_score,88.8,100,index,true
KPI-0030224,E-0203,campaign_strategy,2026-07-01T00:00:00.000Z,2026-09-29T00:00:00.000Z,campaign_strategy_output_score,81.6,100,index,true
KPI-0030250,E-0204,execution,2024-10-01T00:00:00.000Z,2024-12-31T00:00:00.000Z,execution_output_score,106.5,100,index,true
KPI-0030252,E-0204,roadmap_prioritization,2024-10-01T00:00:00.000Z,2024-12-31T00:00:00.000Z,roadmap_prioritization_output_score,70.5,100,index,true
KPI-0030277,E-0204,execution,2025-01-01T00:00:00.000Z,2025-03-31T00:00:00.000Z,execution_output_score,98.4,100,index,true
KPI-0030279,E-0204,roadmap_prioritization,2025-01-01T00:00:00.000Z,2025-03-31T00:00:00.000Z,roadmap_prioritization_output_score,75.9,100,index,true
KPI-0030288,E-0204,execution,2025-04-01T00:00:00.000Z,2025-06-30T00:00:00.000Z,execution_output_score,85.5,100,index,true
KPI-0030312,E-0204,execution,2025-07-01T00:00:00.000Z,2025-09-30T00:00:00.000Z,execution_output_score,87.7,100,index,true
KPI-0030314,E-0204,roadmap_prioritization,2025-07-01T00:00:00.000Z,2025-09-30T00:00:00.000Z,roadmap_prioritization_output_score,82.2,100,index,true
KPI-0030327,E-0204,roadmap_prioritization,2025-10-01T00:00:00.000Z,2025-12-31T00:00:00.000Z,roadmap_prioritization_output_score,84.8,100,index,true
KPI-0030351,E-0204,execution,2026-01-01T00:00:00.000Z,2026-03-31T00:00:00.000Z,execution_output_score,69.7,100,index,true
KPI-0030353,E-0204,roadmap_prioritization,2026-01-01T00:00:00.000Z,2026-03-31T00:00:00.000Z,roadmap_prioritization_output_score,95.3,100,index,true
KPI-0030365,E-0204,execution,2026-04-01T00:00:00.000Z,2026-06-30T00:00:00.000Z,execution_output_score,67.1,100,index,true
KPI-0030367,E-0204,roadmap_prioritization,2026-04-01T00:00:00.000Z,2026-06-30T00:00:00.000Z,roadmap_prioritization_output_score,102.3,100,index,true
KPI-0030388,E-0204,execution,2026-07-01T00:00:00.000Z,2026-09-29T00:00:00.000Z,execution_output_score,75.6,100,index,true
KPI-0030423,E-0205,execution,2024-10-01T00:00:00.000Z,2024-12-31T00:00:00.000Z,execution_output_score,99.7,100,index,true
KPI-0030444,E-0205,execution,2025-01-01T00:00:00.000Z,2025-03-31T00:00:00.000Z,execution_output_score,94,100,index,true
KPI-0030446,E-0205,visual_craft,2025-01-01T00:00:00.000Z,2025-03-31T00:00:00.000Z,visual_craft_output_score,70.1,100,index,true
KPI-0030461,E-0205,execution,2025-04-01T00:00:00.000Z,2025-06-30T00:00:00.000Z,execution_output_score,96.1,100,index,true
KPI-0030480,E-0205,execution,2025-07-01T00:00:00.000Z,2025-09-30T00:00:00.000Z,execution_output_score,93.3,100,index,true
KPI-0030485,E-0205,execution,2025-10-01T00:00:00.000Z,2025-12-31T00:00:00.000Z,execution_output_score,76.9,100,index,true
KPI-0030487,E-0205,visual_craft,2025-10-01T00:00:00.000Z,2025-12-31T00:00:00.000Z,visual_craft_output_score,73.2,100,index,true
KPI-0030506,E-0205,execution,2026-01-01T00:00:00.000Z,2026-03-31T00:00:00.000Z,execution_output_score,77.2,100,index,true
KPI-0030508,E-0205,visual_craft,2026-01-01T00:00:00.000Z,2026-03-31T00:00:00.000Z,visual_craft_output_score,66.9,100,index,true
KPI-0030520,E-0205,execution,2026-04-01T00:00:00.000Z,2026-06-30T00:00:00.000Z,execution_output_score,79.3,100,index,true
KPI-0030522,E-0205,visual_craft,2026-04-01T00:00:00.000Z,2026-06-30T00:00:00.000Z,visual_craft_output_score,67.8,100,index,true
KPI-0030544,E-0205,execution,2026-07-01T00:00:00.000Z,2026-09-29T00:00:00.000Z,execution_output_score,62.9,100,index,true
KPI-0030546,E-0205,visual_craft,2026-07-01T00:00:00.000Z,2026-09-29T00:00:00.000Z,visual_craft_output_score,73.8,100,index,true
KPI-0030570,E-0206,execution,2024-10-01T00:00:00.000Z,2024-12-31T00:00:00.000Z,execution_output_score,74.5,100,index,true
KPI-0030572,E-0206,financial_modeling,2024-10-01T00:00:00.000Z,2024-12-31T00:00:00.000Z,financial_modeling_output_score,72.6,100,index,true
KPI-0030589,E-0206,execution,2025-01-01T00:00:00.000Z,2025-03-31T00:00:00.000Z,execution_output_score,75.3,100,index,true
KPI-0030602,E-0206,financial_modeling,2025-04-01T00:00:00.000Z,2025-06-30T00:00:00.000Z,financial_modeling_output_score,66,100,index,true
KPI-0030631,E-0206,execution,2025-07-01T00:00:00.000Z,2025-09-30T00:00:00.000Z,execution_output_score,84.9,100,index,true
KPI-0030633,E-0206,financial_modeling,2025-07-01T00:00:00.000Z,2025-09-30T00:00:00.000Z,financial_modeling_output_score,72.8,100,index,true
KPI-0030642,E-0206,execution,2025-10-01T00:00:00.000Z,2025-12-31T00:00:00.000Z,execution_output_score,102.9,100,index,true
KPI-0030644,E-0206,financial_modeling,2025-10-01T00:00:00.000Z,2025-12-31T00:00:00.000Z,financial_modeling_output_score,72.7,100,index,true
KPI-0030665,E-0206,execution,2026-01-01T00:00:00.000Z,2026-03-31T00:00:00.000Z,execution_output_score,105.5,100,index,true
KPI-0030667,E-0206,execution,2026-04-01T00:00:00.000Z,2026-06-30T00:00:00.000Z,execution_output_score,103,100,index,true
KPI-0030669,E-0206,financial_modeling,2026-04-01T00:00:00.000Z,2026-06-30T00:00:00.000Z,financial_modeling_output_score,69.3,100,index,true
KPI-0030694,E-0206,financial_modeling,2026-07-01T00:00:00.000Z,2026-09-29T00:00:00.000Z,financial_modeling_output_score,65.9,100,index,true
KPI-0030722,E-0207,execution,2024-10-01T00:00:00.000Z,2024-12-31T00:00:00.000Z,execution_output_score,66.3,100,index,true
KPI-0030745,E-0207,execution,2025-01-01T00:00:00.000Z,2025-03-31T00:00:00.000Z,execution_output_score,71.7,100,index,true
KPI-0030747,E-0207,talent_assessment,2025-01-01T00:00:00.000Z,2025-03-31T00:00:00.000Z,talent_assessment_output_score,74.8,100,index,true
KPI-0030763,E-0207,execution,2025-04-01T00:00:00.000Z,2025-06-30T00:00:00.000Z,execution_output_score,75,100,index,true
KPI-0030765,E-0207,talent_assessment,2025-04-01T00:00:00.000Z,2025-06-30T00:00:00.000Z,talent_assessment_output_score,82.1,100,index,true
KPI-0030789,E-0207,execution,2025-07-01T00:00:00.000Z,2025-09-30T00:00:00.000Z,execution_output_score,70.5,100,index,true
KPI-0030791,E-0207,talent_assessment,2025-07-01T00:00:00.000Z,2025-09-30T00:00:00.000Z,talent_assessment_output_score,80.5,100,index,true
KPI-0030803,E-0207,execution,2025-10-01T00:00:00.000Z,2025-12-31T00:00:00.000Z,execution_output_score,79.2,100,index,true
KPI-0030805,E-0207,talent_assessment,2025-10-01T00:00:00.000Z,2025-12-31T00:00:00.000Z,talent_assessment_output_score,80.7,100,index,true
KPI-0030828,E-0207,execution,2026-01-01T00:00:00.000Z,2026-03-31T00:00:00.000Z,execution_output_score,73.8,100,index,true
KPI-0030830,E-0207,talent_assessment,2026-01-01T00:00:00.000Z,2026-03-31T00:00:00.000Z,talent_assessment_output_score,97.7,100,index,true
KPI-0030849,E-0207,execution,2026-04-01T00:00:00.000Z,2026-06-30T00:00:00.000Z,execution_output_score,65.9,100,index,true
KPI-0030851,E-0207,talent_assessment,2026-04-01T00:00:00.000Z,2026-06-30T00:00:00.000Z,talent_assessment_output_score,106.6,100,index,true
KPI-0030872,E-0207,execution,2026-07-01T00:00:00.000Z,2026-09-29T00:00:00.000Z,execution_output_score,74.8,100,index,true
KPI-0030874,E-0207,talent_assessment,2026-07-01T00:00:00.000Z,2026-09-29T00:00:00.000Z,talent_assessment_output_score,106.7,100,index,true
KPI-0030893,E-0208,execution,2024-10-01T00:00:00.000Z,2024-12-31T00:00:00.000Z,execution_output_score,105.6,100,index,true
KPI-0030918,E-0208,execution,2025-01-01T00:00:00.000Z,2025-03-31T00:00:00.000Z,execution_output_score,101.6,100,index,true
KPI-0030934,E-0208,customer_resolution,2025-04-01T00:00:00.000Z,2025-06-30T00:00:00.000Z,customer_resolution_output_score,75.8,100,index,true
KPI-0030969,E-0208,execution,2025-10-01T00:00:00.000Z,2025-12-31T00:00:00.000Z,execution_output_score,94.3,100,index,true
KPI-0030990,E-0208,execution,2026-01-01T00:00:00.000Z,2026-03-31T00:00:00.000Z,execution_output_score,85.2,100,index,true
KPI-0030992,E-0208,customer_resolution,2026-01-01T00:00:00.000Z,2026-03-31T00:00:00.000Z,customer_resolution_output_score,77.7,100,index,true
KPI-0030998,E-0208,execution,2026-04-01T00:00:00.000Z,2026-06-30T00:00:00.000Z,execution_output_score,77.1,100,index,true
KPI-0031000,E-0208,customer_resolution,2026-04-01T00:00:00.000Z,2026-06-30T00:00:00.000Z,customer_resolution_output_score,71.7,100,index,true
KPI-0031023,E-0208,execution,2026-07-01T00:00:00.000Z,2026-09-29T00:00:00.000Z,execution_output_score,78.8,100,index,true
KPI-0031025,E-0208,customer_resolution,2026-07-01T00:00:00.000Z,2026-09-29T00:00:00.000Z,customer_resolution_output_score,73.6,100,index,true
KPI-0031057,E-0209,execution,2024-10-01T00:00:00.000Z,2024-12-31T00:00:00.000Z,execution_output_score,65.1,100,index,true
KPI-0031082,E-0209,execution,2025-01-01T00:00:00.000Z,2025-03-31T00:00:00.000Z,execution_output_score,62.7,100,index,true
KPI-0031084,E-0209,system_design,2025-01-01T00:00:00.000Z,2025-03-31T00:00:00.000Z,system_design_output_score,74.7,100,index,true
KPI-0031097,E-0209,execution,2025-04-01T00:00:00.000Z,2025-06-30T00:00:00.000Z,execution_output_score,77.4,100,index,true
KPI-0031099,E-0209,system_design,2025-04-01T00:00:00.000Z,2025-06-30T00:00:00.000Z,system_design_output_score,71.8,100,index,true
KPI-0031122,E-0209,system_design,2025-07-01T00:00:00.000Z,2025-09-30T00:00:00.000Z,system_design_output_score,73,100,index,true
KPI-0031135,E-0209,execution,2025-10-01T00:00:00.000Z,2025-12-31T00:00:00.000Z,execution_output_score,80.1,100,index,true
KPI-0031137,E-0209,system_design,2025-10-01T00:00:00.000Z,2025-12-31T00:00:00.000Z,system_design_output_score,82.1,100,index,true
KPI-0031155,E-0209,execution,2026-01-01T00:00:00.000Z,2026-03-31T00:00:00.000Z,execution_output_score,95.3,100,index,true
KPI-0031157,E-0209,system_design,2026-01-01T00:00:00.000Z,2026-03-31T00:00:00.000Z,system_design_output_score,89.7,100,index,true
KPI-0031169,E-0209,execution,2026-04-01T00:00:00.000Z,2026-06-30T00:00:00.000Z,execution_output_score,99.9,100,index,true
KPI-0031185,E-0209,execution,2026-07-01T00:00:00.000Z,2026-09-29T00:00:00.000Z,execution_output_score,107,100,index,true
KPI-0031210,E-0210,execution,2024-10-01T00:00:00.000Z,2024-12-31T00:00:00.000Z,execution_output_score,67.1,100,index,true
KPI-0031212,E-0210,pipeline_mgmt,2024-10-01T00:00:00.000Z,2024-12-31T00:00:00.000Z,pipeline_mgmt_output_score,102.4,100,index,true
KPI-0031240,E-0210,execution,2025-01-01T00:00:00.000Z,2025-03-31T00:00:00.000Z,execution_output_score,68.4,100,index,true
KPI-0031242,E-0210,pipeline_mgmt,2025-01-01T00:00:00.000Z,2025-03-31T00:00:00.000Z,pipeline_mgmt_output_score,101.7,100,index,true
KPI-0031258,E-0210,execution,2025-04-01T00:00:00.000Z,2025-06-30T00:00:00.000Z,execution_output_score,85.1,100,index,true
KPI-0031260,E-0210,pipeline_mgmt,2025-04-01T00:00:00.000Z,2025-06-30T00:00:00.000Z,pipeline_mgmt_output_score,95.6,100,index,true
KPI-0031277,E-0210,execution,2025-07-01T00:00:00.000Z,2025-09-30T00:00:00.000Z,execution_output_score,86.3,100,index,true
KPI-0031279,E-0210,pipeline_mgmt,2025-07-01T00:00:00.000Z,2025-09-30T00:00:00.000Z,pipeline_mgmt_output_score,90.2,100,index,true
KPI-0031291,E-0210,pipeline_mgmt,2025-10-01T00:00:00.000Z,2025-12-31T00:00:00.000Z,pipeline_mgmt_output_score,93.1,100,index,true
KPI-0031309,E-0210,execution,2026-01-01T00:00:00.000Z,2026-03-31T00:00:00.000Z,execution_output_score,94.8,100,index,true
KPI-0031311,E-0210,pipeline_mgmt,2026-01-01T00:00:00.000Z,2026-03-31T00:00:00.000Z,pipeline_mgmt_output_score,85.3,100,index,true
KPI-0031327,E-0210,execution,2026-04-01T00:00:00.000Z,2026-06-30T00:00:00.000Z,execution_output_score,102,100,index,true
KPI-0031329,E-0210,pipeline_mgmt,2026-04-01T00:00:00.000Z,2026-06-30T00:00:00.000Z,pipeline_mgmt_output_score,77.9,100,index,true
KPI-0031350,E-0210,execution,2026-07-01T00:00:00.000Z,2026-09-29T00:00:00.000Z,execution_output_score,99.4,100,index,true
KPI-0031352,E-0210,pipeline_mgmt,2026-07-01T00:00:00.000Z,2026-09-29T00:00:00.000Z,pipeline_mgmt_output_score,76.9,100,index,true
KPI-0031369,E-0211,execution,2024-10-01T00:00:00.000Z,2024-12-31T00:00:00.000Z,execution_output_score,68.7,100,index,true
KPI-0031371,E-0211,campaign_strategy,2024-10-01T00:00:00.000Z,2024-12-31T00:00:00.000Z,campaign_strategy_output_score,96.3,100,index,true
KPI-0031390,E-0211,execution,2025-01-01T00:00:00.000Z,2025-03-31T00:00:00.000Z,execution_output_score,67.7,100,index,true
KPI-0031392,E-0211,campaign_strategy,2025-01-01T00:00:00.000Z,2025-03-31T00:00:00.000Z,campaign_strategy_output_score,101.3,100,index,true
KPI-0031401,E-0211,execution,2025-04-01T00:00:00.000Z,2025-06-30T00:00:00.000Z,execution_output_score,74.2,100,index,true
KPI-0031403,E-0211,campaign_strategy,2025-04-01T00:00:00.000Z,2025-06-30T00:00:00.000Z,campaign_strategy_output_score,94.5,100,index,true
KPI-0031419,E-0211,execution,2025-07-01T00:00:00.000Z,2025-09-30T00:00:00.000Z,execution_output_score,78.2,100,index,true
KPI-0031421,E-0211,campaign_strategy,2025-07-01T00:00:00.000Z,2025-09-30T00:00:00.000Z,campaign_strategy_output_score,89.8,100,index,true
KPI-0031433,E-0211,campaign_strategy,2025-10-01T00:00:00.000Z,2025-12-31T00:00:00.000Z,campaign_strategy_output_score,89.1,100,index,true
KPI-0031453,E-0211,execution,2026-01-01T00:00:00.000Z,2026-03-31T00:00:00.000Z,execution_output_score,65.7,100,index,true
KPI-0031455,E-0211,campaign_strategy,2026-01-01T00:00:00.000Z,2026-03-31T00:00:00.000Z,campaign_strategy_output_score,81.8,100,index,true
KPI-0031461,E-0211,campaign_strategy,2026-04-01T00:00:00.000Z,2026-06-30T00:00:00.000Z,campaign_strategy_output_score,78,100,index,true
KPI-0031478,E-0211,execution,2026-07-01T00:00:00.000Z,2026-09-29T00:00:00.000Z,execution_output_score,75.1,100,index,true
KPI-0031490,E-0212,execution,2024-10-01T00:00:00.000Z,2024-12-31T00:00:00.000Z,execution_output_score,61.4,100,index,true
KPI-0031492,E-0212,roadmap_prioritization,2024-10-01T00:00:00.000Z,2024-12-31T00:00:00.000Z,roadmap_prioritization_output_score,76.3,100,index,true
KPI-0031521,E-0212,roadmap_prioritization,2025-01-01T00:00:00.000Z,2025-03-31T00:00:00.000Z,roadmap_prioritization_output_score,71.5,100,index,true
KPI-0031530,E-0212,execution,2025-04-01T00:00:00.000Z,2025-06-30T00:00:00.000Z,execution_output_score,72.4,100,index,true
KPI-0031552,E-0212,execution,2025-07-01T00:00:00.000Z,2025-09-30T00:00:00.000Z,execution_output_score,78.5,100,index,true
KPI-0031554,E-0212,roadmap_prioritization,2025-07-01T00:00:00.000Z,2025-09-30T00:00:00.000Z,roadmap_prioritization_output_score,77.2,100,index,true
KPI-0031567,E-0212,roadmap_prioritization,2025-10-01T00:00:00.000Z,2025-12-31T00:00:00.000Z,roadmap_prioritization_output_score,78.7,100,index,true
KPI-0031584,E-0212,roadmap_prioritization,2026-01-01T00:00:00.000Z,2026-03-31T00:00:00.000Z,roadmap_prioritization_output_score,95,100,index,true
KPI-0031596,E-0212,execution,2026-04-01T00:00:00.000Z,2026-06-30T00:00:00.000Z,execution_output_score,100.9,100,index,true
KPI-0031598,E-0212,roadmap_prioritization,2026-04-01T00:00:00.000Z,2026-06-30T00:00:00.000Z,roadmap_prioritization_output_score,89.4,100,index,true
KPI-0031623,E-0212,execution,2026-07-01T00:00:00.000Z,2026-09-29T00:00:00.000Z,execution_output_score,113.8,100,index,true
KPI-0031642,E-0213,execution,2024-10-01T00:00:00.000Z,2024-12-31T00:00:00.000Z,execution_output_score,66.8,100,index,true
KPI-0031644,E-0213,visual_craft,2024-10-01T00:00:00.000Z,2024-12-31T00:00:00.000Z,visual_craft_output_score,102,100,index,true
KPI-0031659,E-0213,visual_craft,2025-01-01T00:00:00.000Z,2025-03-31T00:00:00.000Z,visual_craft_output_score,107.4,100,index,true
KPI-0031661,E-0213,execution,2025-04-01T00:00:00.000Z,2025-06-30T00:00:00.000Z,execution_output_score,61.6,100,index,true
KPI-0031663,E-0213,visual_craft,2025-04-01T00:00:00.000Z,2025-06-30T00:00:00.000Z,visual_craft_output_score,99.5,100,index,true
KPI-0031688,E-0213,execution,2025-07-01T00:00:00.000Z,2025-09-30T00:00:00.000Z,execution_output_score,63.9,100,index,true
KPI-0031700,E-0213,execution,2025-10-01T00:00:00.000Z,2025-12-31T00:00:00.000Z,execution_output_score,73,100,index,true
KPI-0031702,E-0213,visual_craft,2025-10-01T00:00:00.000Z,2025-12-31T00:00:00.000Z,visual_craft_output_score,90.8,100,index,true
KPI-0031722,E-0213,execution,2026-01-01T00:00:00.000Z,2026-03-31T00:00:00.000Z,execution_output_score,83.9,100,index,true
KPI-0031724,E-0213,visual_craft,2026-01-01T00:00:00.000Z,2026-03-31T00:00:00.000Z,visual_craft_output_score,90.3,100,index,true
KPI-0031726,E-0213,execution,2026-04-01T00:00:00.000Z,2026-06-30T00:00:00.000Z,execution_output_score,80.9,100,index,true
KPI-0031743,E-0213,execution,2026-07-01T00:00:00.000Z,2026-09-29T00:00:00.000Z,execution_output_score,88.2,100,index,true
KPI-0031745,E-0213,visual_craft,2026-07-01T00:00:00.000Z,2026-09-29T00:00:00.000Z,visual_craft_output_score,70.8,100,index,true
KPI-0031757,E-0214,execution,2024-10-01T00:00:00.000Z,2024-12-31T00:00:00.000Z,execution_output_score,107.3,100,index,true
KPI-0031759,E-0214,financial_modeling,2024-10-01T00:00:00.000Z,2024-12-31T00:00:00.000Z,financial_modeling_output_score,56.4,100,index,true
KPI-0031777,E-0214,execution,2025-01-01T00:00:00.000Z,2025-03-31T00:00:00.000Z,execution_output_score,104.8,100,index,true
KPI-0031779,E-0214,financial_modeling,2025-01-01T00:00:00.000Z,2025-03-31T00:00:00.000Z,financial_modeling_output_score,69.8,100,index,true
KPI-0031791,E-0214,execution,2025-04-01T00:00:00.000Z,2025-06-30T00:00:00.000Z,execution_output_score,109.8,100,index,true
KPI-0031805,E-0214,execution,2025-07-01T00:00:00.000Z,2025-09-30T00:00:00.000Z,execution_output_score,93.4,100,index,true
KPI-0031807,E-0214,financial_modeling,2025-07-01T00:00:00.000Z,2025-09-30T00:00:00.000Z,financial_modeling_output_score,79.4,100,index,true
KPI-0031816,E-0214,execution,2025-10-01T00:00:00.000Z,2025-12-31T00:00:00.000Z,execution_output_score,104.9,100,index,true
KPI-0031837,E-0214,execution,2026-01-01T00:00:00.000Z,2026-03-31T00:00:00.000Z,execution_output_score,89.5,100,index,true
KPI-0031862,E-0214,financial_modeling,2026-07-01T00:00:00.000Z,2026-09-29T00:00:00.000Z,financial_modeling_output_score,107.8,100,index,true
KPI-0031893,E-0215,talent_assessment,2024-10-01T00:00:00.000Z,2024-12-31T00:00:00.000Z,talent_assessment_output_score,69.7,100,index,true
KPI-0031917,E-0215,execution,2025-01-01T00:00:00.000Z,2025-03-31T00:00:00.000Z,execution_output_score,99.1,100,index,true
KPI-0031919,E-0215,talent_assessment,2025-01-01T00:00:00.000Z,2025-03-31T00:00:00.000Z,talent_assessment_output_score,71.5,100,index,true
KPI-0031925,E-0215,talent_assessment,2025-04-01T00:00:00.000Z,2025-06-30T00:00:00.000Z,talent_assessment_output_score,83.5,100,index,true
KPI-0031947,E-0215,talent_assessment,2025-07-01T00:00:00.000Z,2025-09-30T00:00:00.000Z,talent_assessment_output_score,80.3,100,index,true
KPI-0031961,E-0215,execution,2025-10-01T00:00:00.000Z,2025-12-31T00:00:00.000Z,execution_output_score,79.7,100,index,true
KPI-0031975,E-0215,execution,2026-01-01T00:00:00.000Z,2026-03-31T00:00:00.000Z,execution_output_score,79.8,100,index,true
KPI-0031986,E-0215,execution,2026-04-01T00:00:00.000Z,2026-06-30T00:00:00.000Z,execution_output_score,79.6,100,index,true
KPI-0031988,E-0215,talent_assessment,2026-04-01T00:00:00.000Z,2026-06-30T00:00:00.000Z,talent_assessment_output_score,98.8,100,index,true
KPI-0032003,E-0215,execution,2026-07-01T00:00:00.000Z,2026-09-29T00:00:00.000Z,execution_output_score,73.9,100,index,true
KPI-0032005,E-0215,talent_assessment,2026-07-01T00:00:00.000Z,2026-09-29T00:00:00.000Z,talent_assessment_output_score,96.4,100,index,true
KPI-0032026,E-0216,customer_resolution,2024-10-01T00:00:00.000Z,2024-12-31T00:00:00.000Z,customer_resolution_output_score,64.4,100,index,true
KPI-0032050,E-0216,execution,2025-01-01T00:00:00.000Z,2025-03-31T00:00:00.000Z,execution_output_score,73.2,100,index,true
KPI-0032063,E-0216,execution,2025-04-01T00:00:00.000Z,2025-06-30T00:00:00.000Z,execution_output_score,70.1,100,index,true
KPI-0032065,E-0216,customer_resolution,2025-04-01T00:00:00.000Z,2025-06-30T00:00:00.000Z,customer_resolution_output_score,62.4,100,index,true
KPI-0032094,E-0216,execution,2025-07-01T00:00:00.000Z,2025-09-30T00:00:00.000Z,execution_output_score,72,100,index,true
KPI-0032110,E-0216,execution,2025-10-01T00:00:00.000Z,2025-12-31T00:00:00.000Z,execution_output_score,78.5,100,index,true
KPI-0032132,E-0216,execution,2026-01-01T00:00:00.000Z,2026-03-31T00:00:00.000Z,execution_output_score,75.6,100,index,true
KPI-0032134,E-0216,customer_resolution,2026-01-01T00:00:00.000Z,2026-03-31T00:00:00.000Z,customer_resolution_output_score,79.3,100,index,true
KPI-0032143,E-0216,execution,2026-04-01T00:00:00.000Z,2026-06-30T00:00:00.000Z,execution_output_score,84.2,100,index,true
KPI-0032145,E-0216,customer_resolution,2026-04-01T00:00:00.000Z,2026-06-30T00:00:00.000Z,customer_resolution_output_score,65.1,100,index,true
KPI-0032176,E-0216,execution,2026-07-01T00:00:00.000Z,2026-09-29T00:00:00.000Z,execution_output_score,94.5,100,index,true
KPI-0032178,E-0216,customer_resolution,2026-07-01T00:00:00.000Z,2026-09-29T00:00:00.000Z,customer_resolution_output_score,64.8,100,index,true
KPI-0032199,E-0217,execution,2024-10-01T00:00:00.000Z,2024-12-31T00:00:00.000Z,execution_output_score,56,100,index,true
KPI-0032201,E-0217,system_design,2024-10-01T00:00:00.000Z,2024-12-31T00:00:00.000Z,system_design_output_score,59.6,100,index,true
KPI-0032225,E-0217,execution,2025-01-01T00:00:00.000Z,2025-03-31T00:00:00.000Z,execution_output_score,67.4,100,index,true
KPI-0032237,E-0217,execution,2025-04-01T00:00:00.000Z,2025-06-30T00:00:00.000Z,execution_output_score,57.1,100,index,true
KPI-0032239,E-0217,system_design,2025-04-01T00:00:00.000Z,2025-06-30T00:00:00.000Z,system_design_output_score,63.8,100,index,true
KPI-0032259,E-0217,execution,2025-07-01T00:00:00.000Z,2025-09-30T00:00:00.000Z,execution_output_score,61.6,100,index,true
KPI-0032261,E-0217,system_design,2025-07-01T00:00:00.000Z,2025-09-30T00:00:00.000Z,system_design_output_score,64.1,100,index,true
KPI-0032276,E-0217,execution,2025-10-01T00:00:00.000Z,2025-12-31T00:00:00.000Z,execution_output_score,65.6,100,index,true
KPI-0032278,E-0217,system_design,2025-10-01T00:00:00.000Z,2025-12-31T00:00:00.000Z,system_design_output_score,65.3,100,index,true
KPI-0032294,E-0217,execution,2026-01-01T00:00:00.000Z,2026-03-31T00:00:00.000Z,execution_output_score,72.3,100,index,true
KPI-0032306,E-0217,execution,2026-04-01T00:00:00.000Z,2026-06-30T00:00:00.000Z,execution_output_score,83.4,100,index,true
KPI-0032308,E-0217,system_design,2026-04-01T00:00:00.000Z,2026-06-30T00:00:00.000Z,system_design_output_score,76.4,100,index,true
KPI-0032336,E-0217,execution,2026-07-01T00:00:00.000Z,2026-09-29T00:00:00.000Z,execution_output_score,80.7,100,index,true
KPI-0032356,E-0218,execution,2024-10-01T00:00:00.000Z,2024-12-31T00:00:00.000Z,execution_output_score,64.9,100,index,true
KPI-0032358,E-0218,pipeline_mgmt,2024-10-01T00:00:00.000Z,2024-12-31T00:00:00.000Z,pipeline_mgmt_output_score,62.2,100,index,true
KPI-0032383,E-0218,pipeline_mgmt,2025-01-01T00:00:00.000Z,2025-03-31T00:00:00.000Z,pipeline_mgmt_output_score,71.3,100,index,true
KPI-0032399,E-0218,execution,2025-04-01T00:00:00.000Z,2025-06-30T00:00:00.000Z,execution_output_score,67.7,100,index,true
KPI-0032401,E-0218,pipeline_mgmt,2025-04-01T00:00:00.000Z,2025-06-30T00:00:00.000Z,pipeline_mgmt_output_score,75.8,100,index,true
KPI-0032424,E-0218,execution,2025-07-01T00:00:00.000Z,2025-09-30T00:00:00.000Z,execution_output_score,65,100,index,true
KPI-0032440,E-0218,execution,2025-10-01T00:00:00.000Z,2025-12-31T00:00:00.000Z,execution_output_score,68.5,100,index,true
KPI-0032460,E-0218,pipeline_mgmt,2026-01-01T00:00:00.000Z,2026-03-31T00:00:00.000Z,pipeline_mgmt_output_score,88.9,100,index,true
KPI-0032469,E-0218,execution,2026-04-01T00:00:00.000Z,2026-06-30T00:00:00.000Z,execution_output_score,57,100,index,true
KPI-0032471,E-0218,pipeline_mgmt,2026-04-01T00:00:00.000Z,2026-06-30T00:00:00.000Z,pipeline_mgmt_output_score,91.5,100,index,true
KPI-0032491,E-0218,execution,2026-07-01T00:00:00.000Z,2026-09-29T00:00:00.000Z,execution_output_score,74.7,100,index,true
KPI-0032515,E-0219,execution,2024-10-01T00:00:00.000Z,2024-12-31T00:00:00.000Z,execution_output_score,62.9,100,index,true
KPI-0032543,E-0219,campaign_strategy,2025-01-01T00:00:00.000Z,2025-03-31T00:00:00.000Z,campaign_strategy_output_score,79.5,100,index,true
KPI-0032558,E-0219,campaign_strategy,2025-04-01T00:00:00.000Z,2025-06-30T00:00:00.000Z,campaign_strategy_output_score,73.3,100,index,true
KPI-0032568,E-0219,campaign_strategy,2025-07-01T00:00:00.000Z,2025-09-30T00:00:00.000Z,campaign_strategy_output_score,79.9,100,index,true
KPI-0032576,E-0219,campaign_strategy,2025-10-01T00:00:00.000Z,2025-12-31T00:00:00.000Z,campaign_strategy_output_score,77.8,100,index,true
KPI-0032587,E-0219,campaign_strategy,2026-01-01T00:00:00.000Z,2026-03-31T00:00:00.000Z,campaign_strategy_output_score,70,100,index,true
KPI-0032604,E-0219,campaign_strategy,2026-04-01T00:00:00.000Z,2026-06-30T00:00:00.000Z,campaign_strategy_output_score,74,100,index,true
KPI-0032629,E-0219,campaign_strategy,2026-07-01T00:00:00.000Z,2026-09-29T00:00:00.000Z,campaign_strategy_output_score,63.6,100,index,true
KPI-0032658,E-0220,execution,2024-10-01T00:00:00.000Z,2024-12-31T00:00:00.000Z,execution_output_score,73.1,100,index,true
KPI-0032660,E-0220,roadmap_prioritization,2024-10-01T00:00:00.000Z,2024-12-31T00:00:00.000Z,roadmap_prioritization_output_score,75.9,100,index,true
KPI-0032685,E-0220,roadmap_prioritization,2025-01-01T00:00:00.000Z,2025-03-31T00:00:00.000Z,roadmap_prioritization_output_score,74.5,100,index,true
KPI-0032691,E-0220,execution,2025-04-01T00:00:00.000Z,2025-06-30T00:00:00.000Z,execution_output_score,81.2,100,index,true
KPI-0032693,E-0220,roadmap_prioritization,2025-04-01T00:00:00.000Z,2025-06-30T00:00:00.000Z,roadmap_prioritization_output_score,77.9,100,index,true
KPI-0032716,E-0220,roadmap_prioritization,2025-07-01T00:00:00.000Z,2025-09-30T00:00:00.000Z,roadmap_prioritization_output_score,88.4,100,index,true
KPI-0032735,E-0220,execution,2025-10-01T00:00:00.000Z,2025-12-31T00:00:00.000Z,execution_output_score,94,100,index,true
KPI-0032737,E-0220,roadmap_prioritization,2025-10-01T00:00:00.000Z,2025-12-31T00:00:00.000Z,roadmap_prioritization_output_score,93.6,100,index,true
KPI-0032756,E-0220,execution,2026-01-01T00:00:00.000Z,2026-03-31T00:00:00.000Z,execution_output_score,98.7,100,index,true
KPI-0032758,E-0220,roadmap_prioritization,2026-01-01T00:00:00.000Z,2026-03-31T00:00:00.000Z,roadmap_prioritization_output_score,89.8,100,index,true
KPI-0032764,E-0220,execution,2026-04-01T00:00:00.000Z,2026-06-30T00:00:00.000Z,execution_output_score,103.4,100,index,true
KPI-0032766,E-0220,roadmap_prioritization,2026-04-01T00:00:00.000Z,2026-06-30T00:00:00.000Z,roadmap_prioritization_output_score,103,100,index,true
KPI-0032791,E-0220,roadmap_prioritization,2026-07-01T00:00:00.000Z,2026-09-29T00:00:00.000Z,roadmap_prioritization_output_score,104.9,100,index,true
KPI-0032813,E-0221,execution,2024-10-01T00:00:00.000Z,2024-12-31T00:00:00.000Z,execution_output_score,78.3,100,index,true
KPI-0032815,E-0221,visual_craft,2024-10-01T00:00:00.000Z,2024-12-31T00:00:00.000Z,visual_craft_output_score,71.5,100,index,true
KPI-0032833,E-0221,visual_craft,2025-01-01T00:00:00.000Z,2025-03-31T00:00:00.000Z,visual_craft_output_score,66,100,index,true
KPI-0032849,E-0221,execution,2025-04-01T00:00:00.000Z,2025-06-30T00:00:00.000Z,execution_output_score,67.3,100,index,true
KPI-0032851,E-0221,visual_craft,2025-04-01T00:00:00.000Z,2025-06-30T00:00:00.000Z,visual_craft_output_score,68.9,100,index,true
KPI-0032877,E-0221,execution,2025-07-01T00:00:00.000Z,2025-09-30T00:00:00.000Z,execution_output_score,76.3,100,index,true
KPI-0032879,E-0221,visual_craft,2025-07-01T00:00:00.000Z,2025-09-30T00:00:00.000Z,visual_craft_output_score,66.8,100,index,true
KPI-0032895,E-0221,execution,2025-10-01T00:00:00.000Z,2025-12-31T00:00:00.000Z,execution_output_score,80.3,100,index,true
KPI-0032897,E-0221,visual_craft,2025-10-01T00:00:00.000Z,2025-12-31T00:00:00.000Z,visual_craft_output_score,63.3,100,index,true
KPI-0032923,E-0221,execution,2026-01-01T00:00:00.000Z,2026-03-31T00:00:00.000Z,execution_output_score,76.1,100,index,true
KPI-0032942,E-0221,execution,2026-04-01T00:00:00.000Z,2026-06-30T00:00:00.000Z,execution_output_score,74.3,100,index,true
KPI-0032944,E-0221,visual_craft,2026-04-01T00:00:00.000Z,2026-06-30T00:00:00.000Z,visual_craft_output_score,63.5,100,index,true
KPI-0032972,E-0221,visual_craft,2026-07-01T00:00:00.000Z,2026-09-29T00:00:00.000Z,visual_craft_output_score,73.6,100,index,true
KPI-0033007,E-0222,execution,2024-10-01T00:00:00.000Z,2024-12-31T00:00:00.000Z,execution_output_score,62.4,100,index,true
KPI-0033009,E-0222,financial_modeling,2024-10-01T00:00:00.000Z,2024-12-31T00:00:00.000Z,financial_modeling_output_score,69.5,100,index,true
KPI-0033023,E-0222,financial_modeling,2025-01-01T00:00:00.000Z,2025-03-31T00:00:00.000Z,financial_modeling_output_score,74.4,100,index,true
KPI-0033036,E-0222,execution,2025-04-01T00:00:00.000Z,2025-06-30T00:00:00.000Z,execution_output_score,72.4,100,index,true
KPI-0033038,E-0222,financial_modeling,2025-04-01T00:00:00.000Z,2025-06-30T00:00:00.000Z,financial_modeling_output_score,72,100,index,true
KPI-0033059,E-0222,execution,2025-07-01T00:00:00.000Z,2025-09-30T00:00:00.000Z,execution_output_score,66.4,100,index,true
KPI-0033061,E-0222,financial_modeling,2025-07-01T00:00:00.000Z,2025-09-30T00:00:00.000Z,financial_modeling_output_score,81.6,100,index,true
KPI-0033073,E-0222,execution,2025-10-01T00:00:00.000Z,2025-12-31T00:00:00.000Z,execution_output_score,74.7,100,index,true
KPI-0033075,E-0222,financial_modeling,2025-10-01T00:00:00.000Z,2025-12-31T00:00:00.000Z,financial_modeling_output_score,80.1,100,index,true
KPI-0033092,E-0222,execution,2026-01-01T00:00:00.000Z,2026-03-31T00:00:00.000Z,execution_output_score,79.8,100,index,true
KPI-0033094,E-0222,financial_modeling,2026-01-01T00:00:00.000Z,2026-03-31T00:00:00.000Z,financial_modeling_output_score,82.1,100,index,true
KPI-0033100,E-0222,execution,2026-04-01T00:00:00.000Z,2026-06-30T00:00:00.000Z,execution_output_score,78,100,index,true
KPI-0033102,E-0222,financial_modeling,2026-04-01T00:00:00.000Z,2026-06-30T00:00:00.000Z,financial_modeling_output_score,85,100,index,true
KPI-0033114,E-0222,execution,2026-07-01T00:00:00.000Z,2026-09-29T00:00:00.000Z,execution_output_score,82.3,100,index,true
KPI-0033116,E-0222,financial_modeling,2026-07-01T00:00:00.000Z,2026-09-29T00:00:00.000Z,financial_modeling_output_score,84.7,100,index,true
KPI-0033142,E-0223,talent_assessment,2024-10-01T00:00:00.000Z,2024-12-31T00:00:00.000Z,talent_assessment_output_score,65.3,100,index,true
KPI-0033160,E-0223,execution,2025-01-01T00:00:00.000Z,2025-03-31T00:00:00.000Z,execution_output_score,58,100,index,true
KPI-0033162,E-0223,talent_assessment,2025-01-01T00:00:00.000Z,2025-03-31T00:00:00.000Z,talent_assessment_output_score,67.7,100,index,true
KPI-0033171,E-0223,execution,2025-04-01T00:00:00.000Z,2025-06-30T00:00:00.000Z,execution_output_score,60.7,100,index,true
KPI-0033199,E-0223,execution,2025-07-01T00:00:00.000Z,2025-09-30T00:00:00.000Z,execution_output_score,70,100,index,true
KPI-0033201,E-0223,talent_assessment,2025-07-01T00:00:00.000Z,2025-09-30T00:00:00.000Z,talent_assessment_output_score,70.8,100,index,true
KPI-0033209,E-0223,execution,2025-10-01T00:00:00.000Z,2025-12-31T00:00:00.000Z,execution_output_score,75.5,100,index,true
KPI-0033211,E-0223,talent_assessment,2025-10-01T00:00:00.000Z,2025-12-31T00:00:00.000Z,talent_assessment_output_score,77.3,100,index,true
KPI-0033230,E-0223,execution,2026-01-01T00:00:00.000Z,2026-03-31T00:00:00.000Z,execution_output_score,79.7,100,index,true
KPI-0033232,E-0223,talent_assessment,2026-01-01T00:00:00.000Z,2026-03-31T00:00:00.000Z,talent_assessment_output_score,84.9,100,index,true
KPI-0033244,E-0223,execution,2026-04-01T00:00:00.000Z,2026-06-30T00:00:00.000Z,execution_output_score,91.3,100,index,true
KPI-0033268,E-0223,execution,2026-07-01T00:00:00.000Z,2026-09-29T00:00:00.000Z,execution_output_score,97.5,100,index,true
KPI-0033270,E-0223,talent_assessment,2026-07-01T00:00:00.000Z,2026-09-29T00:00:00.000Z,talent_assessment_output_score,96.3,100,index,true
KPI-0033292,E-0224,execution,2024-10-01T00:00:00.000Z,2024-12-31T00:00:00.000Z,execution_output_score,66.3,100,index,true
KPI-0033294,E-0224,customer_resolution,2024-10-01T00:00:00.000Z,2024-12-31T00:00:00.000Z,customer_resolution_output_score,71.6,100,index,true
KPI-0033317,E-0224,customer_resolution,2025-04-01T00:00:00.000Z,2025-06-30T00:00:00.000Z,customer_resolution_output_score,70.2,100,index,true
KPI-0033342,E-0224,execution,2025-07-01T00:00:00.000Z,2025-09-30T00:00:00.000Z,execution_output_score,88.8,100,index,true
KPI-0033344,E-0224,customer_resolution,2025-07-01T00:00:00.000Z,2025-09-30T00:00:00.000Z,customer_resolution_output_score,70.2,100,index,true
KPI-0033363,E-0224,execution,2025-10-01T00:00:00.000Z,2025-12-31T00:00:00.000Z,execution_output_score,84.6,100,index,true
KPI-0033394,E-0224,execution,2026-01-01T00:00:00.000Z,2026-03-31T00:00:00.000Z,execution_output_score,90.7,100,index,true
KPI-0033396,E-0224,customer_resolution,2026-01-01T00:00:00.000Z,2026-03-31T00:00:00.000Z,customer_resolution_output_score,80.6,100,index,true
KPI-0033404,E-0224,execution,2026-04-01T00:00:00.000Z,2026-06-30T00:00:00.000Z,execution_output_score,103.9,100,index,true
KPI-0033406,E-0224,customer_resolution,2026-04-01T00:00:00.000Z,2026-06-30T00:00:00.000Z,customer_resolution_output_score,89.1,100,index,true
KPI-0033429,E-0224,execution,2026-07-01T00:00:00.000Z,2026-09-29T00:00:00.000Z,execution_output_score,95.6,100,index,true
KPI-0033431,E-0224,customer_resolution,2026-07-01T00:00:00.000Z,2026-09-29T00:00:00.000Z,customer_resolution_output_score,97,100,index,true
KPI-0033446,E-0225,execution,2024-10-01T00:00:00.000Z,2024-12-31T00:00:00.000Z,execution_output_score,67.1,100,index,true
KPI-0033448,E-0225,system_design,2024-10-01T00:00:00.000Z,2024-12-31T00:00:00.000Z,system_design_output_score,69,100,index,true
KPI-0033460,E-0225,execution,2025-01-01T00:00:00.000Z,2025-03-31T00:00:00.000Z,execution_output_score,72.3,100,index,true
KPI-0033462,E-0225,system_design,2025-01-01T00:00:00.000Z,2025-03-31T00:00:00.000Z,system_design_output_score,72.4,100,index,true
KPI-0033475,E-0225,execution,2025-04-01T00:00:00.000Z,2025-06-30T00:00:00.000Z,execution_output_score,73.5,100,index,true
KPI-0033477,E-0225,system_design,2025-04-01T00:00:00.000Z,2025-06-30T00:00:00.000Z,system_design_output_score,83.2,100,index,true
KPI-0033502,E-0225,execution,2025-07-01T00:00:00.000Z,2025-09-30T00:00:00.000Z,execution_output_score,80.3,100,index,true
KPI-0033504,E-0225,system_design,2025-07-01T00:00:00.000Z,2025-09-30T00:00:00.000Z,system_design_output_score,82.8,100,index,true
KPI-0033513,E-0225,execution,2025-10-01T00:00:00.000Z,2025-12-31T00:00:00.000Z,execution_output_score,88.5,100,index,true
KPI-0033515,E-0225,system_design,2025-10-01T00:00:00.000Z,2025-12-31T00:00:00.000Z,system_design_output_score,90.3,100,index,true
KPI-0033542,E-0225,execution,2026-01-01T00:00:00.000Z,2026-03-31T00:00:00.000Z,execution_output_score,92.5,100,index,true
KPI-0033551,E-0225,execution,2026-04-01T00:00:00.000Z,2026-06-30T00:00:00.000Z,execution_output_score,97.9,100,index,true
KPI-0033553,E-0225,system_design,2026-04-01T00:00:00.000Z,2026-06-30T00:00:00.000Z,system_design_output_score,97.8,100,index,true
KPI-0033569,E-0225,execution,2026-07-01T00:00:00.000Z,2026-09-29T00:00:00.000Z,execution_output_score,104.3,100,index,true
KPI-0033571,E-0225,system_design,2026-07-01T00:00:00.000Z,2026-09-29T00:00:00.000Z,system_design_output_score,99.7,100,index,true
KPI-0033605,E-0226,execution,2024-10-01T00:00:00.000Z,2024-12-31T00:00:00.000Z,execution_output_score,72.6,100,index,true
KPI-0033607,E-0226,pipeline_mgmt,2024-10-01T00:00:00.000Z,2024-12-31T00:00:00.000Z,pipeline_mgmt_output_score,69.4,100,index,true
KPI-0033622,E-0226,pipeline_mgmt,2025-01-01T00:00:00.000Z,2025-03-31T00:00:00.000Z,pipeline_mgmt_output_score,72.8,100,index,true
KPI-0033631,E-0226,pipeline_mgmt,2025-04-01T00:00:00.000Z,2025-06-30T00:00:00.000Z,pipeline_mgmt_output_score,71.4,100,index,true
KPI-0033646,E-0226,execution,2025-07-01T00:00:00.000Z,2025-09-30T00:00:00.000Z,execution_output_score,86.3,100,index,true
KPI-0033648,E-0226,pipeline_mgmt,2025-07-01T00:00:00.000Z,2025-09-30T00:00:00.000Z,pipeline_mgmt_output_score,78.6,100,index,true
KPI-0033673,E-0227,execution,2024-10-01T00:00:00.000Z,2024-12-31T00:00:00.000Z,execution_output_score,102.6,100,index,true
KPI-0033695,E-0227,execution,2025-01-01T00:00:00.000Z,2025-03-31T00:00:00.000Z,execution_output_score,99.2,100,index,true
KPI-0033697,E-0227,campaign_strategy,2025-01-01T00:00:00.000Z,2025-03-31T00:00:00.000Z,campaign_strategy_output_score,79,100,index,true
KPI-0033712,E-0227,campaign_strategy,2025-04-01T00:00:00.000Z,2025-06-30T00:00:00.000Z,campaign_strategy_output_score,79.6,100,index,true
KPI-0033733,E-0227,execution,2025-07-01T00:00:00.000Z,2025-09-30T00:00:00.000Z,execution_output_score,77.5,100,index,true
KPI-0033735,E-0227,campaign_strategy,2025-07-01T00:00:00.000Z,2025-09-30T00:00:00.000Z,campaign_strategy_output_score,77.2,100,index,true
KPI-0033748,E-0227,execution,2025-10-01T00:00:00.000Z,2025-12-31T00:00:00.000Z,execution_output_score,80.3,100,index,true
KPI-0033750,E-0227,campaign_strategy,2025-10-01T00:00:00.000Z,2025-12-31T00:00:00.000Z,campaign_strategy_output_score,87,100,index,true
KPI-0033769,E-0227,execution,2026-01-01T00:00:00.000Z,2026-03-31T00:00:00.000Z,execution_output_score,84.1,100,index,true
KPI-0033771,E-0227,campaign_strategy,2026-01-01T00:00:00.000Z,2026-03-31T00:00:00.000Z,campaign_strategy_output_score,81.3,100,index,true
KPI-0033790,E-0227,execution,2026-04-01T00:00:00.000Z,2026-06-30T00:00:00.000Z,execution_output_score,75.4,100,index,true
KPI-0033792,E-0227,campaign_strategy,2026-04-01T00:00:00.000Z,2026-06-30T00:00:00.000Z,campaign_strategy_output_score,96.3,100,index,true
KPI-0033810,E-0227,execution,2026-07-01T00:00:00.000Z,2026-09-29T00:00:00.000Z,execution_output_score,77,100,index,true
KPI-0033812,E-0227,campaign_strategy,2026-07-01T00:00:00.000Z,2026-09-29T00:00:00.000Z,campaign_strategy_output_score,100.5,100,index,true
KPI-0033853,E-0228,execution,2025-01-01T00:00:00.000Z,2025-03-31T00:00:00.000Z,execution_output_score,79.4,100,index,true
KPI-0033866,E-0228,roadmap_prioritization,2025-04-01T00:00:00.000Z,2025-06-30T00:00:00.000Z,roadmap_prioritization_output_score,73.2,100,index,true
KPI-0033891,E-0228,execution,2025-07-01T00:00:00.000Z,2025-09-30T00:00:00.000Z,execution_output_score,81.9,100,index,true
KPI-0033903,E-0228,execution,2025-10-01T00:00:00.000Z,2025-12-31T00:00:00.000Z,execution_output_score,80.2,100,index,true
KPI-0033905,E-0228,roadmap_prioritization,2025-10-01T00:00:00.000Z,2025-12-31T00:00:00.000Z,roadmap_prioritization_output_score,78,100,index,true
KPI-0033924,E-0228,execution,2026-01-01T00:00:00.000Z,2026-03-31T00:00:00.000Z,execution_output_score,75.7,100,index,true
KPI-0033926,E-0228,roadmap_prioritization,2026-01-01T00:00:00.000Z,2026-03-31T00:00:00.000Z,roadmap_prioritization_output_score,84.8,100,index,true
KPI-0033935,E-0228,roadmap_prioritization,2026-04-01T00:00:00.000Z,2026-06-30T00:00:00.000Z,roadmap_prioritization_output_score,91.6,100,index,true
KPI-0033953,E-0228,execution,2026-07-01T00:00:00.000Z,2026-09-29T00:00:00.000Z,execution_output_score,72.3,100,index,true
KPI-0033955,E-0228,roadmap_prioritization,2026-07-01T00:00:00.000Z,2026-09-29T00:00:00.000Z,roadmap_prioritization_output_score,97.2,100,index,true
KPI-0033981,E-0229,execution,2024-10-01T00:00:00.000Z,2024-12-31T00:00:00.000Z,execution_output_score,98.5,100,index,true
KPI-0034009,E-0229,execution,2025-04-01T00:00:00.000Z,2025-06-30T00:00:00.000Z,execution_output_score,96.6,100,index,true
KPI-0034011,E-0229,visual_craft,2025-04-01T00:00:00.000Z,2025-06-30T00:00:00.000Z,visual_craft_output_score,72.1,100,index,true
KPI-0034034,E-0229,execution,2025-07-01T00:00:00.000Z,2025-09-30T00:00:00.000Z,execution_output_score,91.8,100,index,true
KPI-0034036,E-0229,visual_craft,2025-07-01T00:00:00.000Z,2025-09-30T00:00:00.000Z,visual_craft_output_score,71.9,100,index,true
KPI-0034052,E-0229,execution,2025-10-01T00:00:00.000Z,2025-12-31T00:00:00.000Z,execution_output_score,84.9,100,index,true
KPI-0034054,E-0229,visual_craft,2025-10-01T00:00:00.000Z,2025-12-31T00:00:00.000Z,visual_craft_output_score,79.6,100,index,true
KPI-0034074,E-0229,visual_craft,2026-01-01T00:00:00.000Z,2026-03-31T00:00:00.000Z,visual_craft_output_score,83.8,100,index,true
KPI-0034086,E-0229,execution,2026-04-01T00:00:00.000Z,2026-06-30T00:00:00.000Z,execution_output_score,79.1,100,index,true
KPI-0034088,E-0229,visual_craft,2026-04-01T00:00:00.000Z,2026-06-30T00:00:00.000Z,visual_craft_output_score,65.8,100,index,true
KPI-0034116,E-0229,execution,2026-07-01T00:00:00.000Z,2026-09-29T00:00:00.000Z,execution_output_score,70.9,100,index,true
KPI-0034118,E-0229,visual_craft,2026-07-01T00:00:00.000Z,2026-09-29T00:00:00.000Z,visual_craft_output_score,74.1,100,index,true
KPI-0034148,E-0230,execution,2024-10-01T00:00:00.000Z,2024-12-31T00:00:00.000Z,execution_output_score,72.5,100,index,true
KPI-0034150,E-0230,financial_modeling,2024-10-01T00:00:00.000Z,2024-12-31T00:00:00.000Z,financial_modeling_output_score,60.1,100,index,true
KPI-0034169,E-0230,execution,2025-01-01T00:00:00.000Z,2025-03-31T00:00:00.000Z,execution_output_score,79.5,100,index,true
KPI-0034171,E-0230,financial_modeling,2025-01-01T00:00:00.000Z,2025-03-31T00:00:00.000Z,financial_modeling_output_score,61,100,index,true
KPI-0034184,E-0230,execution,2025-04-01T00:00:00.000Z,2025-06-30T00:00:00.000Z,execution_output_score,73,100,index,true
KPI-0034186,E-0230,financial_modeling,2025-04-01T00:00:00.000Z,2025-06-30T00:00:00.000Z,financial_modeling_output_score,77.2,100,index,true
KPI-0034207,E-0230,execution,2025-07-01T00:00:00.000Z,2025-09-30T00:00:00.000Z,execution_output_score,68.8,100,index,true
KPI-0034219,E-0230,financial_modeling,2025-10-01T00:00:00.000Z,2025-12-31T00:00:00.000Z,financial_modeling_output_score,70.6,100,index,true
KPI-0034250,E-0230,financial_modeling,2026-01-01T00:00:00.000Z,2026-03-31T00:00:00.000Z,financial_modeling_output_score,83.9,100,index,true
KPI-0034269,E-0230,execution,2026-04-01T00:00:00.000Z,2026-06-30T00:00:00.000Z,execution_output_score,62.9,100,index,true
KPI-0034271,E-0230,financial_modeling,2026-04-01T00:00:00.000Z,2026-06-30T00:00:00.000Z,financial_modeling_output_score,94.6,100,index,true
KPI-0034292,E-0230,execution,2026-07-01T00:00:00.000Z,2026-09-29T00:00:00.000Z,execution_output_score,74.4,100,index,true
KPI-0034294,E-0230,financial_modeling,2026-07-01T00:00:00.000Z,2026-09-29T00:00:00.000Z,financial_modeling_output_score,98.2,100,index,true
KPI-0034327,E-0231,talent_assessment,2024-10-01T00:00:00.000Z,2024-12-31T00:00:00.000Z,talent_assessment_output_score,65.9,100,index,true
KPI-0034353,E-0231,execution,2025-01-01T00:00:00.000Z,2025-03-31T00:00:00.000Z,execution_output_score,78.8,100,index,true
KPI-0034355,E-0231,talent_assessment,2025-01-01T00:00:00.000Z,2025-03-31T00:00:00.000Z,talent_assessment_output_score,70.5,100,index,true
KPI-0034361,E-0231,execution,2025-04-01T00:00:00.000Z,2025-06-30T00:00:00.000Z,execution_output_score,80.3,100,index,true
KPI-0034363,E-0231,talent_assessment,2025-04-01T00:00:00.000Z,2025-06-30T00:00:00.000Z,talent_assessment_output_score,83.4,100,index,true
KPI-0034378,E-0231,execution,2025-07-01T00:00:00.000Z,2025-09-30T00:00:00.000Z,execution_output_score,80.1,100,index,true
KPI-0034380,E-0231,talent_assessment,2025-07-01T00:00:00.000Z,2025-09-30T00:00:00.000Z,talent_assessment_output_score,77.4,100,index,true
KPI-0034397,E-0231,execution,2025-10-01T00:00:00.000Z,2025-12-31T00:00:00.000Z,execution_output_score,84.3,100,index,true
KPI-0034399,E-0231,talent_assessment,2025-10-01T00:00:00.000Z,2025-12-31T00:00:00.000Z,talent_assessment_output_score,83.6,100,index,true
KPI-0034410,E-0231,execution,2026-01-01T00:00:00.000Z,2026-03-31T00:00:00.000Z,execution_output_score,75.6,100,index,true
KPI-0034412,E-0231,talent_assessment,2026-01-01T00:00:00.000Z,2026-03-31T00:00:00.000Z,talent_assessment_output_score,77.2,100,index,true
KPI-0034423,E-0231,talent_assessment,2026-04-01T00:00:00.000Z,2026-06-30T00:00:00.000Z,talent_assessment_output_score,79.9,100,index,true
KPI-0034444,E-0231,execution,2026-07-01T00:00:00.000Z,2026-09-29T00:00:00.000Z,execution_output_score,89.8,100,index,true
KPI-0034446,E-0231,talent_assessment,2026-07-01T00:00:00.000Z,2026-09-29T00:00:00.000Z,talent_assessment_output_score,83.6,100,index,true
KPI-0034480,E-0232,customer_resolution,2025-01-01T00:00:00.000Z,2025-03-31T00:00:00.000Z,customer_resolution_output_score,69.3,100,index,true
KPI-0034489,E-0232,execution,2025-04-01T00:00:00.000Z,2025-06-30T00:00:00.000Z,execution_output_score,65.4,100,index,true
KPI-0034491,E-0232,customer_resolution,2025-04-01T00:00:00.000Z,2025-06-30T00:00:00.000Z,customer_resolution_output_score,74.8,100,index,true
KPI-0034512,E-0232,execution,2025-07-01T00:00:00.000Z,2025-09-30T00:00:00.000Z,execution_output_score,69.5,100,index,true
KPI-0034514,E-0232,customer_resolution,2025-07-01T00:00:00.000Z,2025-09-30T00:00:00.000Z,customer_resolution_output_score,77.2,100,index,true
KPI-0034516,E-0232,execution,2025-10-01T00:00:00.000Z,2025-12-31T00:00:00.000Z,execution_output_score,61.1,100,index,true
KPI-0034518,E-0232,customer_resolution,2025-10-01T00:00:00.000Z,2025-12-31T00:00:00.000Z,customer_resolution_output_score,76.7,100,index,true
KPI-0034533,E-0232,execution,2026-01-01T00:00:00.000Z,2026-03-31T00:00:00.000Z,execution_output_score,65.3,100,index,true
KPI-0034535,E-0232,customer_resolution,2026-01-01T00:00:00.000Z,2026-03-31T00:00:00.000Z,customer_resolution_output_score,83.4,100,index,true
KPI-0034541,E-0232,execution,2026-04-01T00:00:00.000Z,2026-06-30T00:00:00.000Z,execution_output_score,65.8,100,index,true
KPI-0034543,E-0232,customer_resolution,2026-04-01T00:00:00.000Z,2026-06-30T00:00:00.000Z,customer_resolution_output_score,90.1,100,index,true
KPI-0034557,E-0232,execution,2026-07-01T00:00:00.000Z,2026-09-29T00:00:00.000Z,execution_output_score,65.3,100,index,true
KPI-0034559,E-0232,customer_resolution,2026-07-01T00:00:00.000Z,2026-09-29T00:00:00.000Z,customer_resolution_output_score,97.4,100,index,true
KPI-0034573,E-0233,execution,2024-10-01T00:00:00.000Z,2024-12-31T00:00:00.000Z,execution_output_score,71.1,100,index,true
KPI-0034575,E-0233,system_design,2024-10-01T00:00:00.000Z,2024-12-31T00:00:00.000Z,system_design_output_score,94.1,100,index,true
KPI-0034587,E-0233,execution,2025-01-01T00:00:00.000Z,2025-03-31T00:00:00.000Z,execution_output_score,78.9,100,index,true
KPI-0034589,E-0233,execution,2025-04-01T00:00:00.000Z,2025-06-30T00:00:00.000Z,execution_output_score,70.8,100,index,true
KPI-0034610,E-0233,system_design,2025-07-01T00:00:00.000Z,2025-09-30T00:00:00.000Z,system_design_output_score,109.4,100,index,true
KPI-0034624,E-0233,execution,2025-10-01T00:00:00.000Z,2025-12-31T00:00:00.000Z,execution_output_score,88.2,100,index,true
KPI-0034639,E-0233,system_design,2026-01-01T00:00:00.000Z,2026-03-31T00:00:00.000Z,system_design_output_score,105.9,100,index,true
KPI-0034658,E-0233,execution,2026-07-01T00:00:00.000Z,2026-09-29T00:00:00.000Z,execution_output_score,103.9,100,index,true
KPI-0034660,E-0233,system_design,2026-07-01T00:00:00.000Z,2026-09-29T00:00:00.000Z,system_design_output_score,115.7,100,index,true
KPI-0034680,E-0234,execution,2024-10-01T00:00:00.000Z,2024-12-31T00:00:00.000Z,execution_output_score,65.9,100,index,true
KPI-0034700,E-0234,execution,2025-01-01T00:00:00.000Z,2025-03-31T00:00:00.000Z,execution_output_score,73.5,100,index,true
KPI-0034702,E-0234,pipeline_mgmt,2025-01-01T00:00:00.000Z,2025-03-31T00:00:00.000Z,pipeline_mgmt_output_score,78.8,100,index,true
KPI-0034721,E-0234,pipeline_mgmt,2025-04-01T00:00:00.000Z,2025-06-30T00:00:00.000Z,pipeline_mgmt_output_score,89.5,100,index,true
KPI-0034742,E-0234,execution,2025-07-01T00:00:00.000Z,2025-09-30T00:00:00.000Z,execution_output_score,65.5,100,index,true
KPI-0034744,E-0234,pipeline_mgmt,2025-07-01T00:00:00.000Z,2025-09-30T00:00:00.000Z,pipeline_mgmt_output_score,90.2,100,index,true
KPI-0034756,E-0234,execution,2025-10-01T00:00:00.000Z,2025-12-31T00:00:00.000Z,execution_output_score,65.9,100,index,true
KPI-0034758,E-0234,pipeline_mgmt,2025-10-01T00:00:00.000Z,2025-12-31T00:00:00.000Z,pipeline_mgmt_output_score,91.6,100,index,true
KPI-0034782,E-0234,pipeline_mgmt,2026-01-01T00:00:00.000Z,2026-03-31T00:00:00.000Z,pipeline_mgmt_output_score,96.8,100,index,true
KPI-0034798,E-0234,execution,2026-04-01T00:00:00.000Z,2026-06-30T00:00:00.000Z,execution_output_score,75.8,100,index,true
KPI-0034800,E-0234,pipeline_mgmt,2026-04-01T00:00:00.000Z,2026-06-30T00:00:00.000Z,pipeline_mgmt_output_score,108.3,100,index,true
KPI-0034821,E-0234,execution,2026-07-01T00:00:00.000Z,2026-09-29T00:00:00.000Z,execution_output_score,66.6,100,index,true
KPI-0034823,E-0234,pipeline_mgmt,2026-07-01T00:00:00.000Z,2026-09-29T00:00:00.000Z,pipeline_mgmt_output_score,117.3,100,index,true
KPI-0034852,E-0235,execution,2024-10-01T00:00:00.000Z,2024-12-31T00:00:00.000Z,execution_output_score,58,100,index,true
KPI-0034854,E-0235,campaign_strategy,2024-10-01T00:00:00.000Z,2024-12-31T00:00:00.000Z,campaign_strategy_output_score,102.7,100,index,true
KPI-0034871,E-0235,execution,2025-01-01T00:00:00.000Z,2025-03-31T00:00:00.000Z,execution_output_score,64.7,100,index,true
KPI-0034873,E-0235,campaign_strategy,2025-01-01T00:00:00.000Z,2025-03-31T00:00:00.000Z,campaign_strategy_output_score,91.4,100,index,true
KPI-0034892,E-0235,execution,2025-04-01T00:00:00.000Z,2025-06-30T00:00:00.000Z,execution_output_score,65.9,100,index,true
KPI-0034923,E-0235,execution,2025-07-01T00:00:00.000Z,2025-09-30T00:00:00.000Z,execution_output_score,72.9,100,index,true
KPI-0034925,E-0235,campaign_strategy,2025-07-01T00:00:00.000Z,2025-09-30T00:00:00.000Z,campaign_strategy_output_score,86.3,100,index,true
KPI-0034937,E-0235,execution,2025-10-01T00:00:00.000Z,2025-12-31T00:00:00.000Z,execution_output_score,73.1,100,index,true
KPI-0034939,E-0235,campaign_strategy,2025-10-01T00:00:00.000Z,2025-12-31T00:00:00.000Z,campaign_strategy_output_score,82.2,100,index,true
KPI-0034964,E-0235,execution,2026-01-01T00:00:00.000Z,2026-03-31T00:00:00.000Z,execution_output_score,76.1,100,index,true
KPI-0034966,E-0235,campaign_strategy,2026-01-01T00:00:00.000Z,2026-03-31T00:00:00.000Z,campaign_strategy_output_score,76.8,100,index,true
KPI-0034971,E-0235,execution,2026-04-01T00:00:00.000Z,2026-06-30T00:00:00.000Z,execution_output_score,82.1,100,index,true
KPI-0034973,E-0235,campaign_strategy,2026-04-01T00:00:00.000Z,2026-06-30T00:00:00.000Z,campaign_strategy_output_score,52,100,index,true
KPI-0034996,E-0235,execution,2026-07-01T00:00:00.000Z,2026-09-29T00:00:00.000Z,execution_output_score,92.4,100,index,true
KPI-0034998,E-0235,campaign_strategy,2026-07-01T00:00:00.000Z,2026-09-29T00:00:00.000Z,campaign_strategy_output_score,55.2,100,index,true
KPI-0035025,E-0236,execution,2024-10-01T00:00:00.000Z,2024-12-31T00:00:00.000Z,execution_output_score,74.4,100,index,true
KPI-0035027,E-0236,roadmap_prioritization,2024-10-01T00:00:00.000Z,2024-12-31T00:00:00.000Z,roadmap_prioritization_output_score,69.4,100,index,true
KPI-0035042,E-0236,execution,2025-01-01T00:00:00.000Z,2025-03-31T00:00:00.000Z,execution_output_score,72.9,100,index,true
KPI-0035044,E-0236,roadmap_prioritization,2025-01-01T00:00:00.000Z,2025-03-31T00:00:00.000Z,roadmap_prioritization_output_score,70.1,100,index,true
KPI-0035060,E-0236,execution,2025-04-01T00:00:00.000Z,2025-06-30T00:00:00.000Z,execution_output_score,74.5,100,index,true
KPI-0035062,E-0236,roadmap_prioritization,2025-04-01T00:00:00.000Z,2025-06-30T00:00:00.000Z,roadmap_prioritization_output_score,72.3,100,index,true
KPI-0035091,E-0236,execution,2025-07-01T00:00:00.000Z,2025-09-30T00:00:00.000Z,execution_output_score,68.2,100,index,true
KPI-0035093,E-0236,roadmap_prioritization,2025-07-01T00:00:00.000Z,2025-09-30T00:00:00.000Z,roadmap_prioritization_output_score,78.7,100,index,true
KPI-0035104,E-0236,execution,2025-10-01T00:00:00.000Z,2025-12-31T00:00:00.000Z,execution_output_score,68.2,100,index,true
KPI-0035106,E-0236,roadmap_prioritization,2025-10-01T00:00:00.000Z,2025-12-31T00:00:00.000Z,roadmap_prioritization_output_score,88,100,index,true
KPI-0035120,E-0236,execution,2026-01-01T00:00:00.000Z,2026-03-31T00:00:00.000Z,execution_output_score,83.3,100,index,true
KPI-0035122,E-0236,roadmap_prioritization,2026-01-01T00:00:00.000Z,2026-03-31T00:00:00.000Z,roadmap_prioritization_output_score,86.1,100,index,true
KPI-0035134,E-0236,execution,2026-04-01T00:00:00.000Z,2026-06-30T00:00:00.000Z,execution_output_score,90.2,100,index,true
KPI-0035136,E-0236,roadmap_prioritization,2026-04-01T00:00:00.000Z,2026-06-30T00:00:00.000Z,roadmap_prioritization_output_score,97.2,100,index,true
KPI-0035153,E-0236,roadmap_prioritization,2026-07-01T00:00:00.000Z,2026-09-29T00:00:00.000Z,roadmap_prioritization_output_score,97.8,100,index,true
KPI-0035178,E-0237,execution,2024-10-01T00:00:00.000Z,2024-12-31T00:00:00.000Z,execution_output_score,75,100,index,true
KPI-0035180,E-0237,visual_craft,2024-10-01T00:00:00.000Z,2024-12-31T00:00:00.000Z,visual_craft_output_score,67.3,100,index,true
KPI-0035199,E-0237,execution,2025-01-01T00:00:00.000Z,2025-03-31T00:00:00.000Z,execution_output_score,78.8,100,index,true
KPI-0035201,E-0237,visual_craft,2025-01-01T00:00:00.000Z,2025-03-31T00:00:00.000Z,visual_craft_output_score,66.1,100,index,true
KPI-0035217,E-0237,execution,2025-04-01T00:00:00.000Z,2025-06-30T00:00:00.000Z,execution_output_score,74.8,100,index,true
KPI-0035219,E-0237,visual_craft,2025-04-01T00:00:00.000Z,2025-06-30T00:00:00.000Z,visual_craft_output_score,61.9,100,index,true
KPI-0035237,E-0237,execution,2025-07-01T00:00:00.000Z,2025-09-30T00:00:00.000Z,execution_output_score,66.9,100,index,true
KPI-0035239,E-0237,visual_craft,2025-07-01T00:00:00.000Z,2025-09-30T00:00:00.000Z,visual_craft_output_score,66,100,index,true
KPI-0035252,E-0237,execution,2025-10-01T00:00:00.000Z,2025-12-31T00:00:00.000Z,execution_output_score,70.7,100,index,true
KPI-0035254,E-0237,visual_craft,2025-10-01T00:00:00.000Z,2025-12-31T00:00:00.000Z,visual_craft_output_score,71.4,100,index,true
KPI-0035276,E-0237,execution,2026-01-01T00:00:00.000Z,2026-03-31T00:00:00.000Z,execution_output_score,70.9,100,index,true
KPI-0035278,E-0237,visual_craft,2026-01-01T00:00:00.000Z,2026-03-31T00:00:00.000Z,visual_craft_output_score,78.6,100,index,true
KPI-0035291,E-0237,execution,2026-04-01T00:00:00.000Z,2026-06-30T00:00:00.000Z,execution_output_score,72.8,100,index,true
KPI-0035315,E-0237,execution,2026-07-01T00:00:00.000Z,2026-09-29T00:00:00.000Z,execution_output_score,74.7,100,index,true
KPI-0035317,E-0237,visual_craft,2026-07-01T00:00:00.000Z,2026-09-29T00:00:00.000Z,visual_craft_output_score,92.5,100,index,true
KPI-0035337,E-0238,execution,2024-10-01T00:00:00.000Z,2024-12-31T00:00:00.000Z,execution_output_score,66,100,index,true
KPI-0035339,E-0238,financial_modeling,2024-10-01T00:00:00.000Z,2024-12-31T00:00:00.000Z,financial_modeling_output_score,74.8,100,index,true
KPI-0035357,E-0238,execution,2025-01-01T00:00:00.000Z,2025-03-31T00:00:00.000Z,execution_output_score,65.5,100,index,true
KPI-0035359,E-0238,financial_modeling,2025-01-01T00:00:00.000Z,2025-03-31T00:00:00.000Z,financial_modeling_output_score,70.2,100,index,true
KPI-0035365,E-0238,execution,2025-04-01T00:00:00.000Z,2025-06-30T00:00:00.000Z,execution_output_score,72.4,100,index,true
KPI-0035367,E-0238,financial_modeling,2025-04-01T00:00:00.000Z,2025-06-30T00:00:00.000Z,financial_modeling_output_score,69.7,100,index,true
KPI-0035385,E-0238,execution,2025-07-01T00:00:00.000Z,2025-09-30T00:00:00.000Z,execution_output_score,70,100,index,true
KPI-0035387,E-0238,financial_modeling,2025-07-01T00:00:00.000Z,2025-09-30T00:00:00.000Z,financial_modeling_output_score,67.6,100,index,true
KPI-0035393,E-0238,execution,2025-10-01T00:00:00.000Z,2025-12-31T00:00:00.000Z,execution_output_score,62.1,100,index,true
KPI-0035395,E-0238,financial_modeling,2025-10-01T00:00:00.000Z,2025-12-31T00:00:00.000Z,financial_modeling_output_score,67.5,100,index,true
KPI-0035418,E-0238,execution,2026-01-01T00:00:00.000Z,2026-03-31T00:00:00.000Z,execution_output_score,76.8,100,index,true
KPI-0035431,E-0238,execution,2026-04-01T00:00:00.000Z,2026-06-30T00:00:00.000Z,execution_output_score,67.6,100,index,true
KPI-0035433,E-0238,financial_modeling,2026-04-01T00:00:00.000Z,2026-06-30T00:00:00.000Z,financial_modeling_output_score,72.5,100,index,true
KPI-0035458,E-0238,execution,2026-07-01T00:00:00.000Z,2026-09-29T00:00:00.000Z,execution_output_score,69.7,100,index,true
KPI-0035460,E-0238,financial_modeling,2026-07-01T00:00:00.000Z,2026-09-29T00:00:00.000Z,financial_modeling_output_score,81.9,100,index,true
KPI-0035489,E-0239,talent_assessment,2024-10-01T00:00:00.000Z,2024-12-31T00:00:00.000Z,talent_assessment_output_score,76.7,100,index,true
KPI-0035513,E-0239,talent_assessment,2025-01-01T00:00:00.000Z,2025-03-31T00:00:00.000Z,talent_assessment_output_score,69.6,100,index,true
KPI-0035522,E-0239,execution,2025-04-01T00:00:00.000Z,2025-06-30T00:00:00.000Z,execution_output_score,62.3,100,index,true
KPI-0035544,E-0239,talent_assessment,2025-07-01T00:00:00.000Z,2025-09-30T00:00:00.000Z,talent_assessment_output_score,83.1,100,index,true
KPI-0035559,E-0239,execution,2025-10-01T00:00:00.000Z,2025-12-31T00:00:00.000Z,execution_output_score,64.8,100,index,true
KPI-0035561,E-0239,talent_assessment,2025-10-01T00:00:00.000Z,2025-12-31T00:00:00.000Z,talent_assessment_output_score,73.7,100,index,true
KPI-0035581,E-0239,execution,2026-01-01T00:00:00.000Z,2026-03-31T00:00:00.000Z,execution_output_score,66,100,index,true
KPI-0035596,E-0239,execution,2026-04-01T00:00:00.000Z,2026-06-30T00:00:00.000Z,execution_output_score,78.7,100,index,true
KPI-0035598,E-0239,talent_assessment,2026-04-01T00:00:00.000Z,2026-06-30T00:00:00.000Z,talent_assessment_output_score,74.3,100,index,true
KPI-0035618,E-0239,talent_assessment,2026-07-01T00:00:00.000Z,2026-09-29T00:00:00.000Z,talent_assessment_output_score,73.6,100,index,true
KPI-0035646,E-0240,execution,2024-10-01T00:00:00.000Z,2024-12-31T00:00:00.000Z,execution_output_score,64,100,index,true
KPI-0035648,E-0240,customer_resolution,2024-10-01T00:00:00.000Z,2024-12-31T00:00:00.000Z,customer_resolution_output_score,68.1,100,index,true
KPI-0035670,E-0240,execution,2025-01-01T00:00:00.000Z,2025-03-31T00:00:00.000Z,execution_output_score,70.8,100,index,true
KPI-0035672,E-0240,customer_resolution,2025-01-01T00:00:00.000Z,2025-03-31T00:00:00.000Z,customer_resolution_output_score,77.4,100,index,true
KPI-0035678,E-0240,execution,2025-04-01T00:00:00.000Z,2025-06-30T00:00:00.000Z,execution_output_score,75.1,100,index,true
KPI-0035680,E-0240,customer_resolution,2025-04-01T00:00:00.000Z,2025-06-30T00:00:00.000Z,customer_resolution_output_score,77.6,100,index,true
KPI-0035702,E-0240,execution,2025-07-01T00:00:00.000Z,2025-09-30T00:00:00.000Z,execution_output_score,85.2,100,index,true
KPI-0035720,E-0240,execution,2025-10-01T00:00:00.000Z,2025-12-31T00:00:00.000Z,execution_output_score,75.3,100,index,true
KPI-0035722,E-0240,customer_resolution,2025-10-01T00:00:00.000Z,2025-12-31T00:00:00.000Z,customer_resolution_output_score,92.6,100,index,true
KPI-0035738,E-0240,customer_resolution,2026-01-01T00:00:00.000Z,2026-03-31T00:00:00.000Z,customer_resolution_output_score,100.5,100,index,true
KPI-0035750,E-0240,execution,2026-04-01T00:00:00.000Z,2026-06-30T00:00:00.000Z,execution_output_score,101.3,100,index,true
KPI-0035772,E-0240,execution,2026-07-01T00:00:00.000Z,2026-09-29T00:00:00.000Z,execution_output_score,99,100,index,true
KPI-0035788,E-0241,execution,2024-10-01T00:00:00.000Z,2024-12-31T00:00:00.000Z,execution_output_score,75.3,100,index,true
KPI-0035790,E-0241,system_design,2024-10-01T00:00:00.000Z,2024-12-31T00:00:00.000Z,system_design_output_score,85,100,index,true
KPI-0035813,E-0241,execution,2025-01-01T00:00:00.000Z,2025-03-31T00:00:00.000Z,execution_output_score,68.3,100,index,true
KPI-0035815,E-0241,system_design,2025-01-01T00:00:00.000Z,2025-03-31T00:00:00.000Z,system_design_output_score,87,100,index,true
KPI-0035828,E-0241,execution,2025-04-01T00:00:00.000Z,2025-06-30T00:00:00.000Z,execution_output_score,80.1,100,index,true
KPI-0035830,E-0241,system_design,2025-04-01T00:00:00.000Z,2025-06-30T00:00:00.000Z,system_design_output_score,86.3,100,index,true
KPI-0035845,E-0241,execution,2025-07-01T00:00:00.000Z,2025-09-30T00:00:00.000Z,execution_output_score,83.4,100,index,true
KPI-0035854,E-0241,execution,2025-10-01T00:00:00.000Z,2025-12-31T00:00:00.000Z,execution_output_score,85,100,index,true
KPI-0035856,E-0241,system_design,2025-10-01T00:00:00.000Z,2025-12-31T00:00:00.000Z,system_design_output_score,77.1,100,index,true
KPI-0035884,E-0241,execution,2026-01-01T00:00:00.000Z,2026-03-31T00:00:00.000Z,execution_output_score,85.9,100,index,true
KPI-0035886,E-0241,system_design,2026-01-01T00:00:00.000Z,2026-03-31T00:00:00.000Z,system_design_output_score,85.5,100,index,true
KPI-0035902,E-0241,execution,2026-04-01T00:00:00.000Z,2026-06-30T00:00:00.000Z,execution_output_score,94.3,100,index,true
KPI-0035904,E-0241,system_design,2026-04-01T00:00:00.000Z,2026-06-30T00:00:00.000Z,system_design_output_score,89.8,100,index,true
KPI-0035935,E-0241,execution,2026-07-01T00:00:00.000Z,2026-09-29T00:00:00.000Z,execution_output_score,102.1,100,index,true
KPI-0035937,E-0241,system_design,2026-07-01T00:00:00.000Z,2026-09-29T00:00:00.000Z,system_design_output_score,84.8,100,index,true
KPI-0035960,E-0242,execution,2024-10-01T00:00:00.000Z,2024-12-31T00:00:00.000Z,execution_output_score,108.3,100,index,true
KPI-0035981,E-0242,execution,2025-01-01T00:00:00.000Z,2025-03-31T00:00:00.000Z,execution_output_score,104.4,100,index,true
KPI-0035983,E-0242,pipeline_mgmt,2025-01-01T00:00:00.000Z,2025-03-31T00:00:00.000Z,pipeline_mgmt_output_score,72.9,100,index,true
KPI-0036001,E-0242,execution,2025-04-01T00:00:00.000Z,2025-06-30T00:00:00.000Z,execution_output_score,97.8,100,index,true
KPI-0036017,E-0242,execution,2025-07-01T00:00:00.000Z,2025-09-30T00:00:00.000Z,execution_output_score,95.9,100,index,true
KPI-0036019,E-0242,pipeline_mgmt,2025-07-01T00:00:00.000Z,2025-09-30T00:00:00.000Z,pipeline_mgmt_output_score,84.3,100,index,true
KPI-0036031,E-0242,execution,2025-10-01T00:00:00.000Z,2025-12-31T00:00:00.000Z,execution_output_score,98.8,100,index,true
KPI-0036033,E-0242,pipeline_mgmt,2025-10-01T00:00:00.000Z,2025-12-31T00:00:00.000Z,pipeline_mgmt_output_score,94.2,100,index,true
KPI-0036050,E-0242,execution,2026-01-01T00:00:00.000Z,2026-03-31T00:00:00.000Z,execution_output_score,89.7,100,index,true
KPI-0036081,E-0242,execution,2026-07-01T00:00:00.000Z,2026-09-29T00:00:00.000Z,execution_output_score,83,100,index,true
KPI-0036083,E-0242,pipeline_mgmt,2026-07-01T00:00:00.000Z,2026-09-29T00:00:00.000Z,pipeline_mgmt_output_score,107.7,100,index,true
KPI-0036109,E-0243,campaign_strategy,2024-10-01T00:00:00.000Z,2024-12-31T00:00:00.000Z,campaign_strategy_output_score,75.5,100,index,true
KPI-0036132,E-0243,execution,2025-01-01T00:00:00.000Z,2025-03-31T00:00:00.000Z,execution_output_score,74.6,100,index,true
KPI-0036134,E-0243,campaign_strategy,2025-01-01T00:00:00.000Z,2025-03-31T00:00:00.000Z,campaign_strategy_output_score,71.3,100,index,true
KPI-0036150,E-0243,campaign_strategy,2025-04-01T00:00:00.000Z,2025-06-30T00:00:00.000Z,campaign_strategy_output_score,73.8,100,index,true
KPI-0036166,E-0243,execution,2025-07-01T00:00:00.000Z,2025-09-30T00:00:00.000Z,execution_output_score,73.4,100,index,true
KPI-0036168,E-0243,campaign_strategy,2025-07-01T00:00:00.000Z,2025-09-30T00:00:00.000Z,campaign_strategy_output_score,75.1,100,index,true
KPI-0036181,E-0243,execution,2025-10-01T00:00:00.000Z,2025-12-31T00:00:00.000Z,execution_output_score,87.4,100,index,true
KPI-0036183,E-0243,campaign_strategy,2025-10-01T00:00:00.000Z,2025-12-31T00:00:00.000Z,campaign_strategy_output_score,65.6,100,index,true
KPI-0036207,E-0243,execution,2026-01-01T00:00:00.000Z,2026-03-31T00:00:00.000Z,execution_output_score,84.5,100,index,true
KPI-0036209,E-0243,campaign_strategy,2026-01-01T00:00:00.000Z,2026-03-31T00:00:00.000Z,campaign_strategy_output_score,65.9,100,index,true
KPI-0036228,E-0243,execution,2026-04-01T00:00:00.000Z,2026-06-30T00:00:00.000Z,execution_output_score,96.4,100,index,true
KPI-0036230,E-0243,campaign_strategy,2026-04-01T00:00:00.000Z,2026-06-30T00:00:00.000Z,campaign_strategy_output_score,60.1,100,index,true
KPI-0036249,E-0243,execution,2026-07-01T00:00:00.000Z,2026-09-29T00:00:00.000Z,execution_output_score,99.5,100,index,true
KPI-0036265,E-0244,execution,2024-10-01T00:00:00.000Z,2024-12-31T00:00:00.000Z,execution_output_score,112.1,100,index,true
KPI-0036267,E-0244,roadmap_prioritization,2024-10-01T00:00:00.000Z,2024-12-31T00:00:00.000Z,roadmap_prioritization_output_score,67.6,100,index,true
KPI-0036289,E-0244,execution,2025-01-01T00:00:00.000Z,2025-03-31T00:00:00.000Z,execution_output_score,94.9,100,index,true
KPI-0036291,E-0244,roadmap_prioritization,2025-01-01T00:00:00.000Z,2025-03-31T00:00:00.000Z,roadmap_prioritization_output_score,63.9,100,index,true
KPI-0036300,E-0244,execution,2025-04-01T00:00:00.000Z,2025-06-30T00:00:00.000Z,execution_output_score,94.6,100,index,true
KPI-0036325,E-0244,execution,2025-07-01T00:00:00.000Z,2025-09-30T00:00:00.000Z,execution_output_score,90.1,100,index,true
KPI-0036344,E-0244,execution,2025-10-01T00:00:00.000Z,2025-12-31T00:00:00.000Z,execution_output_score,81.8,100,index,true
KPI-0036346,E-0244,roadmap_prioritization,2025-10-01T00:00:00.000Z,2025-12-31T00:00:00.000Z,roadmap_prioritization_output_score,78.8,100,index,true
KPI-0036365,E-0244,execution,2026-01-01T00:00:00.000Z,2026-03-31T00:00:00.000Z,execution_output_score,80.3,100,index,true
KPI-0036367,E-0244,roadmap_prioritization,2026-01-01T00:00:00.000Z,2026-03-31T00:00:00.000Z,roadmap_prioritization_output_score,68.8,100,index,true
KPI-0036385,E-0244,execution,2026-04-01T00:00:00.000Z,2026-06-30T00:00:00.000Z,execution_output_score,71.6,100,index,true
KPI-0036404,E-0244,execution,2026-07-01T00:00:00.000Z,2026-09-29T00:00:00.000Z,execution_output_score,67.9,100,index,true
KPI-0036426,E-0245,execution,2024-10-01T00:00:00.000Z,2024-12-31T00:00:00.000Z,execution_output_score,101,100,index,true
KPI-0036428,E-0245,visual_craft,2024-10-01T00:00:00.000Z,2024-12-31T00:00:00.000Z,visual_craft_output_score,62.6,100,index,true
KPI-0036447,E-0245,execution,2025-01-01T00:00:00.000Z,2025-03-31T00:00:00.000Z,execution_output_score,97.8,100,index,true
KPI-0036449,E-0245,visual_craft,2025-01-01T00:00:00.000Z,2025-03-31T00:00:00.000Z,visual_craft_output_score,67.4,100,index,true
KPI-0036487,E-0245,execution,2025-07-01T00:00:00.000Z,2025-09-30T00:00:00.000Z,execution_output_score,88.7,100,index,true
KPI-0036489,E-0245,visual_craft,2025-07-01T00:00:00.000Z,2025-09-30T00:00:00.000Z,visual_craft_output_score,70.1,100,index,true
KPI-0036498,E-0245,execution,2025-10-01T00:00:00.000Z,2025-12-31T00:00:00.000Z,execution_output_score,80.8,100,index,true
KPI-0036500,E-0245,visual_craft,2025-10-01T00:00:00.000Z,2025-12-31T00:00:00.000Z,visual_craft_output_score,72.3,100,index,true
KPI-0036515,E-0245,execution,2026-01-01T00:00:00.000Z,2026-03-31T00:00:00.000Z,execution_output_score,78.4,100,index,true
KPI-0036517,E-0245,visual_craft,2026-01-01T00:00:00.000Z,2026-03-31T00:00:00.000Z,visual_craft_output_score,71.5,100,index,true
KPI-0036536,E-0245,execution,2026-04-01T00:00:00.000Z,2026-06-30T00:00:00.000Z,execution_output_score,77.4,100,index,true
KPI-0036538,E-0245,visual_craft,2026-04-01T00:00:00.000Z,2026-06-30T00:00:00.000Z,visual_craft_output_score,75.2,100,index,true
KPI-0036561,E-0245,execution,2026-07-01T00:00:00.000Z,2026-09-29T00:00:00.000Z,execution_output_score,70.4,100,index,true
KPI-0036563,E-0245,visual_craft,2026-07-01T00:00:00.000Z,2026-09-29T00:00:00.000Z,visual_craft_output_score,75.1,100,index,true
KPI-0036581,E-0246,execution,2024-10-01T00:00:00.000Z,2024-12-31T00:00:00.000Z,execution_output_score,100.3,100,index,true
KPI-0036605,E-0246,execution,2025-01-01T00:00:00.000Z,2025-03-31T00:00:00.000Z,execution_output_score,96.4,100,index,true
KPI-0036607,E-0246,financial_modeling,2025-01-01T00:00:00.000Z,2025-03-31T00:00:00.000Z,financial_modeling_output_score,102.3,100,index,true
KPI-0036616,E-0246,execution,2025-04-01T00:00:00.000Z,2025-06-30T00:00:00.000Z,execution_output_score,107.6,100,index,true
KPI-0036635,E-0246,financial_modeling,2025-07-01T00:00:00.000Z,2025-09-30T00:00:00.000Z,financial_modeling_output_score,101.7,100,index,true
KPI-0036637,E-0246,financial_modeling,2025-10-01T00:00:00.000Z,2025-12-31T00:00:00.000Z,financial_modeling_output_score,93.7,100,index,true
KPI-0036658,E-0246,execution,2026-01-01T00:00:00.000Z,2026-03-31T00:00:00.000Z,execution_output_score,92.4,100,index,true
KPI-0036660,E-0246,financial_modeling,2026-01-01T00:00:00.000Z,2026-03-31T00:00:00.000Z,financial_modeling_output_score,99.1,100,index,true
KPI-0036662,E-0246,execution,2026-04-01T00:00:00.000Z,2026-06-30T00:00:00.000Z,execution_output_score,109.9,100,index,true
KPI-0036664,E-0246,financial_modeling,2026-04-01T00:00:00.000Z,2026-06-30T00:00:00.000Z,financial_modeling_output_score,98.3,100,index,true
KPI-0036681,E-0246,financial_modeling,2026-07-01T00:00:00.000Z,2026-09-29T00:00:00.000Z,financial_modeling_output_score,95.1,100,index,true
KPI-0036701,E-0247,execution,2024-10-01T00:00:00.000Z,2024-12-31T00:00:00.000Z,execution_output_score,67.8,100,index,true
KPI-0036703,E-0247,talent_assessment,2024-10-01T00:00:00.000Z,2024-12-31T00:00:00.000Z,talent_assessment_output_score,66,100,index,true
KPI-0036731,E-0247,execution,2025-01-01T00:00:00.000Z,2025-03-31T00:00:00.000Z,execution_output_score,53.9,100,index,true
KPI-0036747,E-0247,execution,2025-04-01T00:00:00.000Z,2025-06-30T00:00:00.000Z,execution_output_score,60.6,100,index,true
KPI-0036749,E-0247,talent_assessment,2025-04-01T00:00:00.000Z,2025-06-30T00:00:00.000Z,talent_assessment_output_score,75.6,100,index,true
KPI-0036771,E-0247,execution,2025-07-01T00:00:00.000Z,2025-09-30T00:00:00.000Z,execution_output_score,67.7,100,index,true
KPI-0036780,E-0247,execution,2025-10-01T00:00:00.000Z,2025-12-31T00:00:00.000Z,execution_output_score,65.6,100,index,true
KPI-0036782,E-0247,talent_assessment,2025-10-01T00:00:00.000Z,2025-12-31T00:00:00.000Z,talent_assessment_output_score,90,100,index,true
KPI-0036822,E-0247,execution,2026-04-01T00:00:00.000Z,2026-06-30T00:00:00.000Z,execution_output_score,72.9,100,index,true
KPI-0036824,E-0247,talent_assessment,2026-04-01T00:00:00.000Z,2026-06-30T00:00:00.000Z,talent_assessment_output_score,101.7,100,index,true
KPI-0036853,E-0247,talent_assessment,2026-07-01T00:00:00.000Z,2026-09-29T00:00:00.000Z,talent_assessment_output_score,102,100,index,true
KPI-0036878,E-0248,execution,2024-10-01T00:00:00.000Z,2024-12-31T00:00:00.000Z,execution_output_score,81.3,100,index,true
KPI-0036880,E-0248,customer_resolution,2024-10-01T00:00:00.000Z,2024-12-31T00:00:00.000Z,customer_resolution_output_score,61.9,100,index,true
KPI-0036902,E-0248,execution,2025-01-01T00:00:00.000Z,2025-03-31T00:00:00.000Z,execution_output_score,70.7,100,index,true
KPI-0036904,E-0248,customer_resolution,2025-01-01T00:00:00.000Z,2025-03-31T00:00:00.000Z,customer_resolution_output_score,70,100,index,true
KPI-0036912,E-0248,execution,2025-04-01T00:00:00.000Z,2025-06-30T00:00:00.000Z,execution_output_score,73.1,100,index,true
KPI-0036914,E-0248,customer_resolution,2025-04-01T00:00:00.000Z,2025-06-30T00:00:00.000Z,customer_resolution_output_score,69.9,100,index,true
KPI-0036931,E-0248,execution,2025-07-01T00:00:00.000Z,2025-09-30T00:00:00.000Z,execution_output_score,74.3,100,index,true
KPI-0036933,E-0248,customer_resolution,2025-07-01T00:00:00.000Z,2025-09-30T00:00:00.000Z,customer_resolution_output_score,84.5,100,index,true
KPI-0036949,E-0248,execution,2025-10-01T00:00:00.000Z,2025-12-31T00:00:00.000Z,execution_output_score,67.5,100,index,true
KPI-0036951,E-0248,customer_resolution,2025-10-01T00:00:00.000Z,2025-12-31T00:00:00.000Z,customer_resolution_output_score,86.8,100,index,true
KPI-0036975,E-0248,execution,2026-01-01T00:00:00.000Z,2026-03-31T00:00:00.000Z,execution_output_score,65.7,100,index,true
KPI-0036977,E-0248,customer_resolution,2026-01-01T00:00:00.000Z,2026-03-31T00:00:00.000Z,customer_resolution_output_score,91.9,100,index,true
KPI-0036989,E-0248,execution,2026-04-01T00:00:00.000Z,2026-06-30T00:00:00.000Z,execution_output_score,65.7,100,index,true
KPI-0036991,E-0248,customer_resolution,2026-04-01T00:00:00.000Z,2026-06-30T00:00:00.000Z,customer_resolution_output_score,102.2,100,index,true
KPI-0037020,E-0248,execution,2026-07-01T00:00:00.000Z,2026-09-29T00:00:00.000Z,execution_output_score,64.3,100,index,true
KPI-0037022,E-0248,customer_resolution,2026-07-01T00:00:00.000Z,2026-09-29T00:00:00.000Z,customer_resolution_output_score,105.7,100,index,true
KPI-0037043,E-0249,execution,2024-10-01T00:00:00.000Z,2024-12-31T00:00:00.000Z,execution_output_score,69.9,100,index,true
KPI-0037070,E-0249,execution,2025-01-01T00:00:00.000Z,2025-03-31T00:00:00.000Z,execution_output_score,69.1,100,index,true
KPI-0037072,E-0249,system_design,2025-01-01T00:00:00.000Z,2025-03-31T00:00:00.000Z,system_design_output_score,74.5,100,index,true
KPI-0037084,E-0249,execution,2025-04-01T00:00:00.000Z,2025-06-30T00:00:00.000Z,execution_output_score,59.3,100,index,true
KPI-0037113,E-0249,execution,2025-07-01T00:00:00.000Z,2025-09-30T00:00:00.000Z,execution_output_score,62.6,100,index,true
KPI-0037115,E-0249,system_design,2025-07-01T00:00:00.000Z,2025-09-30T00:00:00.000Z,system_design_output_score,80.3,100,index,true
KPI-0037134,E-0249,execution,2025-10-01T00:00:00.000Z,2025-12-31T00:00:00.000Z,execution_output_score,66.1,100,index,true
KPI-0037136,E-0249,system_design,2025-10-01T00:00:00.000Z,2025-12-31T00:00:00.000Z,system_design_output_score,81.5,100,index,true
KPI-0037155,E-0249,execution,2026-01-01T00:00:00.000Z,2026-03-31T00:00:00.000Z,execution_output_score,82.2,100,index,true
KPI-0037157,E-0249,system_design,2026-01-01T00:00:00.000Z,2026-03-31T00:00:00.000Z,system_design_output_score,87.4,100,index,true
KPI-0037162,E-0249,system_design,2026-04-01T00:00:00.000Z,2026-06-30T00:00:00.000Z,system_design_output_score,86.6,100,index,true
KPI-0037183,E-0249,execution,2026-07-01T00:00:00.000Z,2026-09-29T00:00:00.000Z,execution_output_score,86.2,100,index,true
KPI-0037185,E-0249,system_design,2026-07-01T00:00:00.000Z,2026-09-29T00:00:00.000Z,system_design_output_score,99.2,100,index,true
KPI-0037209,E-0250,execution,2024-10-01T00:00:00.000Z,2024-12-31T00:00:00.000Z,execution_output_score,71.4,100,index,true
KPI-0037226,E-0250,pipeline_mgmt,2025-01-01T00:00:00.000Z,2025-03-31T00:00:00.000Z,pipeline_mgmt_output_score,85,100,index,true
KPI-0037245,E-0250,pipeline_mgmt,2025-04-01T00:00:00.000Z,2025-06-30T00:00:00.000Z,pipeline_mgmt_output_score,80.2,100,index,true
KPI-0037268,E-0250,execution,2025-07-01T00:00:00.000Z,2025-09-30T00:00:00.000Z,execution_output_score,76.5,100,index,true
KPI-0037270,E-0250,pipeline_mgmt,2025-07-01T00:00:00.000Z,2025-09-30T00:00:00.000Z,pipeline_mgmt_output_score,89.7,100,index,true
KPI-0037276,E-0250,execution,2025-10-01T00:00:00.000Z,2025-12-31T00:00:00.000Z,execution_output_score,81.8,100,index,true
KPI-0037278,E-0250,pipeline_mgmt,2025-10-01T00:00:00.000Z,2025-12-31T00:00:00.000Z,pipeline_mgmt_output_score,97.5,100,index,true
KPI-0037307,E-0250,execution,2026-01-01T00:00:00.000Z,2026-03-31T00:00:00.000Z,execution_output_score,81.3,100,index,true
KPI-0037319,E-0250,execution,2026-04-01T00:00:00.000Z,2026-06-30T00:00:00.000Z,execution_output_score,81.1,100,index,true
KPI-0037321,E-0250,pipeline_mgmt,2026-04-01T00:00:00.000Z,2026-06-30T00:00:00.000Z,pipeline_mgmt_output_score,95.9,100,index,true
KPI-0037343,E-0250,execution,2026-07-01T00:00:00.000Z,2026-09-29T00:00:00.000Z,execution_output_score,89.8,100,index,true
KPI-0037345,E-0250,pipeline_mgmt,2026-07-01T00:00:00.000Z,2026-09-29T00:00:00.000Z,pipeline_mgmt_output_score,110.8,100,index,true
KPI-0037367,E-0251,execution,2024-10-01T00:00:00.000Z,2024-12-31T00:00:00.000Z,execution_output_score,79.7,100,index,true
KPI-0037369,E-0251,campaign_strategy,2024-10-01T00:00:00.000Z,2024-12-31T00:00:00.000Z,campaign_strategy_output_score,94.5,100,index,true
KPI-0037390,E-0251,execution,2025-01-01T00:00:00.000Z,2025-03-31T00:00:00.000Z,execution_output_score,89.4,100,index,true
KPI-0037392,E-0251,campaign_strategy,2025-01-01T00:00:00.000Z,2025-03-31T00:00:00.000Z,campaign_strategy_output_score,85.6,100,index,true
KPI-0037405,E-0251,execution,2025-04-01T00:00:00.000Z,2025-06-30T00:00:00.000Z,execution_output_score,93,100,index,true
KPI-0037407,E-0251,campaign_strategy,2025-04-01T00:00:00.000Z,2025-06-30T00:00:00.000Z,campaign_strategy_output_score,73.6,100,index,true
KPI-0037432,E-0251,execution,2025-07-01T00:00:00.000Z,2025-09-30T00:00:00.000Z,execution_output_score,96.2,100,index,true
KPI-0037434,E-0251,campaign_strategy,2025-07-01T00:00:00.000Z,2025-09-30T00:00:00.000Z,campaign_strategy_output_score,92.2,100,index,true
KPI-0037443,E-0251,execution,2025-10-01T00:00:00.000Z,2025-12-31T00:00:00.000Z,execution_output_score,93.1,100,index,true
KPI-0037445,E-0251,campaign_strategy,2025-10-01T00:00:00.000Z,2025-12-31T00:00:00.000Z,campaign_strategy_output_score,93.8,100,index,true
KPI-0037464,E-0251,execution,2026-01-01T00:00:00.000Z,2026-03-31T00:00:00.000Z,execution_output_score,89.4,100,index,true
KPI-0037466,E-0251,campaign_strategy,2026-01-01T00:00:00.000Z,2026-03-31T00:00:00.000Z,campaign_strategy_output_score,92.5,100,index,true
KPI-0037482,E-0251,campaign_strategy,2026-04-01T00:00:00.000Z,2026-06-30T00:00:00.000Z,campaign_strategy_output_score,88.9,100,index,true
KPI-0037498,E-0251,execution,2026-07-01T00:00:00.000Z,2026-09-29T00:00:00.000Z,execution_output_score,89.5,100,index,true
KPI-0037500,E-0251,campaign_strategy,2026-07-01T00:00:00.000Z,2026-09-29T00:00:00.000Z,campaign_strategy_output_score,93.1,100,index,true
KPI-0037522,E-0252,execution,2024-10-01T00:00:00.000Z,2024-12-31T00:00:00.000Z,execution_output_score,106.8,100,index,true
KPI-0037524,E-0252,roadmap_prioritization,2024-10-01T00:00:00.000Z,2024-12-31T00:00:00.000Z,roadmap_prioritization_output_score,62.7,100,index,true
KPI-0037551,E-0252,roadmap_prioritization,2025-01-01T00:00:00.000Z,2025-03-31T00:00:00.000Z,roadmap_prioritization_output_score,59.5,100,index,true
KPI-0037563,E-0252,execution,2025-04-01T00:00:00.000Z,2025-06-30T00:00:00.000Z,execution_output_score,99.3,100,index,true
KPI-0037565,E-0252,roadmap_prioritization,2025-04-01T00:00:00.000Z,2025-06-30T00:00:00.000Z,roadmap_prioritization_output_score,59.5,100,index,true
KPI-0037589,E-0252,execution,2025-07-01T00:00:00.000Z,2025-09-30T00:00:00.000Z,execution_output_score,91.1,100,index,true
KPI-0037604,E-0252,execution,2025-10-01T00:00:00.000Z,2025-12-31T00:00:00.000Z,execution_output_score,100.7,100,index,true
KPI-0037606,E-0252,roadmap_prioritization,2025-10-01T00:00:00.000Z,2025-12-31T00:00:00.000Z,roadmap_prioritization_output_score,70.9,100,index,true
KPI-0037616,E-0252,roadmap_prioritization,2026-01-01T00:00:00.000Z,2026-03-31T00:00:00.000Z,roadmap_prioritization_output_score,67.6,100,index,true
KPI-0037635,E-0252,execution,2026-04-01T00:00:00.000Z,2026-06-30T00:00:00.000Z,execution_output_score,76.5,100,index,true
KPI-0037659,E-0252,roadmap_prioritization,2026-07-01T00:00:00.000Z,2026-09-29T00:00:00.000Z,roadmap_prioritization_output_score,90.8,100,index,true
KPI-0037681,E-0253,execution,2024-10-01T00:00:00.000Z,2024-12-31T00:00:00.000Z,execution_output_score,63.4,100,index,true
KPI-0037683,E-0253,visual_craft,2024-10-01T00:00:00.000Z,2024-12-31T00:00:00.000Z,visual_craft_output_score,70.6,100,index,true
KPI-0037695,E-0253,execution,2025-01-01T00:00:00.000Z,2025-03-31T00:00:00.000Z,execution_output_score,80.2,100,index,true
KPI-0037697,E-0253,visual_craft,2025-01-01T00:00:00.000Z,2025-03-31T00:00:00.000Z,visual_craft_output_score,71.1,100,index,true
KPI-0037716,E-0253,execution,2025-04-01T00:00:00.000Z,2025-06-30T00:00:00.000Z,execution_output_score,78.1,100,index,true
KPI-0037718,E-0253,visual_craft,2025-04-01T00:00:00.000Z,2025-06-30T00:00:00.000Z,visual_craft_output_score,76.9,100,index,true
KPI-0037739,E-0253,execution,2025-07-01T00:00:00.000Z,2025-09-30T00:00:00.000Z,execution_output_score,86.5,100,index,true
KPI-0037741,E-0253,visual_craft,2025-07-01T00:00:00.000Z,2025-09-30T00:00:00.000Z,visual_craft_output_score,89.6,100,index,true
KPI-0037760,E-0253,execution,2025-10-01T00:00:00.000Z,2025-12-31T00:00:00.000Z,execution_output_score,84.1,100,index,true
KPI-0037776,E-0253,execution,2026-01-01T00:00:00.000Z,2026-03-31T00:00:00.000Z,execution_output_score,86.7,100,index,true
KPI-0037778,E-0253,visual_craft,2026-01-01T00:00:00.000Z,2026-03-31T00:00:00.000Z,visual_craft_output_score,95.5,100,index,true
KPI-0037787,E-0253,execution,2026-04-01T00:00:00.000Z,2026-06-30T00:00:00.000Z,execution_output_score,94.4,100,index,true
KPI-0037789,E-0253,visual_craft,2026-04-01T00:00:00.000Z,2026-06-30T00:00:00.000Z,visual_craft_output_score,98.6,100,index,true
KPI-0037820,E-0253,execution,2026-07-01T00:00:00.000Z,2026-09-29T00:00:00.000Z,execution_output_score,105.6,100,index,true
KPI-0037822,E-0253,visual_craft,2026-07-01T00:00:00.000Z,2026-09-29T00:00:00.000Z,visual_craft_output_score,103.1,100,index,true
KPI-0037848,E-0254,financial_modeling,2024-10-01T00:00:00.000Z,2024-12-31T00:00:00.000Z,financial_modeling_output_score,96.7,100,index,true
KPI-0037886,E-0254,execution,2025-04-01T00:00:00.000Z,2025-06-30T00:00:00.000Z,execution_output_score,76.9,100,index,true
KPI-0037919,E-0254,execution,2025-10-01T00:00:00.000Z,2025-12-31T00:00:00.000Z,execution_output_score,81.9,100,index,true
KPI-0037921,E-0254,financial_modeling,2025-10-01T00:00:00.000Z,2025-12-31T00:00:00.000Z,financial_modeling_output_score,86.3,100,index,true
KPI-0037949,E-0254,execution,2026-01-01T00:00:00.000Z,2026-03-31T00:00:00.000Z,execution_output_score,88.5,100,index,true
KPI-0037951,E-0254,financial_modeling,2026-01-01T00:00:00.000Z,2026-03-31T00:00:00.000Z,financial_modeling_output_score,75.5,100,index,true
KPI-0037956,E-0254,execution,2026-04-01T00:00:00.000Z,2026-06-30T00:00:00.000Z,execution_output_score,98.4,100,index,true
KPI-0037958,E-0254,financial_modeling,2026-04-01T00:00:00.000Z,2026-06-30T00:00:00.000Z,financial_modeling_output_score,72.3,100,index,true
KPI-0037983,E-0254,execution,2026-07-01T00:00:00.000Z,2026-09-29T00:00:00.000Z,execution_output_score,103,100,index,true
KPI-0037985,E-0254,financial_modeling,2026-07-01T00:00:00.000Z,2026-09-29T00:00:00.000Z,financial_modeling_output_score,75.5,100,index,true
KPI-0038016,E-0255,execution,2024-10-01T00:00:00.000Z,2024-12-31T00:00:00.000Z,execution_output_score,75.6,100,index,true
KPI-0038018,E-0255,talent_assessment,2024-10-01T00:00:00.000Z,2024-12-31T00:00:00.000Z,talent_assessment_output_score,105.5,100,index,true
KPI-0038041,E-0255,execution,2025-01-01T00:00:00.000Z,2025-03-31T00:00:00.000Z,execution_output_score,80.6,100,index,true
KPI-0038043,E-0255,talent_assessment,2025-01-01T00:00:00.000Z,2025-03-31T00:00:00.000Z,talent_assessment_output_score,98,100,index,true
KPI-0038045,E-0255,execution,2025-04-01T00:00:00.000Z,2025-06-30T00:00:00.000Z,execution_output_score,93.3,100,index,true
KPI-0038047,E-0255,talent_assessment,2025-04-01T00:00:00.000Z,2025-06-30T00:00:00.000Z,talent_assessment_output_score,91.6,100,index,true
KPI-0038062,E-0255,execution,2025-07-01T00:00:00.000Z,2025-09-30T00:00:00.000Z,execution_output_score,84.7,100,index,true
KPI-0038064,E-0255,talent_assessment,2025-07-01T00:00:00.000Z,2025-09-30T00:00:00.000Z,talent_assessment_output_score,87.4,100,index,true
KPI-0038069,E-0255,execution,2025-10-01T00:00:00.000Z,2025-12-31T00:00:00.000Z,execution_output_score,92,100,index,true
KPI-0038098,E-0255,talent_assessment,2026-01-01T00:00:00.000Z,2026-03-31T00:00:00.000Z,talent_assessment_output_score,71.4,100,index,true
KPI-0038104,E-0255,execution,2026-04-01T00:00:00.000Z,2026-06-30T00:00:00.000Z,execution_output_score,96.9,100,index,true
KPI-0038106,E-0255,talent_assessment,2026-04-01T00:00:00.000Z,2026-06-30T00:00:00.000Z,talent_assessment_output_score,61.3,100,index,true
KPI-0038125,E-0255,talent_assessment,2026-07-01T00:00:00.000Z,2026-09-29T00:00:00.000Z,talent_assessment_output_score,63.3,100,index,true
KPI-0038149,E-0256,execution,2024-10-01T00:00:00.000Z,2024-12-31T00:00:00.000Z,execution_output_score,110.7,100,index,true
KPI-0038151,E-0256,customer_resolution,2024-10-01T00:00:00.000Z,2024-12-31T00:00:00.000Z,customer_resolution_output_score,94.9,100,index,true
KPI-0038169,E-0256,execution,2025-01-01T00:00:00.000Z,2025-03-31T00:00:00.000Z,execution_output_score,101.7,100,index,true
KPI-0038171,E-0256,customer_resolution,2025-01-01T00:00:00.000Z,2025-03-31T00:00:00.000Z,customer_resolution_output_score,99.1,100,index,true
KPI-0038185,E-0256,execution,2025-04-01T00:00:00.000Z,2025-06-30T00:00:00.000Z,execution_output_score,108.2,100,index,true
KPI-0038187,E-0256,customer_resolution,2025-04-01T00:00:00.000Z,2025-06-30T00:00:00.000Z,customer_resolution_output_score,101.6,100,index,true
KPI-0038211,E-0256,execution,2025-07-01T00:00:00.000Z,2025-09-30T00:00:00.000Z,execution_output_score,113.3,100,index,true
KPI-0038213,E-0256,customer_resolution,2025-07-01T00:00:00.000Z,2025-09-30T00:00:00.000Z,customer_resolution_output_score,94.7,100,index,true
KPI-0038215,E-0256,execution,2025-10-01T00:00:00.000Z,2025-12-31T00:00:00.000Z,execution_output_score,111.2,100,index,true
KPI-0038217,E-0256,customer_resolution,2025-10-01T00:00:00.000Z,2025-12-31T00:00:00.000Z,customer_resolution_output_score,98.5,100,index,true
KPI-0038243,E-0256,customer_resolution,2026-04-01T00:00:00.000Z,2026-06-30T00:00:00.000Z,customer_resolution_output_score,97.8,100,index,true
KPI-0038272,E-0257,system_design,2024-10-01T00:00:00.000Z,2024-12-31T00:00:00.000Z,system_design_output_score,69.9,100,index,true
KPI-0038298,E-0257,system_design,2025-01-01T00:00:00.000Z,2025-03-31T00:00:00.000Z,system_design_output_score,78.7,100,index,true
KPI-0038317,E-0257,execution,2025-04-01T00:00:00.000Z,2025-06-30T00:00:00.000Z,execution_output_score,79.6,100,index,true
KPI-0038319,E-0257,system_design,2025-04-01T00:00:00.000Z,2025-06-30T00:00:00.000Z,system_design_output_score,67.6,100,index,true
KPI-0038337,E-0257,execution,2025-07-01T00:00:00.000Z,2025-09-30T00:00:00.000Z,execution_output_score,75.6,100,index,true
KPI-0038339,E-0257,system_design,2025-07-01T00:00:00.000Z,2025-09-30T00:00:00.000Z,system_design_output_score,72.9,100,index,true
KPI-0038358,E-0257,execution,2025-10-01T00:00:00.000Z,2025-12-31T00:00:00.000Z,execution_output_score,76.5,100,index,true
KPI-0038383,E-0257,execution,2026-01-01T00:00:00.000Z,2026-03-31T00:00:00.000Z,execution_output_score,73.3,100,index,true
KPI-0038385,E-0257,system_design,2026-01-01T00:00:00.000Z,2026-03-31T00:00:00.000Z,system_design_output_score,74.8,100,index,true
KPI-0038404,E-0257,execution,2026-04-01T00:00:00.000Z,2026-06-30T00:00:00.000Z,execution_output_score,74.2,100,index,true
KPI-0038406,E-0257,system_design,2026-04-01T00:00:00.000Z,2026-06-30T00:00:00.000Z,system_design_output_score,77.9,100,index,true
KPI-0038424,E-0257,execution,2026-07-01T00:00:00.000Z,2026-09-29T00:00:00.000Z,execution_output_score,75.7,100,index,true
KPI-0038454,E-0258,execution,2024-10-01T00:00:00.000Z,2024-12-31T00:00:00.000Z,execution_output_score,58.6,100,index,true
KPI-0038456,E-0258,pipeline_mgmt,2024-10-01T00:00:00.000Z,2024-12-31T00:00:00.000Z,pipeline_mgmt_output_score,74.2,100,index,true
KPI-0038479,E-0258,execution,2025-01-01T00:00:00.000Z,2025-03-31T00:00:00.000Z,execution_output_score,72.9,100,index,true
KPI-0038481,E-0258,pipeline_mgmt,2025-01-01T00:00:00.000Z,2025-03-31T00:00:00.000Z,pipeline_mgmt_output_score,81.1,100,index,true
KPI-0038490,E-0258,pipeline_mgmt,2025-04-01T00:00:00.000Z,2025-06-30T00:00:00.000Z,pipeline_mgmt_output_score,72.4,100,index,true
KPI-0038508,E-0258,execution,2025-07-01T00:00:00.000Z,2025-09-30T00:00:00.000Z,execution_output_score,78.1,100,index,true
KPI-0038510,E-0258,pipeline_mgmt,2025-07-01T00:00:00.000Z,2025-09-30T00:00:00.000Z,pipeline_mgmt_output_score,70.5,100,index,true
KPI-0038526,E-0258,execution,2025-10-01T00:00:00.000Z,2025-12-31T00:00:00.000Z,execution_output_score,96.3,100,index,true
KPI-0038528,E-0258,pipeline_mgmt,2025-10-01T00:00:00.000Z,2025-12-31T00:00:00.000Z,pipeline_mgmt_output_score,65.4,100,index,true
KPI-0038550,E-0258,execution,2026-01-01T00:00:00.000Z,2026-03-31T00:00:00.000Z,execution_output_score,87.8,100,index,true
KPI-0038552,E-0258,pipeline_mgmt,2026-01-01T00:00:00.000Z,2026-03-31T00:00:00.000Z,pipeline_mgmt_output_score,55.4,100,index,true
KPI-0038561,E-0258,execution,2026-04-01T00:00:00.000Z,2026-06-30T00:00:00.000Z,execution_output_score,96.8,100,index,true
KPI-0038563,E-0258,pipeline_mgmt,2026-04-01T00:00:00.000Z,2026-06-30T00:00:00.000Z,pipeline_mgmt_output_score,59.3,100,index,true
KPI-0038585,E-0258,execution,2026-07-01T00:00:00.000Z,2026-09-29T00:00:00.000Z,execution_output_score,100.5,100,index,true
KPI-0038587,E-0258,pipeline_mgmt,2026-07-01T00:00:00.000Z,2026-09-29T00:00:00.000Z,pipeline_mgmt_output_score,57.2,100,index,true
KPI-0038611,E-0259,execution,2024-10-01T00:00:00.000Z,2024-12-31T00:00:00.000Z,execution_output_score,87.1,100,index,true
KPI-0038613,E-0259,campaign_strategy,2024-10-01T00:00:00.000Z,2024-12-31T00:00:00.000Z,campaign_strategy_output_score,75,100,index,true
KPI-0038633,E-0259,execution,2025-01-01T00:00:00.000Z,2025-03-31T00:00:00.000Z,execution_output_score,78.3,100,index,true
KPI-0038635,E-0259,campaign_strategy,2025-01-01T00:00:00.000Z,2025-03-31T00:00:00.000Z,campaign_strategy_output_score,66.5,100,index,true
KPI-0038654,E-0259,execution,2025-04-01T00:00:00.000Z,2025-06-30T00:00:00.000Z,execution_output_score,81,100,index,true
KPI-0038685,E-0259,execution,2025-07-01T00:00:00.000Z,2025-09-30T00:00:00.000Z,execution_output_score,83.9,100,index,true
KPI-0038694,E-0259,execution,2025-10-01T00:00:00.000Z,2025-12-31T00:00:00.000Z,execution_output_score,82.5,100,index,true
KPI-0038696,E-0259,campaign_strategy,2025-10-01T00:00:00.000Z,2025-12-31T00:00:00.000Z,campaign_strategy_output_score,89.1,100,index,true
KPI-0038715,E-0259,campaign_strategy,2026-01-01T00:00:00.000Z,2026-03-31T00:00:00.000Z,campaign_strategy_output_score,94.3,100,index,true
KPI-0038720,E-0259,execution,2026-04-01T00:00:00.000Z,2026-06-30T00:00:00.000Z,execution_output_score,82.9,100,index,true
KPI-0038742,E-0259,execution,2026-07-01T00:00:00.000Z,2026-09-29T00:00:00.000Z,execution_output_score,84,100,index,true
KPI-0038744,E-0259,campaign_strategy,2026-07-01T00:00:00.000Z,2026-09-29T00:00:00.000Z,campaign_strategy_output_score,113.1,100,index,true
KPI-0038763,E-0260,execution,2024-10-01T00:00:00.000Z,2024-12-31T00:00:00.000Z,execution_output_score,109.9,100,index,true
KPI-0038780,E-0260,execution,2025-01-01T00:00:00.000Z,2025-03-31T00:00:00.000Z,execution_output_score,111.5,100,index,true
KPI-0038782,E-0260,roadmap_prioritization,2025-01-01T00:00:00.000Z,2025-03-31T00:00:00.000Z,roadmap_prioritization_output_score,64.5,100,index,true
KPI-0038790,E-0260,execution,2025-04-01T00:00:00.000Z,2025-06-30T00:00:00.000Z,execution_output_score,103.1,100,index,true
KPI-0038792,E-0260,roadmap_prioritization,2025-04-01T00:00:00.000Z,2025-06-30T00:00:00.000Z,roadmap_prioritization_output_score,71.6,100,index,true
KPI-0038817,E-0260,execution,2025-07-01T00:00:00.000Z,2025-09-30T00:00:00.000Z,execution_output_score,94.7,100,index,true
KPI-0038825,E-0260,execution,2025-10-01T00:00:00.000Z,2025-12-31T00:00:00.000Z,execution_output_score,90.5,100,index,true
KPI-0038827,E-0260,roadmap_prioritization,2025-10-01T00:00:00.000Z,2025-12-31T00:00:00.000Z,roadmap_prioritization_output_score,70.3,100,index,true
KPI-0038852,E-0260,execution,2026-01-01T00:00:00.000Z,2026-03-31T00:00:00.000Z,execution_output_score,86.6,100,index,true
KPI-0038863,E-0260,roadmap_prioritization,2026-04-01T00:00:00.000Z,2026-06-30T00:00:00.000Z,roadmap_prioritization_output_score,75.1,100,index,true
KPI-0038887,E-0260,execution,2026-07-01T00:00:00.000Z,2026-09-29T00:00:00.000Z,execution_output_score,87.9,100,index,true
KPI-0038889,E-0260,roadmap_prioritization,2026-07-01T00:00:00.000Z,2026-09-29T00:00:00.000Z,roadmap_prioritization_output_score,78.4,100,index,true
KPI-0038900,E-0261,execution,2024-10-01T00:00:00.000Z,2024-12-31T00:00:00.000Z,execution_output_score,104.4,100,index,true
KPI-0038902,E-0261,visual_craft,2024-10-01T00:00:00.000Z,2024-12-31T00:00:00.000Z,visual_craft_output_score,95.5,100,index,true
KPI-0038927,E-0261,execution,2025-01-01T00:00:00.000Z,2025-03-31T00:00:00.000Z,execution_output_score,101.5,100,index,true
KPI-0038929,E-0261,visual_craft,2025-01-01T00:00:00.000Z,2025-03-31T00:00:00.000Z,visual_craft_output_score,96.8,100,index,true
KPI-0038941,E-0261,execution,2025-04-01T00:00:00.000Z,2025-06-30T00:00:00.000Z,execution_output_score,93.7,100,index,true
KPI-0038943,E-0261,visual_craft,2025-04-01T00:00:00.000Z,2025-06-30T00:00:00.000Z,visual_craft_output_score,104.2,100,index,true
KPI-0038967,E-0261,execution,2025-07-01T00:00:00.000Z,2025-09-30T00:00:00.000Z,execution_output_score,92.3,100,index,true
KPI-0038969,E-0261,visual_craft,2025-07-01T00:00:00.000Z,2025-09-30T00:00:00.000Z,visual_craft_output_score,94.9,100,index,true
KPI-0038971,E-0261,execution,2025-10-01T00:00:00.000Z,2025-12-31T00:00:00.000Z,execution_output_score,101.2,100,index,true
KPI-0038973,E-0261,visual_craft,2025-10-01T00:00:00.000Z,2025-12-31T00:00:00.000Z,visual_craft_output_score,93.8,100,index,true
KPI-0038987,E-0261,execution,2026-01-01T00:00:00.000Z,2026-03-31T00:00:00.000Z,execution_output_score,84.7,100,index,true
KPI-0038996,E-0261,execution,2026-04-01T00:00:00.000Z,2026-06-30T00:00:00.000Z,execution_output_score,80.2,100,index,true
KPI-0038998,E-0261,visual_craft,2026-04-01T00:00:00.000Z,2026-06-30T00:00:00.000Z,visual_craft_output_score,94.6,100,index,true
KPI-0039016,E-0261,execution,2026-07-01T00:00:00.000Z,2026-09-29T00:00:00.000Z,execution_output_score,75.7,100,index,true
KPI-0039018,E-0261,visual_craft,2026-07-01T00:00:00.000Z,2026-09-29T00:00:00.000Z,visual_craft_output_score,102,100,index,true
KPI-0039042,E-0262,execution,2024-10-01T00:00:00.000Z,2024-12-31T00:00:00.000Z,execution_output_score,95.8,100,index,true
KPI-0039044,E-0262,financial_modeling,2024-10-01T00:00:00.000Z,2024-12-31T00:00:00.000Z,financial_modeling_output_score,67.7,100,index,true
KPI-0039063,E-0262,execution,2025-01-01T00:00:00.000Z,2025-03-31T00:00:00.000Z,execution_output_score,101.7,100,index,true
KPI-0039065,E-0262,financial_modeling,2025-01-01T00:00:00.000Z,2025-03-31T00:00:00.000Z,financial_modeling_output_score,79.8,100,index,true
KPI-0039067,E-0262,execution,2025-04-01T00:00:00.000Z,2025-06-30T00:00:00.000Z,execution_output_score,104.4,100,index,true
KPI-0039069,E-0262,financial_modeling,2025-04-01T00:00:00.000Z,2025-06-30T00:00:00.000Z,financial_modeling_output_score,82.9,100,index,true
KPI-0039086,E-0262,execution,2025-07-01T00:00:00.000Z,2025-09-30T00:00:00.000Z,execution_output_score,97.4,100,index,true
KPI-0039088,E-0262,financial_modeling,2025-07-01T00:00:00.000Z,2025-09-30T00:00:00.000Z,financial_modeling_output_score,77,100,index,true
KPI-0039103,E-0262,financial_modeling,2025-10-01T00:00:00.000Z,2025-12-31T00:00:00.000Z,financial_modeling_output_score,93.8,100,index,true
KPI-0039128,E-0262,execution,2026-01-01T00:00:00.000Z,2026-03-31T00:00:00.000Z,execution_output_score,102.9,100,index,true
KPI-0039130,E-0262,financial_modeling,2026-01-01T00:00:00.000Z,2026-03-31T00:00:00.000Z,financial_modeling_output_score,98.1,100,index,true
KPI-0039138,E-0262,execution,2026-04-01T00:00:00.000Z,2026-06-30T00:00:00.000Z,execution_output_score,98.5,100,index,true
KPI-0039140,E-0262,financial_modeling,2026-04-01T00:00:00.000Z,2026-06-30T00:00:00.000Z,financial_modeling_output_score,106.5,100,index,true
KPI-0039152,E-0262,execution,2026-07-01T00:00:00.000Z,2026-09-29T00:00:00.000Z,execution_output_score,102.4,100,index,true
KPI-0039154,E-0262,financial_modeling,2026-07-01T00:00:00.000Z,2026-09-29T00:00:00.000Z,financial_modeling_output_score,107.6,100,index,true
KPI-0039176,E-0263,execution,2024-10-01T00:00:00.000Z,2024-12-31T00:00:00.000Z,execution_output_score,75.6,100,index,true
KPI-0039178,E-0263,talent_assessment,2024-10-01T00:00:00.000Z,2024-12-31T00:00:00.000Z,talent_assessment_output_score,71.2,100,index,true
KPI-0039202,E-0263,talent_assessment,2025-01-01T00:00:00.000Z,2025-03-31T00:00:00.000Z,talent_assessment_output_score,77.5,100,index,true
KPI-0039221,E-0263,execution,2025-04-01T00:00:00.000Z,2025-06-30T00:00:00.000Z,execution_output_score,76,100,index,true
KPI-0039223,E-0263,talent_assessment,2025-04-01T00:00:00.000Z,2025-06-30T00:00:00.000Z,talent_assessment_output_score,64.3,100,index,true
KPI-0039247,E-0263,execution,2025-07-01T00:00:00.000Z,2025-09-30T00:00:00.000Z,execution_output_score,81,100,index,true
KPI-0039249,E-0263,talent_assessment,2025-07-01T00:00:00.000Z,2025-09-30T00:00:00.000Z,talent_assessment_output_score,66.5,100,index,true
KPI-0039251,E-0263,execution,2025-10-01T00:00:00.000Z,2025-12-31T00:00:00.000Z,execution_output_score,78.7,100,index,true
KPI-0039253,E-0263,talent_assessment,2025-10-01T00:00:00.000Z,2025-12-31T00:00:00.000Z,talent_assessment_output_score,68.1,100,index,true
KPI-0039277,E-0263,execution,2026-01-01T00:00:00.000Z,2026-03-31T00:00:00.000Z,execution_output_score,72.9,100,index,true
KPI-0039289,E-0263,talent_assessment,2026-04-01T00:00:00.000Z,2026-06-30T00:00:00.000Z,talent_assessment_output_score,67.6,100,index,true
KPI-0039311,E-0263,execution,2026-07-01T00:00:00.000Z,2026-09-29T00:00:00.000Z,execution_output_score,81.9,100,index,true
KPI-0039313,E-0263,talent_assessment,2026-07-01T00:00:00.000Z,2026-09-29T00:00:00.000Z,talent_assessment_output_score,63.4,100,index,true
KPI-0039339,E-0264,execution,2024-10-01T00:00:00.000Z,2024-12-31T00:00:00.000Z,execution_output_score,100.4,100,index,true
KPI-0039341,E-0264,customer_resolution,2024-10-01T00:00:00.000Z,2024-12-31T00:00:00.000Z,customer_resolution_output_score,99.7,100,index,true
KPI-0039358,E-0264,execution,2025-01-01T00:00:00.000Z,2025-03-31T00:00:00.000Z,execution_output_score,94.2,100,index,true
KPI-0039360,E-0264,customer_resolution,2025-01-01T00:00:00.000Z,2025-03-31T00:00:00.000Z,customer_resolution_output_score,101.8,100,index,true
KPI-0039365,E-0264,customer_resolution,2025-04-01T00:00:00.000Z,2025-06-30T00:00:00.000Z,customer_resolution_output_score,97.6,100,index,true
KPI-0039379,E-0264,execution,2025-10-01T00:00:00.000Z,2025-12-31T00:00:00.000Z,execution_output_score,93.9,100,index,true
KPI-0039381,E-0264,customer_resolution,2025-10-01T00:00:00.000Z,2025-12-31T00:00:00.000Z,customer_resolution_output_score,87.2,100,index,true
KPI-0039396,E-0264,execution,2026-01-01T00:00:00.000Z,2026-03-31T00:00:00.000Z,execution_output_score,94.5,100,index,true
KPI-0039398,E-0264,customer_resolution,2026-01-01T00:00:00.000Z,2026-03-31T00:00:00.000Z,customer_resolution_output_score,83.2,100,index,true
KPI-0039403,E-0264,execution,2026-04-01T00:00:00.000Z,2026-06-30T00:00:00.000Z,execution_output_score,104.6,100,index,true
KPI-0039405,E-0264,customer_resolution,2026-04-01T00:00:00.000Z,2026-06-30T00:00:00.000Z,customer_resolution_output_score,60.8,100,index,true
KPI-0039430,E-0264,customer_resolution,2026-07-01T00:00:00.000Z,2026-09-29T00:00:00.000Z,customer_resolution_output_score,73.4,100,index,true
KPI-0039457,E-0265,system_design,2024-10-01T00:00:00.000Z,2024-12-31T00:00:00.000Z,system_design_output_score,74.8,100,index,true
KPI-0039479,E-0265,execution,2025-01-01T00:00:00.000Z,2025-03-31T00:00:00.000Z,execution_output_score,62.1,100,index,true
KPI-0039481,E-0265,system_design,2025-01-01T00:00:00.000Z,2025-03-31T00:00:00.000Z,system_design_output_score,76.4,100,index,true
KPI-0039486,E-0265,execution,2025-04-01T00:00:00.000Z,2025-06-30T00:00:00.000Z,execution_output_score,85.4,100,index,true
KPI-0039488,E-0265,system_design,2025-04-01T00:00:00.000Z,2025-06-30T00:00:00.000Z,system_design_output_score,79.2,100,index,true
KPI-0039517,E-0265,execution,2025-10-01T00:00:00.000Z,2025-12-31T00:00:00.000Z,execution_output_score,83.2,100,index,true
KPI-0039519,E-0265,system_design,2025-10-01T00:00:00.000Z,2025-12-31T00:00:00.000Z,system_design_output_score,83.4,100,index,true
KPI-0039538,E-0265,execution,2026-01-01T00:00:00.000Z,2026-03-31T00:00:00.000Z,execution_output_score,90.2,100,index,true
KPI-0039540,E-0265,system_design,2026-01-01T00:00:00.000Z,2026-03-31T00:00:00.000Z,system_design_output_score,74.4,100,index,true
KPI-0039552,E-0265,execution,2026-04-01T00:00:00.000Z,2026-06-30T00:00:00.000Z,execution_output_score,98,100,index,true
KPI-0039554,E-0265,system_design,2026-04-01T00:00:00.000Z,2026-06-30T00:00:00.000Z,system_design_output_score,80.8,100,index,true
KPI-0039571,E-0265,system_design,2026-07-01T00:00:00.000Z,2026-09-29T00:00:00.000Z,system_design_output_score,91.5,100,index,true
KPI-0039595,E-0266,execution,2024-10-01T00:00:00.000Z,2024-12-31T00:00:00.000Z,execution_output_score,75.2,100,index,true
KPI-0039619,E-0266,execution,2025-01-01T00:00:00.000Z,2025-03-31T00:00:00.000Z,execution_output_score,73.9,100,index,true
KPI-0039621,E-0266,pipeline_mgmt,2025-01-01T00:00:00.000Z,2025-03-31T00:00:00.000Z,pipeline_mgmt_output_score,83.3,100,index,true
KPI-0039627,E-0266,execution,2025-04-01T00:00:00.000Z,2025-06-30T00:00:00.000Z,execution_output_score,70.8,100,index,true
KPI-0039629,E-0266,pipeline_mgmt,2025-04-01T00:00:00.000Z,2025-06-30T00:00:00.000Z,pipeline_mgmt_output_score,81.1,100,index,true
KPI-0039651,E-0266,execution,2025-07-01T00:00:00.000Z,2025-09-30T00:00:00.000Z,execution_output_score,77.5,100,index,true
KPI-0039653,E-0266,pipeline_mgmt,2025-07-01T00:00:00.000Z,2025-09-30T00:00:00.000Z,pipeline_mgmt_output_score,76,100,index,true
KPI-0039691,E-0267,execution,2024-10-01T00:00:00.000Z,2024-12-31T00:00:00.000Z,execution_output_score,119.1,100,index,true
KPI-0039693,E-0267,campaign_strategy,2024-10-01T00:00:00.000Z,2024-12-31T00:00:00.000Z,campaign_strategy_output_score,79.3,100,index,true
KPI-0039710,E-0267,campaign_strategy,2025-01-01T00:00:00.000Z,2025-03-31T00:00:00.000Z,campaign_strategy_output_score,76.5,100,index,true
KPI-0039723,E-0267,execution,2025-04-01T00:00:00.000Z,2025-06-30T00:00:00.000Z,execution_output_score,105.2,100,index,true
KPI-0039748,E-0267,execution,2025-07-01T00:00:00.000Z,2025-09-30T00:00:00.000Z,execution_output_score,100.6,100,index,true
KPI-0039750,E-0267,campaign_strategy,2025-07-01T00:00:00.000Z,2025-09-30T00:00:00.000Z,campaign_strategy_output_score,91.8,100,index,true
KPI-0039762,E-0267,campaign_strategy,2025-10-01T00:00:00.000Z,2025-12-31T00:00:00.000Z,campaign_strategy_output_score,92.9,100,index,true
KPI-0039778,E-0267,execution,2026-01-01T00:00:00.000Z,2026-03-31T00:00:00.000Z,execution_output_score,96.1,100,index,true
KPI-0039780,E-0267,campaign_strategy,2026-01-01T00:00:00.000Z,2026-03-31T00:00:00.000Z,campaign_strategy_output_score,99.9,100,index,true
KPI-0039786,E-0267,campaign_strategy,2026-04-01T00:00:00.000Z,2026-06-30T00:00:00.000Z,campaign_strategy_output_score,111.2,100,index,true
KPI-0039811,E-0267,execution,2026-07-01T00:00:00.000Z,2026-09-29T00:00:00.000Z,execution_output_score,86.9,100,index,true
KPI-0039813,E-0267,campaign_strategy,2026-07-01T00:00:00.000Z,2026-09-29T00:00:00.000Z,campaign_strategy_output_score,104.3,100,index,true
KPI-0039842,E-0268,execution,2024-10-01T00:00:00.000Z,2024-12-31T00:00:00.000Z,execution_output_score,67.5,100,index,true
KPI-0039844,E-0268,roadmap_prioritization,2024-10-01T00:00:00.000Z,2024-12-31T00:00:00.000Z,roadmap_prioritization_output_score,63,100,index,true
KPI-0039866,E-0268,execution,2025-01-01T00:00:00.000Z,2025-03-31T00:00:00.000Z,execution_output_score,76.3,100,index,true
KPI-0039868,E-0268,roadmap_prioritization,2025-01-01T00:00:00.000Z,2025-03-31T00:00:00.000Z,roadmap_prioritization_output_score,73.7,100,index,true
KPI-0039870,E-0268,execution,2025-04-01T00:00:00.000Z,2025-06-30T00:00:00.000Z,execution_output_score,78.4,100,index,true
KPI-0039872,E-0268,roadmap_prioritization,2025-04-01T00:00:00.000Z,2025-06-30T00:00:00.000Z,roadmap_prioritization_output_score,69.5,100,index,true
KPI-0039889,E-0268,execution,2025-07-01T00:00:00.000Z,2025-09-30T00:00:00.000Z,execution_output_score,73.6,100,index,true
KPI-0039891,E-0268,roadmap_prioritization,2025-07-01T00:00:00.000Z,2025-09-30T00:00:00.000Z,roadmap_prioritization_output_score,70.6,100,index,true
KPI-0039922,E-0268,execution,2026-01-01T00:00:00.000Z,2026-03-31T00:00:00.000Z,execution_output_score,68.8,100,index,true
KPI-0039934,E-0268,execution,2026-04-01T00:00:00.000Z,2026-06-30T00:00:00.000Z,execution_output_score,65.8,100,index,true
KPI-0039949,E-0268,execution,2026-07-01T00:00:00.000Z,2026-09-29T00:00:00.000Z,execution_output_score,65.5,100,index,true
KPI-0039989,E-0269,visual_craft,2025-01-01T00:00:00.000Z,2025-03-31T00:00:00.000Z,visual_craft_output_score,88.7,100,index,true
KPI-0039991,E-0269,visual_craft,2025-04-01T00:00:00.000Z,2025-06-30T00:00:00.000Z,visual_craft_output_score,90.3,100,index,true
KPI-0040083,E-0270,execution,2024-10-01T00:00:00.000Z,2024-12-31T00:00:00.000Z,execution_output_score,68.3,100,index,true
KPI-0040085,E-0270,financial_modeling,2024-10-01T00:00:00.000Z,2024-12-31T00:00:00.000Z,financial_modeling_output_score,70,100,index,true
KPI-0040111,E-0270,execution,2025-01-01T00:00:00.000Z,2025-03-31T00:00:00.000Z,execution_output_score,71,100,index,true
KPI-0040113,E-0270,financial_modeling,2025-01-01T00:00:00.000Z,2025-03-31T00:00:00.000Z,financial_modeling_output_score,64.3,100,index,true
KPI-0040129,E-0270,execution,2025-04-01T00:00:00.000Z,2025-06-30T00:00:00.000Z,execution_output_score,61.4,100,index,true
KPI-0040131,E-0270,financial_modeling,2025-04-01T00:00:00.000Z,2025-06-30T00:00:00.000Z,financial_modeling_output_score,67,100,index,true
KPI-0040148,E-0270,execution,2025-07-01T00:00:00.000Z,2025-09-30T00:00:00.000Z,execution_output_score,75.4,100,index,true
KPI-0040150,E-0270,financial_modeling,2025-07-01T00:00:00.000Z,2025-09-30T00:00:00.000Z,financial_modeling_output_score,70,100,index,true
KPI-0040159,E-0270,execution,2025-10-01T00:00:00.000Z,2025-12-31T00:00:00.000Z,execution_output_score,68.2,100,index,true
KPI-0040161,E-0270,financial_modeling,2025-10-01T00:00:00.000Z,2025-12-31T00:00:00.000Z,financial_modeling_output_score,65.5,100,index,true
KPI-0040192,E-0270,execution,2026-01-01T00:00:00.000Z,2026-03-31T00:00:00.000Z,execution_output_score,72.8,100,index,true
KPI-0040194,E-0270,financial_modeling,2026-01-01T00:00:00.000Z,2026-03-31T00:00:00.000Z,financial_modeling_output_score,64,100,index,true
KPI-0040206,E-0270,execution,2026-04-01T00:00:00.000Z,2026-06-30T00:00:00.000Z,execution_output_score,68.2,100,index,true
KPI-0040208,E-0270,financial_modeling,2026-04-01T00:00:00.000Z,2026-06-30T00:00:00.000Z,financial_modeling_output_score,56.3,100,index,true
KPI-0040235,E-0270,execution,2026-07-01T00:00:00.000Z,2026-09-29T00:00:00.000Z,execution_output_score,74,100,index,true
KPI-0040237,E-0270,financial_modeling,2026-07-01T00:00:00.000Z,2026-09-29T00:00:00.000Z,financial_modeling_output_score,60.6,100,index,true
KPI-0040245,E-0271,execution,2024-10-01T00:00:00.000Z,2024-12-31T00:00:00.000Z,execution_output_score,92.6,100,index,true
KPI-0040247,E-0271,talent_assessment,2024-10-01T00:00:00.000Z,2024-12-31T00:00:00.000Z,talent_assessment_output_score,70.1,100,index,true
KPI-0040271,E-0271,execution,2025-01-01T00:00:00.000Z,2025-03-31T00:00:00.000Z,execution_output_score,95.6,100,index,true
KPI-0040273,E-0271,talent_assessment,2025-01-01T00:00:00.000Z,2025-03-31T00:00:00.000Z,talent_assessment_output_score,72.8,100,index,true
KPI-0040288,E-0271,execution,2025-04-01T00:00:00.000Z,2025-06-30T00:00:00.000Z,execution_output_score,98.1,100,index,true
KPI-0040290,E-0271,talent_assessment,2025-04-01T00:00:00.000Z,2025-06-30T00:00:00.000Z,talent_assessment_output_score,79.3,100,index,true
KPI-0040317,E-0271,execution,2025-07-01T00:00:00.000Z,2025-09-30T00:00:00.000Z,execution_output_score,83.9,100,index,true
KPI-0040319,E-0271,talent_assessment,2025-07-01T00:00:00.000Z,2025-09-30T00:00:00.000Z,talent_assessment_output_score,83.7,100,index,true
KPI-0040328,E-0271,execution,2025-10-01T00:00:00.000Z,2025-12-31T00:00:00.000Z,execution_output_score,87,100,index,true
KPI-0040330,E-0271,talent_assessment,2025-10-01T00:00:00.000Z,2025-12-31T00:00:00.000Z,talent_assessment_output_score,90.5,100,index,true
KPI-0040345,E-0271,talent_assessment,2026-01-01T00:00:00.000Z,2026-03-31T00:00:00.000Z,talent_assessment_output_score,91.2,100,index,true
KPI-0040360,E-0271,talent_assessment,2026-04-01T00:00:00.000Z,2026-06-30T00:00:00.000Z,talent_assessment_output_score,100.6,100,index,true
KPI-0040383,E-0271,execution,2026-07-01T00:00:00.000Z,2026-09-29T00:00:00.000Z,execution_output_score,98.8,100,index,true
KPI-0040385,E-0271,talent_assessment,2026-07-01T00:00:00.000Z,2026-09-29T00:00:00.000Z,talent_assessment_output_score,111.4,100,index,true
KPI-0040406,E-0272,execution,2024-10-01T00:00:00.000Z,2024-12-31T00:00:00.000Z,execution_output_score,69.7,100,index,true
KPI-0040408,E-0272,customer_resolution,2024-10-01T00:00:00.000Z,2024-12-31T00:00:00.000Z,customer_resolution_output_score,70.7,100,index,true
KPI-0040435,E-0272,execution,2025-01-01T00:00:00.000Z,2025-03-31T00:00:00.000Z,execution_output_score,79,100,index,true
KPI-0040437,E-0272,customer_resolution,2025-01-01T00:00:00.000Z,2025-03-31T00:00:00.000Z,customer_resolution_output_score,71.2,100,index,true
KPI-0040449,E-0272,customer_resolution,2025-04-01T00:00:00.000Z,2025-06-30T00:00:00.000Z,customer_resolution_output_score,64.3,100,index,true
KPI-0040480,E-0272,execution,2025-07-01T00:00:00.000Z,2025-09-30T00:00:00.000Z,execution_output_score,66.4,100,index,true
KPI-0040482,E-0272,customer_resolution,2025-07-01T00:00:00.000Z,2025-09-30T00:00:00.000Z,customer_resolution_output_score,74.8,100,index,true
KPI-0040495,E-0272,execution,2025-10-01T00:00:00.000Z,2025-12-31T00:00:00.000Z,execution_output_score,61.1,100,index,true
KPI-0040497,E-0272,customer_resolution,2025-10-01T00:00:00.000Z,2025-12-31T00:00:00.000Z,customer_resolution_output_score,65.1,100,index,true
KPI-0040516,E-0272,execution,2026-01-01T00:00:00.000Z,2026-03-31T00:00:00.000Z,execution_output_score,55.8,100,index,true
KPI-0040518,E-0272,customer_resolution,2026-01-01T00:00:00.000Z,2026-03-31T00:00:00.000Z,customer_resolution_output_score,75.4,100,index,true
KPI-0040531,E-0272,customer_resolution,2026-04-01T00:00:00.000Z,2026-06-30T00:00:00.000Z,customer_resolution_output_score,68.6,100,index,true
KPI-0040555,E-0272,execution,2026-07-01T00:00:00.000Z,2026-09-29T00:00:00.000Z,execution_output_score,64.1,100,index,true
KPI-0040557,E-0272,customer_resolution,2026-07-01T00:00:00.000Z,2026-09-29T00:00:00.000Z,customer_resolution_output_score,69.2,100,index,true
KPI-0040603,E-0273,execution,2025-01-01T00:00:00.000Z,2025-03-31T00:00:00.000Z,execution_output_score,85.4,100,index,true
KPI-0040612,E-0273,execution,2025-04-01T00:00:00.000Z,2025-06-30T00:00:00.000Z,execution_output_score,81.8,100,index,true
KPI-0040614,E-0273,system_design,2025-04-01T00:00:00.000Z,2025-06-30T00:00:00.000Z,system_design_output_score,79.3,100,index,true
KPI-0040643,E-0273,execution,2025-07-01T00:00:00.000Z,2025-09-30T00:00:00.000Z,execution_output_score,78.9,100,index,true
KPI-0040651,E-0273,execution,2025-10-01T00:00:00.000Z,2025-12-31T00:00:00.000Z,execution_output_score,87.9,100,index,true
KPI-0040653,E-0273,system_design,2025-10-01T00:00:00.000Z,2025-12-31T00:00:00.000Z,system_design_output_score,76.6,100,index,true
KPI-0040669,E-0273,execution,2026-01-01T00:00:00.000Z,2026-03-31T00:00:00.000Z,execution_output_score,86.1,100,index,true
KPI-0040681,E-0273,system_design,2026-04-01T00:00:00.000Z,2026-06-30T00:00:00.000Z,system_design_output_score,75.6,100,index,true
KPI-0040692,E-0273,system_design,2026-07-01T00:00:00.000Z,2026-09-29T00:00:00.000Z,system_design_output_score,73.5,100,index,true
KPI-0040716,E-0274,execution,2024-10-01T00:00:00.000Z,2024-12-31T00:00:00.000Z,execution_output_score,74.9,100,index,true
KPI-0040735,E-0274,execution,2025-01-01T00:00:00.000Z,2025-03-31T00:00:00.000Z,execution_output_score,74,100,index,true
KPI-0040737,E-0274,pipeline_mgmt,2025-01-01T00:00:00.000Z,2025-03-31T00:00:00.000Z,pipeline_mgmt_output_score,77.2,100,index,true
KPI-0040743,E-0274,execution,2025-04-01T00:00:00.000Z,2025-06-30T00:00:00.000Z,execution_output_score,73.5,100,index,true
KPI-0040745,E-0274,pipeline_mgmt,2025-04-01T00:00:00.000Z,2025-06-30T00:00:00.000Z,pipeline_mgmt_output_score,80.1,100,index,true
KPI-0040763,E-0274,execution,2025-07-01T00:00:00.000Z,2025-09-30T00:00:00.000Z,execution_output_score,88.5,100,index,true
KPI-0040765,E-0274,pipeline_mgmt,2025-07-01T00:00:00.000Z,2025-09-30T00:00:00.000Z,pipeline_mgmt_output_score,74.7,100,index,true
KPI-0040777,E-0274,execution,2025-10-01T00:00:00.000Z,2025-12-31T00:00:00.000Z,execution_output_score,97.3,100,index,true
KPI-0040779,E-0274,pipeline_mgmt,2025-10-01T00:00:00.000Z,2025-12-31T00:00:00.000Z,pipeline_mgmt_output_score,70.7,100,index,true
KPI-0040803,E-0274,execution,2026-01-01T00:00:00.000Z,2026-03-31T00:00:00.000Z,execution_output_score,102,100,index,true
KPI-0040805,E-0274,pipeline_mgmt,2026-01-01T00:00:00.000Z,2026-03-31T00:00:00.000Z,pipeline_mgmt_output_score,78.8,100,index,true
KPI-0040830,E-0274,execution,2026-07-01T00:00:00.000Z,2026-09-29T00:00:00.000Z,execution_output_score,112,100,index,true
KPI-0040832,E-0274,pipeline_mgmt,2026-07-01T00:00:00.000Z,2026-09-29T00:00:00.000Z,pipeline_mgmt_output_score,70.3,100,index,true
KPI-0040849,E-0275,execution,2024-10-01T00:00:00.000Z,2024-12-31T00:00:00.000Z,execution_output_score,74.4,100,index,true
KPI-0040851,E-0275,campaign_strategy,2024-10-01T00:00:00.000Z,2024-12-31T00:00:00.000Z,campaign_strategy_output_score,80.2,100,index,true
KPI-0040869,E-0275,execution,2025-01-01T00:00:00.000Z,2025-03-31T00:00:00.000Z,execution_output_score,64.4,100,index,true
KPI-0040871,E-0275,execution,2025-04-01T00:00:00.000Z,2025-06-30T00:00:00.000Z,execution_output_score,69.7,100,index,true
KPI-0040873,E-0275,campaign_strategy,2025-04-01T00:00:00.000Z,2025-06-30T00:00:00.000Z,campaign_strategy_output_score,81.8,100,index,true
KPI-0040904,E-0275,campaign_strategy,2025-07-01T00:00:00.000Z,2025-09-30T00:00:00.000Z,campaign_strategy_output_score,85.6,100,index,true
KPI-0040916,E-0275,execution,2025-10-01T00:00:00.000Z,2025-12-31T00:00:00.000Z,execution_output_score,65,100,index,true
KPI-0040918,E-0275,campaign_strategy,2025-10-01T00:00:00.000Z,2025-12-31T00:00:00.000Z,campaign_strategy_output_score,80.3,100,index,true
KPI-0040934,E-0275,execution,2026-01-01T00:00:00.000Z,2026-03-31T00:00:00.000Z,execution_output_score,70.3,100,index,true
KPI-0040936,E-0275,campaign_strategy,2026-01-01T00:00:00.000Z,2026-03-31T00:00:00.000Z,campaign_strategy_output_score,77.8,100,index,true
KPI-0040952,E-0275,execution,2026-04-01T00:00:00.000Z,2026-06-30T00:00:00.000Z,execution_output_score,87.9,100,index,true
KPI-0040954,E-0275,campaign_strategy,2026-04-01T00:00:00.000Z,2026-06-30T00:00:00.000Z,campaign_strategy_output_score,83.8,100,index,true
KPI-0040977,E-0275,execution,2026-07-01T00:00:00.000Z,2026-09-29T00:00:00.000Z,execution_output_score,93.9,100,index,true
KPI-0040979,E-0275,campaign_strategy,2026-07-01T00:00:00.000Z,2026-09-29T00:00:00.000Z,campaign_strategy_output_score,86.6,100,index,true
KPI-0041003,E-0276,execution,2024-10-01T00:00:00.000Z,2024-12-31T00:00:00.000Z,execution_output_score,73.2,100,index,true
KPI-0041019,E-0276,execution,2025-01-01T00:00:00.000Z,2025-03-31T00:00:00.000Z,execution_output_score,68.6,100,index,true
KPI-0041035,E-0276,execution,2025-04-01T00:00:00.000Z,2025-06-30T00:00:00.000Z,execution_output_score,69.9,100,index,true
KPI-0041037,E-0276,roadmap_prioritization,2025-04-01T00:00:00.000Z,2025-06-30T00:00:00.000Z,roadmap_prioritization_output_score,69.6,100,index,true
KPI-0041065,E-0276,execution,2025-07-01T00:00:00.000Z,2025-09-30T00:00:00.000Z,execution_output_score,65.6,100,index,true
KPI-0041073,E-0276,execution,2025-10-01T00:00:00.000Z,2025-12-31T00:00:00.000Z,execution_output_score,74.4,100,index,true
KPI-0041075,E-0276,roadmap_prioritization,2025-10-01T00:00:00.000Z,2025-12-31T00:00:00.000Z,roadmap_prioritization_output_score,65.2,100,index,true
KPI-0041101,E-0276,execution,2026-01-01T00:00:00.000Z,2026-03-31T00:00:00.000Z,execution_output_score,71.9,100,index,true
KPI-0041103,E-0276,roadmap_prioritization,2026-01-01T00:00:00.000Z,2026-03-31T00:00:00.000Z,roadmap_prioritization_output_score,68.8,100,index,true
KPI-0041122,E-0276,execution,2026-04-01T00:00:00.000Z,2026-06-30T00:00:00.000Z,execution_output_score,74.7,100,index,true
KPI-0041124,E-0276,roadmap_prioritization,2026-04-01T00:00:00.000Z,2026-06-30T00:00:00.000Z,roadmap_prioritization_output_score,76.9,100,index,true
KPI-0041141,E-0276,execution,2026-07-01T00:00:00.000Z,2026-09-29T00:00:00.000Z,execution_output_score,68.8,100,index,true
KPI-0041143,E-0276,roadmap_prioritization,2026-07-01T00:00:00.000Z,2026-09-29T00:00:00.000Z,roadmap_prioritization_output_score,68.1,100,index,true
KPI-0041166,E-0277,execution,2024-10-01T00:00:00.000Z,2024-12-31T00:00:00.000Z,execution_output_score,94.5,100,index,true
KPI-0041168,E-0277,visual_craft,2024-10-01T00:00:00.000Z,2024-12-31T00:00:00.000Z,visual_craft_output_score,62.3,100,index,true
KPI-0041185,E-0277,execution,2025-01-01T00:00:00.000Z,2025-03-31T00:00:00.000Z,execution_output_score,93.5,100,index,true
KPI-0041187,E-0277,visual_craft,2025-01-01T00:00:00.000Z,2025-03-31T00:00:00.000Z,visual_craft_output_score,78.3,100,index,true
KPI-0041193,E-0277,visual_craft,2025-04-01T00:00:00.000Z,2025-06-30T00:00:00.000Z,visual_craft_output_score,75.7,100,index,true
KPI-0041221,E-0277,execution,2025-07-01T00:00:00.000Z,2025-09-30T00:00:00.000Z,execution_output_score,89.4,100,index,true
KPI-0041240,E-0277,execution,2025-10-01T00:00:00.000Z,2025-12-31T00:00:00.000Z,execution_output_score,92,100,index,true
KPI-0041242,E-0277,visual_craft,2025-10-01T00:00:00.000Z,2025-12-31T00:00:00.000Z,visual_craft_output_score,80.5,100,index,true
KPI-0041263,E-0277,execution,2026-01-01T00:00:00.000Z,2026-03-31T00:00:00.000Z,execution_output_score,97.6,100,index,true
KPI-0041276,E-0277,execution,2026-04-01T00:00:00.000Z,2026-06-30T00:00:00.000Z,execution_output_score,89.5,100,index,true
KPI-0041278,E-0277,visual_craft,2026-04-01T00:00:00.000Z,2026-06-30T00:00:00.000Z,visual_craft_output_score,96.7,100,index,true
KPI-0041302,E-0277,visual_craft,2026-07-01T00:00:00.000Z,2026-09-29T00:00:00.000Z,visual_craft_output_score,102.5,100,index,true
KPI-0041316,E-0278,execution,2024-10-01T00:00:00.000Z,2024-12-31T00:00:00.000Z,execution_output_score,72.2,100,index,true
KPI-0041318,E-0278,financial_modeling,2024-10-01T00:00:00.000Z,2024-12-31T00:00:00.000Z,financial_modeling_output_score,73.2,100,index,true
KPI-0041336,E-0278,execution,2025-01-01T00:00:00.000Z,2025-03-31T00:00:00.000Z,execution_output_score,73.6,100,index,true
KPI-0041338,E-0278,financial_modeling,2025-01-01T00:00:00.000Z,2025-03-31T00:00:00.000Z,financial_modeling_output_score,65.9,100,index,true
KPI-0041344,E-0278,financial_modeling,2025-04-01T00:00:00.000Z,2025-06-30T00:00:00.000Z,financial_modeling_output_score,70.6,100,index,true
KPI-0041362,E-0278,execution,2025-07-01T00:00:00.000Z,2025-09-30T00:00:00.000Z,execution_output_score,76.5,100,index,true
KPI-0041364,E-0278,financial_modeling,2025-07-01T00:00:00.000Z,2025-09-30T00:00:00.000Z,financial_modeling_output_score,63.8,100,index,true
KPI-0041376,E-0278,execution,2025-10-01T00:00:00.000Z,2025-12-31T00:00:00.000Z,execution_output_score,79.4,100,index,true
KPI-0041378,E-0278,financial_modeling,2025-10-01T00:00:00.000Z,2025-12-31T00:00:00.000Z,financial_modeling_output_score,68.8,100,index,true
KPI-0041409,E-0278,financial_modeling,2026-01-01T00:00:00.000Z,2026-03-31T00:00:00.000Z,financial_modeling_output_score,72.3,100,index,true
KPI-0041424,E-0278,execution,2026-04-01T00:00:00.000Z,2026-06-30T00:00:00.000Z,execution_output_score,87.3,100,index,true
KPI-0041426,E-0278,financial_modeling,2026-04-01T00:00:00.000Z,2026-06-30T00:00:00.000Z,financial_modeling_output_score,59.9,100,index,true
KPI-0041457,E-0278,execution,2026-07-01T00:00:00.000Z,2026-09-29T00:00:00.000Z,execution_output_score,92.8,100,index,true
KPI-0041459,E-0278,financial_modeling,2026-07-01T00:00:00.000Z,2026-09-29T00:00:00.000Z,financial_modeling_output_score,68,100,index,true
KPI-0041487,E-0279,execution,2024-10-01T00:00:00.000Z,2024-12-31T00:00:00.000Z,execution_output_score,84.9,100,index,true
KPI-0041512,E-0279,execution,2025-01-01T00:00:00.000Z,2025-03-31T00:00:00.000Z,execution_output_score,90.7,100,index,true
KPI-0041514,E-0279,talent_assessment,2025-01-01T00:00:00.000Z,2025-03-31T00:00:00.000Z,talent_assessment_output_score,84.8,100,index,true
KPI-0041526,E-0279,execution,2025-04-01T00:00:00.000Z,2025-06-30T00:00:00.000Z,execution_output_score,88.9,100,index,true
KPI-0041528,E-0279,talent_assessment,2025-04-01T00:00:00.000Z,2025-06-30T00:00:00.000Z,talent_assessment_output_score,85.6,100,index,true
KPI-0041549,E-0279,execution,2025-07-01T00:00:00.000Z,2025-09-30T00:00:00.000Z,execution_output_score,91.1,100,index,true
KPI-0041551,E-0279,talent_assessment,2025-07-01T00:00:00.000Z,2025-09-30T00:00:00.000Z,talent_assessment_output_score,79.4,100,index,true
KPI-0041563,E-0279,execution,2025-10-01T00:00:00.000Z,2025-12-31T00:00:00.000Z,execution_output_score,89.2,100,index,true
KPI-0041565,E-0279,talent_assessment,2025-10-01T00:00:00.000Z,2025-12-31T00:00:00.000Z,talent_assessment_output_score,87.5,100,index,true
KPI-0041591,E-0279,execution,2026-01-01T00:00:00.000Z,2026-03-31T00:00:00.000Z,execution_output_score,95.3,100,index,true
KPI-0041593,E-0279,talent_assessment,2026-01-01T00:00:00.000Z,2026-03-31T00:00:00.000Z,talent_assessment_output_score,92.2,100,index,true
KPI-0041606,E-0279,execution,2026-04-01T00:00:00.000Z,2026-06-30T00:00:00.000Z,execution_output_score,87,100,index,true
KPI-0041618,E-0279,execution,2026-07-01T00:00:00.000Z,2026-09-29T00:00:00.000Z,execution_output_score,87.7,100,index,true
KPI-0041620,E-0279,talent_assessment,2026-07-01T00:00:00.000Z,2026-09-29T00:00:00.000Z,talent_assessment_output_score,90.4,100,index,true
KPI-0041644,E-0280,execution,2024-10-01T00:00:00.000Z,2024-12-31T00:00:00.000Z,execution_output_score,112.5,100,index,true
KPI-0041646,E-0280,customer_resolution,2024-10-01T00:00:00.000Z,2024-12-31T00:00:00.000Z,customer_resolution_output_score,69.6,100,index,true
KPI-0041672,E-0280,execution,2025-01-01T00:00:00.000Z,2025-03-31T00:00:00.000Z,execution_output_score,107.7,100,index,true
KPI-0041674,E-0280,customer_resolution,2025-01-01T00:00:00.000Z,2025-03-31T00:00:00.000Z,customer_resolution_output_score,70.4,100,index,true
KPI-0041686,E-0280,execution,2025-04-01T00:00:00.000Z,2025-06-30T00:00:00.000Z,execution_output_score,109.2,100,index,true
KPI-0041688,E-0280,customer_resolution,2025-04-01T00:00:00.000Z,2025-06-30T00:00:00.000Z,customer_resolution_output_score,81.6,100,index,true
KPI-0041708,E-0280,execution,2025-07-01T00:00:00.000Z,2025-09-30T00:00:00.000Z,execution_output_score,98.6,100,index,true
KPI-0041710,E-0280,customer_resolution,2025-07-01T00:00:00.000Z,2025-09-30T00:00:00.000Z,customer_resolution_output_score,70.1,100,index,true
KPI-0041723,E-0280,execution,2025-10-01T00:00:00.000Z,2025-12-31T00:00:00.000Z,execution_output_score,100.7,100,index,true
KPI-0041749,E-0280,execution,2026-01-01T00:00:00.000Z,2026-03-31T00:00:00.000Z,execution_output_score,92.2,100,index,true
KPI-0041751,E-0280,customer_resolution,2026-01-01T00:00:00.000Z,2026-03-31T00:00:00.000Z,customer_resolution_output_score,67.5,100,index,true
KPI-0041757,E-0280,execution,2026-04-01T00:00:00.000Z,2026-06-30T00:00:00.000Z,execution_output_score,76.7,100,index,true
KPI-0041759,E-0280,customer_resolution,2026-04-01T00:00:00.000Z,2026-06-30T00:00:00.000Z,customer_resolution_output_score,71.7,100,index,true
KPI-0041822,E-0281,execution,2025-01-01T00:00:00.000Z,2025-03-31T00:00:00.000Z,execution_output_score,78.6,100,index,true
KPI-0041824,E-0281,system_design,2025-01-01T00:00:00.000Z,2025-03-31T00:00:00.000Z,system_design_output_score,81.8,100,index,true
KPI-0041843,E-0281,execution,2025-04-01T00:00:00.000Z,2025-06-30T00:00:00.000Z,execution_output_score,76.9,100,index,true
KPI-0041861,E-0281,execution,2025-07-01T00:00:00.000Z,2025-09-30T00:00:00.000Z,execution_output_score,76.6,100,index,true
KPI-0041863,E-0281,system_design,2025-07-01T00:00:00.000Z,2025-09-30T00:00:00.000Z,system_design_output_score,83,100,index,true
KPI-0041869,E-0281,system_design,2025-10-01T00:00:00.000Z,2025-12-31T00:00:00.000Z,system_design_output_score,77,100,index,true
KPI-0041895,E-0281,system_design,2026-01-01T00:00:00.000Z,2026-03-31T00:00:00.000Z,system_design_output_score,77.5,100,index,true
KPI-0041926,E-0281,system_design,2026-07-01T00:00:00.000Z,2026-09-29T00:00:00.000Z,system_design_output_score,76.4,100,index,true
KPI-0041946,E-0282,pipeline_mgmt,2024-10-01T00:00:00.000Z,2024-12-31T00:00:00.000Z,pipeline_mgmt_output_score,69.7,100,index,true
KPI-0041969,E-0282,execution,2025-01-01T00:00:00.000Z,2025-03-31T00:00:00.000Z,execution_output_score,78.4,100,index,true
KPI-0041971,E-0282,pipeline_mgmt,2025-01-01T00:00:00.000Z,2025-03-31T00:00:00.000Z,pipeline_mgmt_output_score,74.7,100,index,true
KPI-0041990,E-0282,execution,2025-04-01T00:00:00.000Z,2025-06-30T00:00:00.000Z,execution_output_score,94.6,100,index,true
KPI-0041992,E-0282,pipeline_mgmt,2025-04-01T00:00:00.000Z,2025-06-30T00:00:00.000Z,pipeline_mgmt_output_score,66.6,100,index,true
KPI-0042014,E-0282,execution,2025-07-01T00:00:00.000Z,2025-09-30T00:00:00.000Z,execution_output_score,88.5,100,index,true
KPI-0042016,E-0282,pipeline_mgmt,2025-07-01T00:00:00.000Z,2025-09-30T00:00:00.000Z,pipeline_mgmt_output_score,62.5,100,index,true
KPI-0042035,E-0282,execution,2025-10-01T00:00:00.000Z,2025-12-31T00:00:00.000Z,execution_output_score,90.2,100,index,true
KPI-0042037,E-0282,pipeline_mgmt,2025-10-01T00:00:00.000Z,2025-12-31T00:00:00.000Z,pipeline_mgmt_output_score,82.4,100,index,true
KPI-0042066,E-0282,execution,2026-01-01T00:00:00.000Z,2026-03-31T00:00:00.000Z,execution_output_score,85,100,index,true
KPI-0042068,E-0282,pipeline_mgmt,2026-01-01T00:00:00.000Z,2026-03-31T00:00:00.000Z,pipeline_mgmt_output_score,84.3,100,index,true
KPI-0042080,E-0282,execution,2026-04-01T00:00:00.000Z,2026-06-30T00:00:00.000Z,execution_output_score,92.9,100,index,true
KPI-0042082,E-0282,pipeline_mgmt,2026-04-01T00:00:00.000Z,2026-06-30T00:00:00.000Z,pipeline_mgmt_output_score,90.4,100,index,true
KPI-0042111,E-0282,pipeline_mgmt,2026-07-01T00:00:00.000Z,2026-09-29T00:00:00.000Z,pipeline_mgmt_output_score,97.1,100,index,true
KPI-0042135,E-0283,execution,2024-10-01T00:00:00.000Z,2024-12-31T00:00:00.000Z,execution_output_score,93.5,100,index,true
KPI-0042137,E-0283,campaign_strategy,2024-10-01T00:00:00.000Z,2024-12-31T00:00:00.000Z,campaign_strategy_output_score,72.4,100,index,true
KPI-0042162,E-0283,execution,2025-01-01T00:00:00.000Z,2025-03-31T00:00:00.000Z,execution_output_score,89.9,100,index,true
KPI-0042164,E-0283,campaign_strategy,2025-01-01T00:00:00.000Z,2025-03-31T00:00:00.000Z,campaign_strategy_output_score,76.5,100,index,true
KPI-0042176,E-0283,campaign_strategy,2025-04-01T00:00:00.000Z,2025-06-30T00:00:00.000Z,campaign_strategy_output_score,67.2,100,index,true
KPI-0042196,E-0283,campaign_strategy,2025-07-01T00:00:00.000Z,2025-09-30T00:00:00.000Z,campaign_strategy_output_score,61.5,100,index,true
KPI-0042212,E-0283,campaign_strategy,2026-01-01T00:00:00.000Z,2026-03-31T00:00:00.000Z,campaign_strategy_output_score,81.9,100,index,true
KPI-0042240,E-0283,campaign_strategy,2026-07-01T00:00:00.000Z,2026-09-29T00:00:00.000Z,campaign_strategy_output_score,95.4,100,index,true
KPI-0042266,E-0284,execution,2024-10-01T00:00:00.000Z,2024-12-31T00:00:00.000Z,execution_output_score,73.7,100,index,true
KPI-0042268,E-0284,roadmap_prioritization,2024-10-01T00:00:00.000Z,2024-12-31T00:00:00.000Z,roadmap_prioritization_output_score,63.2,100,index,true
KPI-0042299,E-0284,roadmap_prioritization,2025-01-01T00:00:00.000Z,2025-03-31T00:00:00.000Z,roadmap_prioritization_output_score,83.4,100,index,true
KPI-0042315,E-0284,execution,2025-04-01T00:00:00.000Z,2025-06-30T00:00:00.000Z,execution_output_score,73.8,100,index,true
KPI-0042317,E-0284,roadmap_prioritization,2025-04-01T00:00:00.000Z,2025-06-30T00:00:00.000Z,roadmap_prioritization_output_score,75.5,100,index,true
KPI-0042348,E-0284,roadmap_prioritization,2025-07-01T00:00:00.000Z,2025-09-30T00:00:00.000Z,roadmap_prioritization_output_score,85.9,100,index,true
KPI-0042361,E-0284,execution,2025-10-01T00:00:00.000Z,2025-12-31T00:00:00.000Z,execution_output_score,93.5,100,index,true
KPI-0042363,E-0284,roadmap_prioritization,2025-10-01T00:00:00.000Z,2025-12-31T00:00:00.000Z,roadmap_prioritization_output_score,92.1,100,index,true
KPI-0042388,E-0284,execution,2026-01-01T00:00:00.000Z,2026-03-31T00:00:00.000Z,execution_output_score,86.4,100,index,true
KPI-0042390,E-0284,roadmap_prioritization,2026-01-01T00:00:00.000Z,2026-03-31T00:00:00.000Z,roadmap_prioritization_output_score,92.1,100,index,true
KPI-0042396,E-0284,execution,2026-04-01T00:00:00.000Z,2026-06-30T00:00:00.000Z,execution_output_score,106.9,100,index,true
KPI-0042398,E-0284,roadmap_prioritization,2026-04-01T00:00:00.000Z,2026-06-30T00:00:00.000Z,roadmap_prioritization_output_score,93.7,100,index,true
KPI-0042415,E-0284,roadmap_prioritization,2026-07-01T00:00:00.000Z,2026-09-29T00:00:00.000Z,roadmap_prioritization_output_score,101.2,100,index,true
KPI-0042437,E-0285,execution,2024-10-01T00:00:00.000Z,2024-12-31T00:00:00.000Z,execution_output_score,94.5,100,index,true
KPI-0042461,E-0285,execution,2025-01-01T00:00:00.000Z,2025-03-31T00:00:00.000Z,execution_output_score,92.1,100,index,true
KPI-0042463,E-0285,visual_craft,2025-01-01T00:00:00.000Z,2025-03-31T00:00:00.000Z,visual_craft_output_score,71.2,100,index,true
KPI-0042479,E-0285,execution,2025-04-01T00:00:00.000Z,2025-06-30T00:00:00.000Z,execution_output_score,97.9,100,index,true
KPI-0042481,E-0285,visual_craft,2025-04-01T00:00:00.000Z,2025-06-30T00:00:00.000Z,visual_craft_output_score,86.5,100,index,true
KPI-0042506,E-0285,execution,2025-07-01T00:00:00.000Z,2025-09-30T00:00:00.000Z,execution_output_score,84.2,100,index,true
KPI-0042508,E-0285,visual_craft,2025-07-01T00:00:00.000Z,2025-09-30T00:00:00.000Z,visual_craft_output_score,74,100,index,true
KPI-0042523,E-0285,execution,2025-10-01T00:00:00.000Z,2025-12-31T00:00:00.000Z,execution_output_score,84.3,100,index,true
KPI-0042537,E-0285,execution,2026-01-01T00:00:00.000Z,2026-03-31T00:00:00.000Z,execution_output_score,84.7,100,index,true
KPI-0042552,E-0285,execution,2026-04-01T00:00:00.000Z,2026-06-30T00:00:00.000Z,execution_output_score,82.7,100,index,true
KPI-0042554,E-0285,visual_craft,2026-04-01T00:00:00.000Z,2026-06-30T00:00:00.000Z,visual_craft_output_score,88.2,100,index,true
KPI-0042579,E-0285,visual_craft,2026-07-01T00:00:00.000Z,2026-09-29T00:00:00.000Z,visual_craft_output_score,100.8,100,index,true
KPI-0042593,E-0286,execution,2024-10-01T00:00:00.000Z,2024-12-31T00:00:00.000Z,execution_output_score,72,100,index,true
KPI-0042595,E-0286,financial_modeling,2024-10-01T00:00:00.000Z,2024-12-31T00:00:00.000Z,financial_modeling_output_score,103.7,100,index,true
KPI-0042614,E-0286,execution,2025-01-01T00:00:00.000Z,2025-03-31T00:00:00.000Z,execution_output_score,70.4,100,index,true
KPI-0042616,E-0286,financial_modeling,2025-01-01T00:00:00.000Z,2025-03-31T00:00:00.000Z,financial_modeling_output_score,97.1,100,index,true
KPI-0042631,E-0286,execution,2025-04-01T00:00:00.000Z,2025-06-30T00:00:00.000Z,execution_output_score,81.3,100,index,true
KPI-0042633,E-0286,financial_modeling,2025-04-01T00:00:00.000Z,2025-06-30T00:00:00.000Z,financial_modeling_output_score,96.2,100,index,true
KPI-0042645,E-0286,financial_modeling,2025-07-01T00:00:00.000Z,2025-09-30T00:00:00.000Z,financial_modeling_output_score,95.4,100,index,true
KPI-0042679,E-0286,financial_modeling,2026-01-01T00:00:00.000Z,2026-03-31T00:00:00.000Z,financial_modeling_output_score,82.2,100,index,true
KPI-0042691,E-0286,financial_modeling,2026-04-01T00:00:00.000Z,2026-06-30T00:00:00.000Z,financial_modeling_output_score,86.3,100,index,true
KPI-0042731,E-0287,talent_assessment,2024-10-01T00:00:00.000Z,2024-12-31T00:00:00.000Z,talent_assessment_output_score,84.1,100,index,true
KPI-0042747,E-0287,execution,2025-01-01T00:00:00.000Z,2025-03-31T00:00:00.000Z,execution_output_score,72.9,100,index,true
KPI-0042749,E-0287,talent_assessment,2025-01-01T00:00:00.000Z,2025-03-31T00:00:00.000Z,talent_assessment_output_score,85,100,index,true
KPI-0042758,E-0287,execution,2025-04-01T00:00:00.000Z,2025-06-30T00:00:00.000Z,execution_output_score,76.8,100,index,true
KPI-0042760,E-0287,talent_assessment,2025-04-01T00:00:00.000Z,2025-06-30T00:00:00.000Z,talent_assessment_output_score,90.3,100,index,true
KPI-0042778,E-0287,execution,2025-07-01T00:00:00.000Z,2025-09-30T00:00:00.000Z,execution_output_score,85,100,index,true
KPI-0042780,E-0287,talent_assessment,2025-07-01T00:00:00.000Z,2025-09-30T00:00:00.000Z,talent_assessment_output_score,91.2,100,index,true
KPI-0042796,E-0287,execution,2025-10-01T00:00:00.000Z,2025-12-31T00:00:00.000Z,execution_output_score,92.7,100,index,true
KPI-0042815,E-0287,execution,2026-01-01T00:00:00.000Z,2026-03-31T00:00:00.000Z,execution_output_score,103.3,100,index,true
KPI-0042833,E-0287,execution,2026-04-01T00:00:00.000Z,2026-06-30T00:00:00.000Z,execution_output_score,95.8,100,index,true
KPI-0042851,E-0287,execution,2026-07-01T00:00:00.000Z,2026-09-29T00:00:00.000Z,execution_output_score,104.8,100,index,true
KPI-0042869,E-0288,execution,2024-10-01T00:00:00.000Z,2024-12-31T00:00:00.000Z,execution_output_score,67.3,100,index,true
KPI-0042871,E-0288,customer_resolution,2024-10-01T00:00:00.000Z,2024-12-31T00:00:00.000Z,customer_resolution_output_score,77.7,100,index,true
KPI-0042892,E-0288,execution,2025-01-01T00:00:00.000Z,2025-03-31T00:00:00.000Z,execution_output_score,71.7,100,index,true
KPI-0042905,E-0288,execution,2025-04-01T00:00:00.000Z,2025-06-30T00:00:00.000Z,execution_output_score,69.2,100,index,true
KPI-0042926,E-0288,execution,2025-07-01T00:00:00.000Z,2025-09-30T00:00:00.000Z,execution_output_score,80,100,index,true
KPI-0042928,E-0288,customer_resolution,2025-07-01T00:00:00.000Z,2025-09-30T00:00:00.000Z,customer_resolution_output_score,86.3,100,index,true
KPI-0042934,E-0288,execution,2025-10-01T00:00:00.000Z,2025-12-31T00:00:00.000Z,execution_output_score,99.4,100,index,true
KPI-0042936,E-0288,customer_resolution,2025-10-01T00:00:00.000Z,2025-12-31T00:00:00.000Z,customer_resolution_output_score,76.4,100,index,true
KPI-0042962,E-0288,execution,2026-01-01T00:00:00.000Z,2026-03-31T00:00:00.000Z,execution_output_score,95.1,100,index,true
KPI-0042964,E-0288,customer_resolution,2026-01-01T00:00:00.000Z,2026-03-31T00:00:00.000Z,customer_resolution_output_score,80,100,index,true
KPI-0042976,E-0288,execution,2026-04-01T00:00:00.000Z,2026-06-30T00:00:00.000Z,execution_output_score,110.2,100,index,true
KPI-0042978,E-0288,customer_resolution,2026-04-01T00:00:00.000Z,2026-06-30T00:00:00.000Z,customer_resolution_output_score,77.7,100,index,true
KPI-0043000,E-0288,execution,2026-07-01T00:00:00.000Z,2026-09-29T00:00:00.000Z,execution_output_score,113.8,100,index,true
KPI-0043002,E-0288,customer_resolution,2026-07-01T00:00:00.000Z,2026-09-29T00:00:00.000Z,customer_resolution_output_score,92.3,100,index,true
KPI-0043027,E-0289,execution,2024-10-01T00:00:00.000Z,2024-12-31T00:00:00.000Z,execution_output_score,70.5,100,index,true
KPI-0043029,E-0289,system_design,2024-10-01T00:00:00.000Z,2024-12-31T00:00:00.000Z,system_design_output_score,69.1,100,index,true
KPI-0043041,E-0289,execution,2025-01-01T00:00:00.000Z,2025-03-31T00:00:00.000Z,execution_output_score,67.3,100,index,true
KPI-0043043,E-0289,system_design,2025-01-01T00:00:00.000Z,2025-03-31T00:00:00.000Z,system_design_output_score,64.2,100,index,true
KPI-0043049,E-0289,system_design,2025-04-01T00:00:00.000Z,2025-06-30T00:00:00.000Z,system_design_output_score,71.3,100,index,true
KPI-0043075,E-0289,execution,2025-07-01T00:00:00.000Z,2025-09-30T00:00:00.000Z,execution_output_score,67.9,100,index,true
KPI-0043077,E-0289,system_design,2025-07-01T00:00:00.000Z,2025-09-30T00:00:00.000Z,system_design_output_score,91,100,index,true
KPI-0043085,E-0289,execution,2025-10-01T00:00:00.000Z,2025-12-31T00:00:00.000Z,execution_output_score,74.8,100,index,true
KPI-0043087,E-0289,system_design,2025-10-01T00:00:00.000Z,2025-12-31T00:00:00.000Z,system_design_output_score,88.8,100,index,true
KPI-0043109,E-0289,execution,2026-01-01T00:00:00.000Z,2026-03-31T00:00:00.000Z,execution_output_score,86.2,100,index,true
KPI-0043127,E-0289,execution,2026-04-01T00:00:00.000Z,2026-06-30T00:00:00.000Z,execution_output_score,92.1,100,index,true
KPI-0043129,E-0289,system_design,2026-04-01T00:00:00.000Z,2026-06-30T00:00:00.000Z,system_design_output_score,99.5,100,index,true
KPI-0043150,E-0289,execution,2026-07-01T00:00:00.000Z,2026-09-29T00:00:00.000Z,execution_output_score,99.2,100,index,true
KPI-0043181,E-0290,execution,2024-10-01T00:00:00.000Z,2024-12-31T00:00:00.000Z,execution_output_score,69.5,100,index,true
KPI-0043183,E-0290,pipeline_mgmt,2024-10-01T00:00:00.000Z,2024-12-31T00:00:00.000Z,pipeline_mgmt_output_score,61.3,100,index,true
KPI-0043205,E-0290,execution,2025-01-01T00:00:00.000Z,2025-03-31T00:00:00.000Z,execution_output_score,74.7,100,index,true
KPI-0043207,E-0290,pipeline_mgmt,2025-01-01T00:00:00.000Z,2025-03-31T00:00:00.000Z,pipeline_mgmt_output_score,71.1,100,index,true
KPI-0043216,E-0290,execution,2025-04-01T00:00:00.000Z,2025-06-30T00:00:00.000Z,execution_output_score,65.9,100,index,true
KPI-0043218,E-0290,pipeline_mgmt,2025-04-01T00:00:00.000Z,2025-06-30T00:00:00.000Z,pipeline_mgmt_output_score,76.1,100,index,true
KPI-0043249,E-0290,pipeline_mgmt,2025-07-01T00:00:00.000Z,2025-09-30T00:00:00.000Z,pipeline_mgmt_output_score,67.7,100,index,true
KPI-0043261,E-0290,execution,2025-10-01T00:00:00.000Z,2025-12-31T00:00:00.000Z,execution_output_score,74.1,100,index,true
KPI-0043263,E-0290,pipeline_mgmt,2025-10-01T00:00:00.000Z,2025-12-31T00:00:00.000Z,pipeline_mgmt_output_score,79.8,100,index,true
KPI-0043289,E-0290,execution,2026-01-01T00:00:00.000Z,2026-03-31T00:00:00.000Z,execution_output_score,68.5,100,index,true
KPI-0043291,E-0290,pipeline_mgmt,2026-01-01T00:00:00.000Z,2026-03-31T00:00:00.000Z,pipeline_mgmt_output_score,85.5,100,index,true
KPI-0043304,E-0290,execution,2026-04-01T00:00:00.000Z,2026-06-30T00:00:00.000Z,execution_output_score,71.1,100,index,true
KPI-0043327,E-0290,pipeline_mgmt,2026-07-01T00:00:00.000Z,2026-09-29T00:00:00.000Z,pipeline_mgmt_output_score,100.9,100,index,true
KPI-0043360,E-0291,execution,2024-10-01T00:00:00.000Z,2024-12-31T00:00:00.000Z,execution_output_score,66.7,100,index,true
KPI-0043362,E-0291,campaign_strategy,2024-10-01T00:00:00.000Z,2024-12-31T00:00:00.000Z,campaign_strategy_output_score,76,100,index,true
KPI-0043389,E-0291,execution,2025-04-01T00:00:00.000Z,2025-06-30T00:00:00.000Z,execution_output_score,73.5,100,index,true
KPI-0043391,E-0291,campaign_strategy,2025-04-01T00:00:00.000Z,2025-06-30T00:00:00.000Z,campaign_strategy_output_score,61.7,100,index,true
KPI-0043403,E-0291,execution,2025-07-01T00:00:00.000Z,2025-09-30T00:00:00.000Z,execution_output_score,67.7,100,index,true
KPI-0043405,E-0291,campaign_strategy,2025-07-01T00:00:00.000Z,2025-09-30T00:00:00.000Z,campaign_strategy_output_score,62.6,100,index,true
KPI-0043416,E-0291,execution,2025-10-01T00:00:00.000Z,2025-12-31T00:00:00.000Z,execution_output_score,70.4,100,index,true
KPI-0043418,E-0291,campaign_strategy,2025-10-01T00:00:00.000Z,2025-12-31T00:00:00.000Z,campaign_strategy_output_score,71.2,100,index,true
KPI-0043440,E-0291,execution,2026-01-01T00:00:00.000Z,2026-03-31T00:00:00.000Z,execution_output_score,68.8,100,index,true
KPI-0043454,E-0291,execution,2026-04-01T00:00:00.000Z,2026-06-30T00:00:00.000Z,execution_output_score,68,100,index,true
KPI-0043456,E-0291,campaign_strategy,2026-04-01T00:00:00.000Z,2026-06-30T00:00:00.000Z,campaign_strategy_output_score,78,100,index,true
KPI-0043509,E-0292,execution,2024-10-01T00:00:00.000Z,2024-12-31T00:00:00.000Z,execution_output_score,101,100,index,true
KPI-0043511,E-0292,roadmap_prioritization,2024-10-01T00:00:00.000Z,2024-12-31T00:00:00.000Z,roadmap_prioritization_output_score,87.7,100,index,true
KPI-0043546,E-0292,execution,2025-04-01T00:00:00.000Z,2025-06-30T00:00:00.000Z,execution_output_score,94.3,100,index,true
KPI-0043548,E-0292,roadmap_prioritization,2025-04-01T00:00:00.000Z,2025-06-30T00:00:00.000Z,roadmap_prioritization_output_score,97.9,100,index,true
KPI-0043566,E-0292,execution,2025-07-01T00:00:00.000Z,2025-09-30T00:00:00.000Z,execution_output_score,96.7,100,index,true
KPI-0043579,E-0292,execution,2025-10-01T00:00:00.000Z,2025-12-31T00:00:00.000Z,execution_output_score,87,100,index,true
KPI-0043581,E-0292,roadmap_prioritization,2025-10-01T00:00:00.000Z,2025-12-31T00:00:00.000Z,roadmap_prioritization_output_score,100.3,100,index,true
KPI-0043606,E-0292,execution,2026-04-01T00:00:00.000Z,2026-06-30T00:00:00.000Z,execution_output_score,77.1,100,index,true
KPI-0043608,E-0292,roadmap_prioritization,2026-04-01T00:00:00.000Z,2026-06-30T00:00:00.000Z,roadmap_prioritization_output_score,92.7,100,index,true
KPI-0043627,E-0292,execution,2026-07-01T00:00:00.000Z,2026-09-29T00:00:00.000Z,execution_output_score,75.2,100,index,true
KPI-0043629,E-0292,roadmap_prioritization,2026-07-01T00:00:00.000Z,2026-09-29T00:00:00.000Z,roadmap_prioritization_output_score,99.2,100,index,true
KPI-0043644,E-0293,execution,2024-10-01T00:00:00.000Z,2024-12-31T00:00:00.000Z,execution_output_score,78.9,100,index,true
KPI-0043646,E-0293,visual_craft,2024-10-01T00:00:00.000Z,2024-12-31T00:00:00.000Z,visual_craft_output_score,66.9,100,index,true
KPI-0043662,E-0293,execution,2025-01-01T00:00:00.000Z,2025-03-31T00:00:00.000Z,execution_output_score,84.2,100,index,true
KPI-0043681,E-0293,execution,2025-04-01T00:00:00.000Z,2025-06-30T00:00:00.000Z,execution_output_score,71.7,100,index,true
KPI-0043707,E-0293,execution,2025-07-01T00:00:00.000Z,2025-09-30T00:00:00.000Z,execution_output_score,82.7,100,index,true
KPI-0043716,E-0293,execution,2025-10-01T00:00:00.000Z,2025-12-31T00:00:00.000Z,execution_output_score,82.6,100,index,true
KPI-0043718,E-0293,visual_craft,2025-10-01T00:00:00.000Z,2025-12-31T00:00:00.000Z,visual_craft_output_score,75,100,index,true
KPI-0043744,E-0293,visual_craft,2026-01-01T00:00:00.000Z,2026-03-31T00:00:00.000Z,visual_craft_output_score,80.6,100,index,true
KPI-0043761,E-0293,execution,2026-04-01T00:00:00.000Z,2026-06-30T00:00:00.000Z,execution_output_score,84.8,100,index,true
KPI-0043763,E-0293,visual_craft,2026-04-01T00:00:00.000Z,2026-06-30T00:00:00.000Z,visual_craft_output_score,90.1,100,index,true
KPI-0043783,E-0293,visual_craft,2026-07-01T00:00:00.000Z,2026-09-29T00:00:00.000Z,visual_craft_output_score,83.3,100,index,true
KPI-0043799,E-0294,execution,2024-10-01T00:00:00.000Z,2024-12-31T00:00:00.000Z,execution_output_score,112.2,100,index,true
KPI-0043801,E-0294,financial_modeling,2024-10-01T00:00:00.000Z,2024-12-31T00:00:00.000Z,financial_modeling_output_score,55.6,100,index,true
KPI-0043824,E-0294,execution,2025-01-01T00:00:00.000Z,2025-03-31T00:00:00.000Z,execution_output_score,108.6,100,index,true
KPI-0043826,E-0294,financial_modeling,2025-01-01T00:00:00.000Z,2025-03-31T00:00:00.000Z,financial_modeling_output_score,69.9,100,index,true
KPI-0043841,E-0294,execution,2025-04-01T00:00:00.000Z,2025-06-30T00:00:00.000Z,execution_output_score,107,100,index,true
KPI-0043856,E-0294,execution,2025-07-01T00:00:00.000Z,2025-09-30T00:00:00.000Z,execution_output_score,103.3,100,index,true
KPI-0043858,E-0294,financial_modeling,2025-07-01T00:00:00.000Z,2025-09-30T00:00:00.000Z,financial_modeling_output_score,82.7,100,index,true
KPI-0043870,E-0294,execution,2025-10-01T00:00:00.000Z,2025-12-31T00:00:00.000Z,execution_output_score,103.2,100,index,true
KPI-0043872,E-0294,financial_modeling,2025-10-01T00:00:00.000Z,2025-12-31T00:00:00.000Z,financial_modeling_output_score,90.2,100,index,true
KPI-0043893,E-0294,execution,2026-01-01T00:00:00.000Z,2026-03-31T00:00:00.000Z,execution_output_score,106.7,100,index,true
KPI-0043895,E-0294,financial_modeling,2026-01-01T00:00:00.000Z,2026-03-31T00:00:00.000Z,financial_modeling_output_score,94.6,100,index,true
KPI-0043907,E-0294,execution,2026-04-01T00:00:00.000Z,2026-06-30T00:00:00.000Z,execution_output_score,101.3,100,index,true
KPI-0043927,E-0294,execution,2026-07-01T00:00:00.000Z,2026-09-29T00:00:00.000Z,execution_output_score,96.6,100,index,true
KPI-0043929,E-0294,financial_modeling,2026-07-01T00:00:00.000Z,2026-09-29T00:00:00.000Z,financial_modeling_output_score,107.4,100,index,true
KPI-0043957,E-0295,execution,2024-10-01T00:00:00.000Z,2024-12-31T00:00:00.000Z,execution_output_score,66.9,100,index,true
KPI-0043959,E-0295,talent_assessment,2024-10-01T00:00:00.000Z,2024-12-31T00:00:00.000Z,talent_assessment_output_score,69.9,100,index,true
KPI-0043983,E-0295,execution,2025-01-01T00:00:00.000Z,2025-03-31T00:00:00.000Z,execution_output_score,66.9,100,index,true
KPI-0043985,E-0295,talent_assessment,2025-01-01T00:00:00.000Z,2025-03-31T00:00:00.000Z,talent_assessment_output_score,69.6,100,index,true
KPI-0043997,E-0295,execution,2025-04-01T00:00:00.000Z,2025-06-30T00:00:00.000Z,execution_output_score,64,100,index,true
KPI-0044014,E-0295,execution,2025-07-01T00:00:00.000Z,2025-09-30T00:00:00.000Z,execution_output_score,65.6,100,index,true
KPI-0044016,E-0295,talent_assessment,2025-07-01T00:00:00.000Z,2025-09-30T00:00:00.000Z,talent_assessment_output_score,68.7,100,index,true
KPI-0044028,E-0295,execution,2025-10-01T00:00:00.000Z,2025-12-31T00:00:00.000Z,execution_output_score,70.3,100,index,true
KPI-0044030,E-0295,talent_assessment,2025-10-01T00:00:00.000Z,2025-12-31T00:00:00.000Z,talent_assessment_output_score,72.3,100,index,true
KPI-0044058,E-0295,execution,2026-01-01T00:00:00.000Z,2026-03-31T00:00:00.000Z,execution_output_score,73.5,100,index,true
KPI-0044060,E-0295,talent_assessment,2026-01-01T00:00:00.000Z,2026-03-31T00:00:00.000Z,talent_assessment_output_score,69.2,100,index,true
KPI-0044072,E-0295,execution,2026-04-01T00:00:00.000Z,2026-06-30T00:00:00.000Z,execution_output_score,77.7,100,index,true
KPI-0044074,E-0295,talent_assessment,2026-04-01T00:00:00.000Z,2026-06-30T00:00:00.000Z,talent_assessment_output_score,72.5,100,index,true
KPI-0044116,E-0296,execution,2024-10-01T00:00:00.000Z,2024-12-31T00:00:00.000Z,execution_output_score,68,100,index,true
KPI-0044118,E-0296,customer_resolution,2024-10-01T00:00:00.000Z,2024-12-31T00:00:00.000Z,customer_resolution_output_score,72.1,100,index,true
KPI-0044143,E-0296,execution,2025-01-01T00:00:00.000Z,2025-03-31T00:00:00.000Z,execution_output_score,70.3,100,index,true
KPI-0044145,E-0296,customer_resolution,2025-01-01T00:00:00.000Z,2025-03-31T00:00:00.000Z,customer_resolution_output_score,79.8,100,index,true
KPI-0044160,E-0296,execution,2025-04-01T00:00:00.000Z,2025-06-30T00:00:00.000Z,execution_output_score,70.8,100,index,true
KPI-0044162,E-0296,customer_resolution,2025-04-01T00:00:00.000Z,2025-06-30T00:00:00.000Z,customer_resolution_output_score,67.1,100,index,true
KPI-0044180,E-0296,customer_resolution,2025-07-01T00:00:00.000Z,2025-09-30T00:00:00.000Z,customer_resolution_output_score,71.7,100,index,true
KPI-0044206,E-0296,execution,2026-01-01T00:00:00.000Z,2026-03-31T00:00:00.000Z,execution_output_score,98.4,100,index,true
KPI-0044208,E-0296,customer_resolution,2026-01-01T00:00:00.000Z,2026-03-31T00:00:00.000Z,customer_resolution_output_score,76.5,100,index,true
KPI-0044220,E-0296,execution,2026-04-01T00:00:00.000Z,2026-06-30T00:00:00.000Z,execution_output_score,100.2,100,index,true
KPI-0044222,E-0296,customer_resolution,2026-04-01T00:00:00.000Z,2026-06-30T00:00:00.000Z,customer_resolution_output_score,77.8,100,index,true
KPI-0044244,E-0296,execution,2026-07-01T00:00:00.000Z,2026-09-29T00:00:00.000Z,execution_output_score,97.9,100,index,true
KPI-0044246,E-0296,customer_resolution,2026-07-01T00:00:00.000Z,2026-09-29T00:00:00.000Z,customer_resolution_output_score,71.6,100,index,true
KPI-0044276,E-0297,execution,2024-10-01T00:00:00.000Z,2024-12-31T00:00:00.000Z,execution_output_score,101.7,100,index,true
KPI-0044278,E-0297,system_design,2024-10-01T00:00:00.000Z,2024-12-31T00:00:00.000Z,system_design_output_score,100.5,100,index,true
KPI-0044304,E-0297,execution,2025-01-01T00:00:00.000Z,2025-03-31T00:00:00.000Z,execution_output_score,89,100,index,true
KPI-0044306,E-0297,system_design,2025-01-01T00:00:00.000Z,2025-03-31T00:00:00.000Z,system_design_output_score,106.4,100,index,true
KPI-0044315,E-0297,system_design,2025-04-01T00:00:00.000Z,2025-06-30T00:00:00.000Z,system_design_output_score,90.1,100,index,true
KPI-0044341,E-0297,execution,2025-07-01T00:00:00.000Z,2025-09-30T00:00:00.000Z,execution_output_score,78.9,100,index,true
KPI-0044343,E-0297,system_design,2025-07-01T00:00:00.000Z,2025-09-30T00:00:00.000Z,system_design_output_score,100.4,100,index,true
KPI-0044352,E-0297,execution,2025-10-01T00:00:00.000Z,2025-12-31T00:00:00.000Z,execution_output_score,76.3,100,index,true
KPI-0044354,E-0297,system_design,2025-10-01T00:00:00.000Z,2025-12-31T00:00:00.000Z,system_design_output_score,95.8,100,index,true
KPI-0044374,E-0297,execution,2026-01-01T00:00:00.000Z,2026-03-31T00:00:00.000Z,execution_output_score,69,100,index,true
KPI-0044380,E-0297,execution,2026-04-01T00:00:00.000Z,2026-06-30T00:00:00.000Z,execution_output_score,68.5,100,index,true
KPI-0044411,E-0297,system_design,2026-07-01T00:00:00.000Z,2026-09-29T00:00:00.000Z,system_design_output_score,79.8,100,index,true
KPI-0044437,E-0298,execution,2024-10-01T00:00:00.000Z,2024-12-31T00:00:00.000Z,execution_output_score,70.3,100,index,true
KPI-0044439,E-0298,pipeline_mgmt,2024-10-01T00:00:00.000Z,2024-12-31T00:00:00.000Z,pipeline_mgmt_output_score,72.2,100,index,true
KPI-0044464,E-0298,execution,2025-01-01T00:00:00.000Z,2025-03-31T00:00:00.000Z,execution_output_score,61.6,100,index,true
KPI-0044466,E-0298,pipeline_mgmt,2025-01-01T00:00:00.000Z,2025-03-31T00:00:00.000Z,pipeline_mgmt_output_score,70.3,100,index,true
KPI-0044479,E-0298,pipeline_mgmt,2025-04-01T00:00:00.000Z,2025-06-30T00:00:00.000Z,pipeline_mgmt_output_score,76.7,100,index,true
KPI-0044506,E-0298,pipeline_mgmt,2025-07-01T00:00:00.000Z,2025-09-30T00:00:00.000Z,pipeline_mgmt_output_score,76.7,100,index,true
KPI-0044525,E-0298,execution,2025-10-01T00:00:00.000Z,2025-12-31T00:00:00.000Z,execution_output_score,81.8,100,index,true
KPI-0044527,E-0298,pipeline_mgmt,2025-10-01T00:00:00.000Z,2025-12-31T00:00:00.000Z,pipeline_mgmt_output_score,82.9,100,index,true
KPI-0044552,E-0298,execution,2026-01-01T00:00:00.000Z,2026-03-31T00:00:00.000Z,execution_output_score,81.9,100,index,true
KPI-0044554,E-0298,pipeline_mgmt,2026-01-01T00:00:00.000Z,2026-03-31T00:00:00.000Z,pipeline_mgmt_output_score,73.2,100,index,true
KPI-0044566,E-0298,execution,2026-04-01T00:00:00.000Z,2026-06-30T00:00:00.000Z,execution_output_score,83.8,100,index,true
KPI-0044568,E-0298,pipeline_mgmt,2026-04-01T00:00:00.000Z,2026-06-30T00:00:00.000Z,pipeline_mgmt_output_score,80,100,index,true
KPI-0044591,E-0298,execution,2026-07-01T00:00:00.000Z,2026-09-29T00:00:00.000Z,execution_output_score,91.6,100,index,true
KPI-0044593,E-0298,pipeline_mgmt,2026-07-01T00:00:00.000Z,2026-09-29T00:00:00.000Z,pipeline_mgmt_output_score,82,100,index,true
KPI-0044624,E-0299,execution,2024-10-01T00:00:00.000Z,2024-12-31T00:00:00.000Z,execution_output_score,75.4,100,index,true
KPI-0044645,E-0299,campaign_strategy,2025-01-01T00:00:00.000Z,2025-03-31T00:00:00.000Z,campaign_strategy_output_score,68.6,100,index,true
KPI-0044661,E-0299,execution,2025-04-01T00:00:00.000Z,2025-06-30T00:00:00.000Z,execution_output_score,80,100,index,true
KPI-0044663,E-0299,campaign_strategy,2025-04-01T00:00:00.000Z,2025-06-30T00:00:00.000Z,campaign_strategy_output_score,66.3,100,index,true
KPI-0044684,E-0299,campaign_strategy,2025-07-01T00:00:00.000Z,2025-09-30T00:00:00.000Z,campaign_strategy_output_score,65.7,100,index,true
KPI-0044696,E-0299,execution,2025-10-01T00:00:00.000Z,2025-12-31T00:00:00.000Z,execution_output_score,75,100,index,true
KPI-0044698,E-0299,campaign_strategy,2025-10-01T00:00:00.000Z,2025-12-31T00:00:00.000Z,campaign_strategy_output_score,73.2,100,index,true
KPI-0044722,E-0299,execution,2026-01-01T00:00:00.000Z,2026-03-31T00:00:00.000Z,execution_output_score,78.9,100,index,true
KPI-0044734,E-0299,execution,2026-04-01T00:00:00.000Z,2026-06-30T00:00:00.000Z,execution_output_score,86,100,index,true
KPI-0044750,E-0299,campaign_strategy,2026-07-01T00:00:00.000Z,2026-09-29T00:00:00.000Z,campaign_strategy_output_score,66.6,100,index,true
KPI-0044770,E-0300,execution,2024-10-01T00:00:00.000Z,2024-12-31T00:00:00.000Z,execution_output_score,71.9,100,index,true
KPI-0044772,E-0300,roadmap_prioritization,2024-10-01T00:00:00.000Z,2024-12-31T00:00:00.000Z,roadmap_prioritization_output_score,73.8,100,index,true
KPI-0044794,E-0300,execution,2025-01-01T00:00:00.000Z,2025-03-31T00:00:00.000Z,execution_output_score,68.4,100,index,true
KPI-0044796,E-0300,roadmap_prioritization,2025-01-01T00:00:00.000Z,2025-03-31T00:00:00.000Z,roadmap_prioritization_output_score,65.2,100,index,true
KPI-0044809,E-0300,roadmap_prioritization,2025-04-01T00:00:00.000Z,2025-06-30T00:00:00.000Z,roadmap_prioritization_output_score,72,100,index,true
KPI-0044837,E-0300,execution,2025-07-01T00:00:00.000Z,2025-09-30T00:00:00.000Z,execution_output_score,65.1,100,index,true
KPI-0044839,E-0300,roadmap_prioritization,2025-07-01T00:00:00.000Z,2025-09-30T00:00:00.000Z,roadmap_prioritization_output_score,76.2,100,index,true
KPI-0044851,E-0300,execution,2025-10-01T00:00:00.000Z,2025-12-31T00:00:00.000Z,execution_output_score,60,100,index,true
KPI-0044853,E-0300,roadmap_prioritization,2025-10-01T00:00:00.000Z,2025-12-31T00:00:00.000Z,roadmap_prioritization_output_score,74,100,index,true
KPI-0044882,E-0300,roadmap_prioritization,2026-01-01T00:00:00.000Z,2026-03-31T00:00:00.000Z,roadmap_prioritization_output_score,69.7,100,index,true
KPI-0044894,E-0300,execution,2026-04-01T00:00:00.000Z,2026-06-30T00:00:00.000Z,execution_output_score,53.9,100,index,true
KPI-0044896,E-0300,roadmap_prioritization,2026-04-01T00:00:00.000Z,2026-06-30T00:00:00.000Z,roadmap_prioritization_output_score,81.2,100,index,true
KPI-0044910,E-0300,execution,2026-07-01T00:00:00.000Z,2026-09-29T00:00:00.000Z,execution_output_score,53.9,100,index,true
KPI-0044930,E-0301,execution,2024-10-01T00:00:00.000Z,2024-12-31T00:00:00.000Z,execution_output_score,67.4,100,index,true
KPI-0044932,E-0301,visual_craft,2024-10-01T00:00:00.000Z,2024-12-31T00:00:00.000Z,visual_craft_output_score,65,100,index,true
KPI-0044959,E-0301,execution,2025-01-01T00:00:00.000Z,2025-03-31T00:00:00.000Z,execution_output_score,75.7,100,index,true
KPI-0044961,E-0301,visual_craft,2025-01-01T00:00:00.000Z,2025-03-31T00:00:00.000Z,visual_craft_output_score,70.4,100,index,true
KPI-0044970,E-0301,execution,2025-04-01T00:00:00.000Z,2025-06-30T00:00:00.000Z,execution_output_score,69.6,100,index,true
KPI-0044972,E-0301,visual_craft,2025-04-01T00:00:00.000Z,2025-06-30T00:00:00.000Z,visual_craft_output_score,72.1,100,index,true
KPI-0044994,E-0301,execution,2025-07-01T00:00:00.000Z,2025-09-30T00:00:00.000Z,execution_output_score,79.4,100,index,true
KPI-0045003,E-0301,execution,2025-10-01T00:00:00.000Z,2025-12-31T00:00:00.000Z,execution_output_score,84.9,100,index,true
KPI-0045005,E-0301,visual_craft,2025-10-01T00:00:00.000Z,2025-12-31T00:00:00.000Z,visual_craft_output_score,83.5,100,index,true
KPI-0045030,E-0301,execution,2026-01-01T00:00:00.000Z,2026-03-31T00:00:00.000Z,execution_output_score,94.5,100,index,true
KPI-0045032,E-0301,visual_craft,2026-01-01T00:00:00.000Z,2026-03-31T00:00:00.000Z,visual_craft_output_score,94.6,100,index,true
KPI-0045040,E-0301,execution,2026-04-01T00:00:00.000Z,2026-06-30T00:00:00.000Z,execution_output_score,100.8,100,index,true
KPI-0045050,E-0301,execution,2026-07-01T00:00:00.000Z,2026-09-29T00:00:00.000Z,execution_output_score,102.3,100,index,true
KPI-0045068,E-0302,financial_modeling,2024-10-01T00:00:00.000Z,2024-12-31T00:00:00.000Z,financial_modeling_output_score,71.4,100,index,true
KPI-0045085,E-0302,execution,2025-01-01T00:00:00.000Z,2025-03-31T00:00:00.000Z,execution_output_score,76.9,100,index,true
KPI-0045087,E-0302,financial_modeling,2025-01-01T00:00:00.000Z,2025-03-31T00:00:00.000Z,financial_modeling_output_score,71.4,100,index,true
KPI-0045089,E-0302,execution,2025-04-01T00:00:00.000Z,2025-06-30T00:00:00.000Z,execution_output_score,75.8,100,index,true
KPI-0045091,E-0302,financial_modeling,2025-04-01T00:00:00.000Z,2025-06-30T00:00:00.000Z,financial_modeling_output_score,89.2,100,index,true
KPI-0045113,E-0302,execution,2025-07-01T00:00:00.000Z,2025-09-30T00:00:00.000Z,execution_output_score,83.6,100,index,true
KPI-0045115,E-0302,financial_modeling,2025-07-01T00:00:00.000Z,2025-09-30T00:00:00.000Z,financial_modeling_output_score,74.2,100,index,true
KPI-0045131,E-0302,execution,2025-10-01T00:00:00.000Z,2025-12-31T00:00:00.000Z,execution_output_score,83.6,100,index,true
KPI-0045133,E-0302,financial_modeling,2025-10-01T00:00:00.000Z,2025-12-31T00:00:00.000Z,financial_modeling_output_score,78.8,100,index,true
KPI-0045155,E-0302,execution,2026-01-01T00:00:00.000Z,2026-03-31T00:00:00.000Z,execution_output_score,99.7,100,index,true
KPI-0045167,E-0302,financial_modeling,2026-04-01T00:00:00.000Z,2026-06-30T00:00:00.000Z,financial_modeling_output_score,67.4,100,index,true
KPI-0045186,E-0302,execution,2026-07-01T00:00:00.000Z,2026-09-29T00:00:00.000Z,execution_output_score,98.6,100,index,true
KPI-0045188,E-0302,financial_modeling,2026-07-01T00:00:00.000Z,2026-09-29T00:00:00.000Z,financial_modeling_output_score,75.5,100,index,true
KPI-0045215,E-0303,execution,2024-10-01T00:00:00.000Z,2024-12-31T00:00:00.000Z,execution_output_score,69.6,100,index,true
KPI-0045246,E-0303,execution,2025-01-01T00:00:00.000Z,2025-03-31T00:00:00.000Z,execution_output_score,66.2,100,index,true
KPI-0045248,E-0303,talent_assessment,2025-01-01T00:00:00.000Z,2025-03-31T00:00:00.000Z,talent_assessment_output_score,77.9,100,index,true
KPI-0045257,E-0303,execution,2025-04-01T00:00:00.000Z,2025-06-30T00:00:00.000Z,execution_output_score,68.4,100,index,true
KPI-0045259,E-0303,talent_assessment,2025-04-01T00:00:00.000Z,2025-06-30T00:00:00.000Z,talent_assessment_output_score,77.1,100,index,true
KPI-0045290,E-0303,execution,2025-07-01T00:00:00.000Z,2025-09-30T00:00:00.000Z,execution_output_score,70,100,index,true
KPI-0045292,E-0303,talent_assessment,2025-07-01T00:00:00.000Z,2025-09-30T00:00:00.000Z,talent_assessment_output_score,85.5,100,index,true
KPI-0045294,E-0303,talent_assessment,2025-10-01T00:00:00.000Z,2025-12-31T00:00:00.000Z,talent_assessment_output_score,90.1,100,index,true
KPI-0045313,E-0303,talent_assessment,2026-01-01T00:00:00.000Z,2026-03-31T00:00:00.000Z,talent_assessment_output_score,95.4,100,index,true
KPI-0045321,E-0303,talent_assessment,2026-04-01T00:00:00.000Z,2026-06-30T00:00:00.000Z,talent_assessment_output_score,91.4,100,index,true
KPI-0045346,E-0303,talent_assessment,2026-07-01T00:00:00.000Z,2026-09-29T00:00:00.000Z,talent_assessment_output_score,99.3,100,index,true
KPI-0045369,E-0304,execution,2024-10-01T00:00:00.000Z,2024-12-31T00:00:00.000Z,execution_output_score,72,100,index,true
KPI-0045371,E-0304,customer_resolution,2024-10-01T00:00:00.000Z,2024-12-31T00:00:00.000Z,customer_resolution_output_score,94.9,100,index,true
KPI-0045389,E-0304,execution,2025-01-01T00:00:00.000Z,2025-03-31T00:00:00.000Z,execution_output_score,72.2,100,index,true
KPI-0045391,E-0304,customer_resolution,2025-01-01T00:00:00.000Z,2025-03-31T00:00:00.000Z,customer_resolution_output_score,92.1,100,index,true
KPI-0045396,E-0304,customer_resolution,2025-04-01T00:00:00.000Z,2025-06-30T00:00:00.000Z,customer_resolution_output_score,102.4,100,index,true
KPI-0045424,E-0304,customer_resolution,2025-10-01T00:00:00.000Z,2025-12-31T00:00:00.000Z,customer_resolution_output_score,104.7,100,index,true
KPI-0045443,E-0304,execution,2026-01-01T00:00:00.000Z,2026-03-31T00:00:00.000Z,execution_output_score,98.5,100,index,true
KPI-0045445,E-0304,customer_resolution,2026-01-01T00:00:00.000Z,2026-03-31T00:00:00.000Z,customer_resolution_output_score,100.6,100,index,true
KPI-0045453,E-0304,execution,2026-04-01T00:00:00.000Z,2026-06-30T00:00:00.000Z,execution_output_score,102.9,100,index,true
KPI-0045455,E-0304,customer_resolution,2026-04-01T00:00:00.000Z,2026-06-30T00:00:00.000Z,customer_resolution_output_score,104.2,100,index,true
KPI-0045477,E-0304,execution,2026-07-01T00:00:00.000Z,2026-09-29T00:00:00.000Z,execution_output_score,111,100,index,true
KPI-0045479,E-0304,customer_resolution,2026-07-01T00:00:00.000Z,2026-09-29T00:00:00.000Z,customer_resolution_output_score,108,100,index,true
KPI-0045505,E-0305,execution,2024-10-01T00:00:00.000Z,2024-12-31T00:00:00.000Z,execution_output_score,94.4,100,index,true
KPI-0045507,E-0305,system_design,2024-10-01T00:00:00.000Z,2024-12-31T00:00:00.000Z,system_design_output_score,100,100,index,true
KPI-0045523,E-0305,execution,2025-01-01T00:00:00.000Z,2025-03-31T00:00:00.000Z,execution_output_score,95.7,100,index,true
KPI-0045525,E-0305,system_design,2025-01-01T00:00:00.000Z,2025-03-31T00:00:00.000Z,system_design_output_score,97.2,100,index,true
KPI-0045536,E-0305,execution,2025-04-01T00:00:00.000Z,2025-06-30T00:00:00.000Z,execution_output_score,95.9,100,index,true
KPI-0045538,E-0305,system_design,2025-04-01T00:00:00.000Z,2025-06-30T00:00:00.000Z,system_design_output_score,95.4,100,index,true
KPI-0045548,E-0305,system_design,2025-07-01T00:00:00.000Z,2025-09-30T00:00:00.000Z,system_design_output_score,98.1,100,index,true
KPI-0045553,E-0305,execution,2025-10-01T00:00:00.000Z,2025-12-31T00:00:00.000Z,execution_output_score,94.8,100,index,true
KPI-0045555,E-0305,system_design,2025-10-01T00:00:00.000Z,2025-12-31T00:00:00.000Z,system_design_output_score,89.7,100,index,true
KPI-0045577,E-0305,execution,2026-01-01T00:00:00.000Z,2026-03-31T00:00:00.000Z,execution_output_score,82.1,100,index,true
KPI-0045579,E-0305,system_design,2026-01-01T00:00:00.000Z,2026-03-31T00:00:00.000Z,system_design_output_score,91.2,100,index,true
KPI-0045581,E-0305,execution,2026-04-01T00:00:00.000Z,2026-06-30T00:00:00.000Z,execution_output_score,91.6,100,index,true
KPI-0045583,E-0305,system_design,2026-04-01T00:00:00.000Z,2026-06-30T00:00:00.000Z,system_design_output_score,94.6,100,index,true
KPI-0045595,E-0305,execution,2026-07-01T00:00:00.000Z,2026-09-29T00:00:00.000Z,execution_output_score,83.3,100,index,true
KPI-0045625,E-0306,execution,2024-10-01T00:00:00.000Z,2024-12-31T00:00:00.000Z,execution_output_score,75.2,100,index,true
KPI-0045643,E-0306,execution,2025-01-01T00:00:00.000Z,2025-03-31T00:00:00.000Z,execution_output_score,80.8,100,index,true
KPI-0045655,E-0306,execution,2025-04-01T00:00:00.000Z,2025-06-30T00:00:00.000Z,execution_output_score,64.5,100,index,true
KPI-0045657,E-0306,pipeline_mgmt,2025-04-01T00:00:00.000Z,2025-06-30T00:00:00.000Z,pipeline_mgmt_output_score,71.6,100,index,true
KPI-0045672,E-0306,execution,2025-07-01T00:00:00.000Z,2025-09-30T00:00:00.000Z,execution_output_score,73.3,100,index,true
KPI-0045674,E-0306,pipeline_mgmt,2025-07-01T00:00:00.000Z,2025-09-30T00:00:00.000Z,pipeline_mgmt_output_score,68,100,index,true
KPI-0045686,E-0306,execution,2025-10-01T00:00:00.000Z,2025-12-31T00:00:00.000Z,execution_output_score,72.7,100,index,true
KPI-0045688,E-0306,pipeline_mgmt,2025-10-01T00:00:00.000Z,2025-12-31T00:00:00.000Z,pipeline_mgmt_output_score,68.2,100,index,true
KPI-0045701,E-0307,execution,2024-10-01T00:00:00.000Z,2024-12-31T00:00:00.000Z,execution_output_score,65.3,100,index,true
KPI-0045733,E-0307,execution,2025-04-01T00:00:00.000Z,2025-06-30T00:00:00.000Z,execution_output_score,69,100,index,true
KPI-0045735,E-0307,campaign_strategy,2025-04-01T00:00:00.000Z,2025-06-30T00:00:00.000Z,campaign_strategy_output_score,80.8,100,index,true
KPI-0045751,E-0307,execution,2025-07-01T00:00:00.000Z,2025-09-30T00:00:00.000Z,execution_output_score,65.9,100,index,true
KPI-0045753,E-0307,campaign_strategy,2025-07-01T00:00:00.000Z,2025-09-30T00:00:00.000Z,campaign_strategy_output_score,78.1,100,index,true
KPI-0045768,E-0307,execution,2025-10-01T00:00:00.000Z,2025-12-31T00:00:00.000Z,execution_output_score,77.7,100,index,true
KPI-0045770,E-0307,campaign_strategy,2025-10-01T00:00:00.000Z,2025-12-31T00:00:00.000Z,campaign_strategy_output_score,84.8,100,index,true
KPI-0045789,E-0307,execution,2026-01-01T00:00:00.000Z,2026-03-31T00:00:00.000Z,execution_output_score,75.4,100,index,true
KPI-0045791,E-0307,campaign_strategy,2026-01-01T00:00:00.000Z,2026-03-31T00:00:00.000Z,campaign_strategy_output_score,92.3,100,index,true
KPI-0045797,E-0307,execution,2026-04-01T00:00:00.000Z,2026-06-30T00:00:00.000Z,execution_output_score,74.5,100,index,true
KPI-0045799,E-0307,campaign_strategy,2026-04-01T00:00:00.000Z,2026-06-30T00:00:00.000Z,campaign_strategy_output_score,96.5,100,index,true
KPI-0045821,E-0307,execution,2026-07-01T00:00:00.000Z,2026-09-29T00:00:00.000Z,execution_output_score,58.7,100,index,true
KPI-0045823,E-0307,campaign_strategy,2026-07-01T00:00:00.000Z,2026-09-29T00:00:00.000Z,campaign_strategy_output_score,98.5,100,index,true
KPI-0045843,E-0308,execution,2024-10-01T00:00:00.000Z,2024-12-31T00:00:00.000Z,execution_output_score,71.8,100,index,true
KPI-0045845,E-0308,roadmap_prioritization,2024-10-01T00:00:00.000Z,2024-12-31T00:00:00.000Z,roadmap_prioritization_output_score,59.4,100,index,true
KPI-0045867,E-0308,execution,2025-01-01T00:00:00.000Z,2025-03-31T00:00:00.000Z,execution_output_score,73.1,100,index,true
KPI-0045876,E-0308,execution,2025-04-01T00:00:00.000Z,2025-06-30T00:00:00.000Z,execution_output_score,67.9,100,index,true
KPI-0045878,E-0308,roadmap_prioritization,2025-04-01T00:00:00.000Z,2025-06-30T00:00:00.000Z,roadmap_prioritization_output_score,68.2,100,index,true
KPI-0045900,E-0308,execution,2025-07-01T00:00:00.000Z,2025-09-30T00:00:00.000Z,execution_output_score,73.2,100,index,true
KPI-0045902,E-0308,roadmap_prioritization,2025-07-01T00:00:00.000Z,2025-09-30T00:00:00.000Z,roadmap_prioritization_output_score,67.4,100,index,true
KPI-0045917,E-0308,execution,2025-10-01T00:00:00.000Z,2025-12-31T00:00:00.000Z,execution_output_score,69.3,100,index,true
KPI-0045919,E-0308,roadmap_prioritization,2025-10-01T00:00:00.000Z,2025-12-31T00:00:00.000Z,roadmap_prioritization_output_score,71.5,100,index,true
KPI-0045935,E-0308,execution,2026-01-01T00:00:00.000Z,2026-03-31T00:00:00.000Z,execution_output_score,73.5,100,index,true
KPI-0045937,E-0308,roadmap_prioritization,2026-01-01T00:00:00.000Z,2026-03-31T00:00:00.000Z,roadmap_prioritization_output_score,73.9,100,index,true
KPI-0045945,E-0308,execution,2026-04-01T00:00:00.000Z,2026-06-30T00:00:00.000Z,execution_output_score,75.8,100,index,true
KPI-0045947,E-0308,roadmap_prioritization,2026-04-01T00:00:00.000Z,2026-06-30T00:00:00.000Z,roadmap_prioritization_output_score,79.7,100,index,true
KPI-0045966,E-0308,execution,2026-07-01T00:00:00.000Z,2026-09-29T00:00:00.000Z,execution_output_score,75.8,100,index,true
KPI-0045968,E-0308,roadmap_prioritization,2026-07-01T00:00:00.000Z,2026-09-29T00:00:00.000Z,roadmap_prioritization_output_score,89.7,100,index,true
KPI-0045987,E-0309,visual_craft,2024-10-01T00:00:00.000Z,2024-12-31T00:00:00.000Z,visual_craft_output_score,65.8,100,index,true
KPI-0046016,E-0309,execution,2025-01-01T00:00:00.000Z,2025-03-31T00:00:00.000Z,execution_output_score,67.8,100,index,true
KPI-0046018,E-0309,visual_craft,2025-01-01T00:00:00.000Z,2025-03-31T00:00:00.000Z,visual_craft_output_score,70.9,100,index,true
KPI-0046031,E-0309,visual_craft,2025-04-01T00:00:00.000Z,2025-06-30T00:00:00.000Z,visual_craft_output_score,69.8,100,index,true
KPI-0046052,E-0309,execution,2025-07-01T00:00:00.000Z,2025-09-30T00:00:00.000Z,execution_output_score,70.2,100,index,true
KPI-0046065,E-0309,execution,2025-10-01T00:00:00.000Z,2025-12-31T00:00:00.000Z,execution_output_score,81.2,100,index,true
KPI-0046067,E-0309,visual_craft,2025-10-01T00:00:00.000Z,2025-12-31T00:00:00.000Z,visual_craft_output_score,97.3,100,index,true
KPI-0046087,E-0309,visual_craft,2026-01-01T00:00:00.000Z,2026-03-31T00:00:00.000Z,visual_craft_output_score,95.7,100,index,true
KPI-0046096,E-0309,execution,2026-04-01T00:00:00.000Z,2026-06-30T00:00:00.000Z,execution_output_score,86.3,100,index,true
KPI-0046098,E-0309,visual_craft,2026-04-01T00:00:00.000Z,2026-06-30T00:00:00.000Z,visual_craft_output_score,104.4,100,index,true
KPI-0046148,E-0310,execution,2024-10-01T00:00:00.000Z,2024-12-31T00:00:00.000Z,execution_output_score,84,100,index,true
KPI-0046150,E-0310,financial_modeling,2024-10-01T00:00:00.000Z,2024-12-31T00:00:00.000Z,financial_modeling_output_score,68.2,100,index,true
KPI-0046172,E-0310,execution,2025-01-01T00:00:00.000Z,2025-03-31T00:00:00.000Z,execution_output_score,82,100,index,true
KPI-0046177,E-0310,execution,2025-04-01T00:00:00.000Z,2025-06-30T00:00:00.000Z,execution_output_score,89.8,100,index,true
KPI-0046199,E-0310,execution,2025-07-01T00:00:00.000Z,2025-09-30T00:00:00.000Z,execution_output_score,88.4,100,index,true
KPI-0046201,E-0310,financial_modeling,2025-07-01T00:00:00.000Z,2025-09-30T00:00:00.000Z,financial_modeling_output_score,78,100,index,true
KPI-0046213,E-0310,financial_modeling,2025-10-01T00:00:00.000Z,2025-12-31T00:00:00.000Z,financial_modeling_output_score,78.8,100,index,true
KPI-0046238,E-0310,execution,2026-01-01T00:00:00.000Z,2026-03-31T00:00:00.000Z,execution_output_score,89,100,index,true
KPI-0046240,E-0310,financial_modeling,2026-01-01T00:00:00.000Z,2026-03-31T00:00:00.000Z,financial_modeling_output_score,77.1,100,index,true
KPI-0046265,E-0310,execution,2026-07-01T00:00:00.000Z,2026-09-29T00:00:00.000Z,execution_output_score,84.2,100,index,true
KPI-0046267,E-0310,financial_modeling,2026-07-01T00:00:00.000Z,2026-09-29T00:00:00.000Z,financial_modeling_output_score,92.5,100,index,true
KPI-0046291,E-0311,talent_assessment,2024-10-01T00:00:00.000Z,2024-12-31T00:00:00.000Z,talent_assessment_output_score,71.1,100,index,true
KPI-0046308,E-0311,execution,2025-01-01T00:00:00.000Z,2025-03-31T00:00:00.000Z,execution_output_score,97,100,index,true
KPI-0046310,E-0311,talent_assessment,2025-01-01T00:00:00.000Z,2025-03-31T00:00:00.000Z,talent_assessment_output_score,79.9,100,index,true
KPI-0046325,E-0311,execution,2025-04-01T00:00:00.000Z,2025-06-30T00:00:00.000Z,execution_output_score,91.6,100,index,true
KPI-0046342,E-0311,execution,2025-07-01T00:00:00.000Z,2025-09-30T00:00:00.000Z,execution_output_score,91.8,100,index,true
KPI-0046344,E-0311,talent_assessment,2025-07-01T00:00:00.000Z,2025-09-30T00:00:00.000Z,talent_assessment_output_score,73.9,100,index,true
KPI-0046355,E-0311,execution,2025-10-01T00:00:00.000Z,2025-12-31T00:00:00.000Z,execution_output_score,87,100,index,true
KPI-0046357,E-0311,talent_assessment,2025-10-01T00:00:00.000Z,2025-12-31T00:00:00.000Z,talent_assessment_output_score,75.7,100,index,true
KPI-0046378,E-0311,talent_assessment,2026-01-01T00:00:00.000Z,2026-03-31T00:00:00.000Z,talent_assessment_output_score,88.9,100,index,true
KPI-0046380,E-0311,execution,2026-04-01T00:00:00.000Z,2026-06-30T00:00:00.000Z,execution_output_score,76.6,100,index,true
KPI-0046382,E-0311,talent_assessment,2026-04-01T00:00:00.000Z,2026-06-30T00:00:00.000Z,talent_assessment_output_score,101.4,100,index,true
KPI-0046404,E-0311,talent_assessment,2026-07-01T00:00:00.000Z,2026-09-29T00:00:00.000Z,talent_assessment_output_score,100.1,100,index,true
KPI-0046449,E-0312,execution,2025-01-01T00:00:00.000Z,2025-03-31T00:00:00.000Z,execution_output_score,67.6,100,index,true
KPI-0046463,E-0312,execution,2025-04-01T00:00:00.000Z,2025-06-30T00:00:00.000Z,execution_output_score,70.6,100,index,true
KPI-0046477,E-0312,execution,2025-07-01T00:00:00.000Z,2025-09-30T00:00:00.000Z,execution_output_score,79.7,100,index,true
KPI-0046479,E-0312,execution,2025-10-01T00:00:00.000Z,2025-12-31T00:00:00.000Z,execution_output_score,81.6,100,index,true
KPI-0046491,E-0312,execution,2026-01-01T00:00:00.000Z,2026-03-31T00:00:00.000Z,execution_output_score,91.1,100,index,true
KPI-0046499,E-0312,execution,2026-04-01T00:00:00.000Z,2026-06-30T00:00:00.000Z,execution_output_score,90.1,100,index,true
KPI-0046509,E-0312,execution,2026-07-01T00:00:00.000Z,2026-09-29T00:00:00.000Z,execution_output_score,102.3,100,index,true
KPI-0046535,E-0313,execution,2024-10-01T00:00:00.000Z,2024-12-31T00:00:00.000Z,execution_output_score,64.6,100,index,true
KPI-0046537,E-0313,system_design,2024-10-01T00:00:00.000Z,2024-12-31T00:00:00.000Z,system_design_output_score,82.9,100,index,true
KPI-0046562,E-0313,execution,2025-01-01T00:00:00.000Z,2025-03-31T00:00:00.000Z,execution_output_score,71.1,100,index,true
KPI-0046564,E-0313,system_design,2025-01-01T00:00:00.000Z,2025-03-31T00:00:00.000Z,system_design_output_score,85,100,index,true
KPI-0046572,E-0313,execution,2025-04-01T00:00:00.000Z,2025-06-30T00:00:00.000Z,execution_output_score,68,100,index,true
KPI-0046589,E-0313,execution,2025-07-01T00:00:00.000Z,2025-09-30T00:00:00.000Z,execution_output_score,72.7,100,index,true
KPI-0046603,E-0313,execution,2025-10-01T00:00:00.000Z,2025-12-31T00:00:00.000Z,execution_output_score,88.4,100,index,true
KPI-0046623,E-0313,execution,2026-01-01T00:00:00.000Z,2026-03-31T00:00:00.000Z,execution_output_score,86.2,100,index,true
KPI-0046655,E-0313,execution,2026-07-01T00:00:00.000Z,2026-09-29T00:00:00.000Z,execution_output_score,87.2,100,index,true
KPI-0046681,E-0314,execution,2024-10-01T00:00:00.000Z,2024-12-31T00:00:00.000Z,execution_output_score,74.1,100,index,true
KPI-0046696,E-0314,execution,2025-01-01T00:00:00.000Z,2025-03-31T00:00:00.000Z,execution_output_score,73.3,100,index,true
KPI-0046714,E-0314,execution,2025-04-01T00:00:00.000Z,2025-06-30T00:00:00.000Z,execution_output_score,82.7,100,index,true
KPI-0046748,E-0314,execution,2025-10-01T00:00:00.000Z,2025-12-31T00:00:00.000Z,execution_output_score,76.1,100,index,true
KPI-0046773,E-0314,execution,2026-01-01T00:00:00.000Z,2026-03-31T00:00:00.000Z,execution_output_score,86.6,100,index,true
KPI-0046778,E-0314,execution,2026-04-01T00:00:00.000Z,2026-06-30T00:00:00.000Z,execution_output_score,86.7,100,index,true
KPI-0046798,E-0314,execution,2026-07-01T00:00:00.000Z,2026-09-29T00:00:00.000Z,execution_output_score,96.2,100,index,true
KPI-0046819,E-0315,execution,2024-10-01T00:00:00.000Z,2024-12-31T00:00:00.000Z,execution_output_score,75.5,100,index,true
KPI-0046845,E-0315,execution,2025-01-01T00:00:00.000Z,2025-03-31T00:00:00.000Z,execution_output_score,68.1,100,index,true
KPI-0046847,E-0315,campaign_strategy,2025-01-01T00:00:00.000Z,2025-03-31T00:00:00.000Z,campaign_strategy_output_score,69,100,index,true
KPI-0046853,E-0315,execution,2025-04-01T00:00:00.000Z,2025-06-30T00:00:00.000Z,execution_output_score,76.5,100,index,true
KPI-0046855,E-0315,campaign_strategy,2025-04-01T00:00:00.000Z,2025-06-30T00:00:00.000Z,campaign_strategy_output_score,70.7,100,index,true
KPI-0046878,E-0315,campaign_strategy,2025-07-01T00:00:00.000Z,2025-09-30T00:00:00.000Z,campaign_strategy_output_score,66.3,100,index,true
KPI-0046906,E-0315,execution,2026-01-01T00:00:00.000Z,2026-03-31T00:00:00.000Z,execution_output_score,75.3,100,index,true
KPI-0046908,E-0315,campaign_strategy,2026-01-01T00:00:00.000Z,2026-03-31T00:00:00.000Z,campaign_strategy_output_score,67.7,100,index,true
KPI-0046917,E-0315,execution,2026-04-01T00:00:00.000Z,2026-06-30T00:00:00.000Z,execution_output_score,70.9,100,index,true
KPI-0046944,E-0315,execution,2026-07-01T00:00:00.000Z,2026-09-29T00:00:00.000Z,execution_output_score,62.8,100,index,true
KPI-0046946,E-0315,campaign_strategy,2026-07-01T00:00:00.000Z,2026-09-29T00:00:00.000Z,campaign_strategy_output_score,89.8,100,index,true
KPI-0046978,E-0316,execution,2024-10-01T00:00:00.000Z,2024-12-31T00:00:00.000Z,execution_output_score,91.2,100,index,true
KPI-0046980,E-0316,roadmap_prioritization,2024-10-01T00:00:00.000Z,2024-12-31T00:00:00.000Z,roadmap_prioritization_output_score,98.5,100,index,true
KPI-0046997,E-0316,roadmap_prioritization,2025-01-01T00:00:00.000Z,2025-03-31T00:00:00.000Z,roadmap_prioritization_output_score,97.5,100,index,true
KPI-0046999,E-0316,execution,2025-04-01T00:00:00.000Z,2025-06-30T00:00:00.000Z,execution_output_score,96.2,100,index,true
KPI-0047025,E-0316,execution,2025-07-01T00:00:00.000Z,2025-09-30T00:00:00.000Z,execution_output_score,92.2,100,index,true
KPI-0047027,E-0316,roadmap_prioritization,2025-07-01T00:00:00.000Z,2025-09-30T00:00:00.000Z,roadmap_prioritization_output_score,92.2,100,index,true
KPI-0047045,E-0316,execution,2025-10-01T00:00:00.000Z,2025-12-31T00:00:00.000Z,execution_output_score,92.2,100,index,true
KPI-0047047,E-0316,roadmap_prioritization,2025-10-01T00:00:00.000Z,2025-12-31T00:00:00.000Z,roadmap_prioritization_output_score,83.6,100,index,true
KPI-0047073,E-0316,execution,2026-01-01T00:00:00.000Z,2026-03-31T00:00:00.000Z,execution_output_score,96,100,index,true
KPI-0047075,E-0316,roadmap_prioritization,2026-01-01T00:00:00.000Z,2026-03-31T00:00:00.000Z,roadmap_prioritization_output_score,83.1,100,index,true
KPI-0047108,E-0316,execution,2026-07-01T00:00:00.000Z,2026-09-29T00:00:00.000Z,execution_output_score,99.9,100,index,true
KPI-0047110,E-0316,roadmap_prioritization,2026-07-01T00:00:00.000Z,2026-09-29T00:00:00.000Z,roadmap_prioritization_output_score,73.7,100,index,true
KPI-0047137,E-0317,execution,2024-10-01T00:00:00.000Z,2024-12-31T00:00:00.000Z,execution_output_score,81.4,100,index,true
KPI-0047139,E-0317,visual_craft,2024-10-01T00:00:00.000Z,2024-12-31T00:00:00.000Z,visual_craft_output_score,102,100,index,true
KPI-0047164,E-0317,execution,2025-01-01T00:00:00.000Z,2025-03-31T00:00:00.000Z,execution_output_score,79,100,index,true
KPI-0047177,E-0317,execution,2025-04-01T00:00:00.000Z,2025-06-30T00:00:00.000Z,execution_output_score,72.2,100,index,true
KPI-0047179,E-0317,visual_craft,2025-04-01T00:00:00.000Z,2025-06-30T00:00:00.000Z,visual_craft_output_score,92.3,100,index,true
KPI-0047187,E-0317,visual_craft,2025-07-01T00:00:00.000Z,2025-09-30T00:00:00.000Z,visual_craft_output_score,91.6,100,index,true
KPI-0047196,E-0317,execution,2025-10-01T00:00:00.000Z,2025-12-31T00:00:00.000Z,execution_output_score,85.8,100,index,true
KPI-0047198,E-0317,visual_craft,2025-10-01T00:00:00.000Z,2025-12-31T00:00:00.000Z,visual_craft_output_score,87.7,100,index,true
KPI-0047226,E-0317,execution,2026-01-01T00:00:00.000Z,2026-03-31T00:00:00.000Z,execution_output_score,72.8,100,index,true
KPI-0047235,E-0317,execution,2026-04-01T00:00:00.000Z,2026-06-30T00:00:00.000Z,execution_output_score,82,100,index,true
KPI-0047237,E-0317,visual_craft,2026-04-01T00:00:00.000Z,2026-06-30T00:00:00.000Z,visual_craft_output_score,83.4,100,index,true
KPI-0047262,E-0317,execution,2026-07-01T00:00:00.000Z,2026-09-29T00:00:00.000Z,execution_output_score,89.6,100,index,true
KPI-0047264,E-0317,visual_craft,2026-07-01T00:00:00.000Z,2026-09-29T00:00:00.000Z,visual_craft_output_score,68.7,100,index,true
KPI-0047285,E-0318,execution,2024-10-01T00:00:00.000Z,2024-12-31T00:00:00.000Z,execution_output_score,71.6,100,index,true
KPI-0047287,E-0318,financial_modeling,2024-10-01T00:00:00.000Z,2024-12-31T00:00:00.000Z,financial_modeling_output_score,106.9,100,index,true
KPI-0047301,E-0318,execution,2025-01-01T00:00:00.000Z,2025-03-31T00:00:00.000Z,execution_output_score,85.6,100,index,true
KPI-0047303,E-0318,financial_modeling,2025-01-01T00:00:00.000Z,2025-03-31T00:00:00.000Z,financial_modeling_output_score,102.8,100,index,true
KPI-0047316,E-0318,execution,2025-04-01T00:00:00.000Z,2025-06-30T00:00:00.000Z,execution_output_score,76.7,100,index,true
KPI-0047318,E-0318,financial_modeling,2025-04-01T00:00:00.000Z,2025-06-30T00:00:00.000Z,financial_modeling_output_score,99.7,100,index,true
KPI-0047345,E-0318,execution,2025-07-01T00:00:00.000Z,2025-09-30T00:00:00.000Z,execution_output_score,87.7,100,index,true
KPI-0047361,E-0318,execution,2025-10-01T00:00:00.000Z,2025-12-31T00:00:00.000Z,execution_output_score,94.8,100,index,true
KPI-0047363,E-0318,financial_modeling,2025-10-01T00:00:00.000Z,2025-12-31T00:00:00.000Z,financial_modeling_output_score,94.3,100,index,true
KPI-0047379,E-0318,execution,2026-01-01T00:00:00.000Z,2026-03-31T00:00:00.000Z,execution_output_score,99.6,100,index,true
KPI-0047381,E-0318,financial_modeling,2026-01-01T00:00:00.000Z,2026-03-31T00:00:00.000Z,financial_modeling_output_score,85.9,100,index,true
KPI-0047400,E-0318,financial_modeling,2026-04-01T00:00:00.000Z,2026-06-30T00:00:00.000Z,financial_modeling_output_score,82.8,100,index,true
KPI-0047416,E-0318,execution,2026-07-01T00:00:00.000Z,2026-09-29T00:00:00.000Z,execution_output_score,106.8,100,index,true
KPI-0047418,E-0318,financial_modeling,2026-07-01T00:00:00.000Z,2026-09-29T00:00:00.000Z,financial_modeling_output_score,77,100,index,true
KPI-0047440,E-0319,talent_assessment,2024-10-01T00:00:00.000Z,2024-12-31T00:00:00.000Z,talent_assessment_output_score,68.3,100,index,true
KPI-0047458,E-0319,talent_assessment,2025-01-01T00:00:00.000Z,2025-03-31T00:00:00.000Z,talent_assessment_output_score,66.5,100,index,true
KPI-0047463,E-0319,execution,2025-04-01T00:00:00.000Z,2025-06-30T00:00:00.000Z,execution_output_score,79.8,100,index,true
KPI-0047465,E-0319,talent_assessment,2025-04-01T00:00:00.000Z,2025-06-30T00:00:00.000Z,talent_assessment_output_score,76.4,100,index,true
KPI-0047494,E-0319,talent_assessment,2025-07-01T00:00:00.000Z,2025-09-30T00:00:00.000Z,talent_assessment_output_score,56.9,100,index,true
KPI-0047506,E-0319,talent_assessment,2025-10-01T00:00:00.000Z,2025-12-31T00:00:00.000Z,talent_assessment_output_score,66.6,100,index,true
KPI-0047535,E-0319,execution,2026-01-01T00:00:00.000Z,2026-03-31T00:00:00.000Z,execution_output_score,77.8,100,index,true
KPI-0047554,E-0319,execution,2026-04-01T00:00:00.000Z,2026-06-30T00:00:00.000Z,execution_output_score,76.1,100,index,true
KPI-0047556,E-0319,talent_assessment,2026-04-01T00:00:00.000Z,2026-06-30T00:00:00.000Z,talent_assessment_output_score,56.8,100,index,true
KPI-0047584,E-0319,talent_assessment,2026-07-01T00:00:00.000Z,2026-09-29T00:00:00.000Z,talent_assessment_output_score,53.8,100,index,true
KPI-0047614,E-0320,execution,2024-10-01T00:00:00.000Z,2024-12-31T00:00:00.000Z,execution_output_score,65.6,100,index,true
KPI-0047616,E-0320,customer_resolution,2024-10-01T00:00:00.000Z,2024-12-31T00:00:00.000Z,customer_resolution_output_score,63.9,100,index,true
KPI-0047632,E-0320,customer_resolution,2025-01-01T00:00:00.000Z,2025-03-31T00:00:00.000Z,customer_resolution_output_score,72.9,100,index,true
KPI-0047643,E-0320,execution,2025-04-01T00:00:00.000Z,2025-06-30T00:00:00.000Z,execution_output_score,71,100,index,true
KPI-0047645,E-0320,customer_resolution,2025-04-01T00:00:00.000Z,2025-06-30T00:00:00.000Z,customer_resolution_output_score,84.2,100,index,true
KPI-0047665,E-0320,execution,2025-07-01T00:00:00.000Z,2025-09-30T00:00:00.000Z,execution_output_score,69.3,100,index,true
KPI-0047667,E-0320,customer_resolution,2025-07-01T00:00:00.000Z,2025-09-30T00:00:00.000Z,customer_resolution_output_score,82.8,100,index,true
KPI-0047681,E-0320,execution,2025-10-01T00:00:00.000Z,2025-12-31T00:00:00.000Z,execution_output_score,67.7,100,index,true
KPI-0047683,E-0320,customer_resolution,2025-10-01T00:00:00.000Z,2025-12-31T00:00:00.000Z,customer_resolution_output_score,87.7,100,index,true
KPI-0047697,E-0320,execution,2026-01-01T00:00:00.000Z,2026-03-31T00:00:00.000Z,execution_output_score,55.3,100,index,true
KPI-0047705,E-0320,customer_resolution,2026-04-01T00:00:00.000Z,2026-06-30T00:00:00.000Z,customer_resolution_output_score,100.1,100,index,true
KPI-0047726,E-0320,execution,2026-07-01T00:00:00.000Z,2026-09-29T00:00:00.000Z,execution_output_score,50,100,index,true
KPI-0047751,E-0321,execution,2024-10-01T00:00:00.000Z,2024-12-31T00:00:00.000Z,execution_output_score,107.8,100,index,true
KPI-0047753,E-0321,system_design,2024-10-01T00:00:00.000Z,2024-12-31T00:00:00.000Z,system_design_output_score,102,100,index,true
KPI-0047769,E-0321,execution,2025-01-01T00:00:00.000Z,2025-03-31T00:00:00.000Z,execution_output_score,107.3,100,index,true
KPI-0047771,E-0321,system_design,2025-01-01T00:00:00.000Z,2025-03-31T00:00:00.000Z,system_design_output_score,102.2,100,index,true
KPI-0047787,E-0321,execution,2025-04-01T00:00:00.000Z,2025-06-30T00:00:00.000Z,execution_output_score,95.9,100,index,true
KPI-0047789,E-0321,system_design,2025-04-01T00:00:00.000Z,2025-06-30T00:00:00.000Z,system_design_output_score,85.8,100,index,true
KPI-0047810,E-0321,execution,2025-07-01T00:00:00.000Z,2025-09-30T00:00:00.000Z,execution_output_score,93.7,100,index,true
KPI-0047812,E-0321,system_design,2025-07-01T00:00:00.000Z,2025-09-30T00:00:00.000Z,system_design_output_score,91.5,100,index,true
KPI-0047824,E-0321,execution,2025-10-01T00:00:00.000Z,2025-12-31T00:00:00.000Z,execution_output_score,83.1,100,index,true
KPI-0047826,E-0321,system_design,2025-10-01T00:00:00.000Z,2025-12-31T00:00:00.000Z,system_design_output_score,102.4,100,index,true
KPI-0047849,E-0321,execution,2026-01-01T00:00:00.000Z,2026-03-31T00:00:00.000Z,execution_output_score,80.6,100,index,true
KPI-0047851,E-0321,system_design,2026-01-01T00:00:00.000Z,2026-03-31T00:00:00.000Z,system_design_output_score,93.9,100,index,true
KPI-0047870,E-0321,execution,2026-04-01T00:00:00.000Z,2026-06-30T00:00:00.000Z,execution_output_score,74.8,100,index,true
KPI-0047872,E-0321,system_design,2026-04-01T00:00:00.000Z,2026-06-30T00:00:00.000Z,system_design_output_score,76.2,100,index,true
KPI-0047898,E-0321,execution,2026-07-01T00:00:00.000Z,2026-09-29T00:00:00.000Z,execution_output_score,71.5,100,index,true
KPI-0047900,E-0321,system_design,2026-07-01T00:00:00.000Z,2026-09-29T00:00:00.000Z,system_design_output_score,75.2,100,index,true
KPI-0047922,E-0322,pipeline_mgmt,2024-10-01T00:00:00.000Z,2024-12-31T00:00:00.000Z,pipeline_mgmt_output_score,67.8,100,index,true
KPI-0047950,E-0322,pipeline_mgmt,2025-01-01T00:00:00.000Z,2025-03-31T00:00:00.000Z,pipeline_mgmt_output_score,73.4,100,index,true
KPI-0047955,E-0322,execution,2025-04-01T00:00:00.000Z,2025-06-30T00:00:00.000Z,execution_output_score,77.4,100,index,true
KPI-0047957,E-0322,pipeline_mgmt,2025-04-01T00:00:00.000Z,2025-06-30T00:00:00.000Z,pipeline_mgmt_output_score,56.8,100,index,true
KPI-0047980,E-0322,execution,2025-07-01T00:00:00.000Z,2025-09-30T00:00:00.000Z,execution_output_score,73.6,100,index,true
KPI-0047982,E-0322,pipeline_mgmt,2025-07-01T00:00:00.000Z,2025-09-30T00:00:00.000Z,pipeline_mgmt_output_score,69,100,index,true
KPI-0047991,E-0322,execution,2025-10-01T00:00:00.000Z,2025-12-31T00:00:00.000Z,execution_output_score,76,100,index,true
KPI-0047993,E-0322,pipeline_mgmt,2025-10-01T00:00:00.000Z,2025-12-31T00:00:00.000Z,pipeline_mgmt_output_score,65.7,100,index,true
KPI-0048020,E-0322,execution,2026-01-01T00:00:00.000Z,2026-03-31T00:00:00.000Z,execution_output_score,78.6,100,index,true
KPI-0048022,E-0322,pipeline_mgmt,2026-01-01T00:00:00.000Z,2026-03-31T00:00:00.000Z,pipeline_mgmt_output_score,78,100,index,true
KPI-0048038,E-0322,execution,2026-04-01T00:00:00.000Z,2026-06-30T00:00:00.000Z,execution_output_score,92.1,100,index,true
KPI-0048040,E-0322,pipeline_mgmt,2026-04-01T00:00:00.000Z,2026-06-30T00:00:00.000Z,pipeline_mgmt_output_score,73.6,100,index,true
KPI-0048064,E-0322,execution,2026-07-01T00:00:00.000Z,2026-09-29T00:00:00.000Z,execution_output_score,99.6,100,index,true
KPI-0048066,E-0322,pipeline_mgmt,2026-07-01T00:00:00.000Z,2026-09-29T00:00:00.000Z,pipeline_mgmt_output_score,80.8,100,index,true
KPI-0048081,E-0323,execution,2024-10-01T00:00:00.000Z,2024-12-31T00:00:00.000Z,execution_output_score,80.8,100,index,true
KPI-0048083,E-0323,campaign_strategy,2024-10-01T00:00:00.000Z,2024-12-31T00:00:00.000Z,campaign_strategy_output_score,64.9,100,index,true
KPI-0048102,E-0323,execution,2025-04-01T00:00:00.000Z,2025-06-30T00:00:00.000Z,execution_output_score,83.4,100,index,true
KPI-0048104,E-0323,campaign_strategy,2025-04-01T00:00:00.000Z,2025-06-30T00:00:00.000Z,campaign_strategy_output_score,72.3,100,index,true
KPI-0048129,E-0323,execution,2025-07-01T00:00:00.000Z,2025-09-30T00:00:00.000Z,execution_output_score,90,100,index,true
KPI-0048131,E-0323,campaign_strategy,2025-07-01T00:00:00.000Z,2025-09-30T00:00:00.000Z,campaign_strategy_output_score,76.8,100,index,true
KPI-0048150,E-0323,execution,2025-10-01T00:00:00.000Z,2025-12-31T00:00:00.000Z,execution_output_score,93.5,100,index,true
KPI-0048152,E-0323,campaign_strategy,2025-10-01T00:00:00.000Z,2025-12-31T00:00:00.000Z,campaign_strategy_output_score,86.1,100,index,true
KPI-0048183,E-0323,execution,2026-01-01T00:00:00.000Z,2026-03-31T00:00:00.000Z,execution_output_score,76.6,100,index,true
KPI-0048185,E-0323,campaign_strategy,2026-01-01T00:00:00.000Z,2026-03-31T00:00:00.000Z,campaign_strategy_output_score,86.5,100,index,true
KPI-0048204,E-0323,execution,2026-04-01T00:00:00.000Z,2026-06-30T00:00:00.000Z,execution_output_score,81,100,index,true
KPI-0048206,E-0323,campaign_strategy,2026-04-01T00:00:00.000Z,2026-06-30T00:00:00.000Z,campaign_strategy_output_score,97.3,100,index,true
KPI-0048224,E-0323,execution,2026-07-01T00:00:00.000Z,2026-09-29T00:00:00.000Z,execution_output_score,84.7,100,index,true
KPI-0048226,E-0323,campaign_strategy,2026-07-01T00:00:00.000Z,2026-09-29T00:00:00.000Z,campaign_strategy_output_score,90.8,100,index,true
KPI-0048252,E-0324,execution,2024-10-01T00:00:00.000Z,2024-12-31T00:00:00.000Z,execution_output_score,101.9,100,index,true
KPI-0048254,E-0324,roadmap_prioritization,2024-10-01T00:00:00.000Z,2024-12-31T00:00:00.000Z,roadmap_prioritization_output_score,98.8,100,index,true
KPI-0048270,E-0324,roadmap_prioritization,2025-01-01T00:00:00.000Z,2025-03-31T00:00:00.000Z,roadmap_prioritization_output_score,101,100,index,true
KPI-0048285,E-0324,execution,2025-04-01T00:00:00.000Z,2025-06-30T00:00:00.000Z,execution_output_score,98.1,100,index,true
KPI-0048287,E-0324,roadmap_prioritization,2025-04-01T00:00:00.000Z,2025-06-30T00:00:00.000Z,roadmap_prioritization_output_score,99.7,100,index,true
KPI-0048314,E-0324,execution,2025-07-01T00:00:00.000Z,2025-09-30T00:00:00.000Z,execution_output_score,93,100,index,true
KPI-0048316,E-0324,roadmap_prioritization,2025-07-01T00:00:00.000Z,2025-09-30T00:00:00.000Z,roadmap_prioritization_output_score,106.2,100,index,true
KPI-0048331,E-0324,roadmap_prioritization,2025-10-01T00:00:00.000Z,2025-12-31T00:00:00.000Z,roadmap_prioritization_output_score,106.4,100,index,true
KPI-0048352,E-0324,roadmap_prioritization,2026-01-01T00:00:00.000Z,2026-03-31T00:00:00.000Z,roadmap_prioritization_output_score,95.8,100,index,true
KPI-0048361,E-0324,execution,2026-04-01T00:00:00.000Z,2026-06-30T00:00:00.000Z,execution_output_score,80.4,100,index,true
KPI-0048363,E-0324,roadmap_prioritization,2026-04-01T00:00:00.000Z,2026-06-30T00:00:00.000Z,roadmap_prioritization_output_score,94.7,100,index,true
KPI-0048376,E-0324,execution,2026-07-01T00:00:00.000Z,2026-09-29T00:00:00.000Z,execution_output_score,77.7,100,index,true
KPI-0048409,E-0325,execution,2024-10-01T00:00:00.000Z,2024-12-31T00:00:00.000Z,execution_output_score,65.7,100,index,true
KPI-0048411,E-0325,visual_craft,2024-10-01T00:00:00.000Z,2024-12-31T00:00:00.000Z,visual_craft_output_score,64.4,100,index,true
KPI-0048442,E-0325,visual_craft,2025-01-01T00:00:00.000Z,2025-03-31T00:00:00.000Z,visual_craft_output_score,75,100,index,true
KPI-0048458,E-0325,execution,2025-04-01T00:00:00.000Z,2025-06-30T00:00:00.000Z,execution_output_score,82.5,100,index,true
KPI-0048474,E-0325,execution,2025-07-01T00:00:00.000Z,2025-09-30T00:00:00.000Z,execution_output_score,74.9,100,index,true
KPI-0048486,E-0325,execution,2025-10-01T00:00:00.000Z,2025-12-31T00:00:00.000Z,execution_output_score,72.8,100,index,true
KPI-0048488,E-0325,visual_craft,2025-10-01T00:00:00.000Z,2025-12-31T00:00:00.000Z,visual_craft_output_score,89,100,index,true
KPI-0048515,E-0325,execution,2026-01-01T00:00:00.000Z,2026-03-31T00:00:00.000Z,execution_output_score,79.4,100,index,true
KPI-0048517,E-0325,visual_craft,2026-01-01T00:00:00.000Z,2026-03-31T00:00:00.000Z,visual_craft_output_score,94.4,100,index,true
KPI-0048523,E-0325,visual_craft,2026-04-01T00:00:00.000Z,2026-06-30T00:00:00.000Z,visual_craft_output_score,99.5,100,index,true
KPI-0048571,E-0326,execution,2024-10-01T00:00:00.000Z,2024-12-31T00:00:00.000Z,execution_output_score,70.4,100,index,true
KPI-0048573,E-0326,financial_modeling,2024-10-01T00:00:00.000Z,2024-12-31T00:00:00.000Z,financial_modeling_output_score,68.3,100,index,true
KPI-0048591,E-0326,execution,2025-01-01T00:00:00.000Z,2025-03-31T00:00:00.000Z,execution_output_score,75.3,100,index,true
KPI-0048593,E-0326,financial_modeling,2025-01-01T00:00:00.000Z,2025-03-31T00:00:00.000Z,financial_modeling_output_score,66.9,100,index,true
KPI-0048605,E-0326,execution,2025-04-01T00:00:00.000Z,2025-06-30T00:00:00.000Z,execution_output_score,77.1,100,index,true
KPI-0048629,E-0326,execution,2025-07-01T00:00:00.000Z,2025-09-30T00:00:00.000Z,execution_output_score,73,100,index,true
KPI-0048638,E-0326,execution,2025-10-01T00:00:00.000Z,2025-12-31T00:00:00.000Z,execution_output_score,67.5,100,index,true
KPI-0048640,E-0326,financial_modeling,2025-10-01T00:00:00.000Z,2025-12-31T00:00:00.000Z,financial_modeling_output_score,66.6,100,index,true
KPI-0048668,E-0326,execution,2026-01-01T00:00:00.000Z,2026-03-31T00:00:00.000Z,execution_output_score,73,100,index,true
KPI-0048670,E-0326,financial_modeling,2026-01-01T00:00:00.000Z,2026-03-31T00:00:00.000Z,financial_modeling_output_score,68.6,100,index,true
KPI-0048686,E-0326,execution,2026-04-01T00:00:00.000Z,2026-06-30T00:00:00.000Z,execution_output_score,81,100,index,true
KPI-0048688,E-0326,financial_modeling,2026-04-01T00:00:00.000Z,2026-06-30T00:00:00.000Z,financial_modeling_output_score,76.9,100,index,true
KPI-0048719,E-0326,execution,2026-07-01T00:00:00.000Z,2026-09-29T00:00:00.000Z,execution_output_score,76,100,index,true
KPI-0048721,E-0326,financial_modeling,2026-07-01T00:00:00.000Z,2026-09-29T00:00:00.000Z,financial_modeling_output_score,70.1,100,index,true
KPI-0048769,E-0327,execution,2025-01-01T00:00:00.000Z,2025-03-31T00:00:00.000Z,execution_output_score,67.2,100,index,true
KPI-0048771,E-0327,talent_assessment,2025-01-01T00:00:00.000Z,2025-03-31T00:00:00.000Z,talent_assessment_output_score,69.3,100,index,true
KPI-0048783,E-0327,execution,2025-04-01T00:00:00.000Z,2025-06-30T00:00:00.000Z,execution_output_score,68.5,100,index,true
KPI-0048785,E-0327,talent_assessment,2025-04-01T00:00:00.000Z,2025-06-30T00:00:00.000Z,talent_assessment_output_score,69.5,100,index,true
KPI-0048810,E-0327,execution,2025-07-01T00:00:00.000Z,2025-09-30T00:00:00.000Z,execution_output_score,84.8,100,index,true
KPI-0048819,E-0327,execution,2025-10-01T00:00:00.000Z,2025-12-31T00:00:00.000Z,execution_output_score,88.8,100,index,true
KPI-0048821,E-0327,talent_assessment,2025-10-01T00:00:00.000Z,2025-12-31T00:00:00.000Z,talent_assessment_output_score,64.8,100,index,true
KPI-0048845,E-0327,execution,2026-01-01T00:00:00.000Z,2026-03-31T00:00:00.000Z,execution_output_score,91.6,100,index,true
KPI-0048847,E-0327,talent_assessment,2026-01-01T00:00:00.000Z,2026-03-31T00:00:00.000Z,talent_assessment_output_score,78.7,100,index,true
KPI-0048856,E-0327,execution,2026-04-01T00:00:00.000Z,2026-06-30T00:00:00.000Z,execution_output_score,98.5,100,index,true
KPI-0048878,E-0327,execution,2026-07-01T00:00:00.000Z,2026-09-29T00:00:00.000Z,execution_output_score,103,100,index,true
KPI-0048937,E-0328,execution,2025-04-01T00:00:00.000Z,2025-06-30T00:00:00.000Z,execution_output_score,71.7,100,index,true
KPI-0048939,E-0328,customer_resolution,2025-04-01T00:00:00.000Z,2025-06-30T00:00:00.000Z,customer_resolution_output_score,63.5,100,index,true
KPI-0048962,E-0328,execution,2025-07-01T00:00:00.000Z,2025-09-30T00:00:00.000Z,execution_output_score,84.2,100,index,true
KPI-0048974,E-0328,customer_resolution,2025-10-01T00:00:00.000Z,2025-12-31T00:00:00.000Z,customer_resolution_output_score,78.8,100,index,true
KPI-0048997,E-0328,execution,2026-01-01T00:00:00.000Z,2026-03-31T00:00:00.000Z,execution_output_score,67.4,100,index,true
KPI-0048999,E-0328,customer_resolution,2026-01-01T00:00:00.000Z,2026-03-31T00:00:00.000Z,customer_resolution_output_score,81.2,100,index,true
KPI-0049011,E-0328,execution,2026-04-01T00:00:00.000Z,2026-06-30T00:00:00.000Z,execution_output_score,73,100,index,true
KPI-0049013,E-0328,customer_resolution,2026-04-01T00:00:00.000Z,2026-06-30T00:00:00.000Z,customer_resolution_output_score,86.9,100,index,true
KPI-0049038,E-0328,execution,2026-07-01T00:00:00.000Z,2026-09-29T00:00:00.000Z,execution_output_score,73.9,100,index,true
KPI-0049040,E-0328,customer_resolution,2026-07-01T00:00:00.000Z,2026-09-29T00:00:00.000Z,customer_resolution_output_score,98.7,100,index,true
KPI-0049056,E-0329,execution,2024-10-01T00:00:00.000Z,2024-12-31T00:00:00.000Z,execution_output_score,67.6,100,index,true
KPI-0049058,E-0329,system_design,2024-10-01T00:00:00.000Z,2024-12-31T00:00:00.000Z,system_design_output_score,68.4,100,index,true
KPI-0049078,E-0329,system_design,2025-01-01T00:00:00.000Z,2025-03-31T00:00:00.000Z,system_design_output_score,73.2,100,index,true
KPI-0049094,E-0329,execution,2025-04-01T00:00:00.000Z,2025-06-30T00:00:00.000Z,execution_output_score,78.7,100,index,true
KPI-0049096,E-0329,system_design,2025-04-01T00:00:00.000Z,2025-06-30T00:00:00.000Z,system_design_output_score,79,100,index,true
KPI-0049113,E-0329,execution,2025-07-01T00:00:00.000Z,2025-09-30T00:00:00.000Z,execution_output_score,89.3,100,index,true
KPI-0049115,E-0329,system_design,2025-07-01T00:00:00.000Z,2025-09-30T00:00:00.000Z,system_design_output_score,81.5,100,index,true
KPI-0049161,E-0329,execution,2026-04-01T00:00:00.000Z,2026-06-30T00:00:00.000Z,execution_output_score,102.3,100,index,true
KPI-0049163,E-0329,system_design,2026-04-01T00:00:00.000Z,2026-06-30T00:00:00.000Z,system_design_output_score,101.6,100,index,true
KPI-0049177,E-0329,system_design,2026-07-01T00:00:00.000Z,2026-09-29T00:00:00.000Z,system_design_output_score,106.1,100,index,true
KPI-0049201,E-0330,execution,2024-10-01T00:00:00.000Z,2024-12-31T00:00:00.000Z,execution_output_score,76,100,index,true
KPI-0049203,E-0330,pipeline_mgmt,2024-10-01T00:00:00.000Z,2024-12-31T00:00:00.000Z,pipeline_mgmt_output_score,76.8,100,index,true
KPI-0049226,E-0330,execution,2025-01-01T00:00:00.000Z,2025-03-31T00:00:00.000Z,execution_output_score,75.8,100,index,true
KPI-0049228,E-0330,pipeline_mgmt,2025-01-01T00:00:00.000Z,2025-03-31T00:00:00.000Z,pipeline_mgmt_output_score,76.1,100,index,true
KPI-0049233,E-0330,execution,2025-04-01T00:00:00.000Z,2025-06-30T00:00:00.000Z,execution_output_score,76.5,100,index,true
KPI-0049260,E-0330,execution,2025-07-01T00:00:00.000Z,2025-09-30T00:00:00.000Z,execution_output_score,77.1,100,index,true
KPI-0049272,E-0330,execution,2025-10-01T00:00:00.000Z,2025-12-31T00:00:00.000Z,execution_output_score,73,100,index,true
KPI-0049274,E-0330,pipeline_mgmt,2025-10-01T00:00:00.000Z,2025-12-31T00:00:00.000Z,pipeline_mgmt_output_score,73.7,100,index,true
KPI-0049299,E-0330,execution,2026-01-01T00:00:00.000Z,2026-03-31T00:00:00.000Z,execution_output_score,72.6,100,index,true
KPI-0049301,E-0330,pipeline_mgmt,2026-01-01T00:00:00.000Z,2026-03-31T00:00:00.000Z,pipeline_mgmt_output_score,73.7,100,index,true
KPI-0049313,E-0330,execution,2026-04-01T00:00:00.000Z,2026-06-30T00:00:00.000Z,execution_output_score,63,100,index,true
KPI-0049337,E-0330,execution,2026-07-01T00:00:00.000Z,2026-09-29T00:00:00.000Z,execution_output_score,62.2,100,index,true
KPI-0049370,E-0331,execution,2024-10-01T00:00:00.000Z,2024-12-31T00:00:00.000Z,execution_output_score,78.2,100,index,true
KPI-0049372,E-0331,campaign_strategy,2024-10-01T00:00:00.000Z,2024-12-31T00:00:00.000Z,campaign_strategy_output_score,68,100,index,true
KPI-0049388,E-0331,execution,2025-01-01T00:00:00.000Z,2025-03-31T00:00:00.000Z,execution_output_score,76.3,100,index,true
KPI-0049390,E-0331,campaign_strategy,2025-01-01T00:00:00.000Z,2025-03-31T00:00:00.000Z,campaign_strategy_output_score,70.9,100,index,true
KPI-0049399,E-0331,campaign_strategy,2025-04-01T00:00:00.000Z,2025-06-30T00:00:00.000Z,campaign_strategy_output_score,70.7,100,index,true
KPI-0049427,E-0331,execution,2025-07-01T00:00:00.000Z,2025-09-30T00:00:00.000Z,execution_output_score,71.6,100,index,true
KPI-0049429,E-0331,campaign_strategy,2025-07-01T00:00:00.000Z,2025-09-30T00:00:00.000Z,campaign_strategy_output_score,72.2,100,index,true
KPI-0049445,E-0331,campaign_strategy,2025-10-01T00:00:00.000Z,2025-12-31T00:00:00.000Z,campaign_strategy_output_score,68.3,100,index,true
KPI-0049471,E-0331,execution,2026-01-01T00:00:00.000Z,2026-03-31T00:00:00.000Z,execution_output_score,73.8,100,index,true
KPI-0049473,E-0331,campaign_strategy,2026-01-01T00:00:00.000Z,2026-03-31T00:00:00.000Z,campaign_strategy_output_score,69.6,100,index,true
KPI-0049479,E-0331,execution,2026-04-01T00:00:00.000Z,2026-06-30T00:00:00.000Z,execution_output_score,70.9,100,index,true
KPI-0049502,E-0331,execution,2026-07-01T00:00:00.000Z,2026-09-29T00:00:00.000Z,execution_output_score,78.6,100,index,true
KPI-0049504,E-0331,campaign_strategy,2026-07-01T00:00:00.000Z,2026-09-29T00:00:00.000Z,campaign_strategy_output_score,71.3,100,index,true
KPI-0049529,E-0332,execution,2024-10-01T00:00:00.000Z,2024-12-31T00:00:00.000Z,execution_output_score,67.5,100,index,true
KPI-0049531,E-0332,roadmap_prioritization,2024-10-01T00:00:00.000Z,2024-12-31T00:00:00.000Z,roadmap_prioritization_output_score,71.7,100,index,true
KPI-0049556,E-0332,execution,2025-01-01T00:00:00.000Z,2025-03-31T00:00:00.000Z,execution_output_score,81,100,index,true
KPI-0049558,E-0332,roadmap_prioritization,2025-01-01T00:00:00.000Z,2025-03-31T00:00:00.000Z,roadmap_prioritization_output_score,81.6,100,index,true
KPI-0049577,E-0332,roadmap_prioritization,2025-07-01T00:00:00.000Z,2025-09-30T00:00:00.000Z,roadmap_prioritization_output_score,67,100,index,true
KPI-0049599,E-0332,roadmap_prioritization,2026-01-01T00:00:00.000Z,2026-03-31T00:00:00.000Z,roadmap_prioritization_output_score,73.9,100,index,true
KPI-0049654,E-0333,visual_craft,2024-10-01T00:00:00.000Z,2024-12-31T00:00:00.000Z,visual_craft_output_score,83.3,100,index,true
KPI-0049681,E-0333,execution,2025-01-01T00:00:00.000Z,2025-03-31T00:00:00.000Z,execution_output_score,72.1,100,index,true
KPI-0049683,E-0333,visual_craft,2025-01-01T00:00:00.000Z,2025-03-31T00:00:00.000Z,visual_craft_output_score,85.1,100,index,true
KPI-0049702,E-0333,execution,2025-04-01T00:00:00.000Z,2025-06-30T00:00:00.000Z,execution_output_score,69.7,100,index,true
KPI-0049704,E-0333,visual_craft,2025-04-01T00:00:00.000Z,2025-06-30T00:00:00.000Z,visual_craft_output_score,86.4,100,index,true
KPI-0049733,E-0333,execution,2025-07-01T00:00:00.000Z,2025-09-30T00:00:00.000Z,execution_output_score,74.4,100,index,true
KPI-0049735,E-0333,visual_craft,2025-07-01T00:00:00.000Z,2025-09-30T00:00:00.000Z,visual_craft_output_score,85.5,100,index,true
KPI-0049741,E-0333,execution,2025-10-01T00:00:00.000Z,2025-12-31T00:00:00.000Z,execution_output_score,76,100,index,true
KPI-0049780,E-0333,execution,2026-04-01T00:00:00.000Z,2026-06-30T00:00:00.000Z,execution_output_score,82.4,100,index,true
KPI-0049782,E-0333,visual_craft,2026-04-01T00:00:00.000Z,2026-06-30T00:00:00.000Z,visual_craft_output_score,86.4,100,index,true
KPI-0049804,E-0333,execution,2026-07-01T00:00:00.000Z,2026-09-29T00:00:00.000Z,execution_output_score,95.3,100,index,true
KPI-0049820,E-0334,financial_modeling,2024-10-01T00:00:00.000Z,2024-12-31T00:00:00.000Z,financial_modeling_output_score,114.8,100,index,true
KPI-0049846,E-0334,execution,2025-01-01T00:00:00.000Z,2025-03-31T00:00:00.000Z,execution_output_score,94.8,100,index,true
KPI-0049848,E-0334,financial_modeling,2025-01-01T00:00:00.000Z,2025-03-31T00:00:00.000Z,financial_modeling_output_score,102.1,100,index,true
KPI-0049867,E-0334,execution,2025-04-01T00:00:00.000Z,2025-06-30T00:00:00.000Z,execution_output_score,98.3,100,index,true
KPI-0049869,E-0334,financial_modeling,2025-04-01T00:00:00.000Z,2025-06-30T00:00:00.000Z,financial_modeling_output_score,96.4,100,index,true
KPI-0049892,E-0334,execution,2025-07-01T00:00:00.000Z,2025-09-30T00:00:00.000Z,execution_output_score,89.3,100,index,true
KPI-0049894,E-0334,financial_modeling,2025-07-01T00:00:00.000Z,2025-09-30T00:00:00.000Z,financial_modeling_output_score,85.8,100,index,true
KPI-0049903,E-0334,execution,2025-10-01T00:00:00.000Z,2025-12-31T00:00:00.000Z,execution_output_score,91.9,100,index,true
KPI-0049905,E-0334,financial_modeling,2025-10-01T00:00:00.000Z,2025-12-31T00:00:00.000Z,financial_modeling_output_score,83,100,index,true
KPI-0049923,E-0334,execution,2026-01-01T00:00:00.000Z,2026-03-31T00:00:00.000Z,execution_output_score,75.6,100,index,true
KPI-0049925,E-0334,financial_modeling,2026-01-01T00:00:00.000Z,2026-03-31T00:00:00.000Z,financial_modeling_output_score,80.5,100,index,true
KPI-0049930,E-0334,execution,2026-04-01T00:00:00.000Z,2026-06-30T00:00:00.000Z,execution_output_score,78.1,100,index,true
KPI-0049932,E-0334,financial_modeling,2026-04-01T00:00:00.000Z,2026-06-30T00:00:00.000Z,financial_modeling_output_score,79.5,100,index,true
KPI-0049955,E-0334,execution,2026-07-01T00:00:00.000Z,2026-09-29T00:00:00.000Z,execution_output_score,70.3,100,index,true
KPI-0049957,E-0334,financial_modeling,2026-07-01T00:00:00.000Z,2026-09-29T00:00:00.000Z,financial_modeling_output_score,68,100,index,true
KPI-0049996,E-0335,execution,2024-10-01T00:00:00.000Z,2024-12-31T00:00:00.000Z,execution_output_score,61.7,100,index,true
KPI-0049998,E-0335,talent_assessment,2024-10-01T00:00:00.000Z,2024-12-31T00:00:00.000Z,talent_assessment_output_score,80.5,100,index,true
KPI-0050020,E-0335,execution,2025-01-01T00:00:00.000Z,2025-03-31T00:00:00.000Z,execution_output_score,69.2,100,index,true
KPI-0050022,E-0335,talent_assessment,2025-01-01T00:00:00.000Z,2025-03-31T00:00:00.000Z,talent_assessment_output_score,73.9,100,index,true
KPI-0050031,E-0335,execution,2025-04-01T00:00:00.000Z,2025-06-30T00:00:00.000Z,execution_output_score,74.5,100,index,true
KPI-0050033,E-0335,talent_assessment,2025-04-01T00:00:00.000Z,2025-06-30T00:00:00.000Z,talent_assessment_output_score,74.1,100,index,true
KPI-0050047,E-0335,execution,2025-07-01T00:00:00.000Z,2025-09-30T00:00:00.000Z,execution_output_score,70.7,100,index,true
KPI-0050049,E-0335,talent_assessment,2025-07-01T00:00:00.000Z,2025-09-30T00:00:00.000Z,talent_assessment_output_score,67.3,100,index,true
KPI-0050051,E-0335,execution,2025-10-01T00:00:00.000Z,2025-12-31T00:00:00.000Z,execution_output_score,71.6,100,index,true
KPI-0050053,E-0335,talent_assessment,2025-10-01T00:00:00.000Z,2025-12-31T00:00:00.000Z,talent_assessment_output_score,78.4,100,index,true
KPI-0050067,E-0335,execution,2026-01-01T00:00:00.000Z,2026-03-31T00:00:00.000Z,execution_output_score,81.2,100,index,true
KPI-0050069,E-0335,talent_assessment,2026-01-01T00:00:00.000Z,2026-03-31T00:00:00.000Z,talent_assessment_output_score,68.5,100,index,true
KPI-0050088,E-0335,execution,2026-04-01T00:00:00.000Z,2026-06-30T00:00:00.000Z,execution_output_score,84.5,100,index,true
KPI-0050090,E-0335,talent_assessment,2026-04-01T00:00:00.000Z,2026-06-30T00:00:00.000Z,talent_assessment_output_score,76.3,100,index,true
KPI-0050105,E-0335,execution,2026-07-01T00:00:00.000Z,2026-09-29T00:00:00.000Z,execution_output_score,90.8,100,index,true
KPI-0050107,E-0335,talent_assessment,2026-07-01T00:00:00.000Z,2026-09-29T00:00:00.000Z,talent_assessment_output_score,78.5,100,index,true
KPI-0050136,E-0336,execution,2024-10-01T00:00:00.000Z,2024-12-31T00:00:00.000Z,execution_output_score,97.8,100,index,true
KPI-0050138,E-0336,customer_resolution,2024-10-01T00:00:00.000Z,2024-12-31T00:00:00.000Z,customer_resolution_output_score,71.6,100,index,true
KPI-0050159,E-0336,execution,2025-01-01T00:00:00.000Z,2025-03-31T00:00:00.000Z,execution_output_score,103.7,100,index,true
KPI-0050174,E-0336,execution,2025-04-01T00:00:00.000Z,2025-06-30T00:00:00.000Z,execution_output_score,97.5,100,index,true
KPI-0050176,E-0336,customer_resolution,2025-04-01T00:00:00.000Z,2025-06-30T00:00:00.000Z,customer_resolution_output_score,77.3,100,index,true
KPI-0050187,E-0336,execution,2025-07-01T00:00:00.000Z,2025-09-30T00:00:00.000Z,execution_output_score,96.8,100,index,true
KPI-0050189,E-0336,customer_resolution,2025-07-01T00:00:00.000Z,2025-09-30T00:00:00.000Z,customer_resolution_output_score,80.2,100,index,true
KPI-0050201,E-0336,execution,2025-10-01T00:00:00.000Z,2025-12-31T00:00:00.000Z,execution_output_score,96,100,index,true
KPI-0050203,E-0336,customer_resolution,2025-10-01T00:00:00.000Z,2025-12-31T00:00:00.000Z,customer_resolution_output_score,89.1,100,index,true
KPI-0050220,E-0336,execution,2026-01-01T00:00:00.000Z,2026-03-31T00:00:00.000Z,execution_output_score,100.6,100,index,true
KPI-0050222,E-0336,customer_resolution,2026-01-01T00:00:00.000Z,2026-03-31T00:00:00.000Z,customer_resolution_output_score,85.6,100,index,true
KPI-0050230,E-0336,execution,2026-04-01T00:00:00.000Z,2026-06-30T00:00:00.000Z,execution_output_score,90.9,100,index,true
KPI-0050232,E-0336,customer_resolution,2026-04-01T00:00:00.000Z,2026-06-30T00:00:00.000Z,customer_resolution_output_score,94.8,100,index,true
KPI-0050251,E-0336,execution,2026-07-01T00:00:00.000Z,2026-09-29T00:00:00.000Z,execution_output_score,107.8,100,index,true
KPI-0050253,E-0336,customer_resolution,2026-07-01T00:00:00.000Z,2026-09-29T00:00:00.000Z,customer_resolution_output_score,99.3,100,index,true
KPI-0050284,E-0337,system_design,2024-10-01T00:00:00.000Z,2024-12-31T00:00:00.000Z,system_design_output_score,67,100,index,true
KPI-0050309,E-0337,execution,2025-01-01T00:00:00.000Z,2025-03-31T00:00:00.000Z,execution_output_score,66.6,100,index,true
KPI-0050311,E-0337,system_design,2025-01-01T00:00:00.000Z,2025-03-31T00:00:00.000Z,system_design_output_score,78.5,100,index,true
KPI-0050316,E-0337,execution,2025-04-01T00:00:00.000Z,2025-06-30T00:00:00.000Z,execution_output_score,65.4,100,index,true
KPI-0050318,E-0337,system_design,2025-04-01T00:00:00.000Z,2025-06-30T00:00:00.000Z,system_design_output_score,70.1,100,index,true
KPI-0050335,E-0337,system_design,2025-07-01T00:00:00.000Z,2025-09-30T00:00:00.000Z,system_design_output_score,74.6,100,index,true
KPI-0050341,E-0337,execution,2025-10-01T00:00:00.000Z,2025-12-31T00:00:00.000Z,execution_output_score,70.7,100,index,true
KPI-0050359,E-0337,execution,2026-01-01T00:00:00.000Z,2026-03-31T00:00:00.000Z,execution_output_score,63.3,100,index,true
KPI-0050361,E-0337,system_design,2026-01-01T00:00:00.000Z,2026-03-31T00:00:00.000Z,system_design_output_score,72.6,100,index,true
KPI-0050373,E-0337,execution,2026-04-01T00:00:00.000Z,2026-06-30T00:00:00.000Z,execution_output_score,67.4,100,index,true
KPI-0050375,E-0337,system_design,2026-04-01T00:00:00.000Z,2026-06-30T00:00:00.000Z,system_design_output_score,70.8,100,index,true
KPI-0050404,E-0337,execution,2026-07-01T00:00:00.000Z,2026-09-29T00:00:00.000Z,execution_output_score,62.3,100,index,true
KPI-0050406,E-0337,system_design,2026-07-01T00:00:00.000Z,2026-09-29T00:00:00.000Z,system_design_output_score,70.6,100,index,true
KPI-0050423,E-0338,execution,2024-10-01T00:00:00.000Z,2024-12-31T00:00:00.000Z,execution_output_score,73.5,100,index,true
KPI-0050425,E-0338,pipeline_mgmt,2024-10-01T00:00:00.000Z,2024-12-31T00:00:00.000Z,pipeline_mgmt_output_score,69.2,100,index,true
KPI-0050454,E-0338,pipeline_mgmt,2025-01-01T00:00:00.000Z,2025-03-31T00:00:00.000Z,pipeline_mgmt_output_score,51.8,100,index,true
KPI-0050470,E-0338,execution,2025-04-01T00:00:00.000Z,2025-06-30T00:00:00.000Z,execution_output_score,80.2,100,index,true
KPI-0050472,E-0338,pipeline_mgmt,2025-04-01T00:00:00.000Z,2025-06-30T00:00:00.000Z,pipeline_mgmt_output_score,58.2,100,index,true
KPI-0050490,E-0338,execution,2025-07-01T00:00:00.000Z,2025-09-30T00:00:00.000Z,execution_output_score,77.5,100,index,true
KPI-0050492,E-0338,pipeline_mgmt,2025-07-01T00:00:00.000Z,2025-09-30T00:00:00.000Z,pipeline_mgmt_output_score,58.1,100,index,true
KPI-0050501,E-0338,pipeline_mgmt,2025-10-01T00:00:00.000Z,2025-12-31T00:00:00.000Z,pipeline_mgmt_output_score,73.8,100,index,true
KPI-0050529,E-0338,execution,2026-01-01T00:00:00.000Z,2026-03-31T00:00:00.000Z,execution_output_score,84.5,100,index,true
KPI-0050531,E-0338,pipeline_mgmt,2026-01-01T00:00:00.000Z,2026-03-31T00:00:00.000Z,pipeline_mgmt_output_score,74.2,100,index,true
KPI-0050550,E-0338,execution,2026-04-01T00:00:00.000Z,2026-06-30T00:00:00.000Z,execution_output_score,96.8,100,index,true
KPI-0050552,E-0338,pipeline_mgmt,2026-04-01T00:00:00.000Z,2026-06-30T00:00:00.000Z,pipeline_mgmt_output_score,71.4,100,index,true
KPI-0050573,E-0338,execution,2026-07-01T00:00:00.000Z,2026-09-29T00:00:00.000Z,execution_output_score,102.6,100,index,true
KPI-0050575,E-0338,pipeline_mgmt,2026-07-01T00:00:00.000Z,2026-09-29T00:00:00.000Z,pipeline_mgmt_output_score,80.4,100,index,true
KPI-0050589,E-0339,execution,2024-10-01T00:00:00.000Z,2024-12-31T00:00:00.000Z,execution_output_score,76.3,100,index,true
KPI-0050608,E-0339,campaign_strategy,2025-01-01T00:00:00.000Z,2025-03-31T00:00:00.000Z,campaign_strategy_output_score,75.5,100,index,true
KPI-0050617,E-0339,campaign_strategy,2025-04-01T00:00:00.000Z,2025-06-30T00:00:00.000Z,campaign_strategy_output_score,80.6,100,index,true
KPI-0050632,E-0339,campaign_strategy,2025-07-01T00:00:00.000Z,2025-09-30T00:00:00.000Z,campaign_strategy_output_score,81.7,100,index,true
KPI-0050644,E-0339,campaign_strategy,2025-10-01T00:00:00.000Z,2025-12-31T00:00:00.000Z,campaign_strategy_output_score,86.1,100,index,true
KPI-0050673,E-0339,campaign_strategy,2026-04-01T00:00:00.000Z,2026-06-30T00:00:00.000Z,campaign_strategy_output_score,102.3,100,index,true
KPI-0050695,E-0339,campaign_strategy,2026-07-01T00:00:00.000Z,2026-09-29T00:00:00.000Z,campaign_strategy_output_score,113.2,100,index,true
KPI-0050713,E-0340,execution,2024-10-01T00:00:00.000Z,2024-12-31T00:00:00.000Z,execution_output_score,74.7,100,index,true
KPI-0050715,E-0340,roadmap_prioritization,2024-10-01T00:00:00.000Z,2024-12-31T00:00:00.000Z,roadmap_prioritization_output_score,71.7,100,index,true
KPI-0050735,E-0340,execution,2025-01-01T00:00:00.000Z,2025-03-31T00:00:00.000Z,execution_output_score,75,100,index,true
KPI-0050737,E-0340,roadmap_prioritization,2025-01-01T00:00:00.000Z,2025-03-31T00:00:00.000Z,roadmap_prioritization_output_score,66.9,100,index,true
KPI-0050752,E-0340,execution,2025-04-01T00:00:00.000Z,2025-06-30T00:00:00.000Z,execution_output_score,72.7,100,index,true
KPI-0050754,E-0340,roadmap_prioritization,2025-04-01T00:00:00.000Z,2025-06-30T00:00:00.000Z,roadmap_prioritization_output_score,83.6,100,index,true
KPI-0050771,E-0340,execution,2025-07-01T00:00:00.000Z,2025-09-30T00:00:00.000Z,execution_output_score,89.7,100,index,true
KPI-0050773,E-0340,roadmap_prioritization,2025-07-01T00:00:00.000Z,2025-09-30T00:00:00.000Z,roadmap_prioritization_output_score,81.5,100,index,true
KPI-0050788,E-0340,execution,2025-10-01T00:00:00.000Z,2025-12-31T00:00:00.000Z,execution_output_score,83.4,100,index,true
KPI-0050790,E-0340,roadmap_prioritization,2025-10-01T00:00:00.000Z,2025-12-31T00:00:00.000Z,roadmap_prioritization_output_score,89.2,100,index,true
KPI-0050802,E-0340,execution,2026-01-01T00:00:00.000Z,2026-03-31T00:00:00.000Z,execution_output_score,91,100,index,true
KPI-0050804,E-0340,roadmap_prioritization,2026-01-01T00:00:00.000Z,2026-03-31T00:00:00.000Z,roadmap_prioritization_output_score,97.1,100,index,true
KPI-0050816,E-0340,roadmap_prioritization,2026-04-01T00:00:00.000Z,2026-06-30T00:00:00.000Z,roadmap_prioritization_output_score,96.2,100,index,true
KPI-0050841,E-0340,execution,2026-07-01T00:00:00.000Z,2026-09-29T00:00:00.000Z,execution_output_score,102.7,100,index,true
KPI-0050843,E-0340,roadmap_prioritization,2026-07-01T00:00:00.000Z,2026-09-29T00:00:00.000Z,roadmap_prioritization_output_score,104,100,index,true
KPI-0050890,E-0341,execution,2025-01-01T00:00:00.000Z,2025-03-31T00:00:00.000Z,execution_output_score,95.2,100,index,true
KPI-0050892,E-0341,visual_craft,2025-01-01T00:00:00.000Z,2025-03-31T00:00:00.000Z,visual_craft_output_score,89.1,100,index,true
KPI-0050900,E-0341,execution,2025-04-01T00:00:00.000Z,2025-06-30T00:00:00.000Z,execution_output_score,101.7,100,index,true
KPI-0050902,E-0341,visual_craft,2025-04-01T00:00:00.000Z,2025-06-30T00:00:00.000Z,visual_craft_output_score,94.9,100,index,true
KPI-0050923,E-0341,execution,2025-07-01T00:00:00.000Z,2025-09-30T00:00:00.000Z,execution_output_score,95,100,index,true
KPI-0050925,E-0341,visual_craft,2025-07-01T00:00:00.000Z,2025-09-30T00:00:00.000Z,visual_craft_output_score,97,100,index,true
KPI-0050934,E-0341,visual_craft,2025-10-01T00:00:00.000Z,2025-12-31T00:00:00.000Z,visual_craft_output_score,94.7,100,index,true
KPI-0050954,E-0341,execution,2026-01-01T00:00:00.000Z,2026-03-31T00:00:00.000Z,execution_output_score,95.7,100,index,true
KPI-0050965,E-0341,execution,2026-04-01T00:00:00.000Z,2026-06-30T00:00:00.000Z,execution_output_score,96.2,100,index,true
KPI-0050983,E-0341,execution,2026-07-01T00:00:00.000Z,2026-09-29T00:00:00.000Z,execution_output_score,88.5,100,index,true
KPI-0051008,E-0342,execution,2024-10-01T00:00:00.000Z,2024-12-31T00:00:00.000Z,execution_output_score,94.4,100,index,true
KPI-0051010,E-0342,financial_modeling,2024-10-01T00:00:00.000Z,2024-12-31T00:00:00.000Z,financial_modeling_output_score,97.3,100,index,true
KPI-0051024,E-0342,execution,2025-01-01T00:00:00.000Z,2025-03-31T00:00:00.000Z,execution_output_score,92.6,100,index,true
KPI-0051039,E-0342,execution,2025-04-01T00:00:00.000Z,2025-06-30T00:00:00.000Z,execution_output_score,85.3,100,index,true
KPI-0051041,E-0342,financial_modeling,2025-04-01T00:00:00.000Z,2025-06-30T00:00:00.000Z,financial_modeling_output_score,94.6,100,index,true
KPI-0051066,E-0342,execution,2025-07-01T00:00:00.000Z,2025-09-30T00:00:00.000Z,execution_output_score,79.9,100,index,true
KPI-0051068,E-0342,financial_modeling,2025-07-01T00:00:00.000Z,2025-09-30T00:00:00.000Z,financial_modeling_output_score,91.7,100,index,true
KPI-0051087,E-0342,financial_modeling,2025-10-01T00:00:00.000Z,2025-12-31T00:00:00.000Z,financial_modeling_output_score,98.1,100,index,true
KPI-0051115,E-0342,execution,2026-01-01T00:00:00.000Z,2026-03-31T00:00:00.000Z,execution_output_score,79.8,100,index,true
KPI-0051117,E-0342,financial_modeling,2026-01-01T00:00:00.000Z,2026-03-31T00:00:00.000Z,financial_modeling_output_score,100.2,100,index,true
KPI-0051126,E-0342,execution,2026-04-01T00:00:00.000Z,2026-06-30T00:00:00.000Z,execution_output_score,74.7,100,index,true
KPI-0051128,E-0342,financial_modeling,2026-04-01T00:00:00.000Z,2026-06-30T00:00:00.000Z,financial_modeling_output_score,88.8,100,index,true
KPI-0051153,E-0342,execution,2026-07-01T00:00:00.000Z,2026-09-29T00:00:00.000Z,execution_output_score,78.3,100,index,true
KPI-0051155,E-0342,financial_modeling,2026-07-01T00:00:00.000Z,2026-09-29T00:00:00.000Z,financial_modeling_output_score,101.8,100,index,true
KPI-0051170,E-0343,talent_assessment,2024-10-01T00:00:00.000Z,2024-12-31T00:00:00.000Z,talent_assessment_output_score,74.4,100,index,true
KPI-0051191,E-0343,execution,2025-01-01T00:00:00.000Z,2025-03-31T00:00:00.000Z,execution_output_score,81.8,100,index,true
KPI-0051193,E-0343,talent_assessment,2025-01-01T00:00:00.000Z,2025-03-31T00:00:00.000Z,talent_assessment_output_score,71.3,100,index,true
KPI-0051226,E-0343,execution,2025-07-01T00:00:00.000Z,2025-09-30T00:00:00.000Z,execution_output_score,87.4,100,index,true
KPI-0051228,E-0343,talent_assessment,2025-07-01T00:00:00.000Z,2025-09-30T00:00:00.000Z,talent_assessment_output_score,80.9,100,index,true
KPI-0051234,E-0343,execution,2025-10-01T00:00:00.000Z,2025-12-31T00:00:00.000Z,execution_output_score,101.9,100,index,true
KPI-0051236,E-0343,talent_assessment,2025-10-01T00:00:00.000Z,2025-12-31T00:00:00.000Z,talent_assessment_output_score,86.8,100,index,true
KPI-0051252,E-0343,talent_assessment,2026-01-01T00:00:00.000Z,2026-03-31T00:00:00.000Z,talent_assessment_output_score,94.7,100,index,true
KPI-0051258,E-0343,execution,2026-04-01T00:00:00.000Z,2026-06-30T00:00:00.000Z,execution_output_score,101.1,100,index,true
KPI-0051260,E-0343,talent_assessment,2026-04-01T00:00:00.000Z,2026-06-30T00:00:00.000Z,talent_assessment_output_score,95.7,100,index,true
KPI-0051276,E-0343,execution,2026-07-01T00:00:00.000Z,2026-09-29T00:00:00.000Z,execution_output_score,107,100,index,true
KPI-0051278,E-0343,talent_assessment,2026-07-01T00:00:00.000Z,2026-09-29T00:00:00.000Z,talent_assessment_output_score,106.1,100,index,true
KPI-0051296,E-0344,execution,2024-10-01T00:00:00.000Z,2024-12-31T00:00:00.000Z,execution_output_score,91,100,index,true
KPI-0051314,E-0344,customer_resolution,2025-01-01T00:00:00.000Z,2025-03-31T00:00:00.000Z,customer_resolution_output_score,79.1,100,index,true
KPI-0051326,E-0344,execution,2025-04-01T00:00:00.000Z,2025-06-30T00:00:00.000Z,execution_output_score,85.5,100,index,true
KPI-0051340,E-0344,execution,2025-07-01T00:00:00.000Z,2025-09-30T00:00:00.000Z,execution_output_score,95.6,100,index,true
KPI-0051342,E-0344,customer_resolution,2025-07-01T00:00:00.000Z,2025-09-30T00:00:00.000Z,customer_resolution_output_score,87.3,100,index,true
KPI-0051348,E-0344,customer_resolution,2025-10-01T00:00:00.000Z,2025-12-31T00:00:00.000Z,customer_resolution_output_score,97.3,100,index,true
KPI-0051371,E-0344,customer_resolution,2026-04-01T00:00:00.000Z,2026-06-30T00:00:00.000Z,customer_resolution_output_score,103.4,100,index,true
KPI-0051393,E-0344,customer_resolution,2026-07-01T00:00:00.000Z,2026-09-29T00:00:00.000Z,customer_resolution_output_score,106.5,100,index,true
KPI-0051408,E-0345,execution,2024-10-01T00:00:00.000Z,2024-12-31T00:00:00.000Z,execution_output_score,77.9,100,index,true
KPI-0051410,E-0345,system_design,2024-10-01T00:00:00.000Z,2024-12-31T00:00:00.000Z,system_design_output_score,66.4,100,index,true
KPI-0051433,E-0345,execution,2025-01-01T00:00:00.000Z,2025-03-31T00:00:00.000Z,execution_output_score,72.5,100,index,true
KPI-0051435,E-0345,system_design,2025-01-01T00:00:00.000Z,2025-03-31T00:00:00.000Z,system_design_output_score,77,100,index,true
KPI-0051440,E-0345,execution,2025-04-01T00:00:00.000Z,2025-06-30T00:00:00.000Z,execution_output_score,68.3,100,index,true
KPI-0051442,E-0345,system_design,2025-04-01T00:00:00.000Z,2025-06-30T00:00:00.000Z,system_design_output_score,77.8,100,index,true
KPI-0051463,E-0345,execution,2025-07-01T00:00:00.000Z,2025-09-30T00:00:00.000Z,execution_output_score,75.6,100,index,true
KPI-0051465,E-0345,system_design,2025-07-01T00:00:00.000Z,2025-09-30T00:00:00.000Z,system_design_output_score,72,100,index,true
KPI-0051474,E-0345,execution,2025-10-01T00:00:00.000Z,2025-12-31T00:00:00.000Z,execution_output_score,75.3,100,index,true
KPI-0051476,E-0345,system_design,2025-10-01T00:00:00.000Z,2025-12-31T00:00:00.000Z,system_design_output_score,71.7,100,index,true
KPI-0051495,E-0345,execution,2026-01-01T00:00:00.000Z,2026-03-31T00:00:00.000Z,execution_output_score,76.3,100,index,true
KPI-0051497,E-0345,system_design,2026-01-01T00:00:00.000Z,2026-03-31T00:00:00.000Z,system_design_output_score,73.3,100,index,true
KPI-0051513,E-0345,execution,2026-04-01T00:00:00.000Z,2026-06-30T00:00:00.000Z,execution_output_score,88.5,100,index,true
KPI-0051530,E-0345,execution,2026-07-01T00:00:00.000Z,2026-09-29T00:00:00.000Z,execution_output_score,83.5,100,index,true
KPI-0051532,E-0345,system_design,2026-07-01T00:00:00.000Z,2026-09-29T00:00:00.000Z,system_design_output_score,72.5,100,index,true
KPI-0051554,E-0346,execution,2024-10-01T00:00:00.000Z,2024-12-31T00:00:00.000Z,execution_output_score,65.4,100,index,true
KPI-0051583,E-0346,execution,2025-01-01T00:00:00.000Z,2025-03-31T00:00:00.000Z,execution_output_score,72.8,100,index,true
KPI-0051585,E-0346,pipeline_mgmt,2025-01-01T00:00:00.000Z,2025-03-31T00:00:00.000Z,pipeline_mgmt_output_score,63.3,100,index,true
KPI-0051597,E-0346,execution,2025-04-01T00:00:00.000Z,2025-06-30T00:00:00.000Z,execution_output_score,76.9,100,index,true
KPI-0051622,E-0346,execution,2025-07-01T00:00:00.000Z,2025-09-30T00:00:00.000Z,execution_output_score,83.5,100,index,true
KPI-0051624,E-0346,pipeline_mgmt,2025-07-01T00:00:00.000Z,2025-09-30T00:00:00.000Z,pipeline_mgmt_output_score,62.3,100,index,true
KPI-0051632,E-0346,pipeline_mgmt,2025-10-01T00:00:00.000Z,2025-12-31T00:00:00.000Z,pipeline_mgmt_output_score,64.9,100,index,true
KPI-0051678,E-0347,execution,2025-01-01T00:00:00.000Z,2025-03-31T00:00:00.000Z,execution_output_score,78.5,100,index,true
KPI-0051710,E-0347,execution,2025-10-01T00:00:00.000Z,2025-12-31T00:00:00.000Z,execution_output_score,74.7,100,index,true
KPI-0051727,E-0347,execution,2026-01-01T00:00:00.000Z,2026-03-31T00:00:00.000Z,execution_output_score,65.7,100,index,true
KPI-0051735,E-0347,execution,2026-04-01T00:00:00.000Z,2026-06-30T00:00:00.000Z,execution_output_score,65.2,100,index,true
KPI-0051746,E-0347,execution,2026-07-01T00:00:00.000Z,2026-09-29T00:00:00.000Z,execution_output_score,70.8,100,index,true
KPI-0051776,E-0348,execution,2024-10-01T00:00:00.000Z,2024-12-31T00:00:00.000Z,execution_output_score,63.8,100,index,true
KPI-0051778,E-0348,roadmap_prioritization,2024-10-01T00:00:00.000Z,2024-12-31T00:00:00.000Z,roadmap_prioritization_output_score,62.8,100,index,true
KPI-0051796,E-0348,execution,2025-01-01T00:00:00.000Z,2025-03-31T00:00:00.000Z,execution_output_score,78.9,100,index,true
KPI-0051798,E-0348,roadmap_prioritization,2025-01-01T00:00:00.000Z,2025-03-31T00:00:00.000Z,roadmap_prioritization_output_score,67.4,100,index,true
KPI-0051811,E-0348,execution,2025-04-01T00:00:00.000Z,2025-06-30T00:00:00.000Z,execution_output_score,73.5,100,index,true
KPI-0051813,E-0348,roadmap_prioritization,2025-04-01T00:00:00.000Z,2025-06-30T00:00:00.000Z,roadmap_prioritization_output_score,75.7,100,index,true
KPI-0051833,E-0348,execution,2025-07-01T00:00:00.000Z,2025-09-30T00:00:00.000Z,execution_output_score,75.9,100,index,true
KPI-0051835,E-0348,roadmap_prioritization,2025-07-01T00:00:00.000Z,2025-09-30T00:00:00.000Z,roadmap_prioritization_output_score,76.1,100,index,true
KPI-0051847,E-0348,execution,2025-10-01T00:00:00.000Z,2025-12-31T00:00:00.000Z,execution_output_score,85.9,100,index,true
KPI-0051849,E-0348,roadmap_prioritization,2025-10-01T00:00:00.000Z,2025-12-31T00:00:00.000Z,roadmap_prioritization_output_score,76.2,100,index,true
KPI-0051868,E-0348,execution,2026-01-01T00:00:00.000Z,2026-03-31T00:00:00.000Z,execution_output_score,95.5,100,index,true
KPI-0051870,E-0348,roadmap_prioritization,2026-01-01T00:00:00.000Z,2026-03-31T00:00:00.000Z,roadmap_prioritization_output_score,87.9,100,index,true
KPI-0051885,E-0348,execution,2026-04-01T00:00:00.000Z,2026-06-30T00:00:00.000Z,execution_output_score,93.8,100,index,true
KPI-0051904,E-0348,execution,2026-07-01T00:00:00.000Z,2026-09-29T00:00:00.000Z,execution_output_score,99.4,100,index,true
KPI-0051906,E-0348,roadmap_prioritization,2026-07-01T00:00:00.000Z,2026-09-29T00:00:00.000Z,roadmap_prioritization_output_score,99.2,100,index,true
KPI-0051928,E-0349,visual_craft,2024-10-01T00:00:00.000Z,2024-12-31T00:00:00.000Z,visual_craft_output_score,63,100,index,true
KPI-0051951,E-0349,execution,2025-01-01T00:00:00.000Z,2025-03-31T00:00:00.000Z,execution_output_score,76,100,index,true
KPI-0051953,E-0349,visual_craft,2025-01-01T00:00:00.000Z,2025-03-31T00:00:00.000Z,visual_craft_output_score,73.5,100,index,true
KPI-0051962,E-0349,execution,2025-04-01T00:00:00.000Z,2025-06-30T00:00:00.000Z,execution_output_score,79.8,100,index,true
KPI-0051964,E-0349,visual_craft,2025-04-01T00:00:00.000Z,2025-06-30T00:00:00.000Z,visual_craft_output_score,81.7,100,index,true
KPI-0051982,E-0349,execution,2025-07-01T00:00:00.000Z,2025-09-30T00:00:00.000Z,execution_output_score,73.2,100,index,true
KPI-0051984,E-0349,visual_craft,2025-07-01T00:00:00.000Z,2025-09-30T00:00:00.000Z,visual_craft_output_score,80.4,100,index,true
KPI-0051989,E-0349,execution,2025-10-01T00:00:00.000Z,2025-12-31T00:00:00.000Z,execution_output_score,86.3,100,index,true
KPI-0051991,E-0349,visual_craft,2025-10-01T00:00:00.000Z,2025-12-31T00:00:00.000Z,visual_craft_output_score,79.6,100,index,true
KPI-0052020,E-0349,visual_craft,2026-01-01T00:00:00.000Z,2026-03-31T00:00:00.000Z,visual_craft_output_score,88,100,index,true
KPI-0052036,E-0349,execution,2026-04-01T00:00:00.000Z,2026-06-30T00:00:00.000Z,execution_output_score,100.8,100,index,true
KPI-0052038,E-0349,visual_craft,2026-04-01T00:00:00.000Z,2026-06-30T00:00:00.000Z,visual_craft_output_score,97.1,100,index,true
KPI-0052057,E-0349,execution,2026-07-01T00:00:00.000Z,2026-09-29T00:00:00.000Z,execution_output_score,102.7,100,index,true
KPI-0052059,E-0349,visual_craft,2026-07-01T00:00:00.000Z,2026-09-29T00:00:00.000Z,visual_craft_output_score,108.8,100,index,true
KPI-0052083,E-0350,execution,2024-10-01T00:00:00.000Z,2024-12-31T00:00:00.000Z,execution_output_score,80.1,100,index,true
KPI-0052085,E-0350,financial_modeling,2024-10-01T00:00:00.000Z,2024-12-31T00:00:00.000Z,financial_modeling_output_score,103.1,100,index,true
KPI-0052103,E-0350,financial_modeling,2025-01-01T00:00:00.000Z,2025-03-31T00:00:00.000Z,financial_modeling_output_score,100.5,100,index,true
KPI-0052111,E-0350,execution,2025-04-01T00:00:00.000Z,2025-06-30T00:00:00.000Z,execution_output_score,68.1,100,index,true
KPI-0052125,E-0350,financial_modeling,2025-07-01T00:00:00.000Z,2025-09-30T00:00:00.000Z,financial_modeling_output_score,103.1,100,index,true
KPI-0052134,E-0350,financial_modeling,2025-10-01T00:00:00.000Z,2025-12-31T00:00:00.000Z,financial_modeling_output_score,103.4,100,index,true
KPI-0052144,E-0350,execution,2026-01-01T00:00:00.000Z,2026-03-31T00:00:00.000Z,execution_output_score,84.5,100,index,true
KPI-0052146,E-0350,financial_modeling,2026-01-01T00:00:00.000Z,2026-03-31T00:00:00.000Z,financial_modeling_output_score,107.2,100,index,true
KPI-0052175,E-0350,execution,2026-07-01T00:00:00.000Z,2026-09-29T00:00:00.000Z,execution_output_score,91.3,100,index,true
KPI-0052199,E-0351,execution,2024-10-01T00:00:00.000Z,2024-12-31T00:00:00.000Z,execution_output_score,67.8,100,index,true
KPI-0052201,E-0351,talent_assessment,2024-10-01T00:00:00.000Z,2024-12-31T00:00:00.000Z,talent_assessment_output_score,72.7,100,index,true
KPI-0052216,E-0351,execution,2025-01-01T00:00:00.000Z,2025-03-31T00:00:00.000Z,execution_output_score,74.6,100,index,true
KPI-0052218,E-0351,talent_assessment,2025-01-01T00:00:00.000Z,2025-03-31T00:00:00.000Z,talent_assessment_output_score,71,100,index,true
KPI-0052232,E-0351,talent_assessment,2025-04-01T00:00:00.000Z,2025-06-30T00:00:00.000Z,talent_assessment_output_score,70.8,100,index,true
KPI-0052264,E-0351,execution,2025-10-01T00:00:00.000Z,2025-12-31T00:00:00.000Z,execution_output_score,84.5,100,index,true
KPI-0052283,E-0351,execution,2026-01-01T00:00:00.000Z,2026-03-31T00:00:00.000Z,execution_output_score,89.9,100,index,true
KPI-0052285,E-0351,talent_assessment,2026-01-01T00:00:00.000Z,2026-03-31T00:00:00.000Z,talent_assessment_output_score,78,100,index,true
KPI-0052299,E-0351,execution,2026-04-01T00:00:00.000Z,2026-06-30T00:00:00.000Z,execution_output_score,94.9,100,index,true
KPI-0052301,E-0351,talent_assessment,2026-04-01T00:00:00.000Z,2026-06-30T00:00:00.000Z,talent_assessment_output_score,83.2,100,index,true
KPI-0052314,E-0351,execution,2026-07-01T00:00:00.000Z,2026-09-29T00:00:00.000Z,execution_output_score,95.6,100,index,true
KPI-0052316,E-0351,talent_assessment,2026-07-01T00:00:00.000Z,2026-09-29T00:00:00.000Z,talent_assessment_output_score,86.9,100,index,true
KPI-0052328,E-0352,execution,2024-10-01T00:00:00.000Z,2024-12-31T00:00:00.000Z,execution_output_score,72.6,100,index,true
KPI-0052330,E-0352,customer_resolution,2024-10-01T00:00:00.000Z,2024-12-31T00:00:00.000Z,customer_resolution_output_score,98.4,100,index,true
KPI-0052354,E-0352,execution,2025-01-01T00:00:00.000Z,2025-03-31T00:00:00.000Z,execution_output_score,73.7,100,index,true
KPI-0052356,E-0352,customer_resolution,2025-01-01T00:00:00.000Z,2025-03-31T00:00:00.000Z,customer_resolution_output_score,104.8,100,index,true
KPI-0052364,E-0352,execution,2025-04-01T00:00:00.000Z,2025-06-30T00:00:00.000Z,execution_output_score,75.7,100,index,true
KPI-0052366,E-0352,customer_resolution,2025-04-01T00:00:00.000Z,2025-06-30T00:00:00.000Z,customer_resolution_output_score,100.2,100,index,true
KPI-0052387,E-0352,execution,2025-07-01T00:00:00.000Z,2025-09-30T00:00:00.000Z,execution_output_score,76,100,index,true
KPI-0052389,E-0352,customer_resolution,2025-07-01T00:00:00.000Z,2025-09-30T00:00:00.000Z,customer_resolution_output_score,92.1,100,index,true
KPI-0052394,E-0352,execution,2025-10-01T00:00:00.000Z,2025-12-31T00:00:00.000Z,execution_output_score,78,100,index,true
KPI-0052396,E-0352,customer_resolution,2025-10-01T00:00:00.000Z,2025-12-31T00:00:00.000Z,customer_resolution_output_score,93.3,100,index,true
KPI-0052421,E-0352,execution,2026-01-01T00:00:00.000Z,2026-03-31T00:00:00.000Z,execution_output_score,76.6,100,index,true
KPI-0052423,E-0352,customer_resolution,2026-01-01T00:00:00.000Z,2026-03-31T00:00:00.000Z,customer_resolution_output_score,97,100,index,true
KPI-0052438,E-0352,execution,2026-04-01T00:00:00.000Z,2026-06-30T00:00:00.000Z,execution_output_score,92,100,index,true
KPI-0052440,E-0352,customer_resolution,2026-04-01T00:00:00.000Z,2026-06-30T00:00:00.000Z,customer_resolution_output_score,97.4,100,index,true
KPI-0052453,E-0352,customer_resolution,2026-07-01T00:00:00.000Z,2026-09-29T00:00:00.000Z,customer_resolution_output_score,85.4,100,index,true
KPI-0052481,E-0353,execution,2024-10-01T00:00:00.000Z,2024-12-31T00:00:00.000Z,execution_output_score,97.1,100,index,true
KPI-0052483,E-0353,system_design,2024-10-01T00:00:00.000Z,2024-12-31T00:00:00.000Z,system_design_output_score,104.6,100,index,true
KPI-0052495,E-0353,execution,2025-01-01T00:00:00.000Z,2025-03-31T00:00:00.000Z,execution_output_score,91,100,index,true
KPI-0052497,E-0353,system_design,2025-01-01T00:00:00.000Z,2025-03-31T00:00:00.000Z,system_design_output_score,95.4,100,index,true
KPI-0052505,E-0353,system_design,2025-04-01T00:00:00.000Z,2025-06-30T00:00:00.000Z,system_design_output_score,103,100,index,true
KPI-0052523,E-0353,execution,2025-07-01T00:00:00.000Z,2025-09-30T00:00:00.000Z,execution_output_score,109,100,index,true
KPI-0052525,E-0353,system_design,2025-07-01T00:00:00.000Z,2025-09-30T00:00:00.000Z,system_design_output_score,100.5,100,index,true
KPI-0052537,E-0353,execution,2025-10-01T00:00:00.000Z,2025-12-31T00:00:00.000Z,execution_output_score,98.5,100,index,true
KPI-0052539,E-0353,system_design,2025-10-01T00:00:00.000Z,2025-12-31T00:00:00.000Z,system_design_output_score,107.6,100,index,true
KPI-0052559,E-0353,execution,2026-01-01T00:00:00.000Z,2026-03-31T00:00:00.000Z,execution_output_score,102,100,index,true
KPI-0052561,E-0353,system_design,2026-01-01T00:00:00.000Z,2026-03-31T00:00:00.000Z,system_design_output_score,104.2,100,index,true
KPI-0052573,E-0353,system_design,2026-04-01T00:00:00.000Z,2026-06-30T00:00:00.000Z,system_design_output_score,108.3,100,index,true
KPI-0052588,E-0353,system_design,2026-07-01T00:00:00.000Z,2026-09-29T00:00:00.000Z,system_design_output_score,101,100,index,true
KPI-0052604,E-0354,execution,2024-10-01T00:00:00.000Z,2024-12-31T00:00:00.000Z,execution_output_score,92,100,index,true
KPI-0052606,E-0354,pipeline_mgmt,2024-10-01T00:00:00.000Z,2024-12-31T00:00:00.000Z,pipeline_mgmt_output_score,87.2,100,index,true
KPI-0052622,E-0354,execution,2025-01-01T00:00:00.000Z,2025-03-31T00:00:00.000Z,execution_output_score,97.1,100,index,true
KPI-0052624,E-0354,pipeline_mgmt,2025-01-01T00:00:00.000Z,2025-03-31T00:00:00.000Z,pipeline_mgmt_output_score,84,100,index,true
KPI-0052636,E-0354,execution,2025-04-01T00:00:00.000Z,2025-06-30T00:00:00.000Z,execution_output_score,87.5,100,index,true
KPI-0052638,E-0354,pipeline_mgmt,2025-04-01T00:00:00.000Z,2025-06-30T00:00:00.000Z,pipeline_mgmt_output_score,89.3,100,index,true
KPI-0052661,E-0354,execution,2025-07-01T00:00:00.000Z,2025-09-30T00:00:00.000Z,execution_output_score,92,100,index,true
KPI-0052663,E-0354,pipeline_mgmt,2025-07-01T00:00:00.000Z,2025-09-30T00:00:00.000Z,pipeline_mgmt_output_score,86.6,100,index,true
KPI-0052675,E-0354,pipeline_mgmt,2025-10-01T00:00:00.000Z,2025-12-31T00:00:00.000Z,pipeline_mgmt_output_score,83.3,100,index,true
KPI-0052689,E-0354,execution,2026-01-01T00:00:00.000Z,2026-03-31T00:00:00.000Z,execution_output_score,99.2,100,index,true
KPI-0052691,E-0354,pipeline_mgmt,2026-01-01T00:00:00.000Z,2026-03-31T00:00:00.000Z,pipeline_mgmt_output_score,78.9,100,index,true
KPI-0052707,E-0354,execution,2026-04-01T00:00:00.000Z,2026-06-30T00:00:00.000Z,execution_output_score,89.7,100,index,true
KPI-0052709,E-0354,pipeline_mgmt,2026-04-01T00:00:00.000Z,2026-06-30T00:00:00.000Z,pipeline_mgmt_output_score,84.9,100,index,true
KPI-0052727,E-0354,execution,2026-07-01T00:00:00.000Z,2026-09-29T00:00:00.000Z,execution_output_score,87.9,100,index,true
KPI-0052729,E-0354,pipeline_mgmt,2026-07-01T00:00:00.000Z,2026-09-29T00:00:00.000Z,pipeline_mgmt_output_score,89,100,index,true
KPI-0052751,E-0355,execution,2024-10-01T00:00:00.000Z,2024-12-31T00:00:00.000Z,execution_output_score,68.7,100,index,true
KPI-0052753,E-0355,campaign_strategy,2024-10-01T00:00:00.000Z,2024-12-31T00:00:00.000Z,campaign_strategy_output_score,74.9,100,index,true
KPI-0052777,E-0355,execution,2025-01-01T00:00:00.000Z,2025-03-31T00:00:00.000Z,execution_output_score,68.3,100,index,true
KPI-0052779,E-0355,campaign_strategy,2025-01-01T00:00:00.000Z,2025-03-31T00:00:00.000Z,campaign_strategy_output_score,72.3,100,index,true
KPI-0052788,E-0355,execution,2025-04-01T00:00:00.000Z,2025-06-30T00:00:00.000Z,execution_output_score,68.4,100,index,true
KPI-0052790,E-0355,campaign_strategy,2025-04-01T00:00:00.000Z,2025-06-30T00:00:00.000Z,campaign_strategy_output_score,68,100,index,true
KPI-0052809,E-0355,execution,2025-07-01T00:00:00.000Z,2025-09-30T00:00:00.000Z,execution_output_score,68.2,100,index,true
KPI-0052811,E-0355,campaign_strategy,2025-07-01T00:00:00.000Z,2025-09-30T00:00:00.000Z,campaign_strategy_output_score,69.4,100,index,true
KPI-0052840,E-0355,execution,2026-01-01T00:00:00.000Z,2026-03-31T00:00:00.000Z,execution_output_score,66.6,100,index,true
KPI-0052842,E-0355,campaign_strategy,2026-01-01T00:00:00.000Z,2026-03-31T00:00:00.000Z,campaign_strategy_output_score,66.4,100,index,true
KPI-0052854,E-0355,execution,2026-04-01T00:00:00.000Z,2026-06-30T00:00:00.000Z,execution_output_score,73.4,100,index,true
KPI-0052856,E-0355,campaign_strategy,2026-04-01T00:00:00.000Z,2026-06-30T00:00:00.000Z,campaign_strategy_output_score,66.8,100,index,true
KPI-0052875,E-0355,execution,2026-07-01T00:00:00.000Z,2026-09-29T00:00:00.000Z,execution_output_score,78,100,index,true
KPI-0052877,E-0355,campaign_strategy,2026-07-01T00:00:00.000Z,2026-09-29T00:00:00.000Z,campaign_strategy_output_score,61.3,100,index,true
KPI-0052897,E-0356,execution,2024-10-01T00:00:00.000Z,2024-12-31T00:00:00.000Z,execution_output_score,99.7,100,index,true
KPI-0052899,E-0356,roadmap_prioritization,2024-10-01T00:00:00.000Z,2024-12-31T00:00:00.000Z,roadmap_prioritization_output_score,98.2,100,index,true
KPI-0052914,E-0356,execution,2025-04-01T00:00:00.000Z,2025-06-30T00:00:00.000Z,execution_output_score,118.8,100,index,true
KPI-0052916,E-0356,roadmap_prioritization,2025-04-01T00:00:00.000Z,2025-06-30T00:00:00.000Z,roadmap_prioritization_output_score,101.9,100,index,true
KPI-0052926,E-0356,roadmap_prioritization,2025-07-01T00:00:00.000Z,2025-09-30T00:00:00.000Z,roadmap_prioritization_output_score,87.6,100,index,true
KPI-0052950,E-0356,roadmap_prioritization,2026-01-01T00:00:00.000Z,2026-03-31T00:00:00.000Z,roadmap_prioritization_output_score,98.7,100,index,true
KPI-0052968,E-0356,roadmap_prioritization,2026-07-01T00:00:00.000Z,2026-09-29T00:00:00.000Z,roadmap_prioritization_output_score,90.2,100,index,true
KPI-0052984,E-0357,execution,2024-10-01T00:00:00.000Z,2024-12-31T00:00:00.000Z,execution_output_score,69.8,100,index,true
KPI-0053004,E-0357,execution,2025-01-01T00:00:00.000Z,2025-03-31T00:00:00.000Z,execution_output_score,71.4,100,index,true
KPI-0053006,E-0357,visual_craft,2025-01-01T00:00:00.000Z,2025-03-31T00:00:00.000Z,visual_craft_output_score,67.6,100,index,true
KPI-0053018,E-0357,execution,2025-04-01T00:00:00.000Z,2025-06-30T00:00:00.000Z,execution_output_score,68.1,100,index,true
KPI-0053020,E-0357,visual_craft,2025-04-01T00:00:00.000Z,2025-06-30T00:00:00.000Z,visual_craft_output_score,66.2,100,index,true
KPI-0053045,E-0357,execution,2025-07-01T00:00:00.000Z,2025-09-30T00:00:00.000Z,execution_output_score,71.3,100,index,true
KPI-0053047,E-0357,visual_craft,2025-07-01T00:00:00.000Z,2025-09-30T00:00:00.000Z,visual_craft_output_score,57.8,100,index,true
KPI-0053059,E-0357,visual_craft,2025-10-01T00:00:00.000Z,2025-12-31T00:00:00.000Z,visual_craft_output_score,69.2,100,index,true
KPI-0053087,E-0357,execution,2026-01-01T00:00:00.000Z,2026-03-31T00:00:00.000Z,execution_output_score,76.3,100,index,true
KPI-0053089,E-0357,visual_craft,2026-01-01T00:00:00.000Z,2026-03-31T00:00:00.000Z,visual_craft_output_score,73.8,100,index,true
KPI-0053102,E-0357,visual_craft,2026-04-01T00:00:00.000Z,2026-06-30T00:00:00.000Z,visual_craft_output_score,86.3,100,index,true
KPI-0053123,E-0357,execution,2026-07-01T00:00:00.000Z,2026-09-29T00:00:00.000Z,execution_output_score,79.9,100,index,true
KPI-0053125,E-0357,visual_craft,2026-07-01T00:00:00.000Z,2026-09-29T00:00:00.000Z,visual_craft_output_score,88,100,index,true
KPI-0053150,E-0358,execution,2024-10-01T00:00:00.000Z,2024-12-31T00:00:00.000Z,execution_output_score,69,100,index,true
KPI-0053152,E-0358,financial_modeling,2024-10-01T00:00:00.000Z,2024-12-31T00:00:00.000Z,financial_modeling_output_score,84.5,100,index,true
KPI-0053173,E-0358,execution,2025-01-01T00:00:00.000Z,2025-03-31T00:00:00.000Z,execution_output_score,81.8,100,index,true
KPI-0053175,E-0358,financial_modeling,2025-01-01T00:00:00.000Z,2025-03-31T00:00:00.000Z,financial_modeling_output_score,76.6,100,index,true
KPI-0053183,E-0358,execution,2025-04-01T00:00:00.000Z,2025-06-30T00:00:00.000Z,execution_output_score,80.9,100,index,true
KPI-0053185,E-0358,financial_modeling,2025-04-01T00:00:00.000Z,2025-06-30T00:00:00.000Z,financial_modeling_output_score,83.9,100,index,true
KPI-0053212,E-0358,execution,2025-07-01T00:00:00.000Z,2025-09-30T00:00:00.000Z,execution_output_score,76.6,100,index,true
KPI-0053218,E-0358,execution,2025-10-01T00:00:00.000Z,2025-12-31T00:00:00.000Z,execution_output_score,93.2,100,index,true
KPI-0053220,E-0358,financial_modeling,2025-10-01T00:00:00.000Z,2025-12-31T00:00:00.000Z,financial_modeling_output_score,79.9,100,index,true
KPI-0053251,E-0358,financial_modeling,2026-01-01T00:00:00.000Z,2026-03-31T00:00:00.000Z,financial_modeling_output_score,81.4,100,index,true
KPI-0053257,E-0358,execution,2026-04-01T00:00:00.000Z,2026-06-30T00:00:00.000Z,execution_output_score,94.5,100,index,true
KPI-0053259,E-0358,financial_modeling,2026-04-01T00:00:00.000Z,2026-06-30T00:00:00.000Z,financial_modeling_output_score,74.2,100,index,true
KPI-0053278,E-0358,execution,2026-07-01T00:00:00.000Z,2026-09-29T00:00:00.000Z,execution_output_score,105.6,100,index,true
KPI-0053280,E-0358,financial_modeling,2026-07-01T00:00:00.000Z,2026-09-29T00:00:00.000Z,financial_modeling_output_score,70.8,100,index,true
KPI-0053300,E-0359,execution,2024-10-01T00:00:00.000Z,2024-12-31T00:00:00.000Z,execution_output_score,67.2,100,index,true
KPI-0053302,E-0359,talent_assessment,2024-10-01T00:00:00.000Z,2024-12-31T00:00:00.000Z,talent_assessment_output_score,67.7,100,index,true
KPI-0053319,E-0359,execution,2025-01-01T00:00:00.000Z,2025-03-31T00:00:00.000Z,execution_output_score,75.2,100,index,true
KPI-0053321,E-0359,talent_assessment,2025-01-01T00:00:00.000Z,2025-03-31T00:00:00.000Z,talent_assessment_output_score,76.1,100,index,true
KPI-0053340,E-0359,execution,2025-04-01T00:00:00.000Z,2025-06-30T00:00:00.000Z,execution_output_score,76.3,100,index,true
KPI-0053342,E-0359,talent_assessment,2025-04-01T00:00:00.000Z,2025-06-30T00:00:00.000Z,talent_assessment_output_score,72.7,100,index,true
KPI-0053363,E-0359,execution,2025-07-01T00:00:00.000Z,2025-09-30T00:00:00.000Z,execution_output_score,64,100,index,true
KPI-0053365,E-0359,talent_assessment,2025-07-01T00:00:00.000Z,2025-09-30T00:00:00.000Z,talent_assessment_output_score,75.9,100,index,true
KPI-0053371,E-0359,execution,2025-10-01T00:00:00.000Z,2025-12-31T00:00:00.000Z,execution_output_score,68.6,100,index,true
KPI-0053373,E-0359,talent_assessment,2025-10-01T00:00:00.000Z,2025-12-31T00:00:00.000Z,talent_assessment_output_score,68.4,100,index,true
KPI-0053390,E-0359,execution,2026-01-01T00:00:00.000Z,2026-03-31T00:00:00.000Z,execution_output_score,76.4,100,index,true
KPI-0053392,E-0359,talent_assessment,2026-01-01T00:00:00.000Z,2026-03-31T00:00:00.000Z,talent_assessment_output_score,77.5,100,index,true
KPI-0053400,E-0359,execution,2026-04-01T00:00:00.000Z,2026-06-30T00:00:00.000Z,execution_output_score,78.4,100,index,true
KPI-0053402,E-0359,talent_assessment,2026-04-01T00:00:00.000Z,2026-06-30T00:00:00.000Z,talent_assessment_output_score,74.1,100,index,true
KPI-0053418,E-0359,execution,2026-07-01T00:00:00.000Z,2026-09-29T00:00:00.000Z,execution_output_score,92.1,100,index,true
KPI-0053441,E-0360,execution,2024-10-01T00:00:00.000Z,2024-12-31T00:00:00.000Z,execution_output_score,74.7,100,index,true
KPI-0053443,E-0360,customer_resolution,2024-10-01T00:00:00.000Z,2024-12-31T00:00:00.000Z,customer_resolution_output_score,77.8,100,index,true
KPI-0053467,E-0360,execution,2025-01-01T00:00:00.000Z,2025-03-31T00:00:00.000Z,execution_output_score,79.8,100,index,true
KPI-0053486,E-0360,customer_resolution,2025-04-01T00:00:00.000Z,2025-06-30T00:00:00.000Z,customer_resolution_output_score,85.4,100,index,true
KPI-0053502,E-0360,execution,2025-07-01T00:00:00.000Z,2025-09-30T00:00:00.000Z,execution_output_score,69.5,100,index,true
KPI-0053504,E-0360,customer_resolution,2025-07-01T00:00:00.000Z,2025-09-30T00:00:00.000Z,customer_resolution_output_score,93.3,100,index,true
KPI-0053517,E-0360,execution,2025-10-01T00:00:00.000Z,2025-12-31T00:00:00.000Z,execution_output_score,74.1,100,index,true
KPI-0053539,E-0360,execution,2026-01-01T00:00:00.000Z,2026-03-31T00:00:00.000Z,execution_output_score,69.9,100,index,true
KPI-0053555,E-0360,execution,2026-04-01T00:00:00.000Z,2026-06-30T00:00:00.000Z,execution_output_score,78.2,100,index,true
KPI-0053557,E-0360,customer_resolution,2026-04-01T00:00:00.000Z,2026-06-30T00:00:00.000Z,customer_resolution_output_score,94.7,100,index,true
KPI-0053588,E-0360,execution,2026-07-01T00:00:00.000Z,2026-09-29T00:00:00.000Z,execution_output_score,63,100,index,true
KPI-0053590,E-0360,customer_resolution,2026-07-01T00:00:00.000Z,2026-09-29T00:00:00.000Z,customer_resolution_output_score,107.8,100,index,true
KPI-0053615,E-0361,execution,2024-10-01T00:00:00.000Z,2024-12-31T00:00:00.000Z,execution_output_score,84,100,index,true
KPI-0053617,E-0361,system_design,2024-10-01T00:00:00.000Z,2024-12-31T00:00:00.000Z,system_design_output_score,68,100,index,true
KPI-0053643,E-0361,execution,2025-04-01T00:00:00.000Z,2025-06-30T00:00:00.000Z,execution_output_score,90.4,100,index,true
KPI-0053645,E-0361,system_design,2025-04-01T00:00:00.000Z,2025-06-30T00:00:00.000Z,system_design_output_score,67.2,100,index,true
KPI-0053660,E-0361,execution,2025-07-01T00:00:00.000Z,2025-09-30T00:00:00.000Z,execution_output_score,84.8,100,index,true
KPI-0053676,E-0361,execution,2025-10-01T00:00:00.000Z,2025-12-31T00:00:00.000Z,execution_output_score,77.4,100,index,true
KPI-0053678,E-0361,system_design,2025-10-01T00:00:00.000Z,2025-12-31T00:00:00.000Z,system_design_output_score,76,100,index,true
KPI-0053694,E-0361,execution,2026-01-01T00:00:00.000Z,2026-03-31T00:00:00.000Z,execution_output_score,75.2,100,index,true
KPI-0053706,E-0361,execution,2026-04-01T00:00:00.000Z,2026-06-30T00:00:00.000Z,execution_output_score,81.3,100,index,true
KPI-0053708,E-0361,system_design,2026-04-01T00:00:00.000Z,2026-06-30T00:00:00.000Z,system_design_output_score,94.2,100,index,true
KPI-0053718,E-0361,execution,2026-07-01T00:00:00.000Z,2026-09-29T00:00:00.000Z,execution_output_score,84,100,index,true
KPI-0053720,E-0361,system_design,2026-07-01T00:00:00.000Z,2026-09-29T00:00:00.000Z,system_design_output_score,97.4,100,index,true
KPI-0053743,E-0362,execution,2024-10-01T00:00:00.000Z,2024-12-31T00:00:00.000Z,execution_output_score,65.6,100,index,true
KPI-0053745,E-0362,pipeline_mgmt,2024-10-01T00:00:00.000Z,2024-12-31T00:00:00.000Z,pipeline_mgmt_output_score,69.5,100,index,true
KPI-0053769,E-0362,execution,2025-01-01T00:00:00.000Z,2025-03-31T00:00:00.000Z,execution_output_score,71.2,100,index,true
KPI-0053788,E-0362,execution,2025-04-01T00:00:00.000Z,2025-06-30T00:00:00.000Z,execution_output_score,72.3,100,index,true
KPI-0053790,E-0362,pipeline_mgmt,2025-04-01T00:00:00.000Z,2025-06-30T00:00:00.000Z,pipeline_mgmt_output_score,79.3,100,index,true
KPI-0053816,E-0362,execution,2025-07-01T00:00:00.000Z,2025-09-30T00:00:00.000Z,execution_output_score,69,100,index,true
KPI-0053823,E-0362,execution,2025-10-01T00:00:00.000Z,2025-12-31T00:00:00.000Z,execution_output_score,67.3,100,index,true
KPI-0053825,E-0362,pipeline_mgmt,2025-10-01T00:00:00.000Z,2025-12-31T00:00:00.000Z,pipeline_mgmt_output_score,81.1,100,index,true
KPI-0053848,E-0362,execution,2026-01-01T00:00:00.000Z,2026-03-31T00:00:00.000Z,execution_output_score,76.2,100,index,true
KPI-0053850,E-0362,pipeline_mgmt,2026-01-01T00:00:00.000Z,2026-03-31T00:00:00.000Z,pipeline_mgmt_output_score,76.2,100,index,true
KPI-0053857,E-0362,execution,2026-04-01T00:00:00.000Z,2026-06-30T00:00:00.000Z,execution_output_score,86.1,100,index,true
KPI-0053859,E-0362,pipeline_mgmt,2026-04-01T00:00:00.000Z,2026-06-30T00:00:00.000Z,pipeline_mgmt_output_score,73.1,100,index,true
KPI-0053877,E-0362,execution,2026-07-01T00:00:00.000Z,2026-09-29T00:00:00.000Z,execution_output_score,90.3,100,index,true
KPI-0053879,E-0362,pipeline_mgmt,2026-07-01T00:00:00.000Z,2026-09-29T00:00:00.000Z,pipeline_mgmt_output_score,81.1,100,index,true
KPI-0053894,E-0363,execution,2024-10-01T00:00:00.000Z,2024-12-31T00:00:00.000Z,execution_output_score,69.8,100,index,true
KPI-0053908,E-0363,execution,2025-01-01T00:00:00.000Z,2025-03-31T00:00:00.000Z,execution_output_score,71.7,100,index,true
KPI-0053910,E-0363,campaign_strategy,2025-01-01T00:00:00.000Z,2025-03-31T00:00:00.000Z,campaign_strategy_output_score,62.7,100,index,true
KPI-0053923,E-0363,execution,2025-04-01T00:00:00.000Z,2025-06-30T00:00:00.000Z,execution_output_score,84.5,100,index,true
KPI-0053925,E-0363,campaign_strategy,2025-04-01T00:00:00.000Z,2025-06-30T00:00:00.000Z,campaign_strategy_output_score,67.9,100,index,true
KPI-0053950,E-0363,execution,2025-07-01T00:00:00.000Z,2025-09-30T00:00:00.000Z,execution_output_score,88.8,100,index,true
KPI-0053952,E-0363,campaign_strategy,2025-07-01T00:00:00.000Z,2025-09-30T00:00:00.000Z,campaign_strategy_output_score,81.8,100,index,true
KPI-0053965,E-0363,execution,2025-10-01T00:00:00.000Z,2025-12-31T00:00:00.000Z,execution_output_score,90.5,100,index,true
KPI-0053967,E-0363,campaign_strategy,2025-10-01T00:00:00.000Z,2025-12-31T00:00:00.000Z,campaign_strategy_output_score,80.9,100,index,true
KPI-0053989,E-0363,execution,2026-01-01T00:00:00.000Z,2026-03-31T00:00:00.000Z,execution_output_score,100.1,100,index,true
KPI-0053991,E-0363,campaign_strategy,2026-01-01T00:00:00.000Z,2026-03-31T00:00:00.000Z,campaign_strategy_output_score,91.8,100,index,true
KPI-0054000,E-0363,campaign_strategy,2026-04-01T00:00:00.000Z,2026-06-30T00:00:00.000Z,campaign_strategy_output_score,89.7,100,index,true
KPI-0054022,E-0363,execution,2026-07-01T00:00:00.000Z,2026-09-29T00:00:00.000Z,execution_output_score,107.3,100,index,true
KPI-0054024,E-0363,campaign_strategy,2026-07-01T00:00:00.000Z,2026-09-29T00:00:00.000Z,campaign_strategy_output_score,96.9,100,index,true
KPI-0054052,E-0364,execution,2024-10-01T00:00:00.000Z,2024-12-31T00:00:00.000Z,execution_output_score,68.3,100,index,true
KPI-0054068,E-0364,execution,2025-01-01T00:00:00.000Z,2025-03-31T00:00:00.000Z,execution_output_score,70.1,100,index,true
KPI-0054070,E-0364,roadmap_prioritization,2025-01-01T00:00:00.000Z,2025-03-31T00:00:00.000Z,roadmap_prioritization_output_score,65.5,100,index,true
KPI-0054076,E-0364,execution,2025-04-01T00:00:00.000Z,2025-06-30T00:00:00.000Z,execution_output_score,64.3,100,index,true
KPI-0054100,E-0364,execution,2025-07-01T00:00:00.000Z,2025-09-30T00:00:00.000Z,execution_output_score,73.2,100,index,true
KPI-0054105,E-0364,execution,2025-10-01T00:00:00.000Z,2025-12-31T00:00:00.000Z,execution_output_score,63.6,100,index,true
KPI-0054107,E-0364,roadmap_prioritization,2025-10-01T00:00:00.000Z,2025-12-31T00:00:00.000Z,roadmap_prioritization_output_score,88.9,100,index,true
KPI-0054123,E-0364,execution,2026-01-01T00:00:00.000Z,2026-03-31T00:00:00.000Z,execution_output_score,53.1,100,index,true
KPI-0054125,E-0364,roadmap_prioritization,2026-01-01T00:00:00.000Z,2026-03-31T00:00:00.000Z,roadmap_prioritization_output_score,90.1,100,index,true
KPI-0054140,E-0364,execution,2026-04-01T00:00:00.000Z,2026-06-30T00:00:00.000Z,execution_output_score,51,100,index,true
KPI-0054142,E-0364,roadmap_prioritization,2026-04-01T00:00:00.000Z,2026-06-30T00:00:00.000Z,roadmap_prioritization_output_score,94.7,100,index,true
KPI-0054168,E-0364,execution,2026-07-01T00:00:00.000Z,2026-09-29T00:00:00.000Z,execution_output_score,55.7,100,index,true
KPI-0054185,E-0365,execution,2024-10-01T00:00:00.000Z,2024-12-31T00:00:00.000Z,execution_output_score,71.7,100,index,true
KPI-0054187,E-0365,visual_craft,2024-10-01T00:00:00.000Z,2024-12-31T00:00:00.000Z,visual_craft_output_score,76.6,100,index,true
KPI-0054207,E-0365,execution,2025-01-01T00:00:00.000Z,2025-03-31T00:00:00.000Z,execution_output_score,64.6,100,index,true
KPI-0054209,E-0365,visual_craft,2025-01-01T00:00:00.000Z,2025-03-31T00:00:00.000Z,visual_craft_output_score,71.9,100,index,true
KPI-0054228,E-0365,execution,2025-04-01T00:00:00.000Z,2025-06-30T00:00:00.000Z,execution_output_score,67.9,100,index,true
KPI-0054230,E-0365,visual_craft,2025-04-01T00:00:00.000Z,2025-06-30T00:00:00.000Z,visual_craft_output_score,88.8,100,index,true
KPI-0054259,E-0365,execution,2025-07-01T00:00:00.000Z,2025-09-30T00:00:00.000Z,execution_output_score,77.1,100,index,true
KPI-0054261,E-0365,visual_craft,2025-07-01T00:00:00.000Z,2025-09-30T00:00:00.000Z,visual_craft_output_score,92.2,100,index,true
KPI-0054267,E-0365,visual_craft,2025-10-01T00:00:00.000Z,2025-12-31T00:00:00.000Z,visual_craft_output_score,90.1,100,index,true
KPI-0054290,E-0365,execution,2026-01-01T00:00:00.000Z,2026-03-31T00:00:00.000Z,execution_output_score,73.2,100,index,true
KPI-0054292,E-0365,visual_craft,2026-01-01T00:00:00.000Z,2026-03-31T00:00:00.000Z,visual_craft_output_score,97.4,100,index,true
KPI-0054306,E-0365,visual_craft,2026-04-01T00:00:00.000Z,2026-06-30T00:00:00.000Z,visual_craft_output_score,100.1,100,index,true
KPI-0054318,E-0365,execution,2026-07-01T00:00:00.000Z,2026-09-29T00:00:00.000Z,execution_output_score,74,100,index,true
KPI-0054320,E-0365,visual_craft,2026-07-01T00:00:00.000Z,2026-09-29T00:00:00.000Z,visual_craft_output_score,107.3,100,index,true
KPI-0054347,E-0366,financial_modeling,2024-10-01T00:00:00.000Z,2024-12-31T00:00:00.000Z,financial_modeling_output_score,104.1,100,index,true
KPI-0054359,E-0366,financial_modeling,2025-01-01T00:00:00.000Z,2025-03-31T00:00:00.000Z,financial_modeling_output_score,105.6,100,index,true
KPI-0054375,E-0366,execution,2025-04-01T00:00:00.000Z,2025-06-30T00:00:00.000Z,execution_output_score,70.2,100,index,true
KPI-0054377,E-0366,financial_modeling,2025-04-01T00:00:00.000Z,2025-06-30T00:00:00.000Z,financial_modeling_output_score,97.6,100,index,true
KPI-0054402,E-0366,execution,2025-07-01T00:00:00.000Z,2025-09-30T00:00:00.000Z,execution_output_score,79.6,100,index,true
KPI-0054404,E-0366,financial_modeling,2025-07-01T00:00:00.000Z,2025-09-30T00:00:00.000Z,financial_modeling_output_score,90.1,100,index,true
KPI-0054420,E-0366,financial_modeling,2025-10-01T00:00:00.000Z,2025-12-31T00:00:00.000Z,financial_modeling_output_score,84.4,100,index,true
KPI-0054440,E-0366,execution,2026-01-01T00:00:00.000Z,2026-03-31T00:00:00.000Z,execution_output_score,93.5,100,index,true
KPI-0054442,E-0366,financial_modeling,2026-01-01T00:00:00.000Z,2026-03-31T00:00:00.000Z,financial_modeling_output_score,93.3,100,index,true
KPI-0054461,E-0366,execution,2026-04-01T00:00:00.000Z,2026-06-30T00:00:00.000Z,execution_output_score,98.5,100,index,true
KPI-0054463,E-0366,financial_modeling,2026-04-01T00:00:00.000Z,2026-06-30T00:00:00.000Z,financial_modeling_output_score,84,100,index,true
KPI-0054494,E-0366,execution,2026-07-01T00:00:00.000Z,2026-09-29T00:00:00.000Z,execution_output_score,92.5,100,index,true
KPI-0054513,E-0367,execution,2024-10-01T00:00:00.000Z,2024-12-31T00:00:00.000Z,execution_output_score,77.8,100,index,true
KPI-0054531,E-0367,execution,2025-01-01T00:00:00.000Z,2025-03-31T00:00:00.000Z,execution_output_score,73.8,100,index,true
KPI-0054533,E-0367,talent_assessment,2025-01-01T00:00:00.000Z,2025-03-31T00:00:00.000Z,talent_assessment_output_score,74.9,100,index,true
KPI-0054549,E-0367,execution,2025-04-01T00:00:00.000Z,2025-06-30T00:00:00.000Z,execution_output_score,73.9,100,index,true
KPI-0054551,E-0367,talent_assessment,2025-04-01T00:00:00.000Z,2025-06-30T00:00:00.000Z,talent_assessment_output_score,74.4,100,index,true
KPI-0054572,E-0367,execution,2025-07-01T00:00:00.000Z,2025-09-30T00:00:00.000Z,execution_output_score,81.9,100,index,true
KPI-0054574,E-0367,talent_assessment,2025-07-01T00:00:00.000Z,2025-09-30T00:00:00.000Z,talent_assessment_output_score,77.4,100,index,true
KPI-0054582,E-0367,execution,2025-10-01T00:00:00.000Z,2025-12-31T00:00:00.000Z,execution_output_score,80.6,100,index,true
KPI-0054584,E-0367,talent_assessment,2025-10-01T00:00:00.000Z,2025-12-31T00:00:00.000Z,talent_assessment_output_score,92.6,100,index,true
KPI-0054612,E-0367,talent_assessment,2026-01-01T00:00:00.000Z,2026-03-31T00:00:00.000Z,talent_assessment_output_score,92,100,index,true
KPI-0054617,E-0367,execution,2026-04-01T00:00:00.000Z,2026-06-30T00:00:00.000Z,execution_output_score,80.8,100,index,true
KPI-0054619,E-0367,talent_assessment,2026-04-01T00:00:00.000Z,2026-06-30T00:00:00.000Z,talent_assessment_output_score,98.5,100,index,true
KPI-0054636,E-0367,execution,2026-07-01T00:00:00.000Z,2026-09-29T00:00:00.000Z,execution_output_score,69.5,100,index,true
KPI-0054638,E-0367,talent_assessment,2026-07-01T00:00:00.000Z,2026-09-29T00:00:00.000Z,talent_assessment_output_score,99.4,100,index,true
KPI-0054662,E-0368,customer_resolution,2024-10-01T00:00:00.000Z,2024-12-31T00:00:00.000Z,customer_resolution_output_score,64.5,100,index,true
KPI-0054688,E-0368,execution,2025-01-01T00:00:00.000Z,2025-03-31T00:00:00.000Z,execution_output_score,100.9,100,index,true
KPI-0054690,E-0368,customer_resolution,2025-01-01T00:00:00.000Z,2025-03-31T00:00:00.000Z,customer_resolution_output_score,67.1,100,index,true
KPI-0054706,E-0368,execution,2025-04-01T00:00:00.000Z,2025-06-30T00:00:00.000Z,execution_output_score,101.4,100,index,true
KPI-0054708,E-0368,customer_resolution,2025-04-01T00:00:00.000Z,2025-06-30T00:00:00.000Z,customer_resolution_output_score,71.1,100,index,true
KPI-0054730,E-0368,execution,2025-07-01T00:00:00.000Z,2025-09-30T00:00:00.000Z,execution_output_score,93.5,100,index,true
KPI-0054732,E-0368,customer_resolution,2025-07-01T00:00:00.000Z,2025-09-30T00:00:00.000Z,customer_resolution_output_score,83.2,100,index,true
KPI-0054738,E-0368,execution,2025-10-01T00:00:00.000Z,2025-12-31T00:00:00.000Z,execution_output_score,94.5,100,index,true
KPI-0054740,E-0368,customer_resolution,2025-10-01T00:00:00.000Z,2025-12-31T00:00:00.000Z,customer_resolution_output_score,74.3,100,index,true
KPI-0054759,E-0368,execution,2026-01-01T00:00:00.000Z,2026-03-31T00:00:00.000Z,execution_output_score,96.3,100,index,true
KPI-0054761,E-0368,customer_resolution,2026-01-01T00:00:00.000Z,2026-03-31T00:00:00.000Z,customer_resolution_output_score,88.4,100,index,true
KPI-0054773,E-0368,execution,2026-04-01T00:00:00.000Z,2026-06-30T00:00:00.000Z,execution_output_score,83,100,index,true
KPI-0054775,E-0368,customer_resolution,2026-04-01T00:00:00.000Z,2026-06-30T00:00:00.000Z,customer_resolution_output_score,86.9,100,index,true
KPI-0054796,E-0368,execution,2026-07-01T00:00:00.000Z,2026-09-29T00:00:00.000Z,execution_output_score,66.2,100,index,true
KPI-0054817,E-0369,execution,2024-10-01T00:00:00.000Z,2024-12-31T00:00:00.000Z,execution_output_score,78.9,100,index,true
KPI-0054819,E-0369,system_design,2024-10-01T00:00:00.000Z,2024-12-31T00:00:00.000Z,system_design_output_score,85.3,100,index,true
KPI-0054837,E-0369,execution,2025-01-01T00:00:00.000Z,2025-03-31T00:00:00.000Z,execution_output_score,76.4,100,index,true
KPI-0054839,E-0369,system_design,2025-01-01T00:00:00.000Z,2025-03-31T00:00:00.000Z,system_design_output_score,79.9,100,index,true
KPI-0054855,E-0369,execution,2025-04-01T00:00:00.000Z,2025-06-30T00:00:00.000Z,execution_output_score,61.1,100,index,true
KPI-0054857,E-0369,system_design,2025-04-01T00:00:00.000Z,2025-06-30T00:00:00.000Z,system_design_output_score,83.5,100,index,true
KPI-0054885,E-0369,execution,2025-07-01T00:00:00.000Z,2025-09-30T00:00:00.000Z,execution_output_score,63.3,100,index,true
KPI-0054887,E-0369,system_design,2025-07-01T00:00:00.000Z,2025-09-30T00:00:00.000Z,system_design_output_score,89.1,100,index,true
KPI-0054911,E-0369,execution,2026-01-01T00:00:00.000Z,2026-03-31T00:00:00.000Z,execution_output_score,65.9,100,index,true
KPI-0054919,E-0369,execution,2026-04-01T00:00:00.000Z,2026-06-30T00:00:00.000Z,execution_output_score,73.2,100,index,true
KPI-0054967,E-0370,execution,2024-10-01T00:00:00.000Z,2024-12-31T00:00:00.000Z,execution_output_score,67.2,100,index,true
KPI-0054969,E-0370,pipeline_mgmt,2024-10-01T00:00:00.000Z,2024-12-31T00:00:00.000Z,pipeline_mgmt_output_score,90.5,100,index,true
KPI-0054988,E-0370,pipeline_mgmt,2025-01-01T00:00:00.000Z,2025-03-31T00:00:00.000Z,pipeline_mgmt_output_score,89.6,100,index,true
KPI-0055004,E-0370,execution,2025-04-01T00:00:00.000Z,2025-06-30T00:00:00.000Z,execution_output_score,72.5,100,index,true
KPI-0055006,E-0370,pipeline_mgmt,2025-04-01T00:00:00.000Z,2025-06-30T00:00:00.000Z,pipeline_mgmt_output_score,98.7,100,index,true
KPI-0055035,E-0370,pipeline_mgmt,2025-07-01T00:00:00.000Z,2025-09-30T00:00:00.000Z,pipeline_mgmt_output_score,88.8,100,index,true
KPI-0055047,E-0370,pipeline_mgmt,2025-10-01T00:00:00.000Z,2025-12-31T00:00:00.000Z,pipeline_mgmt_output_score,96.7,100,index,true
KPI-0055065,E-0370,pipeline_mgmt,2026-01-01T00:00:00.000Z,2026-03-31T00:00:00.000Z,pipeline_mgmt_output_score,91.1,100,index,true
KPI-0055071,E-0370,pipeline_mgmt,2026-04-01T00:00:00.000Z,2026-06-30T00:00:00.000Z,pipeline_mgmt_output_score,90.7,100,index,true
KPI-0055095,E-0370,execution,2026-07-01T00:00:00.000Z,2026-09-29T00:00:00.000Z,execution_output_score,90.7,100,index,true
KPI-0055097,E-0370,pipeline_mgmt,2026-07-01T00:00:00.000Z,2026-09-29T00:00:00.000Z,pipeline_mgmt_output_score,84.5,100,index,true
KPI-0055125,E-0371,execution,2024-10-01T00:00:00.000Z,2024-12-31T00:00:00.000Z,execution_output_score,81.3,100,index,true
KPI-0055127,E-0371,campaign_strategy,2024-10-01T00:00:00.000Z,2024-12-31T00:00:00.000Z,campaign_strategy_output_score,67.1,100,index,true
KPI-0055156,E-0371,execution,2025-01-01T00:00:00.000Z,2025-03-31T00:00:00.000Z,execution_output_score,74.5,100,index,true
KPI-0055158,E-0371,campaign_strategy,2025-01-01T00:00:00.000Z,2025-03-31T00:00:00.000Z,campaign_strategy_output_score,73.1,100,index,true
KPI-0055167,E-0371,execution,2025-04-01T00:00:00.000Z,2025-06-30T00:00:00.000Z,execution_output_score,72.3,100,index,true
KPI-0055169,E-0371,campaign_strategy,2025-04-01T00:00:00.000Z,2025-06-30T00:00:00.000Z,campaign_strategy_output_score,75.9,100,index,true
KPI-0055189,E-0371,campaign_strategy,2025-07-01T00:00:00.000Z,2025-09-30T00:00:00.000Z,campaign_strategy_output_score,69.3,100,index,true
KPI-0055195,E-0371,execution,2025-10-01T00:00:00.000Z,2025-12-31T00:00:00.000Z,execution_output_score,80.5,100,index,true
KPI-0055216,E-0371,execution,2026-01-01T00:00:00.000Z,2026-03-31T00:00:00.000Z,execution_output_score,79.3,100,index,true
KPI-0055218,E-0371,campaign_strategy,2026-01-01T00:00:00.000Z,2026-03-31T00:00:00.000Z,campaign_strategy_output_score,67.7,100,index,true
KPI-0055237,E-0371,execution,2026-04-01T00:00:00.000Z,2026-06-30T00:00:00.000Z,execution_output_score,90.3,100,index,true
KPI-0055239,E-0371,campaign_strategy,2026-04-01T00:00:00.000Z,2026-06-30T00:00:00.000Z,campaign_strategy_output_score,74.5,100,index,true
KPI-0055270,E-0371,execution,2026-07-01T00:00:00.000Z,2026-09-29T00:00:00.000Z,execution_output_score,98.6,100,index,true
KPI-0055295,E-0372,execution,2024-10-01T00:00:00.000Z,2024-12-31T00:00:00.000Z,execution_output_score,69.7,100,index,true
KPI-0055297,E-0372,roadmap_prioritization,2024-10-01T00:00:00.000Z,2024-12-31T00:00:00.000Z,roadmap_prioritization_output_score,71.8,100,index,true
KPI-0055314,E-0372,execution,2025-01-01T00:00:00.000Z,2025-03-31T00:00:00.000Z,execution_output_score,81.2,100,index,true
KPI-0055316,E-0372,roadmap_prioritization,2025-01-01T00:00:00.000Z,2025-03-31T00:00:00.000Z,roadmap_prioritization_output_score,58.8,100,index,true
KPI-0055335,E-0372,roadmap_prioritization,2025-04-01T00:00:00.000Z,2025-06-30T00:00:00.000Z,roadmap_prioritization_output_score,71.9,100,index,true
KPI-0055345,E-0372,execution,2025-07-01T00:00:00.000Z,2025-09-30T00:00:00.000Z,execution_output_score,81.3,100,index,true
KPI-0055371,E-0372,execution,2026-01-01T00:00:00.000Z,2026-03-31T00:00:00.000Z,execution_output_score,85.6,100,index,true
KPI-0055373,E-0372,roadmap_prioritization,2026-01-01T00:00:00.000Z,2026-03-31T00:00:00.000Z,roadmap_prioritization_output_score,61.9,100,index,true
KPI-0055379,E-0372,execution,2026-04-01T00:00:00.000Z,2026-06-30T00:00:00.000Z,execution_output_score,102.5,100,index,true
KPI-0055381,E-0372,roadmap_prioritization,2026-04-01T00:00:00.000Z,2026-06-30T00:00:00.000Z,roadmap_prioritization_output_score,66.8,100,index,true
KPI-0055400,E-0372,execution,2026-07-01T00:00:00.000Z,2026-09-29T00:00:00.000Z,execution_output_score,95.1,100,index,true
KPI-0055402,E-0372,roadmap_prioritization,2026-07-01T00:00:00.000Z,2026-09-29T00:00:00.000Z,roadmap_prioritization_output_score,56.5,100,index,true
KPI-0055429,E-0373,execution,2024-10-01T00:00:00.000Z,2024-12-31T00:00:00.000Z,execution_output_score,67.7,100,index,true
KPI-0055454,E-0373,execution,2025-01-01T00:00:00.000Z,2025-03-31T00:00:00.000Z,execution_output_score,65.1,100,index,true
KPI-0055466,E-0373,execution,2025-04-01T00:00:00.000Z,2025-06-30T00:00:00.000Z,execution_output_score,65.9,100,index,true
KPI-0055468,E-0373,visual_craft,2025-04-01T00:00:00.000Z,2025-06-30T00:00:00.000Z,visual_craft_output_score,87,100,index,true
KPI-0055478,E-0373,execution,2025-07-01T00:00:00.000Z,2025-09-30T00:00:00.000Z,execution_output_score,85,100,index,true
KPI-0055480,E-0373,visual_craft,2025-07-01T00:00:00.000Z,2025-09-30T00:00:00.000Z,visual_craft_output_score,91,100,index,true
KPI-0055489,E-0373,execution,2025-10-01T00:00:00.000Z,2025-12-31T00:00:00.000Z,execution_output_score,76.5,100,index,true
KPI-0055491,E-0373,visual_craft,2025-10-01T00:00:00.000Z,2025-12-31T00:00:00.000Z,visual_craft_output_score,92.7,100,index,true
KPI-0055505,E-0373,execution,2026-01-01T00:00:00.000Z,2026-03-31T00:00:00.000Z,execution_output_score,89,100,index,true
KPI-0055524,E-0373,execution,2026-04-01T00:00:00.000Z,2026-06-30T00:00:00.000Z,execution_output_score,86.3,100,index,true
KPI-0055526,E-0373,visual_craft,2026-04-01T00:00:00.000Z,2026-06-30T00:00:00.000Z,visual_craft_output_score,88,100,index,true
KPI-0055547,E-0373,execution,2026-07-01T00:00:00.000Z,2026-09-29T00:00:00.000Z,execution_output_score,90.9,100,index,true
KPI-0055549,E-0373,visual_craft,2026-07-01T00:00:00.000Z,2026-09-29T00:00:00.000Z,visual_craft_output_score,94.2,100,index,true
KPI-0055566,E-0374,execution,2024-10-01T00:00:00.000Z,2024-12-31T00:00:00.000Z,execution_output_score,103,100,index,true
KPI-0055568,E-0374,financial_modeling,2024-10-01T00:00:00.000Z,2024-12-31T00:00:00.000Z,financial_modeling_output_score,64.8,100,index,true
KPI-0055588,E-0374,financial_modeling,2025-01-01T00:00:00.000Z,2025-03-31T00:00:00.000Z,financial_modeling_output_score,83.2,100,index,true
KPI-0055597,E-0374,execution,2025-04-01T00:00:00.000Z,2025-06-30T00:00:00.000Z,execution_output_score,100,100,index,true
KPI-0055599,E-0374,financial_modeling,2025-04-01T00:00:00.000Z,2025-06-30T00:00:00.000Z,financial_modeling_output_score,74.5,100,index,true
KPI-0055623,E-0374,execution,2025-07-01T00:00:00.000Z,2025-09-30T00:00:00.000Z,execution_output_score,94.8,100,index,true
KPI-0055625,E-0374,financial_modeling,2025-07-01T00:00:00.000Z,2025-09-30T00:00:00.000Z,financial_modeling_output_score,83.6,100,index,true
KPI-0055640,E-0374,execution,2025-10-01T00:00:00.000Z,2025-12-31T00:00:00.000Z,execution_output_score,87.4,100,index,true
KPI-0055642,E-0374,financial_modeling,2025-10-01T00:00:00.000Z,2025-12-31T00:00:00.000Z,financial_modeling_output_score,83.1,100,index,true
KPI-0055660,E-0374,execution,2026-01-01T00:00:00.000Z,2026-03-31T00:00:00.000Z,execution_output_score,79.5,100,index,true
KPI-0055662,E-0374,financial_modeling,2026-01-01T00:00:00.000Z,2026-03-31T00:00:00.000Z,financial_modeling_output_score,87.9,100,index,true
KPI-0055677,E-0374,execution,2026-04-01T00:00:00.000Z,2026-06-30T00:00:00.000Z,execution_output_score,88.3,100,index,true
KPI-0055701,E-0374,execution,2026-07-01T00:00:00.000Z,2026-09-29T00:00:00.000Z,execution_output_score,75.6,100,index,true
KPI-0055703,E-0374,financial_modeling,2026-07-01T00:00:00.000Z,2026-09-29T00:00:00.000Z,financial_modeling_output_score,102.4,100,index,true
KPI-0055724,E-0375,execution,2024-10-01T00:00:00.000Z,2024-12-31T00:00:00.000Z,execution_output_score,69.6,100,index,true
KPI-0055726,E-0375,talent_assessment,2024-10-01T00:00:00.000Z,2024-12-31T00:00:00.000Z,talent_assessment_output_score,97.1,100,index,true
KPI-0055755,E-0375,execution,2025-01-01T00:00:00.000Z,2025-03-31T00:00:00.000Z,execution_output_score,75.7,100,index,true
KPI-0055757,E-0375,talent_assessment,2025-01-01T00:00:00.000Z,2025-03-31T00:00:00.000Z,talent_assessment_output_score,96.7,100,index,true
KPI-0055782,E-0375,talent_assessment,2025-07-01T00:00:00.000Z,2025-09-30T00:00:00.000Z,talent_assessment_output_score,92,100,index,true
KPI-0055790,E-0375,talent_assessment,2025-10-01T00:00:00.000Z,2025-12-31T00:00:00.000Z,talent_assessment_output_score,91.1,100,index,true
KPI-0055811,E-0375,talent_assessment,2026-01-01T00:00:00.000Z,2026-03-31T00:00:00.000Z,talent_assessment_output_score,88.8,100,index,true
KPI-0055817,E-0375,talent_assessment,2026-04-01T00:00:00.000Z,2026-06-30T00:00:00.000Z,talent_assessment_output_score,79.3,100,index,true
KPI-0055830,E-0375,talent_assessment,2026-07-01T00:00:00.000Z,2026-09-29T00:00:00.000Z,talent_assessment_output_score,69.6,100,index,true
KPI-0055853,E-0376,execution,2024-10-01T00:00:00.000Z,2024-12-31T00:00:00.000Z,execution_output_score,67.3,100,index,true
KPI-0055855,E-0376,customer_resolution,2024-10-01T00:00:00.000Z,2024-12-31T00:00:00.000Z,customer_resolution_output_score,78.7,100,index,true
KPI-0055881,E-0376,execution,2025-01-01T00:00:00.000Z,2025-03-31T00:00:00.000Z,execution_output_score,78.7,100,index,true
KPI-0055883,E-0376,customer_resolution,2025-01-01T00:00:00.000Z,2025-03-31T00:00:00.000Z,customer_resolution_output_score,89,100,index,true
KPI-0055891,E-0376,customer_resolution,2025-04-01T00:00:00.000Z,2025-06-30T00:00:00.000Z,customer_resolution_output_score,91.7,100,index,true
KPI-0055915,E-0376,execution,2025-07-01T00:00:00.000Z,2025-09-30T00:00:00.000Z,execution_output_score,86.6,100,index,true
KPI-0055917,E-0376,customer_resolution,2025-07-01T00:00:00.000Z,2025-09-30T00:00:00.000Z,customer_resolution_output_score,85.7,100,index,true
KPI-0055925,E-0376,customer_resolution,2025-10-01T00:00:00.000Z,2025-12-31T00:00:00.000Z,customer_resolution_output_score,89.1,100,index,true
KPI-0055949,E-0376,execution,2026-01-01T00:00:00.000Z,2026-03-31T00:00:00.000Z,execution_output_score,94.8,100,index,true
KPI-0055951,E-0376,customer_resolution,2026-01-01T00:00:00.000Z,2026-03-31T00:00:00.000Z,customer_resolution_output_score,97.7,100,index,true
KPI-0055956,E-0376,execution,2026-04-01T00:00:00.000Z,2026-06-30T00:00:00.000Z,execution_output_score,109.4,100,index,true
KPI-0055958,E-0376,customer_resolution,2026-04-01T00:00:00.000Z,2026-06-30T00:00:00.000Z,customer_resolution_output_score,112.6,100,index,true
KPI-0055987,E-0376,execution,2026-07-01T00:00:00.000Z,2026-09-29T00:00:00.000Z,execution_output_score,109.9,100,index,true
KPI-0056010,E-0377,execution,2024-10-01T00:00:00.000Z,2024-12-31T00:00:00.000Z,execution_output_score,75.5,100,index,true
KPI-0056012,E-0377,system_design,2024-10-01T00:00:00.000Z,2024-12-31T00:00:00.000Z,system_design_output_score,70,100,index,true
KPI-0056041,E-0377,execution,2025-01-01T00:00:00.000Z,2025-03-31T00:00:00.000Z,execution_output_score,70.6,100,index,true
KPI-0056043,E-0377,system_design,2025-01-01T00:00:00.000Z,2025-03-31T00:00:00.000Z,system_design_output_score,77.8,100,index,true
KPI-0056073,E-0377,execution,2025-07-01T00:00:00.000Z,2025-09-30T00:00:00.000Z,execution_output_score,67.5,100,index,true
KPI-0056075,E-0377,system_design,2025-07-01T00:00:00.000Z,2025-09-30T00:00:00.000Z,system_design_output_score,80.2,100,index,true
KPI-0056087,E-0377,execution,2025-10-01T00:00:00.000Z,2025-12-31T00:00:00.000Z,execution_output_score,69.1,100,index,true
KPI-0056089,E-0377,system_design,2025-10-01T00:00:00.000Z,2025-12-31T00:00:00.000Z,system_design_output_score,91.1,100,index,true
KPI-0056103,E-0377,execution,2026-01-01T00:00:00.000Z,2026-03-31T00:00:00.000Z,execution_output_score,71.4,100,index,true
KPI-0056105,E-0377,system_design,2026-01-01T00:00:00.000Z,2026-03-31T00:00:00.000Z,system_design_output_score,97.3,100,index,true
KPI-0056111,E-0377,execution,2026-04-01T00:00:00.000Z,2026-06-30T00:00:00.000Z,execution_output_score,71.5,100,index,true
KPI-0056113,E-0377,system_design,2026-04-01T00:00:00.000Z,2026-06-30T00:00:00.000Z,system_design_output_score,103.2,100,index,true
KPI-0056139,E-0377,execution,2026-07-01T00:00:00.000Z,2026-09-29T00:00:00.000Z,execution_output_score,64.7,100,index,true
KPI-0056141,E-0377,system_design,2026-07-01T00:00:00.000Z,2026-09-29T00:00:00.000Z,system_design_output_score,102,100,index,true
KPI-0056163,E-0378,pipeline_mgmt,2024-10-01T00:00:00.000Z,2024-12-31T00:00:00.000Z,pipeline_mgmt_output_score,74.8,100,index,true
KPI-0056186,E-0378,execution,2025-01-01T00:00:00.000Z,2025-03-31T00:00:00.000Z,execution_output_score,72.9,100,index,true
KPI-0056188,E-0378,pipeline_mgmt,2025-01-01T00:00:00.000Z,2025-03-31T00:00:00.000Z,pipeline_mgmt_output_score,82.8,100,index,true
KPI-0056203,E-0378,execution,2025-04-01T00:00:00.000Z,2025-06-30T00:00:00.000Z,execution_output_score,83.2,100,index,true
KPI-0056218,E-0378,pipeline_mgmt,2025-07-01T00:00:00.000Z,2025-09-30T00:00:00.000Z,pipeline_mgmt_output_score,88,100,index,true
KPI-0056234,E-0378,execution,2025-10-01T00:00:00.000Z,2025-12-31T00:00:00.000Z,execution_output_score,87.9,100,index,true
KPI-0056236,E-0378,pipeline_mgmt,2025-10-01T00:00:00.000Z,2025-12-31T00:00:00.000Z,pipeline_mgmt_output_score,86.2,100,index,true
KPI-0056267,E-0378,execution,2026-01-01T00:00:00.000Z,2026-03-31T00:00:00.000Z,execution_output_score,91.4,100,index,true
KPI-0056283,E-0378,execution,2026-04-01T00:00:00.000Z,2026-06-30T00:00:00.000Z,execution_output_score,99.3,100,index,true
KPI-0056285,E-0378,pipeline_mgmt,2026-04-01T00:00:00.000Z,2026-06-30T00:00:00.000Z,pipeline_mgmt_output_score,102,100,index,true
KPI-0056311,E-0378,execution,2026-07-01T00:00:00.000Z,2026-09-29T00:00:00.000Z,execution_output_score,105.6,100,index,true
KPI-0056313,E-0378,pipeline_mgmt,2026-07-01T00:00:00.000Z,2026-09-29T00:00:00.000Z,pipeline_mgmt_output_score,111.7,100,index,true
KPI-0056330,E-0379,campaign_strategy,2024-10-01T00:00:00.000Z,2024-12-31T00:00:00.000Z,campaign_strategy_output_score,75.2,100,index,true
KPI-0056355,E-0379,execution,2025-01-01T00:00:00.000Z,2025-03-31T00:00:00.000Z,execution_output_score,70.9,100,index,true
KPI-0056357,E-0379,campaign_strategy,2025-01-01T00:00:00.000Z,2025-03-31T00:00:00.000Z,campaign_strategy_output_score,79.6,100,index,true
KPI-0056365,E-0379,execution,2025-04-01T00:00:00.000Z,2025-06-30T00:00:00.000Z,execution_output_score,69.4,100,index,true
KPI-0056367,E-0379,campaign_strategy,2025-04-01T00:00:00.000Z,2025-06-30T00:00:00.000Z,campaign_strategy_output_score,75.7,100,index,true
KPI-0056383,E-0379,execution,2025-07-01T00:00:00.000Z,2025-09-30T00:00:00.000Z,execution_output_score,79.3,100,index,true
KPI-0056401,E-0379,execution,2025-10-01T00:00:00.000Z,2025-12-31T00:00:00.000Z,execution_output_score,75.1,100,index,true
KPI-0056403,E-0379,campaign_strategy,2025-10-01T00:00:00.000Z,2025-12-31T00:00:00.000Z,campaign_strategy_output_score,94.1,100,index,true
KPI-0056421,E-0379,campaign_strategy,2026-01-01T00:00:00.000Z,2026-03-31T00:00:00.000Z,campaign_strategy_output_score,95,100,index,true
KPI-0056431,E-0379,campaign_strategy,2026-04-01T00:00:00.000Z,2026-06-30T00:00:00.000Z,campaign_strategy_output_score,109.2,100,index,true
KPI-0056486,E-0380,execution,2024-10-01T00:00:00.000Z,2024-12-31T00:00:00.000Z,execution_output_score,69.7,100,index,true
KPI-0056488,E-0380,roadmap_prioritization,2024-10-01T00:00:00.000Z,2024-12-31T00:00:00.000Z,roadmap_prioritization_output_score,79.3,100,index,true
KPI-0056509,E-0380,execution,2025-01-01T00:00:00.000Z,2025-03-31T00:00:00.000Z,execution_output_score,72.8,100,index,true
KPI-0056511,E-0380,roadmap_prioritization,2025-01-01T00:00:00.000Z,2025-03-31T00:00:00.000Z,roadmap_prioritization_output_score,81.5,100,index,true
KPI-0056524,E-0380,roadmap_prioritization,2025-04-01T00:00:00.000Z,2025-06-30T00:00:00.000Z,roadmap_prioritization_output_score,79.6,100,index,true
KPI-0056536,E-0380,execution,2025-07-01T00:00:00.000Z,2025-09-30T00:00:00.000Z,execution_output_score,65.6,100,index,true
KPI-0056538,E-0380,roadmap_prioritization,2025-07-01T00:00:00.000Z,2025-09-30T00:00:00.000Z,roadmap_prioritization_output_score,72.8,100,index,true
KPI-0056554,E-0380,roadmap_prioritization,2025-10-01T00:00:00.000Z,2025-12-31T00:00:00.000Z,roadmap_prioritization_output_score,78.7,100,index,true
KPI-0056576,E-0380,execution,2026-01-01T00:00:00.000Z,2026-03-31T00:00:00.000Z,execution_output_score,69.8,100,index,true
KPI-0056578,E-0380,roadmap_prioritization,2026-01-01T00:00:00.000Z,2026-03-31T00:00:00.000Z,roadmap_prioritization_output_score,69.2,100,index,true
KPI-0056591,E-0380,execution,2026-04-01T00:00:00.000Z,2026-06-30T00:00:00.000Z,execution_output_score,64.9,100,index,true
KPI-0056593,E-0380,roadmap_prioritization,2026-04-01T00:00:00.000Z,2026-06-30T00:00:00.000Z,roadmap_prioritization_output_score,66.2,100,index,true
KPI-0056614,E-0380,execution,2026-07-01T00:00:00.000Z,2026-09-29T00:00:00.000Z,execution_output_score,72.6,100,index,true
KPI-0056616,E-0380,roadmap_prioritization,2026-07-01T00:00:00.000Z,2026-09-29T00:00:00.000Z,roadmap_prioritization_output_score,66.2,100,index,true
KPI-0056639,E-0381,execution,2024-10-01T00:00:00.000Z,2024-12-31T00:00:00.000Z,execution_output_score,60,100,index,true
KPI-0056660,E-0381,execution,2025-01-01T00:00:00.000Z,2025-03-31T00:00:00.000Z,execution_output_score,61.2,100,index,true
KPI-0056672,E-0381,visual_craft,2025-04-01T00:00:00.000Z,2025-06-30T00:00:00.000Z,visual_craft_output_score,72.4,100,index,true
KPI-0056695,E-0381,execution,2025-07-01T00:00:00.000Z,2025-09-30T00:00:00.000Z,execution_output_score,69.4,100,index,true
KPI-0056697,E-0381,visual_craft,2025-07-01T00:00:00.000Z,2025-09-30T00:00:00.000Z,visual_craft_output_score,74.1,100,index,true
KPI-0056716,E-0381,execution,2025-10-01T00:00:00.000Z,2025-12-31T00:00:00.000Z,execution_output_score,70.4,100,index,true
KPI-0056742,E-0381,execution,2026-01-01T00:00:00.000Z,2026-03-31T00:00:00.000Z,execution_output_score,74.7,100,index,true
KPI-0056744,E-0381,visual_craft,2026-01-01T00:00:00.000Z,2026-03-31T00:00:00.000Z,visual_craft_output_score,82.7,100,index,true
KPI-0056752,E-0381,execution,2026-04-01T00:00:00.000Z,2026-06-30T00:00:00.000Z,execution_output_score,82.9,100,index,true
KPI-0056754,E-0381,visual_craft,2026-04-01T00:00:00.000Z,2026-06-30T00:00:00.000Z,visual_craft_output_score,94.9,100,index,true
KPI-0056774,E-0381,execution,2026-07-01T00:00:00.000Z,2026-09-29T00:00:00.000Z,execution_output_score,88.2,100,index,true
KPI-0056776,E-0381,visual_craft,2026-07-01T00:00:00.000Z,2026-09-29T00:00:00.000Z,visual_craft_output_score,100.1,100,index,true
KPI-0056805,E-0382,execution,2024-10-01T00:00:00.000Z,2024-12-31T00:00:00.000Z,execution_output_score,69.7,100,index,true
KPI-0056807,E-0382,financial_modeling,2024-10-01T00:00:00.000Z,2024-12-31T00:00:00.000Z,financial_modeling_output_score,70.3,100,index,true
KPI-0056834,E-0382,execution,2025-01-01T00:00:00.000Z,2025-03-31T00:00:00.000Z,execution_output_score,84.4,100,index,true
KPI-0056836,E-0382,financial_modeling,2025-01-01T00:00:00.000Z,2025-03-31T00:00:00.000Z,financial_modeling_output_score,72.1,100,index,true
KPI-0056849,E-0382,execution,2025-04-01T00:00:00.000Z,2025-06-30T00:00:00.000Z,execution_output_score,76.7,100,index,true
KPI-0056851,E-0382,financial_modeling,2025-04-01T00:00:00.000Z,2025-06-30T00:00:00.000Z,financial_modeling_output_score,68,100,index,true
KPI-0056883,E-0382,financial_modeling,2025-10-01T00:00:00.000Z,2025-12-31T00:00:00.000Z,financial_modeling_output_score,76.8,100,index,true
KPI-0056920,E-0382,execution,2026-04-01T00:00:00.000Z,2026-06-30T00:00:00.000Z,execution_output_score,76.8,100,index,true
KPI-0056922,E-0382,financial_modeling,2026-04-01T00:00:00.000Z,2026-06-30T00:00:00.000Z,financial_modeling_output_score,81.1,100,index,true
KPI-0056960,E-0383,execution,2024-10-01T00:00:00.000Z,2024-12-31T00:00:00.000Z,execution_output_score,107,100,index,true
KPI-0056962,E-0383,talent_assessment,2024-10-01T00:00:00.000Z,2024-12-31T00:00:00.000Z,talent_assessment_output_score,65.6,100,index,true
KPI-0056980,E-0383,execution,2025-01-01T00:00:00.000Z,2025-03-31T00:00:00.000Z,execution_output_score,100.9,100,index,true
KPI-0056982,E-0383,talent_assessment,2025-01-01T00:00:00.000Z,2025-03-31T00:00:00.000Z,talent_assessment_output_score,60.9,100,index,true
KPI-0056984,E-0383,execution,2025-04-01T00:00:00.000Z,2025-06-30T00:00:00.000Z,execution_output_score,100.7,100,index,true
KPI-0056986,E-0383,talent_assessment,2025-04-01T00:00:00.000Z,2025-06-30T00:00:00.000Z,talent_assessment_output_score,74.4,100,index,true
KPI-0057005,E-0383,execution,2025-07-01T00:00:00.000Z,2025-09-30T00:00:00.000Z,execution_output_score,96,100,index,true
KPI-0057007,E-0383,talent_assessment,2025-07-01T00:00:00.000Z,2025-09-30T00:00:00.000Z,talent_assessment_output_score,78.5,100,index,true
KPI-0057019,E-0383,execution,2025-10-01T00:00:00.000Z,2025-12-31T00:00:00.000Z,execution_output_score,87.6,100,index,true
KPI-0057021,E-0383,talent_assessment,2025-10-01T00:00:00.000Z,2025-12-31T00:00:00.000Z,talent_assessment_output_score,86.2,100,index,true
KPI-0057037,E-0383,talent_assessment,2026-01-01T00:00:00.000Z,2026-03-31T00:00:00.000Z,talent_assessment_output_score,86.9,100,index,true
KPI-0057049,E-0383,execution,2026-04-01T00:00:00.000Z,2026-06-30T00:00:00.000Z,execution_output_score,73.7,100,index,true
KPI-0057065,E-0383,execution,2026-07-01T00:00:00.000Z,2026-09-29T00:00:00.000Z,execution_output_score,69.4,100,index,true
KPI-0057067,E-0383,talent_assessment,2026-07-01T00:00:00.000Z,2026-09-29T00:00:00.000Z,talent_assessment_output_score,105,100,index,true
KPI-0057096,E-0384,execution,2024-10-01T00:00:00.000Z,2024-12-31T00:00:00.000Z,execution_output_score,72.7,100,index,true
KPI-0057098,E-0384,customer_resolution,2024-10-01T00:00:00.000Z,2024-12-31T00:00:00.000Z,customer_resolution_output_score,70.2,100,index,true
KPI-0057115,E-0384,execution,2025-01-01T00:00:00.000Z,2025-03-31T00:00:00.000Z,execution_output_score,74.2,100,index,true
KPI-0057117,E-0384,customer_resolution,2025-01-01T00:00:00.000Z,2025-03-31T00:00:00.000Z,customer_resolution_output_score,71.4,100,index,true
KPI-0057126,E-0384,execution,2025-04-01T00:00:00.000Z,2025-06-30T00:00:00.000Z,execution_output_score,81.6,100,index,true
KPI-0057128,E-0384,customer_resolution,2025-04-01T00:00:00.000Z,2025-06-30T00:00:00.000Z,customer_resolution_output_score,80.2,100,index,true
KPI-0057147,E-0384,execution,2025-07-01T00:00:00.000Z,2025-09-30T00:00:00.000Z,execution_output_score,87.7,100,index,true
KPI-0057149,E-0384,customer_resolution,2025-07-01T00:00:00.000Z,2025-09-30T00:00:00.000Z,customer_resolution_output_score,84.8,100,index,true
KPI-0057158,E-0384,execution,2025-10-01T00:00:00.000Z,2025-12-31T00:00:00.000Z,execution_output_score,84.5,100,index,true
KPI-0057182,E-0384,customer_resolution,2026-01-01T00:00:00.000Z,2026-03-31T00:00:00.000Z,customer_resolution_output_score,99,100,index,true
KPI-0057196,E-0384,execution,2026-04-01T00:00:00.000Z,2026-06-30T00:00:00.000Z,execution_output_score,99.3,100,index,true
KPI-0057202,E-0384,execution,2026-07-01T00:00:00.000Z,2026-09-29T00:00:00.000Z,execution_output_score,99.3,100,index,true
KPI-0057204,E-0384,customer_resolution,2026-07-01T00:00:00.000Z,2026-09-29T00:00:00.000Z,customer_resolution_output_score,107.5,100,index,true
KPI-0057223,E-0385,execution,2024-10-01T00:00:00.000Z,2024-12-31T00:00:00.000Z,execution_output_score,70.9,100,index,true
KPI-0057247,E-0385,execution,2025-01-01T00:00:00.000Z,2025-03-31T00:00:00.000Z,execution_output_score,76.4,100,index,true
KPI-0057249,E-0385,system_design,2025-01-01T00:00:00.000Z,2025-03-31T00:00:00.000Z,system_design_output_score,68.2,100,index,true
KPI-0057264,E-0385,execution,2025-04-01T00:00:00.000Z,2025-06-30T00:00:00.000Z,execution_output_score,79.6,100,index,true
KPI-0057289,E-0385,execution,2025-07-01T00:00:00.000Z,2025-09-30T00:00:00.000Z,execution_output_score,82,100,index,true
KPI-0057291,E-0385,system_design,2025-07-01T00:00:00.000Z,2025-09-30T00:00:00.000Z,system_design_output_score,73.4,100,index,true
KPI-0057306,E-0385,execution,2025-10-01T00:00:00.000Z,2025-12-31T00:00:00.000Z,execution_output_score,87.4,100,index,true
KPI-0057308,E-0385,system_design,2025-10-01T00:00:00.000Z,2025-12-31T00:00:00.000Z,system_design_output_score,70.3,100,index,true
KPI-0057330,E-0385,execution,2026-01-01T00:00:00.000Z,2026-03-31T00:00:00.000Z,execution_output_score,89.4,100,index,true
KPI-0057332,E-0385,system_design,2026-01-01T00:00:00.000Z,2026-03-31T00:00:00.000Z,system_design_output_score,83.3,100,index,true
KPI-0057344,E-0385,execution,2026-04-01T00:00:00.000Z,2026-06-30T00:00:00.000Z,execution_output_score,96.1,100,index,true
KPI-0057346,E-0385,system_design,2026-04-01T00:00:00.000Z,2026-06-30T00:00:00.000Z,system_design_output_score,84.3,100,index,true
KPI-0057369,E-0385,execution,2026-07-01T00:00:00.000Z,2026-09-29T00:00:00.000Z,execution_output_score,102.7,100,index,true
KPI-0057371,E-0385,system_design,2026-07-01T00:00:00.000Z,2026-09-29T00:00:00.000Z,system_design_output_score,93.1,100,index,true
KPI-0057392,E-0386,execution,2024-10-01T00:00:00.000Z,2024-12-31T00:00:00.000Z,execution_output_score,68.9,100,index,true
KPI-0057394,E-0386,pipeline_mgmt,2024-10-01T00:00:00.000Z,2024-12-31T00:00:00.000Z,pipeline_mgmt_output_score,83.9,100,index,true
KPI-0057419,E-0386,execution,2025-01-01T00:00:00.000Z,2025-03-31T00:00:00.000Z,execution_output_score,70.6,100,index,true
KPI-0057438,E-0386,execution,2025-04-01T00:00:00.000Z,2025-06-30T00:00:00.000Z,execution_output_score,63.1,100,index,true
KPI-0057440,E-0386,pipeline_mgmt,2025-04-01T00:00:00.000Z,2025-06-30T00:00:00.000Z,pipeline_mgmt_output_score,85.3,100,index,true
KPI-0057466,E-0386,execution,2025-07-01T00:00:00.000Z,2025-09-30T00:00:00.000Z,execution_output_score,70.9,100,index,true
KPI-0057468,E-0386,pipeline_mgmt,2025-07-01T00:00:00.000Z,2025-09-30T00:00:00.000Z,pipeline_mgmt_output_score,70.6,100,index,true
KPI-0057474,E-0386,execution,2025-10-01T00:00:00.000Z,2025-12-31T00:00:00.000Z,execution_output_score,69.7,100,index,true
KPI-0057476,E-0386,pipeline_mgmt,2025-10-01T00:00:00.000Z,2025-12-31T00:00:00.000Z,pipeline_mgmt_output_score,83.1,100,index,true
KPI-0057499,E-0386,execution,2026-01-01T00:00:00.000Z,2026-03-31T00:00:00.000Z,execution_output_score,68.4,100,index,true
KPI-0057501,E-0386,pipeline_mgmt,2026-01-01T00:00:00.000Z,2026-03-31T00:00:00.000Z,pipeline_mgmt_output_score,91,100,index,true
KPI-0057503,E-0386,execution,2026-04-01T00:00:00.000Z,2026-06-30T00:00:00.000Z,execution_output_score,58.9,100,index,true
KPI-0057505,E-0386,pipeline_mgmt,2026-04-01T00:00:00.000Z,2026-06-30T00:00:00.000Z,pipeline_mgmt_output_score,75.6,100,index,true
KPI-0057524,E-0386,execution,2026-07-01T00:00:00.000Z,2026-09-29T00:00:00.000Z,execution_output_score,60.9,100,index,true
KPI-0057526,E-0386,pipeline_mgmt,2026-07-01T00:00:00.000Z,2026-09-29T00:00:00.000Z,pipeline_mgmt_output_score,75.3,100,index,true
KPI-0057558,E-0387,execution,2024-10-01T00:00:00.000Z,2024-12-31T00:00:00.000Z,execution_output_score,62.7,100,index,true
KPI-0057586,E-0387,execution,2025-01-01T00:00:00.000Z,2025-03-31T00:00:00.000Z,execution_output_score,72.4,100,index,true
KPI-0057604,E-0387,execution,2025-04-01T00:00:00.000Z,2025-06-30T00:00:00.000Z,execution_output_score,73.5,100,index,true
KPI-0057614,E-0387,execution,2025-07-01T00:00:00.000Z,2025-09-30T00:00:00.000Z,execution_output_score,74,100,index,true
KPI-0057632,E-0387,execution,2025-10-01T00:00:00.000Z,2025-12-31T00:00:00.000Z,execution_output_score,92.8,100,index,true
KPI-0057651,E-0387,execution,2026-01-01T00:00:00.000Z,2026-03-31T00:00:00.000Z,execution_output_score,84.6,100,index,true
KPI-0057666,E-0387,execution,2026-04-01T00:00:00.000Z,2026-06-30T00:00:00.000Z,execution_output_score,92,100,index,true
KPI-0057689,E-0387,execution,2026-07-01T00:00:00.000Z,2026-09-29T00:00:00.000Z,execution_output_score,94.1,100,index,true
KPI-0057718,E-0388,execution,2024-10-01T00:00:00.000Z,2024-12-31T00:00:00.000Z,execution_output_score,67.3,100,index,true
KPI-0057720,E-0388,roadmap_prioritization,2024-10-01T00:00:00.000Z,2024-12-31T00:00:00.000Z,roadmap_prioritization_output_score,71.7,100,index,true
KPI-0057751,E-0388,execution,2025-01-01T00:00:00.000Z,2025-03-31T00:00:00.000Z,execution_output_score,69,100,index,true
KPI-0057757,E-0388,execution,2025-04-01T00:00:00.000Z,2025-06-30T00:00:00.000Z,execution_output_score,75.5,100,index,true
KPI-0057759,E-0388,roadmap_prioritization,2025-04-01T00:00:00.000Z,2025-06-30T00:00:00.000Z,roadmap_prioritization_output_score,80.9,100,index,true
KPI-0057777,E-0388,execution,2025-07-01T00:00:00.000Z,2025-09-30T00:00:00.000Z,execution_output_score,70.7,100,index,true
KPI-0057779,E-0388,roadmap_prioritization,2025-07-01T00:00:00.000Z,2025-09-30T00:00:00.000Z,roadmap_prioritization_output_score,75.9,100,index,true
KPI-0057818,E-0388,execution,2026-01-01T00:00:00.000Z,2026-03-31T00:00:00.000Z,execution_output_score,68.8,100,index,true
KPI-0057820,E-0388,roadmap_prioritization,2026-01-01T00:00:00.000Z,2026-03-31T00:00:00.000Z,roadmap_prioritization_output_score,85.8,100,index,true
KPI-0057829,E-0388,execution,2026-04-01T00:00:00.000Z,2026-06-30T00:00:00.000Z,execution_output_score,60.2,100,index,true
KPI-0057848,E-0388,roadmap_prioritization,2026-07-01T00:00:00.000Z,2026-09-29T00:00:00.000Z,roadmap_prioritization_output_score,85.3,100,index,true
KPI-0057878,E-0389,execution,2024-10-01T00:00:00.000Z,2024-12-31T00:00:00.000Z,execution_output_score,73.1,100,index,true
KPI-0057880,E-0389,visual_craft,2024-10-01T00:00:00.000Z,2024-12-31T00:00:00.000Z,visual_craft_output_score,102.7,100,index,true
KPI-0057895,E-0389,visual_craft,2025-01-01T00:00:00.000Z,2025-03-31T00:00:00.000Z,visual_craft_output_score,103.7,100,index,true
KPI-0057907,E-0389,visual_craft,2025-04-01T00:00:00.000Z,2025-06-30T00:00:00.000Z,visual_craft_output_score,108.9,100,index,true
KPI-0057924,E-0389,execution,2025-07-01T00:00:00.000Z,2025-09-30T00:00:00.000Z,execution_output_score,79.6,100,index,true
KPI-0057926,E-0389,visual_craft,2025-07-01T00:00:00.000Z,2025-09-30T00:00:00.000Z,visual_craft_output_score,103.4,100,index,true
KPI-0057928,E-0389,execution,2025-10-01T00:00:00.000Z,2025-12-31T00:00:00.000Z,execution_output_score,82.8,100,index,true
KPI-0057930,E-0389,visual_craft,2025-10-01T00:00:00.000Z,2025-12-31T00:00:00.000Z,visual_craft_output_score,106.7,100,index,true
KPI-0057945,E-0389,execution,2026-01-01T00:00:00.000Z,2026-03-31T00:00:00.000Z,execution_output_score,85.7,100,index,true
KPI-0057947,E-0389,visual_craft,2026-01-01T00:00:00.000Z,2026-03-31T00:00:00.000Z,visual_craft_output_score,104.8,100,index,true
KPI-0057952,E-0389,execution,2026-04-01T00:00:00.000Z,2026-06-30T00:00:00.000Z,execution_output_score,96.4,100,index,true
KPI-0057954,E-0389,visual_craft,2026-04-01T00:00:00.000Z,2026-06-30T00:00:00.000Z,visual_craft_output_score,100.6,100,index,true
KPI-0057979,E-0389,execution,2026-07-01T00:00:00.000Z,2026-09-29T00:00:00.000Z,execution_output_score,99.8,100,index,true
KPI-0057981,E-0389,visual_craft,2026-07-01T00:00:00.000Z,2026-09-29T00:00:00.000Z,visual_craft_output_score,105,100,index,true
KPI-0058001,E-0390,financial_modeling,2024-10-01T00:00:00.000Z,2024-12-31T00:00:00.000Z,financial_modeling_output_score,69.4,100,index,true
KPI-0058024,E-0390,execution,2025-01-01T00:00:00.000Z,2025-03-31T00:00:00.000Z,execution_output_score,100.8,100,index,true
KPI-0058026,E-0390,financial_modeling,2025-01-01T00:00:00.000Z,2025-03-31T00:00:00.000Z,financial_modeling_output_score,81.2,100,index,true
KPI-0058042,E-0390,financial_modeling,2025-04-01T00:00:00.000Z,2025-06-30T00:00:00.000Z,financial_modeling_output_score,79.8,100,index,true
KPI-0058065,E-0390,execution,2025-07-01T00:00:00.000Z,2025-09-30T00:00:00.000Z,execution_output_score,100.4,100,index,true
KPI-0058067,E-0390,financial_modeling,2025-07-01T00:00:00.000Z,2025-09-30T00:00:00.000Z,financial_modeling_output_score,79.2,100,index,true
KPI-0058076,E-0390,execution,2025-10-01T00:00:00.000Z,2025-12-31T00:00:00.000Z,execution_output_score,94.8,100,index,true
KPI-0058078,E-0390,financial_modeling,2025-10-01T00:00:00.000Z,2025-12-31T00:00:00.000Z,financial_modeling_output_score,76,100,index,true
KPI-0058099,E-0390,execution,2026-01-01T00:00:00.000Z,2026-03-31T00:00:00.000Z,execution_output_score,81,100,index,true
KPI-0058111,E-0390,execution,2026-04-01T00:00:00.000Z,2026-06-30T00:00:00.000Z,execution_output_score,80.5,100,index,true
KPI-0058131,E-0390,execution,2026-07-01T00:00:00.000Z,2026-09-29T00:00:00.000Z,execution_output_score,77.6,100,index,true
KPI-0058155,E-0391,execution,2024-10-01T00:00:00.000Z,2024-12-31T00:00:00.000Z,execution_output_score,63.2,100,index,true
KPI-0058157,E-0391,talent_assessment,2024-10-01T00:00:00.000Z,2024-12-31T00:00:00.000Z,talent_assessment_output_score,88,100,index,true
KPI-0058172,E-0391,execution,2025-01-01T00:00:00.000Z,2025-03-31T00:00:00.000Z,execution_output_score,78.4,100,index,true
KPI-0058174,E-0391,talent_assessment,2025-01-01T00:00:00.000Z,2025-03-31T00:00:00.000Z,talent_assessment_output_score,78.9,100,index,true
KPI-0058180,E-0391,execution,2025-04-01T00:00:00.000Z,2025-06-30T00:00:00.000Z,execution_output_score,71.4,100,index,true
KPI-0058182,E-0391,talent_assessment,2025-04-01T00:00:00.000Z,2025-06-30T00:00:00.000Z,talent_assessment_output_score,75.4,100,index,true
KPI-0058205,E-0391,execution,2025-07-01T00:00:00.000Z,2025-09-30T00:00:00.000Z,execution_output_score,70.8,100,index,true
KPI-0058207,E-0391,talent_assessment,2025-07-01T00:00:00.000Z,2025-09-30T00:00:00.000Z,talent_assessment_output_score,72.2,100,index,true
KPI-0058225,E-0391,execution,2025-10-01T00:00:00.000Z,2025-12-31T00:00:00.000Z,execution_output_score,63.1,100,index,true
KPI-0058227,E-0391,talent_assessment,2025-10-01T00:00:00.000Z,2025-12-31T00:00:00.000Z,talent_assessment_output_score,75.7,100,index,true
KPI-0058249,E-0391,execution,2026-01-01T00:00:00.000Z,2026-03-31T00:00:00.000Z,execution_output_score,79.6,100,index,true
KPI-0058251,E-0391,talent_assessment,2026-01-01T00:00:00.000Z,2026-03-31T00:00:00.000Z,talent_assessment_output_score,91.6,100,index,true
KPI-0058263,E-0391,execution,2026-04-01T00:00:00.000Z,2026-06-30T00:00:00.000Z,execution_output_score,73.6,100,index,true
KPI-0058265,E-0391,talent_assessment,2026-04-01T00:00:00.000Z,2026-06-30T00:00:00.000Z,talent_assessment_output_score,76.1,100,index,true
KPI-0058280,E-0391,talent_assessment,2026-07-01T00:00:00.000Z,2026-09-29T00:00:00.000Z,talent_assessment_output_score,80.7,100,index,true
KPI-0058310,E-0392,execution,2024-10-01T00:00:00.000Z,2024-12-31T00:00:00.000Z,execution_output_score,83.2,100,index,true
KPI-0058327,E-0392,execution,2025-04-01T00:00:00.000Z,2025-06-30T00:00:00.000Z,execution_output_score,77,100,index,true
KPI-0058329,E-0392,customer_resolution,2025-04-01T00:00:00.000Z,2025-06-30T00:00:00.000Z,customer_resolution_output_score,88,100,index,true
KPI-0058369,E-0392,execution,2025-10-01T00:00:00.000Z,2025-12-31T00:00:00.000Z,execution_output_score,70.5,100,index,true
KPI-0058371,E-0392,customer_resolution,2025-10-01T00:00:00.000Z,2025-12-31T00:00:00.000Z,customer_resolution_output_score,88.9,100,index,true
KPI-0058399,E-0392,execution,2026-01-01T00:00:00.000Z,2026-03-31T00:00:00.000Z,execution_output_score,83,100,index,true
KPI-0058414,E-0392,execution,2026-04-01T00:00:00.000Z,2026-06-30T00:00:00.000Z,execution_output_score,77.2,100,index,true
KPI-0058416,E-0392,customer_resolution,2026-04-01T00:00:00.000Z,2026-06-30T00:00:00.000Z,customer_resolution_output_score,87.7,100,index,true
KPI-0058437,E-0392,execution,2026-07-01T00:00:00.000Z,2026-09-29T00:00:00.000Z,execution_output_score,74.2,100,index,true
KPI-0058439,E-0392,customer_resolution,2026-07-01T00:00:00.000Z,2026-09-29T00:00:00.000Z,customer_resolution_output_score,83.8,100,index,true
KPI-0058455,E-0393,execution,2024-10-01T00:00:00.000Z,2024-12-31T00:00:00.000Z,execution_output_score,69.5,100,index,true
KPI-0058457,E-0393,system_design,2024-10-01T00:00:00.000Z,2024-12-31T00:00:00.000Z,system_design_output_score,75.9,100,index,true
KPI-0058476,E-0393,execution,2025-01-01T00:00:00.000Z,2025-03-31T00:00:00.000Z,execution_output_score,72.7,100,index,true
KPI-0058478,E-0393,system_design,2025-01-01T00:00:00.000Z,2025-03-31T00:00:00.000Z,system_design_output_score,72.2,100,index,true
KPI-0058490,E-0393,system_design,2025-04-01T00:00:00.000Z,2025-06-30T00:00:00.000Z,system_design_output_score,63.5,100,index,true
KPI-0058507,E-0393,execution,2025-07-01T00:00:00.000Z,2025-09-30T00:00:00.000Z,execution_output_score,86.2,100,index,true
KPI-0058509,E-0393,system_design,2025-07-01T00:00:00.000Z,2025-09-30T00:00:00.000Z,system_design_output_score,68.8,100,index,true
KPI-0058522,E-0393,execution,2025-10-01T00:00:00.000Z,2025-12-31T00:00:00.000Z,execution_output_score,83.8,100,index,true
KPI-0058524,E-0393,system_design,2025-10-01T00:00:00.000Z,2025-12-31T00:00:00.000Z,system_design_output_score,72.9,100,index,true
KPI-0058540,E-0393,system_design,2026-01-01T00:00:00.000Z,2026-03-31T00:00:00.000Z,system_design_output_score,77.4,100,index,true
KPI-0058552,E-0393,execution,2026-04-01T00:00:00.000Z,2026-06-30T00:00:00.000Z,execution_output_score,91.8,100,index,true
KPI-0058554,E-0393,system_design,2026-04-01T00:00:00.000Z,2026-06-30T00:00:00.000Z,system_design_output_score,89.5,100,index,true
KPI-0058577,E-0393,execution,2026-07-01T00:00:00.000Z,2026-09-29T00:00:00.000Z,execution_output_score,97.2,100,index,true
KPI-0058579,E-0393,system_design,2026-07-01T00:00:00.000Z,2026-09-29T00:00:00.000Z,system_design_output_score,101.4,100,index,true
KPI-0058600,E-0394,execution,2024-10-01T00:00:00.000Z,2024-12-31T00:00:00.000Z,execution_output_score,71.2,100,index,true
KPI-0058620,E-0394,execution,2025-01-01T00:00:00.000Z,2025-03-31T00:00:00.000Z,execution_output_score,70.3,100,index,true
KPI-0058756,E-0395,execution,2025-07-01T00:00:00.000Z,2025-09-30T00:00:00.000Z,execution_output_score,70.3,100,index,true
KPI-0058762,E-0395,execution,2025-10-01T00:00:00.000Z,2025-12-31T00:00:00.000Z,execution_output_score,77.5,100,index,true
KPI-0058784,E-0395,execution,2026-01-01T00:00:00.000Z,2026-03-31T00:00:00.000Z,execution_output_score,72,100,index,true
KPI-0058796,E-0395,execution,2026-04-01T00:00:00.000Z,2026-06-30T00:00:00.000Z,execution_output_score,77.1,100,index,true
KPI-0058812,E-0395,execution,2026-07-01T00:00:00.000Z,2026-09-29T00:00:00.000Z,execution_output_score,70.9,100,index,true
KPI-0058835,E-0396,execution,2024-10-01T00:00:00.000Z,2024-12-31T00:00:00.000Z,execution_output_score,108.2,100,index,true
KPI-0058860,E-0396,execution,2025-01-01T00:00:00.000Z,2025-03-31T00:00:00.000Z,execution_output_score,105,100,index,true
KPI-0058862,E-0396,roadmap_prioritization,2025-01-01T00:00:00.000Z,2025-03-31T00:00:00.000Z,roadmap_prioritization_output_score,103.6,100,index,true
KPI-0058870,E-0396,execution,2025-04-01T00:00:00.000Z,2025-06-30T00:00:00.000Z,execution_output_score,104.3,100,index,true
KPI-0058872,E-0396,roadmap_prioritization,2025-04-01T00:00:00.000Z,2025-06-30T00:00:00.000Z,roadmap_prioritization_output_score,100.9,100,index,true
KPI-0058893,E-0396,execution,2025-07-01T00:00:00.000Z,2025-09-30T00:00:00.000Z,execution_output_score,105.2,100,index,true
KPI-0058895,E-0396,roadmap_prioritization,2025-07-01T00:00:00.000Z,2025-09-30T00:00:00.000Z,roadmap_prioritization_output_score,99.9,100,index,true
KPI-0058910,E-0396,execution,2025-10-01T00:00:00.000Z,2025-12-31T00:00:00.000Z,execution_output_score,93.5,100,index,true
KPI-0058912,E-0396,roadmap_prioritization,2025-10-01T00:00:00.000Z,2025-12-31T00:00:00.000Z,roadmap_prioritization_output_score,100.2,100,index,true
KPI-0058929,E-0396,execution,2026-01-01T00:00:00.000Z,2026-03-31T00:00:00.000Z,execution_output_score,112.3,100,index,true
KPI-0058931,E-0396,roadmap_prioritization,2026-01-01T00:00:00.000Z,2026-03-31T00:00:00.000Z,roadmap_prioritization_output_score,102.7,100,index,true
KPI-0058943,E-0396,execution,2026-04-01T00:00:00.000Z,2026-06-30T00:00:00.000Z,execution_output_score,104.9,100,index,true
KPI-0058945,E-0396,roadmap_prioritization,2026-04-01T00:00:00.000Z,2026-06-30T00:00:00.000Z,roadmap_prioritization_output_score,97.3,100,index,true
KPI-0058965,E-0396,roadmap_prioritization,2026-07-01T00:00:00.000Z,2026-09-29T00:00:00.000Z,roadmap_prioritization_output_score,97.7,100,index,true
KPI-0058981,E-0397,execution,2024-10-01T00:00:00.000Z,2024-12-31T00:00:00.000Z,execution_output_score,58.6,100,index,true
KPI-0059004,E-0397,execution,2025-01-01T00:00:00.000Z,2025-03-31T00:00:00.000Z,execution_output_score,69.5,100,index,true
KPI-0059006,E-0397,visual_craft,2025-01-01T00:00:00.000Z,2025-03-31T00:00:00.000Z,visual_craft_output_score,59.7,100,index,true
KPI-0059011,E-0397,execution,2025-04-01T00:00:00.000Z,2025-06-30T00:00:00.000Z,execution_output_score,74,100,index,true
KPI-0059013,E-0397,visual_craft,2025-04-01T00:00:00.000Z,2025-06-30T00:00:00.000Z,visual_craft_output_score,59.9,100,index,true
KPI-0059025,E-0397,execution,2025-07-01T00:00:00.000Z,2025-09-30T00:00:00.000Z,execution_output_score,83.9,100,index,true
KPI-0059027,E-0397,visual_craft,2025-07-01T00:00:00.000Z,2025-09-30T00:00:00.000Z,visual_craft_output_score,62.6,100,index,true
KPI-0059036,E-0397,execution,2025-10-01T00:00:00.000Z,2025-12-31T00:00:00.000Z,execution_output_score,82.9,100,index,true
KPI-0059038,E-0397,visual_craft,2025-10-01T00:00:00.000Z,2025-12-31T00:00:00.000Z,visual_craft_output_score,78.5,100,index,true
KPI-0059069,E-0397,execution,2026-01-01T00:00:00.000Z,2026-03-31T00:00:00.000Z,execution_output_score,89,100,index,true
KPI-0059071,E-0397,visual_craft,2026-01-01T00:00:00.000Z,2026-03-31T00:00:00.000Z,visual_craft_output_score,82,100,index,true
KPI-0059073,E-0397,execution,2026-04-01T00:00:00.000Z,2026-06-30T00:00:00.000Z,execution_output_score,83.9,100,index,true
KPI-0059075,E-0397,visual_craft,2026-04-01T00:00:00.000Z,2026-06-30T00:00:00.000Z,visual_craft_output_score,88.2,100,index,true
KPI-0059106,E-0397,execution,2026-07-01T00:00:00.000Z,2026-09-29T00:00:00.000Z,execution_output_score,100.5,100,index,true
KPI-0059108,E-0397,visual_craft,2026-07-01T00:00:00.000Z,2026-09-29T00:00:00.000Z,visual_craft_output_score,90.2,100,index,true
KPI-0059135,E-0398,execution,2024-10-01T00:00:00.000Z,2024-12-31T00:00:00.000Z,execution_output_score,75.9,100,index,true
KPI-0059137,E-0398,financial_modeling,2024-10-01T00:00:00.000Z,2024-12-31T00:00:00.000Z,financial_modeling_output_score,75.3,100,index,true
KPI-0059161,E-0398,execution,2025-01-01T00:00:00.000Z,2025-03-31T00:00:00.000Z,execution_output_score,68.2,100,index,true
KPI-0059163,E-0398,financial_modeling,2025-01-01T00:00:00.000Z,2025-03-31T00:00:00.000Z,financial_modeling_output_score,69.3,100,index,true
KPI-0059179,E-0398,financial_modeling,2025-04-01T00:00:00.000Z,2025-06-30T00:00:00.000Z,financial_modeling_output_score,68.3,100,index,true
KPI-0059200,E-0398,execution,2025-07-01T00:00:00.000Z,2025-09-30T00:00:00.000Z,execution_output_score,75,100,index,true
KPI-0059202,E-0398,financial_modeling,2025-07-01T00:00:00.000Z,2025-09-30T00:00:00.000Z,financial_modeling_output_score,75.4,100,index,true
KPI-0059208,E-0398,execution,2025-10-01T00:00:00.000Z,2025-12-31T00:00:00.000Z,execution_output_score,63.7,100,index,true
KPI-0059210,E-0398,financial_modeling,2025-10-01T00:00:00.000Z,2025-12-31T00:00:00.000Z,financial_modeling_output_score,77.9,100,index,true
KPI-0059231,E-0398,execution,2026-01-01T00:00:00.000Z,2026-03-31T00:00:00.000Z,execution_output_score,73,100,index,true
KPI-0059233,E-0398,financial_modeling,2026-01-01T00:00:00.000Z,2026-03-31T00:00:00.000Z,financial_modeling_output_score,66.8,100,index,true
KPI-0059241,E-0398,execution,2026-04-01T00:00:00.000Z,2026-06-30T00:00:00.000Z,execution_output_score,73.9,100,index,true
KPI-0059243,E-0398,financial_modeling,2026-04-01T00:00:00.000Z,2026-06-30T00:00:00.000Z,financial_modeling_output_score,69.2,100,index,true
KPI-0059265,E-0398,financial_modeling,2026-07-01T00:00:00.000Z,2026-09-29T00:00:00.000Z,financial_modeling_output_score,67.8,100,index,true
KPI-0059297,E-0399,talent_assessment,2024-10-01T00:00:00.000Z,2024-12-31T00:00:00.000Z,talent_assessment_output_score,74.6,100,index,true
KPI-0059324,E-0399,execution,2025-01-01T00:00:00.000Z,2025-03-31T00:00:00.000Z,execution_output_score,78.2,100,index,true
KPI-0059326,E-0399,talent_assessment,2025-01-01T00:00:00.000Z,2025-03-31T00:00:00.000Z,talent_assessment_output_score,72.7,100,index,true
KPI-0059342,E-0399,talent_assessment,2025-04-01T00:00:00.000Z,2025-06-30T00:00:00.000Z,talent_assessment_output_score,87.3,100,index,true
KPI-0059371,E-0399,execution,2025-07-01T00:00:00.000Z,2025-09-30T00:00:00.000Z,execution_output_score,74.9,100,index,true
KPI-0059373,E-0399,talent_assessment,2025-07-01T00:00:00.000Z,2025-09-30T00:00:00.000Z,talent_assessment_output_score,76.2,100,index,true
KPI-0059392,E-0399,execution,2025-10-01T00:00:00.000Z,2025-12-31T00:00:00.000Z,execution_output_score,85.2,100,index,true
KPI-0059394,E-0399,talent_assessment,2025-10-01T00:00:00.000Z,2025-12-31T00:00:00.000Z,talent_assessment_output_score,74.5,100,index,true
KPI-0059412,E-0399,execution,2026-01-01T00:00:00.000Z,2026-03-31T00:00:00.000Z,execution_output_score,95.3,100,index,true
KPI-0059414,E-0399,talent_assessment,2026-01-01T00:00:00.000Z,2026-03-31T00:00:00.000Z,talent_assessment_output_score,83.6,100,index,true
KPI-0059426,E-0399,execution,2026-04-01T00:00:00.000Z,2026-06-30T00:00:00.000Z,execution_output_score,92.3,100,index,true
KPI-0059428,E-0399,talent_assessment,2026-04-01T00:00:00.000Z,2026-06-30T00:00:00.000Z,talent_assessment_output_score,80.1,100,index,true
KPI-0059449,E-0399,execution,2026-07-01T00:00:00.000Z,2026-09-29T00:00:00.000Z,execution_output_score,92.1,100,index,true
KPI-0059451,E-0399,talent_assessment,2026-07-01T00:00:00.000Z,2026-09-29T00:00:00.000Z,talent_assessment_output_score,82.3,100,index,true
KPI-0059474,E-0400,customer_resolution,2024-10-01T00:00:00.000Z,2024-12-31T00:00:00.000Z,customer_resolution_output_score,73.1,100,index,true
KPI-0059494,E-0400,customer_resolution,2025-01-01T00:00:00.000Z,2025-03-31T00:00:00.000Z,customer_resolution_output_score,61.8,100,index,true
KPI-0059505,E-0400,customer_resolution,2025-04-01T00:00:00.000Z,2025-06-30T00:00:00.000Z,customer_resolution_output_score,71.1,100,index,true
KPI-0059519,E-0400,customer_resolution,2025-07-01T00:00:00.000Z,2025-09-30T00:00:00.000Z,customer_resolution_output_score,67.6,100,index,true
KPI-0059528,E-0400,customer_resolution,2025-10-01T00:00:00.000Z,2025-12-31T00:00:00.000Z,customer_resolution_output_score,70.6,100,index,true
KPI-0059554,E-0400,customer_resolution,2026-01-01T00:00:00.000Z,2026-03-31T00:00:00.000Z,customer_resolution_output_score,71.7,100,index,true
KPI-0059609,E-0401,execution,2024-10-01T00:00:00.000Z,2024-12-31T00:00:00.000Z,execution_output_score,70.5,100,index,true
KPI-0059611,E-0401,system_design,2024-10-01T00:00:00.000Z,2024-12-31T00:00:00.000Z,system_design_output_score,67.3,100,index,true
KPI-0059636,E-0401,execution,2025-01-01T00:00:00.000Z,2025-03-31T00:00:00.000Z,execution_output_score,76.3,100,index,true
KPI-0059638,E-0401,system_design,2025-01-01T00:00:00.000Z,2025-03-31T00:00:00.000Z,system_design_output_score,72.2,100,index,true
KPI-0059644,E-0401,execution,2025-04-01T00:00:00.000Z,2025-06-30T00:00:00.000Z,execution_output_score,79.5,100,index,true
KPI-0059646,E-0401,system_design,2025-04-01T00:00:00.000Z,2025-06-30T00:00:00.000Z,system_design_output_score,69.5,100,index,true
KPI-0059661,E-0401,execution,2025-07-01T00:00:00.000Z,2025-09-30T00:00:00.000Z,execution_output_score,80.5,100,index,true
KPI-0059663,E-0401,system_design,2025-07-01T00:00:00.000Z,2025-09-30T00:00:00.000Z,system_design_output_score,70.4,100,index,true
KPI-0059681,E-0401,execution,2025-10-01T00:00:00.000Z,2025-12-31T00:00:00.000Z,execution_output_score,96.3,100,index,true
KPI-0059683,E-0401,system_design,2025-10-01T00:00:00.000Z,2025-12-31T00:00:00.000Z,system_design_output_score,83.3,100,index,true
KPI-0059702,E-0401,execution,2026-01-01T00:00:00.000Z,2026-03-31T00:00:00.000Z,execution_output_score,107.2,100,index,true
KPI-0059717,E-0401,execution,2026-04-01T00:00:00.000Z,2026-06-30T00:00:00.000Z,execution_output_score,100.3,100,index,true
KPI-0059738,E-0401,execution,2026-07-01T00:00:00.000Z,2026-09-29T00:00:00.000Z,execution_output_score,113.4,100,index,true
KPI-0059740,E-0401,system_design,2026-07-01T00:00:00.000Z,2026-09-29T00:00:00.000Z,system_design_output_score,93,100,index,true
KPI-0059769,E-0402,execution,2024-10-01T00:00:00.000Z,2024-12-31T00:00:00.000Z,execution_output_score,76.7,100,index,true
KPI-0059771,E-0402,pipeline_mgmt,2024-10-01T00:00:00.000Z,2024-12-31T00:00:00.000Z,pipeline_mgmt_output_score,71.1,100,index,true
KPI-0059785,E-0402,pipeline_mgmt,2025-01-01T00:00:00.000Z,2025-03-31T00:00:00.000Z,pipeline_mgmt_output_score,76.6,100,index,true
KPI-0059837,E-0402,execution,2025-10-01T00:00:00.000Z,2025-12-31T00:00:00.000Z,execution_output_score,68.4,100,index,true
KPI-0059859,E-0402,execution,2026-04-01T00:00:00.000Z,2026-06-30T00:00:00.000Z,execution_output_score,67.8,100,index,true
KPI-0059897,E-0403,execution,2024-10-01T00:00:00.000Z,2024-12-31T00:00:00.000Z,execution_output_score,72,100,index,true
KPI-0059899,E-0403,campaign_strategy,2024-10-01T00:00:00.000Z,2024-12-31T00:00:00.000Z,campaign_strategy_output_score,68,100,index,true
KPI-0059925,E-0403,execution,2025-01-01T00:00:00.000Z,2025-03-31T00:00:00.000Z,execution_output_score,68.3,100,index,true
KPI-0059927,E-0403,campaign_strategy,2025-01-01T00:00:00.000Z,2025-03-31T00:00:00.000Z,campaign_strategy_output_score,74.9,100,index,true
KPI-0059943,E-0403,execution,2025-04-01T00:00:00.000Z,2025-06-30T00:00:00.000Z,execution_output_score,73.5,100,index,true
KPI-0059945,E-0403,campaign_strategy,2025-04-01T00:00:00.000Z,2025-06-30T00:00:00.000Z,campaign_strategy_output_score,65.5,100,index,true
KPI-0059962,E-0403,execution,2025-07-01T00:00:00.000Z,2025-09-30T00:00:00.000Z,execution_output_score,77.5,100,index,true
KPI-0059964,E-0403,campaign_strategy,2025-07-01T00:00:00.000Z,2025-09-30T00:00:00.000Z,campaign_strategy_output_score,72.3,100,index,true
KPI-0059997,E-0403,execution,2026-01-01T00:00:00.000Z,2026-03-31T00:00:00.000Z,execution_output_score,65.3,100,index,true
KPI-0059999,E-0403,campaign_strategy,2026-01-01T00:00:00.000Z,2026-03-31T00:00:00.000Z,campaign_strategy_output_score,71.2,100,index,true
KPI-0060012,E-0403,execution,2026-04-01T00:00:00.000Z,2026-06-30T00:00:00.000Z,execution_output_score,70.4,100,index,true
KPI-0060030,E-0403,campaign_strategy,2026-07-01T00:00:00.000Z,2026-09-29T00:00:00.000Z,campaign_strategy_output_score,77.1,100,index,true
KPI-0060051,E-0404,execution,2024-10-01T00:00:00.000Z,2024-12-31T00:00:00.000Z,execution_output_score,101.9,100,index,true
KPI-0060053,E-0404,roadmap_prioritization,2024-10-01T00:00:00.000Z,2024-12-31T00:00:00.000Z,roadmap_prioritization_output_score,74.5,100,index,true
KPI-0060076,E-0404,execution,2025-01-01T00:00:00.000Z,2025-03-31T00:00:00.000Z,execution_output_score,93.5,100,index,true
KPI-0060078,E-0404,roadmap_prioritization,2025-01-01T00:00:00.000Z,2025-03-31T00:00:00.000Z,roadmap_prioritization_output_score,71.8,100,index,true
KPI-0060090,E-0404,execution,2025-04-01T00:00:00.000Z,2025-06-30T00:00:00.000Z,execution_output_score,90.8,100,index,true
KPI-0060092,E-0404,roadmap_prioritization,2025-04-01T00:00:00.000Z,2025-06-30T00:00:00.000Z,roadmap_prioritization_output_score,72.1,100,index,true
KPI-0060117,E-0404,roadmap_prioritization,2025-07-01T00:00:00.000Z,2025-09-30T00:00:00.000Z,roadmap_prioritization_output_score,72.8,100,index,true
KPI-0060136,E-0404,execution,2025-10-01T00:00:00.000Z,2025-12-31T00:00:00.000Z,execution_output_score,83,100,index,true
KPI-0060158,E-0404,roadmap_prioritization,2026-01-01T00:00:00.000Z,2026-03-31T00:00:00.000Z,roadmap_prioritization_output_score,75.5,100,index,true
KPI-0060164,E-0404,roadmap_prioritization,2026-04-01T00:00:00.000Z,2026-06-30T00:00:00.000Z,roadmap_prioritization_output_score,87.6,100,index,true
KPI-0060194,E-0405,execution,2024-10-01T00:00:00.000Z,2024-12-31T00:00:00.000Z,execution_output_score,67.3,100,index,true
KPI-0060196,E-0405,visual_craft,2024-10-01T00:00:00.000Z,2024-12-31T00:00:00.000Z,visual_craft_output_score,63.9,100,index,true
KPI-0060213,E-0405,execution,2025-01-01T00:00:00.000Z,2025-03-31T00:00:00.000Z,execution_output_score,71.1,100,index,true
KPI-0060215,E-0405,visual_craft,2025-01-01T00:00:00.000Z,2025-03-31T00:00:00.000Z,visual_craft_output_score,67.4,100,index,true
KPI-0060231,E-0405,execution,2025-04-01T00:00:00.000Z,2025-06-30T00:00:00.000Z,execution_output_score,77.4,100,index,true
KPI-0060233,E-0405,visual_craft,2025-04-01T00:00:00.000Z,2025-06-30T00:00:00.000Z,visual_craft_output_score,68,100,index,true
KPI-0060250,E-0405,execution,2025-07-01T00:00:00.000Z,2025-09-30T00:00:00.000Z,execution_output_score,85.7,100,index,true
KPI-0060252,E-0405,visual_craft,2025-07-01T00:00:00.000Z,2025-09-30T00:00:00.000Z,visual_craft_output_score,66.3,100,index,true
KPI-0060265,E-0405,execution,2025-10-01T00:00:00.000Z,2025-12-31T00:00:00.000Z,execution_output_score,77.4,100,index,true
KPI-0060267,E-0405,visual_craft,2025-10-01T00:00:00.000Z,2025-12-31T00:00:00.000Z,visual_craft_output_score,66.4,100,index,true
KPI-0060294,E-0405,execution,2026-01-01T00:00:00.000Z,2026-03-31T00:00:00.000Z,execution_output_score,91.2,100,index,true
KPI-0060296,E-0405,visual_craft,2026-01-01T00:00:00.000Z,2026-03-31T00:00:00.000Z,visual_craft_output_score,70.2,100,index,true
KPI-0060305,E-0405,execution,2026-04-01T00:00:00.000Z,2026-06-30T00:00:00.000Z,execution_output_score,96,100,index,true
KPI-0060307,E-0405,visual_craft,2026-04-01T00:00:00.000Z,2026-06-30T00:00:00.000Z,visual_craft_output_score,72.7,100,index,true
KPI-0060321,E-0405,execution,2026-07-01T00:00:00.000Z,2026-09-29T00:00:00.000Z,execution_output_score,104.1,100,index,true
KPI-0060323,E-0405,visual_craft,2026-07-01T00:00:00.000Z,2026-09-29T00:00:00.000Z,visual_craft_output_score,65.4,100,index,true
KPI-0060349,E-0406,execution,2024-10-01T00:00:00.000Z,2024-12-31T00:00:00.000Z,execution_output_score,107.4,100,index,true
KPI-0060351,E-0406,financial_modeling,2024-10-01T00:00:00.000Z,2024-12-31T00:00:00.000Z,financial_modeling_output_score,94,100,index,true
KPI-0060370,E-0406,execution,2025-01-01T00:00:00.000Z,2025-03-31T00:00:00.000Z,execution_output_score,109.1,100,index,true
KPI-0060372,E-0406,financial_modeling,2025-01-01T00:00:00.000Z,2025-03-31T00:00:00.000Z,financial_modeling_output_score,92.8,100,index,true
KPI-0060394,E-0406,execution,2025-07-01T00:00:00.000Z,2025-09-30T00:00:00.000Z,execution_output_score,114.3,100,index,true
KPI-0060418,E-0407,execution,2024-10-01T00:00:00.000Z,2024-12-31T00:00:00.000Z,execution_output_score,78.4,100,index,true
KPI-0060420,E-0407,talent_assessment,2024-10-01T00:00:00.000Z,2024-12-31T00:00:00.000Z,talent_assessment_output_score,54.9,100,index,true
KPI-0060436,E-0407,execution,2025-01-01T00:00:00.000Z,2025-03-31T00:00:00.000Z,execution_output_score,79.2,100,index,true
KPI-0060438,E-0407,talent_assessment,2025-01-01T00:00:00.000Z,2025-03-31T00:00:00.000Z,talent_assessment_output_score,60.3,100,index,true
KPI-0060446,E-0407,execution,2025-04-01T00:00:00.000Z,2025-06-30T00:00:00.000Z,execution_output_score,76.3,100,index,true
KPI-0060448,E-0407,talent_assessment,2025-04-01T00:00:00.000Z,2025-06-30T00:00:00.000Z,talent_assessment_output_score,66.9,100,index,true
KPI-0060474,E-0407,execution,2025-07-01T00:00:00.000Z,2025-09-30T00:00:00.000Z,execution_output_score,89.6,100,index,true
KPI-0060486,E-0407,execution,2025-10-01T00:00:00.000Z,2025-12-31T00:00:00.000Z,execution_output_score,86.2,100,index,true
KPI-0060488,E-0407,talent_assessment,2025-10-01T00:00:00.000Z,2025-12-31T00:00:00.000Z,talent_assessment_output_score,88.4,100,index,true
KPI-0060506,E-0407,execution,2026-01-01T00:00:00.000Z,2026-03-31T00:00:00.000Z,execution_output_score,77.7,100,index,true
KPI-0060508,E-0407,talent_assessment,2026-01-01T00:00:00.000Z,2026-03-31T00:00:00.000Z,talent_assessment_output_score,87.9,100,index,true
KPI-0060520,E-0407,execution,2026-04-01T00:00:00.000Z,2026-06-30T00:00:00.000Z,execution_output_score,85.6,100,index,true
KPI-0060522,E-0407,talent_assessment,2026-04-01T00:00:00.000Z,2026-06-30T00:00:00.000Z,talent_assessment_output_score,91.5,100,index,true
KPI-0060544,E-0407,execution,2026-07-01T00:00:00.000Z,2026-09-29T00:00:00.000Z,execution_output_score,87.4,100,index,true
KPI-0060569,E-0408,execution,2024-10-01T00:00:00.000Z,2024-12-31T00:00:00.000Z,execution_output_score,64.2,100,index,true
KPI-0060571,E-0408,customer_resolution,2024-10-01T00:00:00.000Z,2024-12-31T00:00:00.000Z,customer_resolution_output_score,91.5,100,index,true
KPI-0060589,E-0408,execution,2025-01-01T00:00:00.000Z,2025-03-31T00:00:00.000Z,execution_output_score,69,100,index,true
KPI-0060591,E-0408,customer_resolution,2025-01-01T00:00:00.000Z,2025-03-31T00:00:00.000Z,customer_resolution_output_score,88.1,100,index,true
KPI-0060603,E-0408,customer_resolution,2025-04-01T00:00:00.000Z,2025-06-30T00:00:00.000Z,customer_resolution_output_score,98.3,100,index,true
KPI-0060624,E-0408,execution,2025-07-01T00:00:00.000Z,2025-09-30T00:00:00.000Z,execution_output_score,78.7,100,index,true
KPI-0060626,E-0408,customer_resolution,2025-07-01T00:00:00.000Z,2025-09-30T00:00:00.000Z,customer_resolution_output_score,90.6,100,index,true
KPI-0060638,E-0408,customer_resolution,2025-10-01T00:00:00.000Z,2025-12-31T00:00:00.000Z,customer_resolution_output_score,91.5,100,index,true
KPI-0060667,E-0408,customer_resolution,2026-01-01T00:00:00.000Z,2026-03-31T00:00:00.000Z,customer_resolution_output_score,97.6,100,index,true
KPI-0060672,E-0408,execution,2026-04-01T00:00:00.000Z,2026-06-30T00:00:00.000Z,execution_output_score,85.3,100,index,true
KPI-0060674,E-0408,customer_resolution,2026-04-01T00:00:00.000Z,2026-06-30T00:00:00.000Z,customer_resolution_output_score,95.9,100,index,true
KPI-0060699,E-0408,customer_resolution,2026-07-01T00:00:00.000Z,2026-09-29T00:00:00.000Z,customer_resolution_output_score,93.8,100,index,true
KPI-0060735,E-0409,execution,2025-01-01T00:00:00.000Z,2025-03-31T00:00:00.000Z,execution_output_score,89.6,100,index,true
KPI-0060737,E-0409,system_design,2025-01-01T00:00:00.000Z,2025-03-31T00:00:00.000Z,system_design_output_score,79.3,100,index,true
KPI-0060749,E-0409,execution,2025-04-01T00:00:00.000Z,2025-06-30T00:00:00.000Z,execution_output_score,85.8,100,index,true
KPI-0060751,E-0409,system_design,2025-04-01T00:00:00.000Z,2025-06-30T00:00:00.000Z,system_design_output_score,84.3,100,index,true
KPI-0060765,E-0409,execution,2025-07-01T00:00:00.000Z,2025-09-30T00:00:00.000Z,execution_output_score,95.6,100,index,true
KPI-0060767,E-0409,system_design,2025-07-01T00:00:00.000Z,2025-09-30T00:00:00.000Z,system_design_output_score,81.7,100,index,true
KPI-0060782,E-0409,system_design,2025-10-01T00:00:00.000Z,2025-12-31T00:00:00.000Z,system_design_output_score,87.4,100,index,true
KPI-0060798,E-0409,system_design,2026-01-01T00:00:00.000Z,2026-03-31T00:00:00.000Z,system_design_output_score,91.2,100,index,true
KPI-0060807,E-0409,system_design,2026-04-01T00:00:00.000Z,2026-06-30T00:00:00.000Z,system_design_output_score,95.6,100,index,true
KPI-0060822,E-0409,system_design,2026-07-01T00:00:00.000Z,2026-09-29T00:00:00.000Z,system_design_output_score,103.7,100,index,true
KPI-0060851,E-0410,execution,2024-10-01T00:00:00.000Z,2024-12-31T00:00:00.000Z,execution_output_score,63.4,100,index,true
KPI-0060853,E-0410,pipeline_mgmt,2024-10-01T00:00:00.000Z,2024-12-31T00:00:00.000Z,pipeline_mgmt_output_score,73.9,100,index,true
KPI-0060870,E-0410,pipeline_mgmt,2025-01-01T00:00:00.000Z,2025-03-31T00:00:00.000Z,pipeline_mgmt_output_score,67.4,100,index,true
KPI-0060886,E-0410,execution,2025-04-01T00:00:00.000Z,2025-06-30T00:00:00.000Z,execution_output_score,71.6,100,index,true
KPI-0060888,E-0410,pipeline_mgmt,2025-04-01T00:00:00.000Z,2025-06-30T00:00:00.000Z,pipeline_mgmt_output_score,61.3,100,index,true
KPI-0060910,E-0410,execution,2025-07-01T00:00:00.000Z,2025-09-30T00:00:00.000Z,execution_output_score,85.4,100,index,true
KPI-0060912,E-0410,pipeline_mgmt,2025-07-01T00:00:00.000Z,2025-09-30T00:00:00.000Z,pipeline_mgmt_output_score,77.3,100,index,true
KPI-0060928,E-0410,execution,2025-10-01T00:00:00.000Z,2025-12-31T00:00:00.000Z,execution_output_score,88.6,100,index,true
KPI-0060950,E-0410,execution,2026-01-01T00:00:00.000Z,2026-03-31T00:00:00.000Z,execution_output_score,91.8,100,index,true
KPI-0060962,E-0410,execution,2026-04-01T00:00:00.000Z,2026-06-30T00:00:00.000Z,execution_output_score,101.7,100,index,true
KPI-0060964,E-0410,pipeline_mgmt,2026-04-01T00:00:00.000Z,2026-06-30T00:00:00.000Z,pipeline_mgmt_output_score,87.4,100,index,true
KPI-0060990,E-0410,pipeline_mgmt,2026-07-01T00:00:00.000Z,2026-09-29T00:00:00.000Z,pipeline_mgmt_output_score,98.5,100,index,true
KPI-0061007,E-0411,campaign_strategy,2024-10-01T00:00:00.000Z,2024-12-31T00:00:00.000Z,campaign_strategy_output_score,68.1,100,index,true
KPI-0061029,E-0411,execution,2025-01-01T00:00:00.000Z,2025-03-31T00:00:00.000Z,execution_output_score,65,100,index,true
KPI-0061031,E-0411,campaign_strategy,2025-01-01T00:00:00.000Z,2025-03-31T00:00:00.000Z,campaign_strategy_output_score,75.9,100,index,true
KPI-0061037,E-0411,execution,2025-04-01T00:00:00.000Z,2025-06-30T00:00:00.000Z,execution_output_score,73.2,100,index,true
KPI-0061039,E-0411,campaign_strategy,2025-04-01T00:00:00.000Z,2025-06-30T00:00:00.000Z,campaign_strategy_output_score,76.8,100,index,true
KPI-0061058,E-0411,execution,2025-07-01T00:00:00.000Z,2025-09-30T00:00:00.000Z,execution_output_score,77.5,100,index,true
KPI-0061060,E-0411,campaign_strategy,2025-07-01T00:00:00.000Z,2025-09-30T00:00:00.000Z,campaign_strategy_output_score,65.2,100,index,true
KPI-0061069,E-0411,execution,2025-10-01T00:00:00.000Z,2025-12-31T00:00:00.000Z,execution_output_score,69.7,100,index,true
KPI-0061071,E-0411,campaign_strategy,2025-10-01T00:00:00.000Z,2025-12-31T00:00:00.000Z,campaign_strategy_output_score,69.2,100,index,true
KPI-0061095,E-0411,execution,2026-01-01T00:00:00.000Z,2026-03-31T00:00:00.000Z,execution_output_score,65.6,100,index,true
KPI-0061097,E-0411,campaign_strategy,2026-01-01T00:00:00.000Z,2026-03-31T00:00:00.000Z,campaign_strategy_output_score,66.1,100,index,true
KPI-0061102,E-0411,execution,2026-04-01T00:00:00.000Z,2026-06-30T00:00:00.000Z,execution_output_score,69.3,100,index,true
KPI-0061122,E-0411,execution,2026-07-01T00:00:00.000Z,2026-09-29T00:00:00.000Z,execution_output_score,75.2,100,index,true
KPI-0061124,E-0411,campaign_strategy,2026-07-01T00:00:00.000Z,2026-09-29T00:00:00.000Z,campaign_strategy_output_score,58,100,index,true
KPI-0061148,E-0412,execution,2024-10-01T00:00:00.000Z,2024-12-31T00:00:00.000Z,execution_output_score,72.2,100,index,true
KPI-0061174,E-0412,execution,2025-01-01T00:00:00.000Z,2025-03-31T00:00:00.000Z,execution_output_score,71.3,100,index,true
KPI-0061176,E-0412,roadmap_prioritization,2025-01-01T00:00:00.000Z,2025-03-31T00:00:00.000Z,roadmap_prioritization_output_score,86.3,100,index,true
KPI-0061185,E-0412,execution,2025-04-01T00:00:00.000Z,2025-06-30T00:00:00.000Z,execution_output_score,78.7,100,index,true
KPI-0061209,E-0412,execution,2025-07-01T00:00:00.000Z,2025-09-30T00:00:00.000Z,execution_output_score,75.5,100,index,true
KPI-0061211,E-0412,roadmap_prioritization,2025-07-01T00:00:00.000Z,2025-09-30T00:00:00.000Z,roadmap_prioritization_output_score,73.8,100,index,true
KPI-0061219,E-0412,execution,2025-10-01T00:00:00.000Z,2025-12-31T00:00:00.000Z,execution_output_score,60.2,100,index,true
KPI-0061221,E-0412,roadmap_prioritization,2025-10-01T00:00:00.000Z,2025-12-31T00:00:00.000Z,roadmap_prioritization_output_score,66.4,100,index,true
KPI-0061244,E-0412,execution,2026-01-01T00:00:00.000Z,2026-03-31T00:00:00.000Z,execution_output_score,71,100,index,true
KPI-0061246,E-0412,roadmap_prioritization,2026-01-01T00:00:00.000Z,2026-03-31T00:00:00.000Z,roadmap_prioritization_output_score,79.5,100,index,true
KPI-0061254,E-0412,roadmap_prioritization,2026-04-01T00:00:00.000Z,2026-06-30T00:00:00.000Z,roadmap_prioritization_output_score,84.8,100,index,true
KPI-0061266,E-0412,execution,2026-07-01T00:00:00.000Z,2026-09-29T00:00:00.000Z,execution_output_score,65.7,100,index,true
KPI-0061268,E-0412,roadmap_prioritization,2026-07-01T00:00:00.000Z,2026-09-29T00:00:00.000Z,roadmap_prioritization_output_score,92.7,100,index,true
KPI-0061292,E-0413,execution,2024-10-01T00:00:00.000Z,2024-12-31T00:00:00.000Z,execution_output_score,72.4,100,index,true
KPI-0061316,E-0413,execution,2025-01-01T00:00:00.000Z,2025-03-31T00:00:00.000Z,execution_output_score,74.9,100,index,true
KPI-0061344,E-0413,execution,2025-07-01T00:00:00.000Z,2025-09-30T00:00:00.000Z,execution_output_score,81.4,100,index,true
KPI-0061357,E-0413,execution,2025-10-01T00:00:00.000Z,2025-12-31T00:00:00.000Z,execution_output_score,89.8,100,index,true
KPI-0061375,E-0413,execution,2026-01-01T00:00:00.000Z,2026-03-31T00:00:00.000Z,execution_output_score,79,100,index,true
KPI-0061377,E-0413,visual_craft,2026-01-01T00:00:00.000Z,2026-03-31T00:00:00.000Z,visual_craft_output_score,66.3,100,index,true
KPI-0061386,E-0413,visual_craft,2026-04-01T00:00:00.000Z,2026-06-30T00:00:00.000Z,visual_craft_output_score,79.5,100,index,true
KPI-0061408,E-0413,execution,2026-07-01T00:00:00.000Z,2026-09-29T00:00:00.000Z,execution_output_score,94.3,100,index,true
KPI-0061410,E-0413,visual_craft,2026-07-01T00:00:00.000Z,2026-09-29T00:00:00.000Z,visual_craft_output_score,66.4,100,index,true
KPI-0061439,E-0414,execution,2024-10-01T00:00:00.000Z,2024-12-31T00:00:00.000Z,execution_output_score,65,100,index,true
KPI-0061441,E-0414,financial_modeling,2024-10-01T00:00:00.000Z,2024-12-31T00:00:00.000Z,financial_modeling_output_score,66.5,100,index,true
KPI-0061467,E-0414,execution,2025-01-01T00:00:00.000Z,2025-03-31T00:00:00.000Z,execution_output_score,75.1,100,index,true
KPI-0061469,E-0414,financial_modeling,2025-01-01T00:00:00.000Z,2025-03-31T00:00:00.000Z,financial_modeling_output_score,82.1,100,index,true
KPI-0061488,E-0414,execution,2025-04-01T00:00:00.000Z,2025-06-30T00:00:00.000Z,execution_output_score,65,100,index,true
KPI-0061490,E-0414,financial_modeling,2025-04-01T00:00:00.000Z,2025-06-30T00:00:00.000Z,financial_modeling_output_score,73.9,100,index,true
KPI-0061500,E-0414,execution,2025-07-01T00:00:00.000Z,2025-09-30T00:00:00.000Z,execution_output_score,67,100,index,true
KPI-0061512,E-0414,execution,2025-10-01T00:00:00.000Z,2025-12-31T00:00:00.000Z,execution_output_score,77.5,100,index,true
KPI-0061540,E-0414,execution,2026-01-01T00:00:00.000Z,2026-03-31T00:00:00.000Z,execution_output_score,72.7,100,index,true
KPI-0061582,E-0414,execution,2026-07-01T00:00:00.000Z,2026-09-29T00:00:00.000Z,execution_output_score,82,100,index,true
KPI-0061615,E-0415,execution,2024-10-01T00:00:00.000Z,2024-12-31T00:00:00.000Z,execution_output_score,66.2,100,index,true
KPI-0061637,E-0415,execution,2025-01-01T00:00:00.000Z,2025-03-31T00:00:00.000Z,execution_output_score,71.5,100,index,true
KPI-0061658,E-0415,execution,2025-07-01T00:00:00.000Z,2025-09-30T00:00:00.000Z,execution_output_score,69.3,100,index,true
KPI-0061660,E-0415,execution,2025-10-01T00:00:00.000Z,2025-12-31T00:00:00.000Z,execution_output_score,77.6,100,index,true
KPI-0061678,E-0415,execution,2026-01-01T00:00:00.000Z,2026-03-31T00:00:00.000Z,execution_output_score,80,100,index,true
KPI-0061683,E-0415,execution,2026-04-01T00:00:00.000Z,2026-06-30T00:00:00.000Z,execution_output_score,85.9,100,index,true
KPI-0061724,E-0416,execution,2024-10-01T00:00:00.000Z,2024-12-31T00:00:00.000Z,execution_output_score,81.1,100,index,true
KPI-0061726,E-0416,customer_resolution,2024-10-01T00:00:00.000Z,2024-12-31T00:00:00.000Z,customer_resolution_output_score,79.2,100,index,true
KPI-0061738,E-0416,execution,2025-01-01T00:00:00.000Z,2025-03-31T00:00:00.000Z,execution_output_score,71.5,100,index,true
KPI-0061757,E-0416,execution,2025-04-01T00:00:00.000Z,2025-06-30T00:00:00.000Z,execution_output_score,73,100,index,true
KPI-0061759,E-0416,customer_resolution,2025-04-01T00:00:00.000Z,2025-06-30T00:00:00.000Z,customer_resolution_output_score,75.1,100,index,true
KPI-0061784,E-0416,execution,2025-07-01T00:00:00.000Z,2025-09-30T00:00:00.000Z,execution_output_score,73.8,100,index,true
KPI-0061796,E-0416,execution,2025-10-01T00:00:00.000Z,2025-12-31T00:00:00.000Z,execution_output_score,73.3,100,index,true
KPI-0061824,E-0416,execution,2026-01-01T00:00:00.000Z,2026-03-31T00:00:00.000Z,execution_output_score,72.3,100,index,true
KPI-0061837,E-0416,execution,2026-04-01T00:00:00.000Z,2026-06-30T00:00:00.000Z,execution_output_score,84.1,100,index,true
KPI-0061839,E-0416,customer_resolution,2026-04-01T00:00:00.000Z,2026-06-30T00:00:00.000Z,customer_resolution_output_score,77.7,100,index,true
KPI-0061855,E-0416,execution,2026-07-01T00:00:00.000Z,2026-09-29T00:00:00.000Z,execution_output_score,74.9,100,index,true
KPI-0061857,E-0416,customer_resolution,2026-07-01T00:00:00.000Z,2026-09-29T00:00:00.000Z,customer_resolution_output_score,77.1,100,index,true
KPI-0061883,E-0417,execution,2024-10-01T00:00:00.000Z,2024-12-31T00:00:00.000Z,execution_output_score,92.1,100,index,true
KPI-0061885,E-0417,system_design,2024-10-01T00:00:00.000Z,2024-12-31T00:00:00.000Z,system_design_output_score,93.6,100,index,true
KPI-0061905,E-0417,execution,2025-01-01T00:00:00.000Z,2025-03-31T00:00:00.000Z,execution_output_score,99.8,100,index,true
KPI-0061907,E-0417,system_design,2025-01-01T00:00:00.000Z,2025-03-31T00:00:00.000Z,system_design_output_score,90.2,100,index,true
KPI-0061912,E-0417,execution,2025-04-01T00:00:00.000Z,2025-06-30T00:00:00.000Z,execution_output_score,98.9,100,index,true
KPI-0061931,E-0417,execution,2025-07-01T00:00:00.000Z,2025-09-30T00:00:00.000Z,execution_output_score,103.5,100,index,true
KPI-0061933,E-0417,system_design,2025-07-01T00:00:00.000Z,2025-09-30T00:00:00.000Z,system_design_output_score,85.3,100,index,true
KPI-0061941,E-0417,execution,2025-10-01T00:00:00.000Z,2025-12-31T00:00:00.000Z,execution_output_score,102.3,100,index,true
KPI-0061966,E-0417,execution,2026-01-01T00:00:00.000Z,2026-03-31T00:00:00.000Z,execution_output_score,106.1,100,index,true
KPI-0061968,E-0417,system_design,2026-01-01T00:00:00.000Z,2026-03-31T00:00:00.000Z,system_design_output_score,74.8,100,index,true
KPI-0061977,E-0417,system_design,2026-04-01T00:00:00.000Z,2026-06-30T00:00:00.000Z,system_design_output_score,91.1,100,index,true
KPI-0061992,E-0417,execution,2026-07-01T00:00:00.000Z,2026-09-29T00:00:00.000Z,execution_output_score,101,100,index,true
KPI-0062026,E-0418,execution,2025-01-01T00:00:00.000Z,2025-03-31T00:00:00.000Z,execution_output_score,61.8,100,index,true
KPI-0062028,E-0418,pipeline_mgmt,2025-01-01T00:00:00.000Z,2025-03-31T00:00:00.000Z,pipeline_mgmt_output_score,81.9,100,index,true
KPI-0062040,E-0418,execution,2025-04-01T00:00:00.000Z,2025-06-30T00:00:00.000Z,execution_output_score,55.6,100,index,true
KPI-0062042,E-0418,pipeline_mgmt,2025-04-01T00:00:00.000Z,2025-06-30T00:00:00.000Z,pipeline_mgmt_output_score,73.4,100,index,true
KPI-0062057,E-0418,execution,2025-07-01T00:00:00.000Z,2025-09-30T00:00:00.000Z,execution_output_score,58.1,100,index,true
KPI-0062059,E-0418,pipeline_mgmt,2025-07-01T00:00:00.000Z,2025-09-30T00:00:00.000Z,pipeline_mgmt_output_score,64.4,100,index,true
KPI-0062092,E-0418,execution,2026-01-01T00:00:00.000Z,2026-03-31T00:00:00.000Z,execution_output_score,74.9,100,index,true
KPI-0062108,E-0418,pipeline_mgmt,2026-04-01T00:00:00.000Z,2026-06-30T00:00:00.000Z,pipeline_mgmt_output_score,92.1,100,index,true
KPI-0062134,E-0418,execution,2026-07-01T00:00:00.000Z,2026-09-29T00:00:00.000Z,execution_output_score,93.9,100,index,true
KPI-0062136,E-0418,pipeline_mgmt,2026-07-01T00:00:00.000Z,2026-09-29T00:00:00.000Z,pipeline_mgmt_output_score,88.1,100,index,true
KPI-0062154,E-0419,execution,2024-10-01T00:00:00.000Z,2024-12-31T00:00:00.000Z,execution_output_score,76.4,100,index,true
KPI-0062156,E-0419,campaign_strategy,2024-10-01T00:00:00.000Z,2024-12-31T00:00:00.000Z,campaign_strategy_output_score,64.6,100,index,true
KPI-0062174,E-0419,campaign_strategy,2025-01-01T00:00:00.000Z,2025-03-31T00:00:00.000Z,campaign_strategy_output_score,60.4,100,index,true
KPI-0062182,E-0419,campaign_strategy,2025-04-01T00:00:00.000Z,2025-06-30T00:00:00.000Z,campaign_strategy_output_score,58.8,100,index,true
KPI-0062210,E-0419,execution,2025-07-01T00:00:00.000Z,2025-09-30T00:00:00.000Z,execution_output_score,67.8,100,index,true
KPI-0062212,E-0419,campaign_strategy,2025-07-01T00:00:00.000Z,2025-09-30T00:00:00.000Z,campaign_strategy_output_score,59.7,100,index,true
KPI-0062221,E-0419,campaign_strategy,2025-10-01T00:00:00.000Z,2025-12-31T00:00:00.000Z,campaign_strategy_output_score,72.4,100,index,true
KPI-0062252,E-0419,execution,2026-01-01T00:00:00.000Z,2026-03-31T00:00:00.000Z,execution_output_score,72.1,100,index,true
KPI-0062264,E-0419,execution,2026-04-01T00:00:00.000Z,2026-06-30T00:00:00.000Z,execution_output_score,86,100,index,true
KPI-0062266,E-0419,campaign_strategy,2026-04-01T00:00:00.000Z,2026-06-30T00:00:00.000Z,campaign_strategy_output_score,85.5,100,index,true
KPI-0062284,E-0419,campaign_strategy,2026-07-01T00:00:00.000Z,2026-09-29T00:00:00.000Z,campaign_strategy_output_score,91.6,100,index,true
KPI-0062302,E-0420,execution,2024-10-01T00:00:00.000Z,2024-12-31T00:00:00.000Z,execution_output_score,67,100,index,true
KPI-0062304,E-0420,roadmap_prioritization,2024-10-01T00:00:00.000Z,2024-12-31T00:00:00.000Z,roadmap_prioritization_output_score,106.2,100,index,true
KPI-0062345,E-0420,execution,2025-04-01T00:00:00.000Z,2025-06-30T00:00:00.000Z,execution_output_score,69.9,100,index,true
KPI-0062347,E-0420,roadmap_prioritization,2025-04-01T00:00:00.000Z,2025-06-30T00:00:00.000Z,roadmap_prioritization_output_score,100.5,100,index,true
KPI-0062373,E-0420,execution,2025-07-01T00:00:00.000Z,2025-09-30T00:00:00.000Z,execution_output_score,65.5,100,index,true
KPI-0062375,E-0420,roadmap_prioritization,2025-07-01T00:00:00.000Z,2025-09-30T00:00:00.000Z,roadmap_prioritization_output_score,98.9,100,index,true
KPI-0062394,E-0420,execution,2025-10-01T00:00:00.000Z,2025-12-31T00:00:00.000Z,execution_output_score,62,100,index,true
KPI-0062396,E-0420,roadmap_prioritization,2025-10-01T00:00:00.000Z,2025-12-31T00:00:00.000Z,roadmap_prioritization_output_score,82.2,100,index,true
KPI-0062419,E-0420,execution,2026-01-01T00:00:00.000Z,2026-03-31T00:00:00.000Z,execution_output_score,70.2,100,index,true
KPI-0062421,E-0420,roadmap_prioritization,2026-01-01T00:00:00.000Z,2026-03-31T00:00:00.000Z,roadmap_prioritization_output_score,80.1,100,index,true
KPI-0062429,E-0420,roadmap_prioritization,2026-04-01T00:00:00.000Z,2026-06-30T00:00:00.000Z,roadmap_prioritization_output_score,86,100,index,true
KPI-0062453,E-0420,execution,2026-07-01T00:00:00.000Z,2026-09-29T00:00:00.000Z,execution_output_score,78.7,100,index,true
KPI-0062455,E-0420,roadmap_prioritization,2026-07-01T00:00:00.000Z,2026-09-29T00:00:00.000Z,roadmap_prioritization_output_score,85.8,100,index,true
KPI-0062483,E-0421,execution,2024-10-01T00:00:00.000Z,2024-12-31T00:00:00.000Z,execution_output_score,77,100,index,true
KPI-0062485,E-0421,visual_craft,2024-10-01T00:00:00.000Z,2024-12-31T00:00:00.000Z,visual_craft_output_score,115.4,100,index,true
KPI-0062504,E-0421,execution,2025-01-01T00:00:00.000Z,2025-03-31T00:00:00.000Z,execution_output_score,81.6,100,index,true
KPI-0062506,E-0421,visual_craft,2025-01-01T00:00:00.000Z,2025-03-31T00:00:00.000Z,visual_craft_output_score,102.3,100,index,true
KPI-0062512,E-0421,execution,2025-04-01T00:00:00.000Z,2025-06-30T00:00:00.000Z,execution_output_score,86.8,100,index,true
KPI-0062514,E-0421,visual_craft,2025-04-01T00:00:00.000Z,2025-06-30T00:00:00.000Z,visual_craft_output_score,102.2,100,index,true
KPI-0062541,E-0421,execution,2025-07-01T00:00:00.000Z,2025-09-30T00:00:00.000Z,execution_output_score,92.1,100,index,true
KPI-0062543,E-0421,visual_craft,2025-07-01T00:00:00.000Z,2025-09-30T00:00:00.000Z,visual_craft_output_score,104.6,100,index,true
KPI-0062545,E-0421,execution,2025-10-01T00:00:00.000Z,2025-12-31T00:00:00.000Z,execution_output_score,99.9,100,index,true
KPI-0062547,E-0421,visual_craft,2025-10-01T00:00:00.000Z,2025-12-31T00:00:00.000Z,visual_craft_output_score,92.7,100,index,true
KPI-0062559,E-0421,execution,2026-01-01T00:00:00.000Z,2026-03-31T00:00:00.000Z,execution_output_score,99.9,100,index,true
KPI-0062561,E-0421,visual_craft,2026-01-01T00:00:00.000Z,2026-03-31T00:00:00.000Z,visual_craft_output_score,84.3,100,index,true
KPI-0062566,E-0421,execution,2026-04-01T00:00:00.000Z,2026-06-30T00:00:00.000Z,execution_output_score,104.6,100,index,true
KPI-0062589,E-0421,execution,2026-07-01T00:00:00.000Z,2026-09-29T00:00:00.000Z,execution_output_score,110.7,100,index,true
KPI-0062591,E-0421,visual_craft,2026-07-01T00:00:00.000Z,2026-09-29T00:00:00.000Z,visual_craft_output_score,73.7,100,index,true
KPI-0062614,E-0422,execution,2024-10-01T00:00:00.000Z,2024-12-31T00:00:00.000Z,execution_output_score,77.6,100,index,true
KPI-0062616,E-0422,financial_modeling,2024-10-01T00:00:00.000Z,2024-12-31T00:00:00.000Z,financial_modeling_output_score,103.1,100,index,true
KPI-0062632,E-0422,execution,2025-01-01T00:00:00.000Z,2025-03-31T00:00:00.000Z,execution_output_score,78.9,100,index,true
KPI-0062651,E-0422,execution,2025-04-01T00:00:00.000Z,2025-06-30T00:00:00.000Z,execution_output_score,77.7,100,index,true
KPI-0062653,E-0422,financial_modeling,2025-04-01T00:00:00.000Z,2025-06-30T00:00:00.000Z,financial_modeling_output_score,93.7,100,index,true
KPI-0062669,E-0422,execution,2025-07-01T00:00:00.000Z,2025-09-30T00:00:00.000Z,execution_output_score,87.1,100,index,true
KPI-0062671,E-0422,financial_modeling,2025-07-01T00:00:00.000Z,2025-09-30T00:00:00.000Z,financial_modeling_output_score,86.2,100,index,true
KPI-0062714,E-0422,financial_modeling,2026-01-01T00:00:00.000Z,2026-03-31T00:00:00.000Z,financial_modeling_output_score,80.8,100,index,true
KPI-0062748,E-0422,execution,2026-07-01T00:00:00.000Z,2026-09-29T00:00:00.000Z,execution_output_score,81.4,100,index,true
KPI-0062750,E-0422,financial_modeling,2026-07-01T00:00:00.000Z,2026-09-29T00:00:00.000Z,financial_modeling_output_score,77.5,100,index,true
KPI-0062779,E-0423,talent_assessment,2024-10-01T00:00:00.000Z,2024-12-31T00:00:00.000Z,talent_assessment_output_score,65.7,100,index,true
KPI-0062807,E-0423,execution,2025-01-01T00:00:00.000Z,2025-03-31T00:00:00.000Z,execution_output_score,72,100,index,true
KPI-0062826,E-0423,execution,2025-04-01T00:00:00.000Z,2025-06-30T00:00:00.000Z,execution_output_score,74.5,100,index,true
KPI-0062828,E-0423,talent_assessment,2025-04-01T00:00:00.000Z,2025-06-30T00:00:00.000Z,talent_assessment_output_score,73,100,index,true
KPI-0062847,E-0423,execution,2025-07-01T00:00:00.000Z,2025-09-30T00:00:00.000Z,execution_output_score,81.5,100,index,true
KPI-0062849,E-0423,talent_assessment,2025-07-01T00:00:00.000Z,2025-09-30T00:00:00.000Z,talent_assessment_output_score,75,100,index,true
KPI-0062868,E-0423,execution,2025-10-01T00:00:00.000Z,2025-12-31T00:00:00.000Z,execution_output_score,68.9,100,index,true
KPI-0062870,E-0423,talent_assessment,2025-10-01T00:00:00.000Z,2025-12-31T00:00:00.000Z,talent_assessment_output_score,77.3,100,index,true
KPI-0062892,E-0423,execution,2026-01-01T00:00:00.000Z,2026-03-31T00:00:00.000Z,execution_output_score,66.2,100,index,true
KPI-0062894,E-0423,talent_assessment,2026-01-01T00:00:00.000Z,2026-03-31T00:00:00.000Z,talent_assessment_output_score,81.9,100,index,true
KPI-0062896,E-0423,execution,2026-04-01T00:00:00.000Z,2026-06-30T00:00:00.000Z,execution_output_score,80.4,100,index,true
KPI-0062918,E-0423,execution,2026-07-01T00:00:00.000Z,2026-09-29T00:00:00.000Z,execution_output_score,71,100,index,true
KPI-0062920,E-0423,talent_assessment,2026-07-01T00:00:00.000Z,2026-09-29T00:00:00.000Z,talent_assessment_output_score,71.4,100,index,true
KPI-0062947,E-0424,execution,2024-10-01T00:00:00.000Z,2024-12-31T00:00:00.000Z,execution_output_score,71.4,100,index,true
KPI-0062949,E-0424,customer_resolution,2024-10-01T00:00:00.000Z,2024-12-31T00:00:00.000Z,customer_resolution_output_score,76.4,100,index,true
KPI-0062969,E-0424,execution,2025-01-01T00:00:00.000Z,2025-03-31T00:00:00.000Z,execution_output_score,77.1,100,index,true
KPI-0062971,E-0424,customer_resolution,2025-01-01T00:00:00.000Z,2025-03-31T00:00:00.000Z,customer_resolution_output_score,83.3,100,index,true
KPI-0062986,E-0424,execution,2025-04-01T00:00:00.000Z,2025-06-30T00:00:00.000Z,execution_output_score,80.3,100,index,true
KPI-0062988,E-0424,customer_resolution,2025-04-01T00:00:00.000Z,2025-06-30T00:00:00.000Z,customer_resolution_output_score,76.9,100,index,true
KPI-0063012,E-0424,execution,2025-07-01T00:00:00.000Z,2025-09-30T00:00:00.000Z,execution_output_score,63.5,100,index,true
KPI-0063014,E-0424,customer_resolution,2025-07-01T00:00:00.000Z,2025-09-30T00:00:00.000Z,customer_resolution_output_score,84,100,index,true
KPI-0063023,E-0424,execution,2025-10-01T00:00:00.000Z,2025-12-31T00:00:00.000Z,execution_output_score,75.8,100,index,true
KPI-0063025,E-0424,customer_resolution,2025-10-01T00:00:00.000Z,2025-12-31T00:00:00.000Z,customer_resolution_output_score,83.4,100,index,true
KPI-0063056,E-0424,execution,2026-01-01T00:00:00.000Z,2026-03-31T00:00:00.000Z,execution_output_score,76.9,100,index,true
KPI-0063065,E-0424,execution,2026-04-01T00:00:00.000Z,2026-06-30T00:00:00.000Z,execution_output_score,76.7,100,index,true
KPI-0063094,E-0424,execution,2026-07-01T00:00:00.000Z,2026-09-29T00:00:00.000Z,execution_output_score,67.9,100,index,true
KPI-0063119,E-0425,system_design,2024-10-01T00:00:00.000Z,2024-12-31T00:00:00.000Z,system_design_output_score,54.1,100,index,true
KPI-0063141,E-0425,execution,2025-01-01T00:00:00.000Z,2025-03-31T00:00:00.000Z,execution_output_score,77.7,100,index,true
KPI-0063143,E-0425,system_design,2025-01-01T00:00:00.000Z,2025-03-31T00:00:00.000Z,system_design_output_score,80.6,100,index,true
KPI-0063145,E-0425,execution,2025-04-01T00:00:00.000Z,2025-06-30T00:00:00.000Z,execution_output_score,78,100,index,true
KPI-0063147,E-0425,system_design,2025-04-01T00:00:00.000Z,2025-06-30T00:00:00.000Z,system_design_output_score,71.1,100,index,true
KPI-0063172,E-0425,execution,2025-07-01T00:00:00.000Z,2025-09-30T00:00:00.000Z,execution_output_score,92.2,100,index,true
KPI-0063174,E-0425,system_design,2025-07-01T00:00:00.000Z,2025-09-30T00:00:00.000Z,system_design_output_score,70.4,100,index,true
KPI-0063183,E-0425,execution,2025-10-01T00:00:00.000Z,2025-12-31T00:00:00.000Z,execution_output_score,89.2,100,index,true
KPI-0063185,E-0425,system_design,2025-10-01T00:00:00.000Z,2025-12-31T00:00:00.000Z,system_design_output_score,74.8,100,index,true
KPI-0063205,E-0425,execution,2026-01-01T00:00:00.000Z,2026-03-31T00:00:00.000Z,execution_output_score,92.9,100,index,true
KPI-0063207,E-0425,system_design,2026-01-01T00:00:00.000Z,2026-03-31T00:00:00.000Z,system_design_output_score,79.5,100,index,true
KPI-0063219,E-0425,execution,2026-04-01T00:00:00.000Z,2026-06-30T00:00:00.000Z,execution_output_score,94,100,index,true
KPI-0063221,E-0425,system_design,2026-04-01T00:00:00.000Z,2026-06-30T00:00:00.000Z,system_design_output_score,90.8,100,index,true
KPI-0063245,E-0425,execution,2026-07-01T00:00:00.000Z,2026-09-29T00:00:00.000Z,execution_output_score,99.1,100,index,true
KPI-0063247,E-0425,system_design,2026-07-01T00:00:00.000Z,2026-09-29T00:00:00.000Z,system_design_output_score,95,100,index,true
KPI-0063273,E-0426,pipeline_mgmt,2024-10-01T00:00:00.000Z,2024-12-31T00:00:00.000Z,pipeline_mgmt_output_score,103.4,100,index,true
KPI-0063288,E-0426,execution,2025-01-01T00:00:00.000Z,2025-03-31T00:00:00.000Z,execution_output_score,64.7,100,index,true
KPI-0063290,E-0426,pipeline_mgmt,2025-01-01T00:00:00.000Z,2025-03-31T00:00:00.000Z,pipeline_mgmt_output_score,106.2,100,index,true
KPI-0063303,E-0426,pipeline_mgmt,2025-04-01T00:00:00.000Z,2025-06-30T00:00:00.000Z,pipeline_mgmt_output_score,103.6,100,index,true
KPI-0063324,E-0426,execution,2025-07-01T00:00:00.000Z,2025-09-30T00:00:00.000Z,execution_output_score,64.2,100,index,true
KPI-0063326,E-0426,pipeline_mgmt,2025-07-01T00:00:00.000Z,2025-09-30T00:00:00.000Z,pipeline_mgmt_output_score,94.3,100,index,true
KPI-0063332,E-0426,execution,2025-10-01T00:00:00.000Z,2025-12-31T00:00:00.000Z,execution_output_score,74.7,100,index,true
KPI-0063334,E-0426,pipeline_mgmt,2025-10-01T00:00:00.000Z,2025-12-31T00:00:00.000Z,pipeline_mgmt_output_score,87.5,100,index,true
KPI-0063363,E-0426,execution,2026-01-01T00:00:00.000Z,2026-03-31T00:00:00.000Z,execution_output_score,69.5,100,index,true
KPI-0063365,E-0426,pipeline_mgmt,2026-01-01T00:00:00.000Z,2026-03-31T00:00:00.000Z,pipeline_mgmt_output_score,77.8,100,index,true
KPI-0063371,E-0426,execution,2026-04-01T00:00:00.000Z,2026-06-30T00:00:00.000Z,execution_output_score,62.6,100,index,true
KPI-0063373,E-0426,pipeline_mgmt,2026-04-01T00:00:00.000Z,2026-06-30T00:00:00.000Z,pipeline_mgmt_output_score,73.2,100,index,true
KPI-0063399,E-0426,execution,2026-07-01T00:00:00.000Z,2026-09-29T00:00:00.000Z,execution_output_score,71.5,100,index,true
KPI-0063401,E-0426,pipeline_mgmt,2026-07-01T00:00:00.000Z,2026-09-29T00:00:00.000Z,pipeline_mgmt_output_score,77.7,100,index,true
KPI-0063425,E-0427,execution,2024-10-01T00:00:00.000Z,2024-12-31T00:00:00.000Z,execution_output_score,73.8,100,index,true
KPI-0063427,E-0427,campaign_strategy,2024-10-01T00:00:00.000Z,2024-12-31T00:00:00.000Z,campaign_strategy_output_score,65.5,100,index,true
KPI-0063441,E-0427,execution,2025-01-01T00:00:00.000Z,2025-03-31T00:00:00.000Z,execution_output_score,69,100,index,true
KPI-0063443,E-0427,campaign_strategy,2025-01-01T00:00:00.000Z,2025-03-31T00:00:00.000Z,campaign_strategy_output_score,70.9,100,index,true
KPI-0063455,E-0427,execution,2025-04-01T00:00:00.000Z,2025-06-30T00:00:00.000Z,execution_output_score,75.8,100,index,true
KPI-0063457,E-0427,campaign_strategy,2025-04-01T00:00:00.000Z,2025-06-30T00:00:00.000Z,campaign_strategy_output_score,65.7,100,index,true
KPI-0063475,E-0427,execution,2025-07-01T00:00:00.000Z,2025-09-30T00:00:00.000Z,execution_output_score,81.2,100,index,true
KPI-0063477,E-0427,campaign_strategy,2025-07-01T00:00:00.000Z,2025-09-30T00:00:00.000Z,campaign_strategy_output_score,76.4,100,index,true
KPI-0063486,E-0427,execution,2025-10-01T00:00:00.000Z,2025-12-31T00:00:00.000Z,execution_output_score,80.2,100,index,true
KPI-0063488,E-0427,campaign_strategy,2025-10-01T00:00:00.000Z,2025-12-31T00:00:00.000Z,campaign_strategy_output_score,84.2,100,index,true
KPI-0063503,E-0427,execution,2026-01-01T00:00:00.000Z,2026-03-31T00:00:00.000Z,execution_output_score,84,100,index,true
KPI-0063505,E-0427,campaign_strategy,2026-01-01T00:00:00.000Z,2026-03-31T00:00:00.000Z,campaign_strategy_output_score,85,100,index,true
KPI-0063511,E-0427,execution,2026-04-01T00:00:00.000Z,2026-06-30T00:00:00.000Z,execution_output_score,99.4,100,index,true
KPI-0063513,E-0427,campaign_strategy,2026-04-01T00:00:00.000Z,2026-06-30T00:00:00.000Z,campaign_strategy_output_score,92.3,100,index,true
KPI-0063536,E-0427,execution,2026-07-01T00:00:00.000Z,2026-09-29T00:00:00.000Z,execution_output_score,102.3,100,index,true
KPI-0063538,E-0427,campaign_strategy,2026-07-01T00:00:00.000Z,2026-09-29T00:00:00.000Z,campaign_strategy_output_score,95.3,100,index,true
KPI-0063570,E-0428,roadmap_prioritization,2024-10-01T00:00:00.000Z,2024-12-31T00:00:00.000Z,roadmap_prioritization_output_score,64.9,100,index,true
KPI-0063589,E-0428,execution,2025-01-01T00:00:00.000Z,2025-03-31T00:00:00.000Z,execution_output_score,68.8,100,index,true
KPI-0063591,E-0428,roadmap_prioritization,2025-01-01T00:00:00.000Z,2025-03-31T00:00:00.000Z,roadmap_prioritization_output_score,74,100,index,true
KPI-0063607,E-0428,execution,2025-04-01T00:00:00.000Z,2025-06-30T00:00:00.000Z,execution_output_score,71.6,100,index,true
KPI-0063609,E-0428,roadmap_prioritization,2025-04-01T00:00:00.000Z,2025-06-30T00:00:00.000Z,roadmap_prioritization_output_score,73.5,100,index,true
KPI-0063626,E-0428,execution,2025-07-01T00:00:00.000Z,2025-09-30T00:00:00.000Z,execution_output_score,74,100,index,true
KPI-0063628,E-0428,roadmap_prioritization,2025-07-01T00:00:00.000Z,2025-09-30T00:00:00.000Z,roadmap_prioritization_output_score,77.4,100,index,true
KPI-0063647,E-0428,execution,2025-10-01T00:00:00.000Z,2025-12-31T00:00:00.000Z,execution_output_score,88,100,index,true
KPI-0063649,E-0428,roadmap_prioritization,2025-10-01T00:00:00.000Z,2025-12-31T00:00:00.000Z,roadmap_prioritization_output_score,76.2,100,index,true
KPI-0063678,E-0428,execution,2026-01-01T00:00:00.000Z,2026-03-31T00:00:00.000Z,execution_output_score,90.2,100,index,true
KPI-0063690,E-0428,roadmap_prioritization,2026-04-01T00:00:00.000Z,2026-06-30T00:00:00.000Z,roadmap_prioritization_output_score,90.6,100,index,true
KPI-0063716,E-0428,execution,2026-07-01T00:00:00.000Z,2026-09-29T00:00:00.000Z,execution_output_score,103.6,100,index,true
KPI-0063718,E-0428,roadmap_prioritization,2026-07-01T00:00:00.000Z,2026-09-29T00:00:00.000Z,roadmap_prioritization_output_score,96.9,100,index,true
KPI-0063728,E-0429,execution,2024-10-01T00:00:00.000Z,2024-12-31T00:00:00.000Z,execution_output_score,88.7,100,index,true
KPI-0063730,E-0429,visual_craft,2024-10-01T00:00:00.000Z,2024-12-31T00:00:00.000Z,visual_craft_output_score,92.2,100,index,true
KPI-0063747,E-0429,execution,2025-01-01T00:00:00.000Z,2025-03-31T00:00:00.000Z,execution_output_score,85.1,100,index,true
KPI-0063749,E-0429,visual_craft,2025-01-01T00:00:00.000Z,2025-03-31T00:00:00.000Z,visual_craft_output_score,91.8,100,index,true
KPI-0063762,E-0429,execution,2025-04-01T00:00:00.000Z,2025-06-30T00:00:00.000Z,execution_output_score,82.5,100,index,true
KPI-0063764,E-0429,visual_craft,2025-04-01T00:00:00.000Z,2025-06-30T00:00:00.000Z,visual_craft_output_score,94.2,100,index,true
KPI-0063809,E-0429,execution,2025-10-01T00:00:00.000Z,2025-12-31T00:00:00.000Z,execution_output_score,91.2,100,index,true
KPI-0063811,E-0429,visual_craft,2025-10-01T00:00:00.000Z,2025-12-31T00:00:00.000Z,visual_craft_output_score,88.1,100,index,true
KPI-0063829,E-0429,visual_craft,2026-01-01T00:00:00.000Z,2026-03-31T00:00:00.000Z,visual_craft_output_score,83.9,100,index,true
KPI-0063841,E-0429,execution,2026-04-01T00:00:00.000Z,2026-06-30T00:00:00.000Z,execution_output_score,86.5,100,index,true
KPI-0063843,E-0429,visual_craft,2026-04-01T00:00:00.000Z,2026-06-30T00:00:00.000Z,visual_craft_output_score,89.5,100,index,true
KPI-0063890,E-0430,execution,2024-10-01T00:00:00.000Z,2024-12-31T00:00:00.000Z,execution_output_score,78.8,100,index,true
KPI-0063892,E-0430,financial_modeling,2024-10-01T00:00:00.000Z,2024-12-31T00:00:00.000Z,financial_modeling_output_score,65.2,100,index,true
KPI-0063916,E-0430,execution,2025-01-01T00:00:00.000Z,2025-03-31T00:00:00.000Z,execution_output_score,74.6,100,index,true
KPI-0063918,E-0430,financial_modeling,2025-01-01T00:00:00.000Z,2025-03-31T00:00:00.000Z,financial_modeling_output_score,65.4,100,index,true
KPI-0063931,E-0430,execution,2025-04-01T00:00:00.000Z,2025-06-30T00:00:00.000Z,execution_output_score,71.5,100,index,true
KPI-0063933,E-0430,financial_modeling,2025-04-01T00:00:00.000Z,2025-06-30T00:00:00.000Z,financial_modeling_output_score,74.5,100,index,true
KPI-0063957,E-0430,execution,2025-07-01T00:00:00.000Z,2025-09-30T00:00:00.000Z,execution_output_score,75.5,100,index,true
KPI-0063959,E-0430,financial_modeling,2025-07-01T00:00:00.000Z,2025-09-30T00:00:00.000Z,financial_modeling_output_score,78.4,100,index,true
KPI-0063968,E-0430,financial_modeling,2025-10-01T00:00:00.000Z,2025-12-31T00:00:00.000Z,financial_modeling_output_score,79.7,100,index,true
KPI-0063992,E-0430,execution,2026-01-01T00:00:00.000Z,2026-03-31T00:00:00.000Z,execution_output_score,65,100,index,true
KPI-0064007,E-0430,execution,2026-04-01T00:00:00.000Z,2026-06-30T00:00:00.000Z,execution_output_score,74.9,100,index,true
KPI-0064009,E-0430,financial_modeling,2026-04-01T00:00:00.000Z,2026-06-30T00:00:00.000Z,financial_modeling_output_score,89.1,100,index,true
KPI-0064034,E-0430,execution,2026-07-01T00:00:00.000Z,2026-09-29T00:00:00.000Z,execution_output_score,68.8,100,index,true
KPI-0064036,E-0430,financial_modeling,2026-07-01T00:00:00.000Z,2026-09-29T00:00:00.000Z,financial_modeling_output_score,100.4,100,index,true
KPI-0064070,E-0431,execution,2024-10-01T00:00:00.000Z,2024-12-31T00:00:00.000Z,execution_output_score,70.2,100,index,true
KPI-0064072,E-0431,talent_assessment,2024-10-01T00:00:00.000Z,2024-12-31T00:00:00.000Z,talent_assessment_output_score,92.4,100,index,true
KPI-0064088,E-0431,execution,2025-01-01T00:00:00.000Z,2025-03-31T00:00:00.000Z,execution_output_score,85.2,100,index,true
KPI-0064090,E-0431,talent_assessment,2025-01-01T00:00:00.000Z,2025-03-31T00:00:00.000Z,talent_assessment_output_score,86.4,100,index,true
KPI-0064106,E-0431,execution,2025-04-01T00:00:00.000Z,2025-06-30T00:00:00.000Z,execution_output_score,81.3,100,index,true
KPI-0064131,E-0431,execution,2025-07-01T00:00:00.000Z,2025-09-30T00:00:00.000Z,execution_output_score,95.5,100,index,true
KPI-0064133,E-0431,talent_assessment,2025-07-01T00:00:00.000Z,2025-09-30T00:00:00.000Z,talent_assessment_output_score,89.4,100,index,true
KPI-0064145,E-0431,talent_assessment,2025-10-01T00:00:00.000Z,2025-12-31T00:00:00.000Z,talent_assessment_output_score,88.9,100,index,true
KPI-0064169,E-0431,execution,2026-01-01T00:00:00.000Z,2026-03-31T00:00:00.000Z,execution_output_score,107.5,100,index,true
KPI-0064171,E-0431,talent_assessment,2026-01-01T00:00:00.000Z,2026-03-31T00:00:00.000Z,talent_assessment_output_score,88.1,100,index,true
KPI-0064187,E-0431,execution,2026-04-01T00:00:00.000Z,2026-06-30T00:00:00.000Z,execution_output_score,95.4,100,index,true
KPI-0064189,E-0431,talent_assessment,2026-04-01T00:00:00.000Z,2026-06-30T00:00:00.000Z,talent_assessment_output_score,95.6,100,index,true
KPI-0064238,E-0432,execution,2024-10-01T00:00:00.000Z,2024-12-31T00:00:00.000Z,execution_output_score,73.2,100,index,true
KPI-0064240,E-0432,customer_resolution,2024-10-01T00:00:00.000Z,2024-12-31T00:00:00.000Z,customer_resolution_output_score,63.8,100,index,true
KPI-0064250,E-0432,execution,2025-01-01T00:00:00.000Z,2025-03-31T00:00:00.000Z,execution_output_score,59,100,index,true
KPI-0064252,E-0432,customer_resolution,2025-01-01T00:00:00.000Z,2025-03-31T00:00:00.000Z,customer_resolution_output_score,65,100,index,true
KPI-0064257,E-0432,execution,2025-04-01T00:00:00.000Z,2025-06-30T00:00:00.000Z,execution_output_score,77.1,100,index,true
KPI-0064259,E-0432,customer_resolution,2025-04-01T00:00:00.000Z,2025-06-30T00:00:00.000Z,customer_resolution_output_score,69.8,100,index,true
KPI-0064274,E-0432,execution,2025-07-01T00:00:00.000Z,2025-09-30T00:00:00.000Z,execution_output_score,68.4,100,index,true
KPI-0064279,E-0432,execution,2025-10-01T00:00:00.000Z,2025-12-31T00:00:00.000Z,execution_output_score,77.5,100,index,true
KPI-0064281,E-0432,customer_resolution,2025-10-01T00:00:00.000Z,2025-12-31T00:00:00.000Z,customer_resolution_output_score,80.8,100,index,true
KPI-0064296,E-0432,customer_resolution,2026-01-01T00:00:00.000Z,2026-03-31T00:00:00.000Z,customer_resolution_output_score,90.7,100,index,true
KPI-0064298,E-0432,execution,2026-04-01T00:00:00.000Z,2026-06-30T00:00:00.000Z,execution_output_score,85.4,100,index,true
KPI-0064300,E-0432,customer_resolution,2026-04-01T00:00:00.000Z,2026-06-30T00:00:00.000Z,customer_resolution_output_score,90.5,100,index,true
KPI-0064312,E-0432,execution,2026-07-01T00:00:00.000Z,2026-09-29T00:00:00.000Z,execution_output_score,97.9,100,index,true
KPI-0064314,E-0432,customer_resolution,2026-07-01T00:00:00.000Z,2026-09-29T00:00:00.000Z,customer_resolution_output_score,91.1,100,index,true
KPI-0064332,E-0433,execution,2024-10-01T00:00:00.000Z,2024-12-31T00:00:00.000Z,execution_output_score,92,100,index,true
KPI-0064334,E-0433,system_design,2024-10-01T00:00:00.000Z,2024-12-31T00:00:00.000Z,system_design_output_score,65.6,100,index,true
KPI-0064347,E-0433,execution,2025-01-01T00:00:00.000Z,2025-03-31T00:00:00.000Z,execution_output_score,93.5,100,index,true
KPI-0064349,E-0433,system_design,2025-01-01T00:00:00.000Z,2025-03-31T00:00:00.000Z,system_design_output_score,64.6,100,index,true
KPI-0064365,E-0433,execution,2025-04-01T00:00:00.000Z,2025-06-30T00:00:00.000Z,execution_output_score,95.5,100,index,true
KPI-0064367,E-0433,system_design,2025-04-01T00:00:00.000Z,2025-06-30T00:00:00.000Z,system_design_output_score,71,100,index,true
KPI-0064404,E-0433,execution,2025-10-01T00:00:00.000Z,2025-12-31T00:00:00.000Z,execution_output_score,92.7,100,index,true
KPI-0064406,E-0433,system_design,2025-10-01T00:00:00.000Z,2025-12-31T00:00:00.000Z,system_design_output_score,83.4,100,index,true
KPI-0064423,E-0433,execution,2026-01-01T00:00:00.000Z,2026-03-31T00:00:00.000Z,execution_output_score,92.1,100,index,true
KPI-0064429,E-0433,system_design,2026-04-01T00:00:00.000Z,2026-06-30T00:00:00.000Z,system_design_output_score,89.1,100,index,true
KPI-0064450,E-0433,system_design,2026-07-01T00:00:00.000Z,2026-09-29T00:00:00.000Z,system_design_output_score,102,100,index,true
KPI-0064484,E-0434,execution,2024-10-01T00:00:00.000Z,2024-12-31T00:00:00.000Z,execution_output_score,70.9,100,index,true
KPI-0064486,E-0434,pipeline_mgmt,2024-10-01T00:00:00.000Z,2024-12-31T00:00:00.000Z,pipeline_mgmt_output_score,100.2,100,index,true
KPI-0064502,E-0434,execution,2025-01-01T00:00:00.000Z,2025-03-31T00:00:00.000Z,execution_output_score,73.6,100,index,true
KPI-0064511,E-0434,execution,2025-04-01T00:00:00.000Z,2025-06-30T00:00:00.000Z,execution_output_score,78,100,index,true
KPI-0064523,E-0434,execution,2025-07-01T00:00:00.000Z,2025-09-30T00:00:00.000Z,execution_output_score,81.7,100,index,true
KPI-0064525,E-0434,pipeline_mgmt,2025-07-01T00:00:00.000Z,2025-09-30T00:00:00.000Z,pipeline_mgmt_output_score,105.7,100,index,true
KPI-0064530,E-0434,pipeline_mgmt,2025-10-01T00:00:00.000Z,2025-12-31T00:00:00.000Z,pipeline_mgmt_output_score,105,100,index,true
KPI-0064557,E-0434,pipeline_mgmt,2026-01-01T00:00:00.000Z,2026-03-31T00:00:00.000Z,pipeline_mgmt_output_score,101.2,100,index,true
KPI-0064569,E-0434,execution,2026-04-01T00:00:00.000Z,2026-06-30T00:00:00.000Z,execution_output_score,88.3,100,index,true
KPI-0064571,E-0434,pipeline_mgmt,2026-04-01T00:00:00.000Z,2026-06-30T00:00:00.000Z,pipeline_mgmt_output_score,100.9,100,index,true
KPI-0064589,E-0434,execution,2026-07-01T00:00:00.000Z,2026-09-29T00:00:00.000Z,execution_output_score,103,100,index,true
KPI-0064591,E-0434,pipeline_mgmt,2026-07-01T00:00:00.000Z,2026-09-29T00:00:00.000Z,pipeline_mgmt_output_score,103.5,100,index,true
KPI-0064601,E-0435,execution,2024-10-01T00:00:00.000Z,2024-12-31T00:00:00.000Z,execution_output_score,74.9,100,index,true
KPI-0064603,E-0435,campaign_strategy,2024-10-01T00:00:00.000Z,2024-12-31T00:00:00.000Z,campaign_strategy_output_score,70.3,100,index,true
KPI-0064624,E-0435,execution,2025-01-01T00:00:00.000Z,2025-03-31T00:00:00.000Z,execution_output_score,63,100,index,true
KPI-0064626,E-0435,campaign_strategy,2025-01-01T00:00:00.000Z,2025-03-31T00:00:00.000Z,campaign_strategy_output_score,72.2,100,index,true
KPI-0064645,E-0435,execution,2025-04-01T00:00:00.000Z,2025-06-30T00:00:00.000Z,execution_output_score,71.4,100,index,true
KPI-0064672,E-0435,execution,2025-07-01T00:00:00.000Z,2025-09-30T00:00:00.000Z,execution_output_score,67,100,index,true
KPI-0064674,E-0435,campaign_strategy,2025-07-01T00:00:00.000Z,2025-09-30T00:00:00.000Z,campaign_strategy_output_score,70.9,100,index,true
KPI-0064683,E-0435,execution,2025-10-01T00:00:00.000Z,2025-12-31T00:00:00.000Z,execution_output_score,67.7,100,index,true
KPI-0064710,E-0435,execution,2026-01-01T00:00:00.000Z,2026-03-31T00:00:00.000Z,execution_output_score,70.2,100,index,true
KPI-0064712,E-0435,campaign_strategy,2026-01-01T00:00:00.000Z,2026-03-31T00:00:00.000Z,campaign_strategy_output_score,69.2,100,index,true
KPI-0064727,E-0435,execution,2026-04-01T00:00:00.000Z,2026-06-30T00:00:00.000Z,execution_output_score,76.4,100,index,true
KPI-0064729,E-0435,campaign_strategy,2026-04-01T00:00:00.000Z,2026-06-30T00:00:00.000Z,campaign_strategy_output_score,68.2,100,index,true
KPI-0064749,E-0435,campaign_strategy,2026-07-01T00:00:00.000Z,2026-09-29T00:00:00.000Z,campaign_strategy_output_score,69.5,100,index,true
KPI-0064769,E-0436,execution,2024-10-01T00:00:00.000Z,2024-12-31T00:00:00.000Z,execution_output_score,64.5,100,index,true
KPI-0064771,E-0436,roadmap_prioritization,2024-10-01T00:00:00.000Z,2024-12-31T00:00:00.000Z,roadmap_prioritization_output_score,100.5,100,index,true
KPI-0064792,E-0436,roadmap_prioritization,2025-01-01T00:00:00.000Z,2025-03-31T00:00:00.000Z,roadmap_prioritization_output_score,105.9,100,index,true
KPI-0064808,E-0436,execution,2025-04-01T00:00:00.000Z,2025-06-30T00:00:00.000Z,execution_output_score,74.7,100,index,true
KPI-0064810,E-0436,roadmap_prioritization,2025-04-01T00:00:00.000Z,2025-06-30T00:00:00.000Z,roadmap_prioritization_output_score,92.6,100,index,true
KPI-0064836,E-0436,execution,2025-07-01T00:00:00.000Z,2025-09-30T00:00:00.000Z,execution_output_score,74,100,index,true
KPI-0064838,E-0436,roadmap_prioritization,2025-07-01T00:00:00.000Z,2025-09-30T00:00:00.000Z,roadmap_prioritization_output_score,90.6,100,index,true
KPI-0064850,E-0436,execution,2025-10-01T00:00:00.000Z,2025-12-31T00:00:00.000Z,execution_output_score,70.7,100,index,true
KPI-0064879,E-0436,execution,2026-01-01T00:00:00.000Z,2026-03-31T00:00:00.000Z,execution_output_score,68.3,100,index,true
KPI-0064888,E-0436,execution,2026-04-01T00:00:00.000Z,2026-06-30T00:00:00.000Z,execution_output_score,63.7,100,index,true
KPI-0064906,E-0436,execution,2026-07-01T00:00:00.000Z,2026-09-29T00:00:00.000Z,execution_output_score,74.6,100,index,true
KPI-0064908,E-0436,roadmap_prioritization,2026-07-01T00:00:00.000Z,2026-09-29T00:00:00.000Z,roadmap_prioritization_output_score,76.1,100,index,true
KPI-0064932,E-0437,execution,2024-10-01T00:00:00.000Z,2024-12-31T00:00:00.000Z,execution_output_score,77.7,100,index,true
KPI-0064952,E-0437,execution,2025-01-01T00:00:00.000Z,2025-03-31T00:00:00.000Z,execution_output_score,80.5,100,index,true
KPI-0064954,E-0437,visual_craft,2025-01-01T00:00:00.000Z,2025-03-31T00:00:00.000Z,visual_craft_output_score,73,100,index,true
KPI-0064966,E-0437,execution,2025-04-01T00:00:00.000Z,2025-06-30T00:00:00.000Z,execution_output_score,82.4,100,index,true
KPI-0064968,E-0437,visual_craft,2025-04-01T00:00:00.000Z,2025-06-30T00:00:00.000Z,visual_craft_output_score,81.1,100,index,true
KPI-0064988,E-0437,execution,2025-07-01T00:00:00.000Z,2025-09-30T00:00:00.000Z,execution_output_score,82.3,100,index,true
KPI-0064990,E-0437,visual_craft,2025-07-01T00:00:00.000Z,2025-09-30T00:00:00.000Z,visual_craft_output_score,74.1,100,index,true
KPI-0065006,E-0437,execution,2025-10-01T00:00:00.000Z,2025-12-31T00:00:00.000Z,execution_output_score,85.8,100,index,true
KPI-0065008,E-0437,visual_craft,2025-10-01T00:00:00.000Z,2025-12-31T00:00:00.000Z,visual_craft_output_score,72.1,100,index,true
KPI-0065029,E-0437,execution,2026-01-01T00:00:00.000Z,2026-03-31T00:00:00.000Z,execution_output_score,91.2,100,index,true
KPI-0065048,E-0437,execution,2026-04-01T00:00:00.000Z,2026-06-30T00:00:00.000Z,execution_output_score,108.3,100,index,true
KPI-0065050,E-0437,visual_craft,2026-04-01T00:00:00.000Z,2026-06-30T00:00:00.000Z,visual_craft_output_score,65.1,100,index,true
KPI-0065058,E-0437,execution,2026-07-01T00:00:00.000Z,2026-09-29T00:00:00.000Z,execution_output_score,104.1,100,index,true
KPI-0065060,E-0437,visual_craft,2026-07-01T00:00:00.000Z,2026-09-29T00:00:00.000Z,visual_craft_output_score,67.3,100,index,true
KPI-0065084,E-0438,execution,2024-10-01T00:00:00.000Z,2024-12-31T00:00:00.000Z,execution_output_score,68.4,100,index,true
KPI-0065086,E-0438,financial_modeling,2024-10-01T00:00:00.000Z,2024-12-31T00:00:00.000Z,financial_modeling_output_score,71.8,100,index,true
KPI-0065104,E-0438,financial_modeling,2025-01-01T00:00:00.000Z,2025-03-31T00:00:00.000Z,financial_modeling_output_score,63.5,100,index,true
KPI-0065117,E-0438,execution,2025-04-01T00:00:00.000Z,2025-06-30T00:00:00.000Z,execution_output_score,62,100,index,true
KPI-0065141,E-0438,execution,2025-07-01T00:00:00.000Z,2025-09-30T00:00:00.000Z,execution_output_score,75.9,100,index,true
KPI-0065143,E-0438,financial_modeling,2025-07-01T00:00:00.000Z,2025-09-30T00:00:00.000Z,financial_modeling_output_score,74.9,100,index,true
KPI-0065155,E-0438,financial_modeling,2025-10-01T00:00:00.000Z,2025-12-31T00:00:00.000Z,financial_modeling_output_score,71.3,100,index,true
KPI-0065186,E-0438,execution,2026-01-01T00:00:00.000Z,2026-03-31T00:00:00.000Z,execution_output_score,65.9,100,index,true
KPI-0065188,E-0438,financial_modeling,2026-01-01T00:00:00.000Z,2026-03-31T00:00:00.000Z,financial_modeling_output_score,69.5,100,index,true
KPI-0065200,E-0438,financial_modeling,2026-04-01T00:00:00.000Z,2026-06-30T00:00:00.000Z,financial_modeling_output_score,76.7,100,index,true
KPI-0065219,E-0438,execution,2026-07-01T00:00:00.000Z,2026-09-29T00:00:00.000Z,execution_output_score,62.5,100,index,true
KPI-0065261,E-0439,execution,2024-10-01T00:00:00.000Z,2024-12-31T00:00:00.000Z,execution_output_score,77.6,100,index,true
KPI-0065286,E-0439,execution,2025-01-01T00:00:00.000Z,2025-03-31T00:00:00.000Z,execution_output_score,66.6,100,index,true
KPI-0065292,E-0439,execution,2025-04-01T00:00:00.000Z,2025-06-30T00:00:00.000Z,execution_output_score,72.1,100,index,true
KPI-0065308,E-0439,execution,2025-07-01T00:00:00.000Z,2025-09-30T00:00:00.000Z,execution_output_score,62.8,100,index,true
KPI-0065314,E-0439,execution,2025-10-01T00:00:00.000Z,2025-12-31T00:00:00.000Z,execution_output_score,66.1,100,index,true
KPI-0065350,E-0439,execution,2026-07-01T00:00:00.000Z,2026-09-29T00:00:00.000Z,execution_output_score,73.8,100,index,true
KPI-0065366,E-0440,customer_resolution,2024-10-01T00:00:00.000Z,2024-12-31T00:00:00.000Z,customer_resolution_output_score,71.3,100,index,true
KPI-0065390,E-0440,execution,2025-01-01T00:00:00.000Z,2025-03-31T00:00:00.000Z,execution_output_score,68.7,100,index,true
KPI-0065392,E-0440,customer_resolution,2025-01-01T00:00:00.000Z,2025-03-31T00:00:00.000Z,customer_resolution_output_score,64.6,100,index,true
KPI-0065401,E-0440,customer_resolution,2025-04-01T00:00:00.000Z,2025-06-30T00:00:00.000Z,customer_resolution_output_score,75.9,100,index,true
KPI-0065418,E-0440,execution,2025-07-01T00:00:00.000Z,2025-09-30T00:00:00.000Z,execution_output_score,69.7,100,index,true
KPI-0065454,E-0440,execution,2026-01-01T00:00:00.000Z,2026-03-31T00:00:00.000Z,execution_output_score,75,100,index,true
KPI-0065473,E-0440,execution,2026-04-01T00:00:00.000Z,2026-06-30T00:00:00.000Z,execution_output_score,75,100,index,true
KPI-0065475,E-0440,customer_resolution,2026-04-01T00:00:00.000Z,2026-06-30T00:00:00.000Z,customer_resolution_output_score,69.4,100,index,true
KPI-0065502,E-0440,execution,2026-07-01T00:00:00.000Z,2026-09-29T00:00:00.000Z,execution_output_score,70.6,100,index,true
KPI-0065525,E-0441,execution,2024-10-01T00:00:00.000Z,2024-12-31T00:00:00.000Z,execution_output_score,71.5,100,index,true
KPI-0065527,E-0441,system_design,2024-10-01T00:00:00.000Z,2024-12-31T00:00:00.000Z,system_design_output_score,66.2,100,index,true
KPI-0065554,E-0441,execution,2025-01-01T00:00:00.000Z,2025-03-31T00:00:00.000Z,execution_output_score,84,100,index,true
KPI-0065556,E-0441,system_design,2025-01-01T00:00:00.000Z,2025-03-31T00:00:00.000Z,system_design_output_score,68.3,100,index,true
KPI-0065565,E-0441,execution,2025-04-01T00:00:00.000Z,2025-06-30T00:00:00.000Z,execution_output_score,84.7,100,index,true
KPI-0065567,E-0441,system_design,2025-04-01T00:00:00.000Z,2025-06-30T00:00:00.000Z,system_design_output_score,66.6,100,index,true
KPI-0065592,E-0441,execution,2025-07-01T00:00:00.000Z,2025-09-30T00:00:00.000Z,execution_output_score,80.7,100,index,true
KPI-0065594,E-0441,system_design,2025-07-01T00:00:00.000Z,2025-09-30T00:00:00.000Z,system_design_output_score,61.5,100,index,true
KPI-0065600,E-0441,execution,2025-10-01T00:00:00.000Z,2025-12-31T00:00:00.000Z,execution_output_score,78.7,100,index,true
KPI-0065628,E-0441,system_design,2026-01-01T00:00:00.000Z,2026-03-31T00:00:00.000Z,system_design_output_score,78.6,100,index,true
KPI-0065637,E-0441,execution,2026-04-01T00:00:00.000Z,2026-06-30T00:00:00.000Z,execution_output_score,85,100,index,true
KPI-0065639,E-0441,system_design,2026-04-01T00:00:00.000Z,2026-06-30T00:00:00.000Z,system_design_output_score,85.9,100,index,true
KPI-0065664,E-0441,execution,2026-07-01T00:00:00.000Z,2026-09-29T00:00:00.000Z,execution_output_score,79.7,100,index,true
KPI-0065666,E-0441,system_design,2026-07-01T00:00:00.000Z,2026-09-29T00:00:00.000Z,system_design_output_score,90.9,100,index,true
KPI-0065694,E-0442,pipeline_mgmt,2024-10-01T00:00:00.000Z,2024-12-31T00:00:00.000Z,pipeline_mgmt_output_score,70.4,100,index,true
KPI-0065718,E-0442,execution,2025-01-01T00:00:00.000Z,2025-03-31T00:00:00.000Z,execution_output_score,95.1,100,index,true
KPI-0065720,E-0442,pipeline_mgmt,2025-01-01T00:00:00.000Z,2025-03-31T00:00:00.000Z,pipeline_mgmt_output_score,70.1,100,index,true
KPI-0065735,E-0442,execution,2025-04-01T00:00:00.000Z,2025-06-30T00:00:00.000Z,execution_output_score,96.7,100,index,true
KPI-0065750,E-0442,execution,2025-07-01T00:00:00.000Z,2025-09-30T00:00:00.000Z,execution_output_score,85.3,100,index,true
KPI-0065752,E-0442,pipeline_mgmt,2025-07-01T00:00:00.000Z,2025-09-30T00:00:00.000Z,pipeline_mgmt_output_score,90.4,100,index,true
KPI-0065768,E-0442,pipeline_mgmt,2025-10-01T00:00:00.000Z,2025-12-31T00:00:00.000Z,pipeline_mgmt_output_score,93.5,100,index,true
KPI-0065788,E-0442,execution,2026-01-01T00:00:00.000Z,2026-03-31T00:00:00.000Z,execution_output_score,74.6,100,index,true
KPI-0065790,E-0442,pipeline_mgmt,2026-01-01T00:00:00.000Z,2026-03-31T00:00:00.000Z,pipeline_mgmt_output_score,90.6,100,index,true
KPI-0065809,E-0442,pipeline_mgmt,2026-04-01T00:00:00.000Z,2026-06-30T00:00:00.000Z,pipeline_mgmt_output_score,107,100,index,true
KPI-0065829,E-0442,execution,2026-07-01T00:00:00.000Z,2026-09-29T00:00:00.000Z,execution_output_score,66,100,index,true
KPI-0065831,E-0442,pipeline_mgmt,2026-07-01T00:00:00.000Z,2026-09-29T00:00:00.000Z,pipeline_mgmt_output_score,100.9,100,index,true
KPI-0065847,E-0443,execution,2024-10-01T00:00:00.000Z,2024-12-31T00:00:00.000Z,execution_output_score,67.2,100,index,true
KPI-0065862,E-0443,execution,2025-01-01T00:00:00.000Z,2025-03-31T00:00:00.000Z,execution_output_score,75.3,100,index,true
KPI-0065864,E-0443,campaign_strategy,2025-01-01T00:00:00.000Z,2025-03-31T00:00:00.000Z,campaign_strategy_output_score,103.8,100,index,true
KPI-0065877,E-0443,execution,2025-04-01T00:00:00.000Z,2025-06-30T00:00:00.000Z,execution_output_score,83.1,100,index,true
KPI-0065879,E-0443,campaign_strategy,2025-04-01T00:00:00.000Z,2025-06-30T00:00:00.000Z,campaign_strategy_output_score,108.9,100,index,true
KPI-0065896,E-0443,execution,2025-07-01T00:00:00.000Z,2025-09-30T00:00:00.000Z,execution_output_score,85.9,100,index,true
KPI-0065898,E-0443,campaign_strategy,2025-07-01T00:00:00.000Z,2025-09-30T00:00:00.000Z,campaign_strategy_output_score,90.5,100,index,true
KPI-0065907,E-0443,execution,2025-10-01T00:00:00.000Z,2025-12-31T00:00:00.000Z,execution_output_score,84.9,100,index,true
KPI-0065909,E-0443,campaign_strategy,2025-10-01T00:00:00.000Z,2025-12-31T00:00:00.000Z,campaign_strategy_output_score,92.9,100,index,true
KPI-0065922,E-0443,execution,2026-01-01T00:00:00.000Z,2026-03-31T00:00:00.000Z,execution_output_score,105.7,100,index,true
KPI-0065924,E-0443,campaign_strategy,2026-01-01T00:00:00.000Z,2026-03-31T00:00:00.000Z,campaign_strategy_output_score,87.2,100,index,true
KPI-0065932,E-0443,execution,2026-04-01T00:00:00.000Z,2026-06-30T00:00:00.000Z,execution_output_score,96,100,index,true
KPI-0065934,E-0443,campaign_strategy,2026-04-01T00:00:00.000Z,2026-06-30T00:00:00.000Z,campaign_strategy_output_score,82.8,100,index,true
KPI-0065952,E-0443,campaign_strategy,2026-07-01T00:00:00.000Z,2026-09-29T00:00:00.000Z,campaign_strategy_output_score,81.8,100,index,true
KPI-0065987,E-0444,execution,2024-10-01T00:00:00.000Z,2024-12-31T00:00:00.000Z,execution_output_score,61.6,100,index,true
KPI-0065989,E-0444,roadmap_prioritization,2024-10-01T00:00:00.000Z,2024-12-31T00:00:00.000Z,roadmap_prioritization_output_score,116.1,100,index,true
KPI-0066011,E-0444,roadmap_prioritization,2025-01-01T00:00:00.000Z,2025-03-31T00:00:00.000Z,roadmap_prioritization_output_score,111.6,100,index,true
KPI-0066026,E-0444,execution,2025-04-01T00:00:00.000Z,2025-06-30T00:00:00.000Z,execution_output_score,77.2,100,index,true
KPI-0066028,E-0444,roadmap_prioritization,2025-04-01T00:00:00.000Z,2025-06-30T00:00:00.000Z,roadmap_prioritization_output_score,104.3,100,index,true
KPI-0066044,E-0444,execution,2025-07-01T00:00:00.000Z,2025-09-30T00:00:00.000Z,execution_output_score,78.7,100,index,true
KPI-0066046,E-0444,roadmap_prioritization,2025-07-01T00:00:00.000Z,2025-09-30T00:00:00.000Z,roadmap_prioritization_output_score,86.1,100,index,true
KPI-0066061,E-0444,execution,2025-10-01T00:00:00.000Z,2025-12-31T00:00:00.000Z,execution_output_score,82.6,100,index,true
KPI-0066063,E-0444,roadmap_prioritization,2025-10-01T00:00:00.000Z,2025-12-31T00:00:00.000Z,roadmap_prioritization_output_score,91.5,100,index,true
KPI-0066087,E-0444,execution,2026-01-01T00:00:00.000Z,2026-03-31T00:00:00.000Z,execution_output_score,83.4,100,index,true
KPI-0066089,E-0444,roadmap_prioritization,2026-01-01T00:00:00.000Z,2026-03-31T00:00:00.000Z,roadmap_prioritization_output_score,80.1,100,index,true
KPI-0066101,E-0444,execution,2026-04-01T00:00:00.000Z,2026-06-30T00:00:00.000Z,execution_output_score,90.5,100,index,true
KPI-0066103,E-0444,roadmap_prioritization,2026-04-01T00:00:00.000Z,2026-06-30T00:00:00.000Z,roadmap_prioritization_output_score,82.1,100,index,true
KPI-0066121,E-0444,execution,2026-07-01T00:00:00.000Z,2026-09-29T00:00:00.000Z,execution_output_score,104.7,100,index,true
KPI-0066123,E-0444,roadmap_prioritization,2026-07-01T00:00:00.000Z,2026-09-29T00:00:00.000Z,roadmap_prioritization_output_score,73,100,index,true
KPI-0066150,E-0445,execution,2024-10-01T00:00:00.000Z,2024-12-31T00:00:00.000Z,execution_output_score,115.6,100,index,true
KPI-0066152,E-0445,visual_craft,2024-10-01T00:00:00.000Z,2024-12-31T00:00:00.000Z,visual_craft_output_score,72,100,index,true
KPI-0066181,E-0445,visual_craft,2025-01-01T00:00:00.000Z,2025-03-31T00:00:00.000Z,visual_craft_output_score,79.6,100,index,true
KPI-0066193,E-0445,execution,2025-04-01T00:00:00.000Z,2025-06-30T00:00:00.000Z,execution_output_score,106.5,100,index,true
KPI-0066195,E-0445,visual_craft,2025-04-01T00:00:00.000Z,2025-06-30T00:00:00.000Z,visual_craft_output_score,75.8,100,index,true
KPI-0066227,E-0445,execution,2025-10-01T00:00:00.000Z,2025-12-31T00:00:00.000Z,execution_output_score,100.6,100,index,true
KPI-0066229,E-0445,visual_craft,2025-10-01T00:00:00.000Z,2025-12-31T00:00:00.000Z,visual_craft_output_score,66.5,100,index,true
KPI-0066246,E-0445,execution,2026-01-01T00:00:00.000Z,2026-03-31T00:00:00.000Z,execution_output_score,82.6,100,index,true
KPI-0066248,E-0445,visual_craft,2026-01-01T00:00:00.000Z,2026-03-31T00:00:00.000Z,visual_craft_output_score,75.4,100,index,true
KPI-0066264,E-0445,execution,2026-04-01T00:00:00.000Z,2026-06-30T00:00:00.000Z,execution_output_score,85.2,100,index,true
KPI-0066266,E-0445,visual_craft,2026-04-01T00:00:00.000Z,2026-06-30T00:00:00.000Z,visual_craft_output_score,69.3,100,index,true
KPI-0066286,E-0445,execution,2026-07-01T00:00:00.000Z,2026-09-29T00:00:00.000Z,execution_output_score,77.1,100,index,true
KPI-0066288,E-0445,visual_craft,2026-07-01T00:00:00.000Z,2026-09-29T00:00:00.000Z,visual_craft_output_score,74.2,100,index,true
KPI-0066318,E-0446,financial_modeling,2024-10-01T00:00:00.000Z,2024-12-31T00:00:00.000Z,financial_modeling_output_score,75.1,100,index,true
KPI-0066334,E-0446,execution,2025-01-01T00:00:00.000Z,2025-03-31T00:00:00.000Z,execution_output_score,62.8,100,index,true
KPI-0066336,E-0446,financial_modeling,2025-01-01T00:00:00.000Z,2025-03-31T00:00:00.000Z,financial_modeling_output_score,76.3,100,index,true
KPI-0066355,E-0446,execution,2025-04-01T00:00:00.000Z,2025-06-30T00:00:00.000Z,execution_output_score,73.5,100,index,true
KPI-0066357,E-0446,financial_modeling,2025-04-01T00:00:00.000Z,2025-06-30T00:00:00.000Z,financial_modeling_output_score,72.3,100,index,true
KPI-0066371,E-0446,execution,2025-07-01T00:00:00.000Z,2025-09-30T00:00:00.000Z,execution_output_score,79.3,100,index,true
KPI-0066373,E-0446,financial_modeling,2025-07-01T00:00:00.000Z,2025-09-30T00:00:00.000Z,financial_modeling_output_score,68.4,100,index,true
KPI-0066385,E-0446,execution,2025-10-01T00:00:00.000Z,2025-12-31T00:00:00.000Z,execution_output_score,82.9,100,index,true
KPI-0066406,E-0446,execution,2026-01-01T00:00:00.000Z,2026-03-31T00:00:00.000Z,execution_output_score,91.1,100,index,true
KPI-0066408,E-0446,financial_modeling,2026-01-01T00:00:00.000Z,2026-03-31T00:00:00.000Z,financial_modeling_output_score,72.3,100,index,true
KPI-0066410,E-0446,financial_modeling,2026-04-01T00:00:00.000Z,2026-06-30T00:00:00.000Z,financial_modeling_output_score,74,100,index,true
KPI-0066433,E-0446,execution,2026-07-01T00:00:00.000Z,2026-09-29T00:00:00.000Z,execution_output_score,101.6,100,index,true
KPI-0066435,E-0446,financial_modeling,2026-07-01T00:00:00.000Z,2026-09-29T00:00:00.000Z,financial_modeling_output_score,83.1,100,index,true
KPI-0066450,E-0447,execution,2024-10-01T00:00:00.000Z,2024-12-31T00:00:00.000Z,execution_output_score,67.5,100,index,true
KPI-0066452,E-0447,talent_assessment,2024-10-01T00:00:00.000Z,2024-12-31T00:00:00.000Z,talent_assessment_output_score,66,100,index,true
KPI-0066481,E-0447,talent_assessment,2025-01-01T00:00:00.000Z,2025-03-31T00:00:00.000Z,talent_assessment_output_score,70.7,100,index,true
KPI-0066493,E-0447,execution,2025-04-01T00:00:00.000Z,2025-06-30T00:00:00.000Z,execution_output_score,74.2,100,index,true
KPI-0066516,E-0447,execution,2025-07-01T00:00:00.000Z,2025-09-30T00:00:00.000Z,execution_output_score,78.1,100,index,true
KPI-0066518,E-0447,talent_assessment,2025-07-01T00:00:00.000Z,2025-09-30T00:00:00.000Z,talent_assessment_output_score,78.4,100,index,true
KPI-0066537,E-0447,execution,2025-10-01T00:00:00.000Z,2025-12-31T00:00:00.000Z,execution_output_score,77.3,100,index,true
KPI-0066539,E-0447,talent_assessment,2025-10-01T00:00:00.000Z,2025-12-31T00:00:00.000Z,talent_assessment_output_score,80.7,100,index,true
KPI-0066564,E-0447,execution,2026-01-01T00:00:00.000Z,2026-03-31T00:00:00.000Z,execution_output_score,83.5,100,index,true
KPI-0066566,E-0447,talent_assessment,2026-01-01T00:00:00.000Z,2026-03-31T00:00:00.000Z,talent_assessment_output_score,86.5,100,index,true
KPI-0066585,E-0447,talent_assessment,2026-04-01T00:00:00.000Z,2026-06-30T00:00:00.000Z,talent_assessment_output_score,94.8,100,index,true
KPI-0066603,E-0447,execution,2026-07-01T00:00:00.000Z,2026-09-29T00:00:00.000Z,execution_output_score,79.7,100,index,true
KPI-0066605,E-0447,talent_assessment,2026-07-01T00:00:00.000Z,2026-09-29T00:00:00.000Z,talent_assessment_output_score,102.5,100,index,true
KPI-0066627,E-0448,execution,2024-10-01T00:00:00.000Z,2024-12-31T00:00:00.000Z,execution_output_score,70,100,index,true
KPI-0066629,E-0448,customer_resolution,2024-10-01T00:00:00.000Z,2024-12-31T00:00:00.000Z,customer_resolution_output_score,73.1,100,index,true
KPI-0066645,E-0448,execution,2025-01-01T00:00:00.000Z,2025-03-31T00:00:00.000Z,execution_output_score,70.8,100,index,true
KPI-0066647,E-0448,customer_resolution,2025-01-01T00:00:00.000Z,2025-03-31T00:00:00.000Z,customer_resolution_output_score,68.9,100,index,true
KPI-0066661,E-0448,execution,2025-04-01T00:00:00.000Z,2025-06-30T00:00:00.000Z,execution_output_score,71.5,100,index,true
KPI-0066663,E-0448,customer_resolution,2025-04-01T00:00:00.000Z,2025-06-30T00:00:00.000Z,customer_resolution_output_score,75.2,100,index,true
KPI-0066678,E-0448,execution,2025-07-01T00:00:00.000Z,2025-09-30T00:00:00.000Z,execution_output_score,72.2,100,index,true
KPI-0066680,E-0448,customer_resolution,2025-07-01T00:00:00.000Z,2025-09-30T00:00:00.000Z,customer_resolution_output_score,84.8,100,index,true
KPI-0066694,E-0448,customer_resolution,2025-10-01T00:00:00.000Z,2025-12-31T00:00:00.000Z,customer_resolution_output_score,76.1,100,index,true
KPI-0066707,E-0448,execution,2026-01-01T00:00:00.000Z,2026-03-31T00:00:00.000Z,execution_output_score,78.8,100,index,true
KPI-0066709,E-0448,customer_resolution,2026-01-01T00:00:00.000Z,2026-03-31T00:00:00.000Z,customer_resolution_output_score,89.4,100,index,true
KPI-0066726,E-0448,execution,2026-04-01T00:00:00.000Z,2026-06-30T00:00:00.000Z,execution_output_score,76.1,100,index,true
KPI-0066728,E-0448,customer_resolution,2026-04-01T00:00:00.000Z,2026-06-30T00:00:00.000Z,customer_resolution_output_score,92.7,100,index,true
KPI-0066744,E-0448,customer_resolution,2026-07-01T00:00:00.000Z,2026-09-29T00:00:00.000Z,customer_resolution_output_score,110.4,100,index,true
KPI-0066757,E-0449,execution,2024-10-01T00:00:00.000Z,2024-12-31T00:00:00.000Z,execution_output_score,64.8,100,index,true
KPI-0066759,E-0449,system_design,2024-10-01T00:00:00.000Z,2024-12-31T00:00:00.000Z,system_design_output_score,101.5,100,index,true
KPI-0066784,E-0449,execution,2025-01-01T00:00:00.000Z,2025-03-31T00:00:00.000Z,execution_output_score,81.1,100,index,true
KPI-0066786,E-0449,system_design,2025-01-01T00:00:00.000Z,2025-03-31T00:00:00.000Z,system_design_output_score,102.1,100,index,true
KPI-0066798,E-0449,execution,2025-04-01T00:00:00.000Z,2025-06-30T00:00:00.000Z,execution_output_score,86.2,100,index,true
KPI-0066819,E-0449,execution,2025-07-01T00:00:00.000Z,2025-09-30T00:00:00.000Z,execution_output_score,83.4,100,index,true
KPI-0066821,E-0449,system_design,2025-07-01T00:00:00.000Z,2025-09-30T00:00:00.000Z,system_design_output_score,109.3,100,index,true
KPI-0066835,E-0449,execution,2025-10-01T00:00:00.000Z,2025-12-31T00:00:00.000Z,execution_output_score,85.3,100,index,true
KPI-0066837,E-0449,system_design,2025-10-01T00:00:00.000Z,2025-12-31T00:00:00.000Z,system_design_output_score,92.3,100,index,true
KPI-0066850,E-0449,execution,2026-04-01T00:00:00.000Z,2026-06-30T00:00:00.000Z,execution_output_score,95.6,100,index,true
KPI-0066852,E-0449,system_design,2026-04-01T00:00:00.000Z,2026-06-30T00:00:00.000Z,system_design_output_score,103,100,index,true
KPI-0066865,E-0449,execution,2026-07-01T00:00:00.000Z,2026-09-29T00:00:00.000Z,execution_output_score,99.9,100,index,true
KPI-0066867,E-0449,system_design,2026-07-01T00:00:00.000Z,2026-09-29T00:00:00.000Z,system_design_output_score,103.9,100,index,true
KPI-0066877,E-0450,execution,2024-10-01T00:00:00.000Z,2024-12-31T00:00:00.000Z,execution_output_score,78.2,100,index,true
KPI-0066879,E-0450,pipeline_mgmt,2024-10-01T00:00:00.000Z,2024-12-31T00:00:00.000Z,pipeline_mgmt_output_score,79.5,100,index,true
KPI-0066902,E-0450,execution,2025-04-01T00:00:00.000Z,2025-06-30T00:00:00.000Z,execution_output_score,71,100,index,true
KPI-0066904,E-0450,pipeline_mgmt,2025-04-01T00:00:00.000Z,2025-06-30T00:00:00.000Z,pipeline_mgmt_output_score,70.3,100,index,true
KPI-0066921,E-0450,execution,2025-07-01T00:00:00.000Z,2025-09-30T00:00:00.000Z,execution_output_score,68.4,100,index,true
KPI-0066923,E-0450,pipeline_mgmt,2025-07-01T00:00:00.000Z,2025-09-30T00:00:00.000Z,pipeline_mgmt_output_score,75,100,index,true
KPI-0066935,E-0450,execution,2025-10-01T00:00:00.000Z,2025-12-31T00:00:00.000Z,execution_output_score,82.9,100,index,true
KPI-0066937,E-0450,pipeline_mgmt,2025-10-01T00:00:00.000Z,2025-12-31T00:00:00.000Z,pipeline_mgmt_output_score,76.2,100,index,true
KPI-0066954,E-0450,execution,2026-01-01T00:00:00.000Z,2026-03-31T00:00:00.000Z,execution_output_score,82.7,100,index,true
KPI-0066956,E-0450,pipeline_mgmt,2026-01-01T00:00:00.000Z,2026-03-31T00:00:00.000Z,pipeline_mgmt_output_score,81.6,100,index,true
KPI-0066958,E-0450,execution,2026-04-01T00:00:00.000Z,2026-06-30T00:00:00.000Z,execution_output_score,86.7,100,index,true
KPI-0066972,E-0450,execution,2026-07-01T00:00:00.000Z,2026-09-29T00:00:00.000Z,execution_output_score,95,100,index,true
KPI-0066997,E-0451,execution,2024-10-01T00:00:00.000Z,2024-12-31T00:00:00.000Z,execution_output_score,115.1,100,index,true
KPI-0067007,E-0451,execution,2025-01-01T00:00:00.000Z,2025-03-31T00:00:00.000Z,execution_output_score,99.2,100,index,true
KPI-0067025,E-0451,execution,2025-04-01T00:00:00.000Z,2025-06-30T00:00:00.000Z,execution_output_score,103.8,100,index,true
KPI-0067045,E-0451,execution,2025-07-01T00:00:00.000Z,2025-09-30T00:00:00.000Z,execution_output_score,96,100,index,true
KPI-0067057,E-0451,execution,2025-10-01T00:00:00.000Z,2025-12-31T00:00:00.000Z,execution_output_score,91.7,100,index,true
KPI-0067079,E-0451,execution,2026-01-01T00:00:00.000Z,2026-03-31T00:00:00.000Z,execution_output_score,82.2,100,index,true
KPI-0067091,E-0451,execution,2026-04-01T00:00:00.000Z,2026-06-30T00:00:00.000Z,execution_output_score,78.9,100,index,true
KPI-0067111,E-0451,execution,2026-07-01T00:00:00.000Z,2026-09-29T00:00:00.000Z,execution_output_score,79.5,100,index,true
KPI-0067137,E-0452,execution,2024-10-01T00:00:00.000Z,2024-12-31T00:00:00.000Z,execution_output_score,79.3,100,index,true
KPI-0067139,E-0452,roadmap_prioritization,2024-10-01T00:00:00.000Z,2024-12-31T00:00:00.000Z,roadmap_prioritization_output_score,66.7,100,index,true
KPI-0067165,E-0452,execution,2025-01-01T00:00:00.000Z,2025-03-31T00:00:00.000Z,execution_output_score,82.7,100,index,true
KPI-0067167,E-0452,roadmap_prioritization,2025-01-01T00:00:00.000Z,2025-03-31T00:00:00.000Z,roadmap_prioritization_output_score,72.2,100,index,true
KPI-0067179,E-0452,roadmap_prioritization,2025-04-01T00:00:00.000Z,2025-06-30T00:00:00.000Z,roadmap_prioritization_output_score,81.2,100,index,true
KPI-0067195,E-0452,execution,2025-07-01T00:00:00.000Z,2025-09-30T00:00:00.000Z,execution_output_score,94.3,100,index,true
KPI-0067197,E-0452,roadmap_prioritization,2025-07-01T00:00:00.000Z,2025-09-30T00:00:00.000Z,roadmap_prioritization_output_score,84.3,100,index,true
KPI-0067210,E-0452,execution,2025-10-01T00:00:00.000Z,2025-12-31T00:00:00.000Z,execution_output_score,101,100,index,true
KPI-0067233,E-0452,execution,2026-01-01T00:00:00.000Z,2026-03-31T00:00:00.000Z,execution_output_score,105.9,100,index,true
KPI-0067235,E-0452,roadmap_prioritization,2026-01-01T00:00:00.000Z,2026-03-31T00:00:00.000Z,roadmap_prioritization_output_score,100.5,100,index,true
KPI-0067247,E-0452,execution,2026-04-01T00:00:00.000Z,2026-06-30T00:00:00.000Z,execution_output_score,113.6,100,index,true
KPI-0067249,E-0452,roadmap_prioritization,2026-04-01T00:00:00.000Z,2026-06-30T00:00:00.000Z,roadmap_prioritization_output_score,104.5,100,index,true
KPI-0067275,E-0452,execution,2026-07-01T00:00:00.000Z,2026-09-29T00:00:00.000Z,execution_output_score,117,100,index,true
KPI-0067277,E-0452,roadmap_prioritization,2026-07-01T00:00:00.000Z,2026-09-29T00:00:00.000Z,roadmap_prioritization_output_score,108.3,100,index,true
KPI-0067302,E-0453,execution,2024-10-01T00:00:00.000Z,2024-12-31T00:00:00.000Z,execution_output_score,113.1,100,index,true
KPI-0067304,E-0453,visual_craft,2024-10-01T00:00:00.000Z,2024-12-31T00:00:00.000Z,visual_craft_output_score,69.2,100,index,true
KPI-0067332,E-0453,execution,2025-01-01T00:00:00.000Z,2025-03-31T00:00:00.000Z,execution_output_score,103.4,100,index,true
KPI-0067334,E-0453,visual_craft,2025-01-01T00:00:00.000Z,2025-03-31T00:00:00.000Z,visual_craft_output_score,74.2,100,index,true
KPI-0067350,E-0453,visual_craft,2025-04-01T00:00:00.000Z,2025-06-30T00:00:00.000Z,visual_craft_output_score,72.4,100,index,true
KPI-0067369,E-0453,execution,2025-07-01T00:00:00.000Z,2025-09-30T00:00:00.000Z,execution_output_score,105.1,100,index,true
KPI-0067371,E-0453,visual_craft,2025-07-01T00:00:00.000Z,2025-09-30T00:00:00.000Z,visual_craft_output_score,70.1,100,index,true
KPI-0067387,E-0453,visual_craft,2025-10-01T00:00:00.000Z,2025-12-31T00:00:00.000Z,visual_craft_output_score,71.3,100,index,true
KPI-0067402,E-0453,execution,2026-01-01T00:00:00.000Z,2026-03-31T00:00:00.000Z,execution_output_score,91.3,100,index,true
KPI-0067404,E-0453,visual_craft,2026-01-01T00:00:00.000Z,2026-03-31T00:00:00.000Z,visual_craft_output_score,76,100,index,true
KPI-0067413,E-0453,execution,2026-04-01T00:00:00.000Z,2026-06-30T00:00:00.000Z,execution_output_score,84.5,100,index,true
KPI-0067415,E-0453,visual_craft,2026-04-01T00:00:00.000Z,2026-06-30T00:00:00.000Z,visual_craft_output_score,78.9,100,index,true
KPI-0067469,E-0454,execution,2024-10-01T00:00:00.000Z,2024-12-31T00:00:00.000Z,execution_output_score,81.9,100,index,true
KPI-0067489,E-0454,execution,2025-01-01T00:00:00.000Z,2025-03-31T00:00:00.000Z,execution_output_score,85.2,100,index,true
KPI-0067491,E-0454,financial_modeling,2025-01-01T00:00:00.000Z,2025-03-31T00:00:00.000Z,financial_modeling_output_score,94,100,index,true
KPI-0067509,E-0454,financial_modeling,2025-04-01T00:00:00.000Z,2025-06-30T00:00:00.000Z,financial_modeling_output_score,80.9,100,index,true
KPI-0067528,E-0454,execution,2025-07-01T00:00:00.000Z,2025-09-30T00:00:00.000Z,execution_output_score,81.8,100,index,true
KPI-0067536,E-0454,execution,2025-10-01T00:00:00.000Z,2025-12-31T00:00:00.000Z,execution_output_score,83.1,100,index,true
KPI-0067538,E-0454,financial_modeling,2025-10-01T00:00:00.000Z,2025-12-31T00:00:00.000Z,financial_modeling_output_score,85.7,100,index,true
KPI-0067562,E-0454,execution,2026-01-01T00:00:00.000Z,2026-03-31T00:00:00.000Z,execution_output_score,84,100,index,true
KPI-0067564,E-0454,financial_modeling,2026-01-01T00:00:00.000Z,2026-03-31T00:00:00.000Z,financial_modeling_output_score,80.9,100,index,true
KPI-0067570,E-0454,execution,2026-04-01T00:00:00.000Z,2026-06-30T00:00:00.000Z,execution_output_score,81.9,100,index,true
KPI-0067572,E-0454,financial_modeling,2026-04-01T00:00:00.000Z,2026-06-30T00:00:00.000Z,financial_modeling_output_score,82.8,100,index,true
KPI-0067590,E-0454,financial_modeling,2026-07-01T00:00:00.000Z,2026-09-29T00:00:00.000Z,financial_modeling_output_score,81,100,index,true
KPI-0067616,E-0455,execution,2024-10-01T00:00:00.000Z,2024-12-31T00:00:00.000Z,execution_output_score,111,100,index,true
KPI-0067618,E-0455,talent_assessment,2024-10-01T00:00:00.000Z,2024-12-31T00:00:00.000Z,talent_assessment_output_score,77.6,100,index,true
KPI-0067632,E-0455,execution,2025-01-01T00:00:00.000Z,2025-03-31T00:00:00.000Z,execution_output_score,106.9,100,index,true
KPI-0067634,E-0455,talent_assessment,2025-01-01T00:00:00.000Z,2025-03-31T00:00:00.000Z,talent_assessment_output_score,74.4,100,index,true
KPI-0067653,E-0455,execution,2025-04-01T00:00:00.000Z,2025-06-30T00:00:00.000Z,execution_output_score,101.9,100,index,true
KPI-0067655,E-0455,talent_assessment,2025-04-01T00:00:00.000Z,2025-06-30T00:00:00.000Z,talent_assessment_output_score,66.7,100,index,true
KPI-0067669,E-0455,execution,2025-07-01T00:00:00.000Z,2025-09-30T00:00:00.000Z,execution_output_score,89.7,100,index,true
KPI-0067671,E-0455,talent_assessment,2025-07-01T00:00:00.000Z,2025-09-30T00:00:00.000Z,talent_assessment_output_score,77.4,100,index,true
KPI-0067680,E-0455,execution,2025-10-01T00:00:00.000Z,2025-12-31T00:00:00.000Z,execution_output_score,84.5,100,index,true
KPI-0067682,E-0455,talent_assessment,2025-10-01T00:00:00.000Z,2025-12-31T00:00:00.000Z,talent_assessment_output_score,79.4,100,index,true
KPI-0067692,E-0455,execution,2026-01-01T00:00:00.000Z,2026-03-31T00:00:00.000Z,execution_output_score,86,100,index,true
KPI-0067694,E-0455,talent_assessment,2026-01-01T00:00:00.000Z,2026-03-31T00:00:00.000Z,talent_assessment_output_score,82.1,100,index,true
KPI-0067706,E-0455,execution,2026-04-01T00:00:00.000Z,2026-06-30T00:00:00.000Z,execution_output_score,82.8,100,index,true
KPI-0067721,E-0455,execution,2026-07-01T00:00:00.000Z,2026-09-29T00:00:00.000Z,execution_output_score,72.4,100,index,true
KPI-0067723,E-0455,talent_assessment,2026-07-01T00:00:00.000Z,2026-09-29T00:00:00.000Z,talent_assessment_output_score,96.8,100,index,true
KPI-0067746,E-0456,execution,2024-10-01T00:00:00.000Z,2024-12-31T00:00:00.000Z,execution_output_score,81.4,100,index,true
KPI-0067748,E-0456,customer_resolution,2024-10-01T00:00:00.000Z,2024-12-31T00:00:00.000Z,customer_resolution_output_score,67.3,100,index,true
KPI-0067764,E-0456,execution,2025-01-01T00:00:00.000Z,2025-03-31T00:00:00.000Z,execution_output_score,70.5,100,index,true
KPI-0067766,E-0456,customer_resolution,2025-01-01T00:00:00.000Z,2025-03-31T00:00:00.000Z,customer_resolution_output_score,66.2,100,index,true
KPI-0067782,E-0456,execution,2025-04-01T00:00:00.000Z,2025-06-30T00:00:00.000Z,execution_output_score,70.4,100,index,true
KPI-0067806,E-0456,execution,2025-07-01T00:00:00.000Z,2025-09-30T00:00:00.000Z,execution_output_score,74.7,100,index,true
KPI-0067808,E-0456,customer_resolution,2025-07-01T00:00:00.000Z,2025-09-30T00:00:00.000Z,customer_resolution_output_score,75.7,100,index,true
KPI-0067817,E-0456,execution,2025-10-01T00:00:00.000Z,2025-12-31T00:00:00.000Z,execution_output_score,69.4,100,index,true
KPI-0067833,E-0456,execution,2026-01-01T00:00:00.000Z,2026-03-31T00:00:00.000Z,execution_output_score,75.5,100,index,true
KPI-0067835,E-0456,customer_resolution,2026-01-01T00:00:00.000Z,2026-03-31T00:00:00.000Z,customer_resolution_output_score,70.1,100,index,true
KPI-0067847,E-0456,execution,2026-04-01T00:00:00.000Z,2026-06-30T00:00:00.000Z,execution_output_score,81.3,100,index,true
KPI-0067849,E-0456,customer_resolution,2026-04-01T00:00:00.000Z,2026-06-30T00:00:00.000Z,customer_resolution_output_score,77.5,100,index,true
KPI-0067864,E-0456,execution,2026-07-01T00:00:00.000Z,2026-09-29T00:00:00.000Z,execution_output_score,79.3,100,index,true
KPI-0067887,E-0457,execution,2024-10-01T00:00:00.000Z,2024-12-31T00:00:00.000Z,execution_output_score,67.9,100,index,true
KPI-0067889,E-0457,system_design,2024-10-01T00:00:00.000Z,2024-12-31T00:00:00.000Z,system_design_output_score,66.2,100,index,true
KPI-0067910,E-0457,execution,2025-01-01T00:00:00.000Z,2025-03-31T00:00:00.000Z,execution_output_score,72.4,100,index,true
KPI-0067912,E-0457,system_design,2025-01-01T00:00:00.000Z,2025-03-31T00:00:00.000Z,system_design_output_score,64.8,100,index,true
KPI-0067924,E-0457,execution,2025-04-01T00:00:00.000Z,2025-06-30T00:00:00.000Z,execution_output_score,60.2,100,index,true
KPI-0067926,E-0457,system_design,2025-04-01T00:00:00.000Z,2025-06-30T00:00:00.000Z,system_design_output_score,69.6,100,index,true
KPI-0067948,E-0457,execution,2025-07-01T00:00:00.000Z,2025-09-30T00:00:00.000Z,execution_output_score,74,100,index,true
KPI-0067950,E-0457,system_design,2025-07-01T00:00:00.000Z,2025-09-30T00:00:00.000Z,system_design_output_score,75.5,100,index,true
KPI-0067959,E-0457,execution,2025-10-01T00:00:00.000Z,2025-12-31T00:00:00.000Z,execution_output_score,69.2,100,index,true
KPI-0067961,E-0457,system_design,2025-10-01T00:00:00.000Z,2025-12-31T00:00:00.000Z,system_design_output_score,70.5,100,index,true
KPI-0067980,E-0457,execution,2026-01-01T00:00:00.000Z,2026-03-31T00:00:00.000Z,execution_output_score,65.8,100,index,true
KPI-0067982,E-0457,system_design,2026-01-01T00:00:00.000Z,2026-03-31T00:00:00.000Z,system_design_output_score,69.6,100,index,true
KPI-0067995,E-0457,execution,2026-04-01T00:00:00.000Z,2026-06-30T00:00:00.000Z,execution_output_score,65.2,100,index,true
KPI-0067997,E-0457,system_design,2026-04-01T00:00:00.000Z,2026-06-30T00:00:00.000Z,system_design_output_score,71.2,100,index,true
KPI-0068011,E-0457,execution,2026-07-01T00:00:00.000Z,2026-09-29T00:00:00.000Z,execution_output_score,74.1,100,index,true
KPI-0068013,E-0457,system_design,2026-07-01T00:00:00.000Z,2026-09-29T00:00:00.000Z,system_design_output_score,73,100,index,true
KPI-0068040,E-0458,execution,2024-10-01T00:00:00.000Z,2024-12-31T00:00:00.000Z,execution_output_score,80.4,100,index,true
KPI-0068061,E-0458,execution,2025-01-01T00:00:00.000Z,2025-03-31T00:00:00.000Z,execution_output_score,85.3,100,index,true
KPI-0068063,E-0458,pipeline_mgmt,2025-01-01T00:00:00.000Z,2025-03-31T00:00:00.000Z,pipeline_mgmt_output_score,67,100,index,true
KPI-0068097,E-0458,pipeline_mgmt,2025-07-01T00:00:00.000Z,2025-09-30T00:00:00.000Z,pipeline_mgmt_output_score,66.5,100,index,true
KPI-0068106,E-0458,pipeline_mgmt,2025-10-01T00:00:00.000Z,2025-12-31T00:00:00.000Z,pipeline_mgmt_output_score,76.5,100,index,true
KPI-0068129,E-0458,pipeline_mgmt,2026-01-01T00:00:00.000Z,2026-03-31T00:00:00.000Z,pipeline_mgmt_output_score,83,100,index,true
KPI-0068138,E-0458,pipeline_mgmt,2026-04-01T00:00:00.000Z,2026-06-30T00:00:00.000Z,pipeline_mgmt_output_score,96.1,100,index,true
KPI-0068173,E-0459,campaign_strategy,2024-10-01T00:00:00.000Z,2024-12-31T00:00:00.000Z,campaign_strategy_output_score,103.8,100,index,true
KPI-0068199,E-0459,execution,2025-01-01T00:00:00.000Z,2025-03-31T00:00:00.000Z,execution_output_score,76.9,100,index,true
KPI-0068212,E-0459,execution,2025-04-01T00:00:00.000Z,2025-06-30T00:00:00.000Z,execution_output_score,79.7,100,index,true
KPI-0068214,E-0459,campaign_strategy,2025-04-01T00:00:00.000Z,2025-06-30T00:00:00.000Z,campaign_strategy_output_score,102.3,100,index,true
KPI-0068240,E-0459,execution,2025-07-01T00:00:00.000Z,2025-09-30T00:00:00.000Z,execution_output_score,80.9,100,index,true
KPI-0068242,E-0459,campaign_strategy,2025-07-01T00:00:00.000Z,2025-09-30T00:00:00.000Z,campaign_strategy_output_score,85.1,100,index,true
KPI-0068248,E-0459,execution,2025-10-01T00:00:00.000Z,2025-12-31T00:00:00.000Z,execution_output_score,81.3,100,index,true
KPI-0068275,E-0459,execution,2026-01-01T00:00:00.000Z,2026-03-31T00:00:00.000Z,execution_output_score,98.3,100,index,true
KPI-0068277,E-0459,campaign_strategy,2026-01-01T00:00:00.000Z,2026-03-31T00:00:00.000Z,campaign_strategy_output_score,83.5,100,index,true
KPI-0068296,E-0459,execution,2026-04-01T00:00:00.000Z,2026-06-30T00:00:00.000Z,execution_output_score,96.8,100,index,true
KPI-0068298,E-0459,campaign_strategy,2026-04-01T00:00:00.000Z,2026-06-30T00:00:00.000Z,campaign_strategy_output_score,75.6,100,index,true
KPI-0068315,E-0459,execution,2026-07-01T00:00:00.000Z,2026-09-29T00:00:00.000Z,execution_output_score,103.5,100,index,true
KPI-0068317,E-0459,campaign_strategy,2026-07-01T00:00:00.000Z,2026-09-29T00:00:00.000Z,campaign_strategy_output_score,74.4,100,index,true
KPI-0068341,E-0460,execution,2024-10-01T00:00:00.000Z,2024-12-31T00:00:00.000Z,execution_output_score,66.1,100,index,true
KPI-0068343,E-0460,roadmap_prioritization,2024-10-01T00:00:00.000Z,2024-12-31T00:00:00.000Z,roadmap_prioritization_output_score,69.4,100,index,true
KPI-0068361,E-0460,execution,2025-01-01T00:00:00.000Z,2025-03-31T00:00:00.000Z,execution_output_score,66.4,100,index,true
KPI-0068369,E-0460,execution,2025-04-01T00:00:00.000Z,2025-06-30T00:00:00.000Z,execution_output_score,68.9,100,index,true
KPI-0068371,E-0460,roadmap_prioritization,2025-04-01T00:00:00.000Z,2025-06-30T00:00:00.000Z,roadmap_prioritization_output_score,65.9,100,index,true
KPI-0068402,E-0460,execution,2025-07-01T00:00:00.000Z,2025-09-30T00:00:00.000Z,execution_output_score,66.7,100,index,true
KPI-0068404,E-0460,roadmap_prioritization,2025-07-01T00:00:00.000Z,2025-09-30T00:00:00.000Z,roadmap_prioritization_output_score,70.7,100,index,true
KPI-0068423,E-0460,execution,2025-10-01T00:00:00.000Z,2025-12-31T00:00:00.000Z,execution_output_score,69.8,100,index,true
KPI-0068425,E-0460,roadmap_prioritization,2025-10-01T00:00:00.000Z,2025-12-31T00:00:00.000Z,roadmap_prioritization_output_score,64.8,100,index,true
KPI-0068447,E-0460,execution,2026-01-01T00:00:00.000Z,2026-03-31T00:00:00.000Z,execution_output_score,71,100,index,true
KPI-0068449,E-0460,roadmap_prioritization,2026-01-01T00:00:00.000Z,2026-03-31T00:00:00.000Z,roadmap_prioritization_output_score,74,100,index,true
KPI-0068465,E-0460,execution,2026-04-01T00:00:00.000Z,2026-06-30T00:00:00.000Z,execution_output_score,66.9,100,index,true
KPI-0068467,E-0460,roadmap_prioritization,2026-04-01T00:00:00.000Z,2026-06-30T00:00:00.000Z,roadmap_prioritization_output_score,76.3,100,index,true
KPI-0068477,E-0460,roadmap_prioritization,2026-07-01T00:00:00.000Z,2026-09-29T00:00:00.000Z,roadmap_prioritization_output_score,74.9,100,index,true
KPI-0068498,E-0461,visual_craft,2024-10-01T00:00:00.000Z,2024-12-31T00:00:00.000Z,visual_craft_output_score,66.9,100,index,true
KPI-0068512,E-0461,visual_craft,2025-01-01T00:00:00.000Z,2025-03-31T00:00:00.000Z,visual_craft_output_score,74.5,100,index,true
KPI-0068517,E-0461,execution,2025-04-01T00:00:00.000Z,2025-06-30T00:00:00.000Z,execution_output_score,76.1,100,index,true
KPI-0068519,E-0461,visual_craft,2025-04-01T00:00:00.000Z,2025-06-30T00:00:00.000Z,visual_craft_output_score,74.8,100,index,true
KPI-0068536,E-0461,visual_craft,2025-07-01T00:00:00.000Z,2025-09-30T00:00:00.000Z,visual_craft_output_score,91,100,index,true
KPI-0068564,E-0461,execution,2026-01-01T00:00:00.000Z,2026-03-31T00:00:00.000Z,execution_output_score,74.9,100,index,true
KPI-0068566,E-0461,visual_craft,2026-01-01T00:00:00.000Z,2026-03-31T00:00:00.000Z,visual_craft_output_score,96.5,100,index,true
KPI-0068572,E-0461,execution,2026-04-01T00:00:00.000Z,2026-06-30T00:00:00.000Z,execution_output_score,58.7,100,index,true
KPI-0068574,E-0461,visual_craft,2026-04-01T00:00:00.000Z,2026-06-30T00:00:00.000Z,visual_craft_output_score,97.3,100,index,true
KPI-0068591,E-0461,execution,2026-07-01T00:00:00.000Z,2026-09-29T00:00:00.000Z,execution_output_score,72.5,100,index,true
KPI-0068593,E-0461,visual_craft,2026-07-01T00:00:00.000Z,2026-09-29T00:00:00.000Z,visual_craft_output_score,96.3,100,index,true
KPI-0068635,E-0462,execution,2025-01-01T00:00:00.000Z,2025-03-31T00:00:00.000Z,execution_output_score,75.7,100,index,true
KPI-0068637,E-0462,financial_modeling,2025-01-01T00:00:00.000Z,2025-03-31T00:00:00.000Z,financial_modeling_output_score,69.6,100,index,true
KPI-0068649,E-0462,execution,2025-04-01T00:00:00.000Z,2025-06-30T00:00:00.000Z,execution_output_score,69.1,100,index,true
KPI-0068651,E-0462,financial_modeling,2025-04-01T00:00:00.000Z,2025-06-30T00:00:00.000Z,financial_modeling_output_score,71.4,100,index,true
KPI-0068676,E-0462,execution,2025-07-01T00:00:00.000Z,2025-09-30T00:00:00.000Z,execution_output_score,79.5,100,index,true
KPI-0068678,E-0462,financial_modeling,2025-07-01T00:00:00.000Z,2025-09-30T00:00:00.000Z,financial_modeling_output_score,71.5,100,index,true
KPI-0068684,E-0462,execution,2025-10-01T00:00:00.000Z,2025-12-31T00:00:00.000Z,execution_output_score,73.6,100,index,true
KPI-0068686,E-0462,financial_modeling,2025-10-01T00:00:00.000Z,2025-12-31T00:00:00.000Z,financial_modeling_output_score,75.7,100,index,true
KPI-0068708,E-0462,execution,2026-01-01T00:00:00.000Z,2026-03-31T00:00:00.000Z,execution_output_score,89.8,100,index,true
KPI-0068710,E-0462,financial_modeling,2026-01-01T00:00:00.000Z,2026-03-31T00:00:00.000Z,financial_modeling_output_score,69.6,100,index,true
KPI-0068725,E-0462,execution,2026-04-01T00:00:00.000Z,2026-06-30T00:00:00.000Z,execution_output_score,97.2,100,index,true
KPI-0068727,E-0462,financial_modeling,2026-04-01T00:00:00.000Z,2026-06-30T00:00:00.000Z,financial_modeling_output_score,69.7,100,index,true
KPI-0068748,E-0462,execution,2026-07-01T00:00:00.000Z,2026-09-29T00:00:00.000Z,execution_output_score,98.3,100,index,true
KPI-0068750,E-0462,financial_modeling,2026-07-01T00:00:00.000Z,2026-09-29T00:00:00.000Z,financial_modeling_output_score,67.9,100,index,true
KPI-0068774,E-0463,execution,2024-10-01T00:00:00.000Z,2024-12-31T00:00:00.000Z,execution_output_score,65,100,index,true
KPI-0068776,E-0463,talent_assessment,2024-10-01T00:00:00.000Z,2024-12-31T00:00:00.000Z,talent_assessment_output_score,71.6,100,index,true
KPI-0068800,E-0463,execution,2025-01-01T00:00:00.000Z,2025-03-31T00:00:00.000Z,execution_output_score,70.9,100,index,true
KPI-0068802,E-0463,talent_assessment,2025-01-01T00:00:00.000Z,2025-03-31T00:00:00.000Z,talent_assessment_output_score,80.9,100,index,true
KPI-0068811,E-0463,execution,2025-04-01T00:00:00.000Z,2025-06-30T00:00:00.000Z,execution_output_score,65.7,100,index,true
KPI-0068837,E-0463,execution,2025-07-01T00:00:00.000Z,2025-09-30T00:00:00.000Z,execution_output_score,57.5,100,index,true
KPI-0068839,E-0463,talent_assessment,2025-07-01T00:00:00.000Z,2025-09-30T00:00:00.000Z,talent_assessment_output_score,69.1,100,index,true
KPI-0068848,E-0463,execution,2025-10-01T00:00:00.000Z,2025-12-31T00:00:00.000Z,execution_output_score,73.4,100,index,true
KPI-0068867,E-0463,execution,2026-01-01T00:00:00.000Z,2026-03-31T00:00:00.000Z,execution_output_score,79.8,100,index,true
KPI-0068869,E-0463,talent_assessment,2026-01-01T00:00:00.000Z,2026-03-31T00:00:00.000Z,talent_assessment_output_score,98.2,100,index,true
KPI-0068881,E-0463,execution,2026-04-01T00:00:00.000Z,2026-06-30T00:00:00.000Z,execution_output_score,77.9,100,index,true
KPI-0068883,E-0463,talent_assessment,2026-04-01T00:00:00.000Z,2026-06-30T00:00:00.000Z,talent_assessment_output_score,92.7,100,index,true
KPI-0068899,E-0463,execution,2026-07-01T00:00:00.000Z,2026-09-29T00:00:00.000Z,execution_output_score,86.9,100,index,true
KPI-0068901,E-0463,talent_assessment,2026-07-01T00:00:00.000Z,2026-09-29T00:00:00.000Z,talent_assessment_output_score,105.4,100,index,true
KPI-0068926,E-0464,execution,2024-10-01T00:00:00.000Z,2024-12-31T00:00:00.000Z,execution_output_score,99,100,index,true
KPI-0068928,E-0464,customer_resolution,2024-10-01T00:00:00.000Z,2024-12-31T00:00:00.000Z,customer_resolution_output_score,73.1,100,index,true
KPI-0068944,E-0464,execution,2025-01-01T00:00:00.000Z,2025-03-31T00:00:00.000Z,execution_output_score,100.8,100,index,true
KPI-0068946,E-0464,customer_resolution,2025-01-01T00:00:00.000Z,2025-03-31T00:00:00.000Z,customer_resolution_output_score,77.3,100,index,true
KPI-0068962,E-0464,execution,2025-04-01T00:00:00.000Z,2025-06-30T00:00:00.000Z,execution_output_score,98.4,100,index,true
KPI-0068964,E-0464,customer_resolution,2025-04-01T00:00:00.000Z,2025-06-30T00:00:00.000Z,customer_resolution_output_score,70,100,index,true
KPI-0068982,E-0464,execution,2025-07-01T00:00:00.000Z,2025-09-30T00:00:00.000Z,execution_output_score,88.7,100,index,true
KPI-0068984,E-0464,customer_resolution,2025-07-01T00:00:00.000Z,2025-09-30T00:00:00.000Z,customer_resolution_output_score,82.3,100,index,true
KPI-0069000,E-0464,execution,2025-10-01T00:00:00.000Z,2025-12-31T00:00:00.000Z,execution_output_score,84.3,100,index,true
KPI-0069024,E-0464,execution,2026-01-01T00:00:00.000Z,2026-03-31T00:00:00.000Z,execution_output_score,80,100,index,true
KPI-0069026,E-0464,customer_resolution,2026-01-01T00:00:00.000Z,2026-03-31T00:00:00.000Z,customer_resolution_output_score,61,100,index,true
KPI-0069041,E-0464,execution,2026-04-01T00:00:00.000Z,2026-06-30T00:00:00.000Z,execution_output_score,80.9,100,index,true
KPI-0069043,E-0464,customer_resolution,2026-04-01T00:00:00.000Z,2026-06-30T00:00:00.000Z,customer_resolution_output_score,57.7,100,index,true
KPI-0069065,E-0464,execution,2026-07-01T00:00:00.000Z,2026-09-29T00:00:00.000Z,execution_output_score,68.7,100,index,true
KPI-0069067,E-0464,customer_resolution,2026-07-01T00:00:00.000Z,2026-09-29T00:00:00.000Z,customer_resolution_output_score,65.2,100,index,true
KPI-0069100,E-0465,execution,2024-10-01T00:00:00.000Z,2024-12-31T00:00:00.000Z,execution_output_score,100,100,index,true
KPI-0069102,E-0465,system_design,2024-10-01T00:00:00.000Z,2024-12-31T00:00:00.000Z,system_design_output_score,70.1,100,index,true
KPI-0069119,E-0465,execution,2025-01-01T00:00:00.000Z,2025-03-31T00:00:00.000Z,execution_output_score,112.1,100,index,true
KPI-0069121,E-0465,system_design,2025-01-01T00:00:00.000Z,2025-03-31T00:00:00.000Z,system_design_output_score,69.7,100,index,true
KPI-0069137,E-0465,execution,2025-04-01T00:00:00.000Z,2025-06-30T00:00:00.000Z,execution_output_score,97,100,index,true
KPI-0069139,E-0465,system_design,2025-04-01T00:00:00.000Z,2025-06-30T00:00:00.000Z,system_design_output_score,76.1,100,index,true
KPI-0069163,E-0465,execution,2025-07-01T00:00:00.000Z,2025-09-30T00:00:00.000Z,execution_output_score,91.3,100,index,true
KPI-0069172,E-0465,execution,2025-10-01T00:00:00.000Z,2025-12-31T00:00:00.000Z,execution_output_score,83.4,100,index,true
KPI-0069174,E-0465,system_design,2025-10-01T00:00:00.000Z,2025-12-31T00:00:00.000Z,system_design_output_score,74.1,100,index,true
KPI-0069199,E-0465,execution,2026-01-01T00:00:00.000Z,2026-03-31T00:00:00.000Z,execution_output_score,71.9,100,index,true
KPI-0069201,E-0465,system_design,2026-01-01T00:00:00.000Z,2026-03-31T00:00:00.000Z,system_design_output_score,70.4,100,index,true
KPI-0069210,E-0465,execution,2026-04-01T00:00:00.000Z,2026-06-30T00:00:00.000Z,execution_output_score,74.6,100,index,true
KPI-0069212,E-0465,system_design,2026-04-01T00:00:00.000Z,2026-06-30T00:00:00.000Z,system_design_output_score,74.5,100,index,true
KPI-0069237,E-0465,execution,2026-07-01T00:00:00.000Z,2026-09-29T00:00:00.000Z,execution_output_score,66.9,100,index,true
KPI-0069239,E-0465,system_design,2026-07-01T00:00:00.000Z,2026-09-29T00:00:00.000Z,system_design_output_score,72.9,100,index,true
KPI-0069263,E-0466,execution,2024-10-01T00:00:00.000Z,2024-12-31T00:00:00.000Z,execution_output_score,58.4,100,index,true
KPI-0069265,E-0466,pipeline_mgmt,2024-10-01T00:00:00.000Z,2024-12-31T00:00:00.000Z,pipeline_mgmt_output_score,77.7,100,index,true
KPI-0069293,E-0466,execution,2025-01-01T00:00:00.000Z,2025-03-31T00:00:00.000Z,execution_output_score,60.6,100,index,true
KPI-0069295,E-0466,pipeline_mgmt,2025-01-01T00:00:00.000Z,2025-03-31T00:00:00.000Z,pipeline_mgmt_output_score,81.7,100,index,true
KPI-0069311,E-0466,execution,2025-04-01T00:00:00.000Z,2025-06-30T00:00:00.000Z,execution_output_score,73.4,100,index,true
KPI-0069313,E-0466,pipeline_mgmt,2025-04-01T00:00:00.000Z,2025-06-30T00:00:00.000Z,pipeline_mgmt_output_score,75.8,100,index,true
KPI-0069337,E-0466,execution,2025-07-01T00:00:00.000Z,2025-09-30T00:00:00.000Z,execution_output_score,70.7,100,index,true
KPI-0069339,E-0466,pipeline_mgmt,2025-10-01T00:00:00.000Z,2025-12-31T00:00:00.000Z,pipeline_mgmt_output_score,79.3,100,index,true
KPI-0069356,E-0466,execution,2026-01-01T00:00:00.000Z,2026-03-31T00:00:00.000Z,execution_output_score,86.8,100,index,true
KPI-0069358,E-0466,execution,2026-04-01T00:00:00.000Z,2026-06-30T00:00:00.000Z,execution_output_score,84.9,100,index,true
KPI-0069360,E-0466,pipeline_mgmt,2026-04-01T00:00:00.000Z,2026-06-30T00:00:00.000Z,pipeline_mgmt_output_score,70.4,100,index,true
KPI-0069388,E-0466,execution,2026-07-01T00:00:00.000Z,2026-09-29T00:00:00.000Z,execution_output_score,98.8,100,index,true
KPI-0069390,E-0466,pipeline_mgmt,2026-07-01T00:00:00.000Z,2026-09-29T00:00:00.000Z,pipeline_mgmt_output_score,75.2,100,index,true
KPI-0069416,E-0467,execution,2024-10-01T00:00:00.000Z,2024-12-31T00:00:00.000Z,execution_output_score,76,100,index,true
KPI-0069438,E-0467,execution,2025-01-01T00:00:00.000Z,2025-03-31T00:00:00.000Z,execution_output_score,64.6,100,index,true
KPI-0069440,E-0467,execution,2025-04-01T00:00:00.000Z,2025-06-30T00:00:00.000Z,execution_output_score,68.6,100,index,true
KPI-0069442,E-0467,campaign_strategy,2025-04-01T00:00:00.000Z,2025-06-30T00:00:00.000Z,campaign_strategy_output_score,101.8,100,index,true
KPI-0069470,E-0467,execution,2025-07-01T00:00:00.000Z,2025-09-30T00:00:00.000Z,execution_output_score,72.8,100,index,true
KPI-0069472,E-0467,campaign_strategy,2025-07-01T00:00:00.000Z,2025-09-30T00:00:00.000Z,campaign_strategy_output_score,98.4,100,index,true
KPI-0069484,E-0467,execution,2025-10-01T00:00:00.000Z,2025-12-31T00:00:00.000Z,execution_output_score,59,100,index,true
KPI-0069486,E-0467,campaign_strategy,2025-10-01T00:00:00.000Z,2025-12-31T00:00:00.000Z,campaign_strategy_output_score,95.3,100,index,true
KPI-0069499,E-0467,execution,2026-01-01T00:00:00.000Z,2026-03-31T00:00:00.000Z,execution_output_score,72.5,100,index,true
KPI-0069501,E-0467,campaign_strategy,2026-01-01T00:00:00.000Z,2026-03-31T00:00:00.000Z,campaign_strategy_output_score,96.8,100,index,true
KPI-0069513,E-0467,execution,2026-04-01T00:00:00.000Z,2026-06-30T00:00:00.000Z,execution_output_score,68.9,100,index,true
KPI-0069515,E-0467,campaign_strategy,2026-04-01T00:00:00.000Z,2026-06-30T00:00:00.000Z,campaign_strategy_output_score,84,100,index,true
KPI-0069541,E-0467,execution,2026-07-01T00:00:00.000Z,2026-09-29T00:00:00.000Z,execution_output_score,66.1,100,index,true
KPI-0069543,E-0467,campaign_strategy,2026-07-01T00:00:00.000Z,2026-09-29T00:00:00.000Z,campaign_strategy_output_score,78.8,100,index,true
KPI-0069559,E-0468,execution,2024-10-01T00:00:00.000Z,2024-12-31T00:00:00.000Z,execution_output_score,61.2,100,index,true
KPI-0069561,E-0468,roadmap_prioritization,2024-10-01T00:00:00.000Z,2024-12-31T00:00:00.000Z,roadmap_prioritization_output_score,82.1,100,index,true
KPI-0069582,E-0468,execution,2025-01-01T00:00:00.000Z,2025-03-31T00:00:00.000Z,execution_output_score,62.7,100,index,true
KPI-0069584,E-0468,roadmap_prioritization,2025-01-01T00:00:00.000Z,2025-03-31T00:00:00.000Z,roadmap_prioritization_output_score,83,100,index,true
KPI-0069607,E-0468,execution,2025-07-01T00:00:00.000Z,2025-09-30T00:00:00.000Z,execution_output_score,76.7,100,index,true
KPI-0069609,E-0468,roadmap_prioritization,2025-07-01T00:00:00.000Z,2025-09-30T00:00:00.000Z,roadmap_prioritization_output_score,89.9,100,index,true
KPI-0069622,E-0468,execution,2025-10-01T00:00:00.000Z,2025-12-31T00:00:00.000Z,execution_output_score,80,100,index,true
KPI-0069624,E-0468,roadmap_prioritization,2025-10-01T00:00:00.000Z,2025-12-31T00:00:00.000Z,roadmap_prioritization_output_score,77.1,100,index,true
KPI-0069644,E-0468,execution,2026-01-01T00:00:00.000Z,2026-03-31T00:00:00.000Z,execution_output_score,87.7,100,index,true
KPI-0069657,E-0468,execution,2026-04-01T00:00:00.000Z,2026-06-30T00:00:00.000Z,execution_output_score,82.4,100,index,true
KPI-0069659,E-0468,roadmap_prioritization,2026-04-01T00:00:00.000Z,2026-06-30T00:00:00.000Z,roadmap_prioritization_output_score,80.1,100,index,true
KPI-0069683,E-0468,execution,2026-07-01T00:00:00.000Z,2026-09-29T00:00:00.000Z,execution_output_score,92.8,100,index,true
KPI-0069685,E-0468,roadmap_prioritization,2026-07-01T00:00:00.000Z,2026-09-29T00:00:00.000Z,roadmap_prioritization_output_score,79.8,100,index,true
KPI-0069737,E-0469,execution,2025-01-01T00:00:00.000Z,2025-03-31T00:00:00.000Z,execution_output_score,79.8,100,index,true
KPI-0069746,E-0469,execution,2025-04-01T00:00:00.000Z,2025-06-30T00:00:00.000Z,execution_output_score,88.1,100,index,true
KPI-0069748,E-0469,visual_craft,2025-04-01T00:00:00.000Z,2025-06-30T00:00:00.000Z,visual_craft_output_score,73.4,100,index,true
KPI-0069769,E-0469,execution,2025-07-01T00:00:00.000Z,2025-09-30T00:00:00.000Z,execution_output_score,84.9,100,index,true
KPI-0069771,E-0469,visual_craft,2025-07-01T00:00:00.000Z,2025-09-30T00:00:00.000Z,visual_craft_output_score,70.5,100,index,true
KPI-0069787,E-0469,execution,2025-10-01T00:00:00.000Z,2025-12-31T00:00:00.000Z,execution_output_score,96.2,100,index,true
KPI-0069789,E-0469,visual_craft,2025-10-01T00:00:00.000Z,2025-12-31T00:00:00.000Z,visual_craft_output_score,81.1,100,index,true
KPI-0069805,E-0469,visual_craft,2026-01-01T00:00:00.000Z,2026-03-31T00:00:00.000Z,visual_craft_output_score,81.1,100,index,true
KPI-0069814,E-0469,execution,2026-04-01T00:00:00.000Z,2026-06-30T00:00:00.000Z,execution_output_score,100.3,100,index,true
KPI-0069816,E-0469,visual_craft,2026-04-01T00:00:00.000Z,2026-06-30T00:00:00.000Z,visual_craft_output_score,95.8,100,index,true
KPI-0069834,E-0469,execution,2026-07-01T00:00:00.000Z,2026-09-29T00:00:00.000Z,execution_output_score,108.6,100,index,true
KPI-0069836,E-0469,visual_craft,2026-07-01T00:00:00.000Z,2026-09-29T00:00:00.000Z,visual_craft_output_score,89.4,100,index,true
KPI-0069859,E-0470,execution,2024-10-01T00:00:00.000Z,2024-12-31T00:00:00.000Z,execution_output_score,65.2,100,index,true
KPI-0069861,E-0470,financial_modeling,2024-10-01T00:00:00.000Z,2024-12-31T00:00:00.000Z,financial_modeling_output_score,66.5,100,index,true
KPI-0069888,E-0470,execution,2025-01-01T00:00:00.000Z,2025-03-31T00:00:00.000Z,execution_output_score,53.9,100,index,true
KPI-0069890,E-0470,financial_modeling,2025-01-01T00:00:00.000Z,2025-03-31T00:00:00.000Z,financial_modeling_output_score,56.9,100,index,true
KPI-0069903,E-0470,execution,2025-04-01T00:00:00.000Z,2025-06-30T00:00:00.000Z,execution_output_score,69.1,100,index,true
KPI-0069905,E-0470,financial_modeling,2025-04-01T00:00:00.000Z,2025-06-30T00:00:00.000Z,financial_modeling_output_score,61.4,100,index,true
KPI-0069922,E-0470,financial_modeling,2025-07-01T00:00:00.000Z,2025-09-30T00:00:00.000Z,financial_modeling_output_score,64.8,100,index,true
KPI-0069934,E-0470,execution,2025-10-01T00:00:00.000Z,2025-12-31T00:00:00.000Z,execution_output_score,85,100,index,true
KPI-0069936,E-0470,financial_modeling,2025-10-01T00:00:00.000Z,2025-12-31T00:00:00.000Z,financial_modeling_output_score,64.5,100,index,true
KPI-0069955,E-0470,execution,2026-01-01T00:00:00.000Z,2026-03-31T00:00:00.000Z,execution_output_score,85.7,100,index,true
KPI-0069957,E-0470,financial_modeling,2026-01-01T00:00:00.000Z,2026-03-31T00:00:00.000Z,financial_modeling_output_score,70,100,index,true
KPI-0069966,E-0470,financial_modeling,2026-04-01T00:00:00.000Z,2026-06-30T00:00:00.000Z,financial_modeling_output_score,78.4,100,index,true
KPI-0069989,E-0470,execution,2026-07-01T00:00:00.000Z,2026-09-29T00:00:00.000Z,execution_output_score,79.5,100,index,true
KPI-0070013,E-0471,execution,2024-10-01T00:00:00.000Z,2024-12-31T00:00:00.000Z,execution_output_score,85,100,index,true
KPI-0070015,E-0471,talent_assessment,2024-10-01T00:00:00.000Z,2024-12-31T00:00:00.000Z,talent_assessment_output_score,83.5,100,index,true
KPI-0070038,E-0471,execution,2025-01-01T00:00:00.000Z,2025-03-31T00:00:00.000Z,execution_output_score,79,100,index,true
KPI-0070040,E-0471,talent_assessment,2025-01-01T00:00:00.000Z,2025-03-31T00:00:00.000Z,talent_assessment_output_score,88.2,100,index,true
KPI-0070053,E-0471,talent_assessment,2025-04-01T00:00:00.000Z,2025-06-30T00:00:00.000Z,talent_assessment_output_score,86.7,100,index,true
KPI-0070082,E-0471,execution,2025-07-01T00:00:00.000Z,2025-09-30T00:00:00.000Z,execution_output_score,87.2,100,index,true
KPI-0070101,E-0471,execution,2025-10-01T00:00:00.000Z,2025-12-31T00:00:00.000Z,execution_output_score,82,100,index,true
KPI-0070103,E-0471,talent_assessment,2025-10-01T00:00:00.000Z,2025-12-31T00:00:00.000Z,talent_assessment_output_score,91.3,100,index,true
KPI-0070119,E-0471,talent_assessment,2026-01-01T00:00:00.000Z,2026-03-31T00:00:00.000Z,talent_assessment_output_score,94.6,100,index,true
KPI-0070131,E-0471,execution,2026-04-01T00:00:00.000Z,2026-06-30T00:00:00.000Z,execution_output_score,82.1,100,index,true
KPI-0070133,E-0471,talent_assessment,2026-04-01T00:00:00.000Z,2026-06-30T00:00:00.000Z,talent_assessment_output_score,96.5,100,index,true
KPI-0070162,E-0471,execution,2026-07-01T00:00:00.000Z,2026-09-29T00:00:00.000Z,execution_output_score,73.5,100,index,true
KPI-0070164,E-0471,talent_assessment,2026-07-01T00:00:00.000Z,2026-09-29T00:00:00.000Z,talent_assessment_output_score,83.5,100,index,true
KPI-0070182,E-0472,execution,2024-10-01T00:00:00.000Z,2024-12-31T00:00:00.000Z,execution_output_score,65.4,100,index,true
KPI-0070184,E-0472,customer_resolution,2024-10-01T00:00:00.000Z,2024-12-31T00:00:00.000Z,customer_resolution_output_score,102.6,100,index,true
KPI-0070201,E-0472,execution,2025-01-01T00:00:00.000Z,2025-03-31T00:00:00.000Z,execution_output_score,65.6,100,index,true
KPI-0070203,E-0472,customer_resolution,2025-01-01T00:00:00.000Z,2025-03-31T00:00:00.000Z,customer_resolution_output_score,102.2,100,index,true
KPI-0070216,E-0472,execution,2025-04-01T00:00:00.000Z,2025-06-30T00:00:00.000Z,execution_output_score,76.1,100,index,true
KPI-0070218,E-0472,customer_resolution,2025-04-01T00:00:00.000Z,2025-06-30T00:00:00.000Z,customer_resolution_output_score,97.7,100,index,true
KPI-0070246,E-0472,execution,2025-07-01T00:00:00.000Z,2025-09-30T00:00:00.000Z,execution_output_score,78,100,index,true
KPI-0070248,E-0472,customer_resolution,2025-07-01T00:00:00.000Z,2025-09-30T00:00:00.000Z,customer_resolution_output_score,91.8,100,index,true
KPI-0070267,E-0472,execution,2025-10-01T00:00:00.000Z,2025-12-31T00:00:00.000Z,execution_output_score,73.8,100,index,true
KPI-0070269,E-0472,customer_resolution,2025-10-01T00:00:00.000Z,2025-12-31T00:00:00.000Z,customer_resolution_output_score,86.8,100,index,true
KPI-0070286,E-0472,execution,2026-01-01T00:00:00.000Z,2026-03-31T00:00:00.000Z,execution_output_score,72.3,100,index,true
KPI-0070288,E-0472,customer_resolution,2026-01-01T00:00:00.000Z,2026-03-31T00:00:00.000Z,customer_resolution_output_score,84.4,100,index,true
KPI-0070301,E-0472,execution,2026-04-01T00:00:00.000Z,2026-06-30T00:00:00.000Z,execution_output_score,74.9,100,index,true
KPI-0070303,E-0472,customer_resolution,2026-04-01T00:00:00.000Z,2026-06-30T00:00:00.000Z,customer_resolution_output_score,77.3,100,index,true
KPI-0070326,E-0472,execution,2026-07-01T00:00:00.000Z,2026-09-29T00:00:00.000Z,execution_output_score,75.1,100,index,true
KPI-0070328,E-0472,customer_resolution,2026-07-01T00:00:00.000Z,2026-09-29T00:00:00.000Z,customer_resolution_output_score,72.8,100,index,true
KPI-0070350,E-0473,execution,2024-10-01T00:00:00.000Z,2024-12-31T00:00:00.000Z,execution_output_score,72.4,100,index,true
KPI-0070352,E-0473,system_design,2024-10-01T00:00:00.000Z,2024-12-31T00:00:00.000Z,system_design_output_score,72.9,100,index,true
KPI-0070368,E-0473,system_design,2025-01-01T00:00:00.000Z,2025-03-31T00:00:00.000Z,system_design_output_score,72.3,100,index,true
KPI-0070384,E-0473,execution,2025-04-01T00:00:00.000Z,2025-06-30T00:00:00.000Z,execution_output_score,64.8,100,index,true
KPI-0070386,E-0473,system_design,2025-04-01T00:00:00.000Z,2025-06-30T00:00:00.000Z,system_design_output_score,76.1,100,index,true
KPI-0070404,E-0473,execution,2025-07-01T00:00:00.000Z,2025-09-30T00:00:00.000Z,execution_output_score,71.4,100,index,true
KPI-0070406,E-0473,system_design,2025-07-01T00:00:00.000Z,2025-09-30T00:00:00.000Z,system_design_output_score,82.5,100,index,true
KPI-0070425,E-0473,execution,2025-10-01T00:00:00.000Z,2025-12-31T00:00:00.000Z,execution_output_score,74.4,100,index,true
KPI-0070427,E-0473,system_design,2025-10-01T00:00:00.000Z,2025-12-31T00:00:00.000Z,system_design_output_score,75.5,100,index,true
KPI-0070443,E-0473,execution,2026-01-01T00:00:00.000Z,2026-03-31T00:00:00.000Z,execution_output_score,78.1,100,index,true
KPI-0070445,E-0473,system_design,2026-01-01T00:00:00.000Z,2026-03-31T00:00:00.000Z,system_design_output_score,71.6,100,index,true
KPI-0070457,E-0473,execution,2026-04-01T00:00:00.000Z,2026-06-30T00:00:00.000Z,execution_output_score,73.2,100,index,true
KPI-0070459,E-0473,system_design,2026-04-01T00:00:00.000Z,2026-06-30T00:00:00.000Z,system_design_output_score,74.5,100,index,true
KPI-0070477,E-0473,system_design,2026-07-01T00:00:00.000Z,2026-09-29T00:00:00.000Z,system_design_output_score,65.9,100,index,true
KPI-0070499,E-0474,execution,2024-10-01T00:00:00.000Z,2024-12-31T00:00:00.000Z,execution_output_score,64.6,100,index,true
KPI-0070501,E-0474,pipeline_mgmt,2024-10-01T00:00:00.000Z,2024-12-31T00:00:00.000Z,pipeline_mgmt_output_score,70.2,100,index,true
KPI-0070532,E-0474,execution,2025-01-01T00:00:00.000Z,2025-03-31T00:00:00.000Z,execution_output_score,63,100,index,true
KPI-0070534,E-0474,pipeline_mgmt,2025-01-01T00:00:00.000Z,2025-03-31T00:00:00.000Z,pipeline_mgmt_output_score,74.3,100,index,true
KPI-0070546,E-0474,pipeline_mgmt,2025-04-01T00:00:00.000Z,2025-06-30T00:00:00.000Z,pipeline_mgmt_output_score,75.8,100,index,true
KPI-0070575,E-0474,execution,2025-07-01T00:00:00.000Z,2025-09-30T00:00:00.000Z,execution_output_score,73.5,100,index,true
KPI-0070577,E-0474,pipeline_mgmt,2025-07-01T00:00:00.000Z,2025-09-30T00:00:00.000Z,pipeline_mgmt_output_score,82.1,100,index,true
KPI-0070589,E-0474,execution,2025-10-01T00:00:00.000Z,2025-12-31T00:00:00.000Z,execution_output_score,79.6,100,index,true
KPI-0070591,E-0474,pipeline_mgmt,2025-10-01T00:00:00.000Z,2025-12-31T00:00:00.000Z,pipeline_mgmt_output_score,87.9,100,index,true
KPI-0070616,E-0474,execution,2026-01-01T00:00:00.000Z,2026-03-31T00:00:00.000Z,execution_output_score,85,100,index,true
KPI-0070618,E-0474,pipeline_mgmt,2026-01-01T00:00:00.000Z,2026-03-31T00:00:00.000Z,pipeline_mgmt_output_score,92,100,index,true
KPI-0070631,E-0474,execution,2026-04-01T00:00:00.000Z,2026-06-30T00:00:00.000Z,execution_output_score,97.5,100,index,true
KPI-0070633,E-0474,pipeline_mgmt,2026-04-01T00:00:00.000Z,2026-06-30T00:00:00.000Z,pipeline_mgmt_output_score,94,100,index,true
KPI-0070655,E-0474,execution,2026-07-01T00:00:00.000Z,2026-09-29T00:00:00.000Z,execution_output_score,96.7,100,index,true
KPI-0070683,E-0475,execution,2024-10-01T00:00:00.000Z,2024-12-31T00:00:00.000Z,execution_output_score,63.5,100,index,true
KPI-0070685,E-0475,campaign_strategy,2024-10-01T00:00:00.000Z,2024-12-31T00:00:00.000Z,campaign_strategy_output_score,68.3,100,index,true
KPI-0070703,E-0475,execution,2025-01-01T00:00:00.000Z,2025-03-31T00:00:00.000Z,execution_output_score,71.8,100,index,true
KPI-0070705,E-0475,campaign_strategy,2025-01-01T00:00:00.000Z,2025-03-31T00:00:00.000Z,campaign_strategy_output_score,64,100,index,true
KPI-0070714,E-0475,execution,2025-04-01T00:00:00.000Z,2025-06-30T00:00:00.000Z,execution_output_score,73,100,index,true
KPI-0070716,E-0475,campaign_strategy,2025-04-01T00:00:00.000Z,2025-06-30T00:00:00.000Z,campaign_strategy_output_score,62.2,100,index,true
KPI-0070728,E-0475,execution,2025-07-01T00:00:00.000Z,2025-09-30T00:00:00.000Z,execution_output_score,61.3,100,index,true
KPI-0070730,E-0475,campaign_strategy,2025-07-01T00:00:00.000Z,2025-09-30T00:00:00.000Z,campaign_strategy_output_score,68.6,100,index,true
KPI-0070738,E-0475,execution,2025-10-01T00:00:00.000Z,2025-12-31T00:00:00.000Z,execution_output_score,67.8,100,index,true
KPI-0070740,E-0475,campaign_strategy,2025-10-01T00:00:00.000Z,2025-12-31T00:00:00.000Z,campaign_strategy_output_score,69.4,100,index,true
KPI-0070757,E-0475,execution,2026-01-01T00:00:00.000Z,2026-03-31T00:00:00.000Z,execution_output_score,76.6,100,index,true
KPI-0070759,E-0475,campaign_strategy,2026-01-01T00:00:00.000Z,2026-03-31T00:00:00.000Z,campaign_strategy_output_score,75.2,100,index,true
KPI-0070761,E-0475,execution,2026-04-01T00:00:00.000Z,2026-06-30T00:00:00.000Z,execution_output_score,76.8,100,index,true
KPI-0070778,E-0475,execution,2026-07-01T00:00:00.000Z,2026-09-29T00:00:00.000Z,execution_output_score,87.3,100,index,true
KPI-0070780,E-0475,campaign_strategy,2026-07-01T00:00:00.000Z,2026-09-29T00:00:00.000Z,campaign_strategy_output_score,82.8,100,index,true
KPI-0070800,E-0476,execution,2024-10-01T00:00:00.000Z,2024-12-31T00:00:00.000Z,execution_output_score,73.2,100,index,true
KPI-0070802,E-0476,roadmap_prioritization,2024-10-01T00:00:00.000Z,2024-12-31T00:00:00.000Z,roadmap_prioritization_output_score,70.6,100,index,true
KPI-0070827,E-0476,execution,2025-01-01T00:00:00.000Z,2025-03-31T00:00:00.000Z,execution_output_score,69.2,100,index,true
KPI-0070829,E-0476,roadmap_prioritization,2025-01-01T00:00:00.000Z,2025-03-31T00:00:00.000Z,roadmap_prioritization_output_score,70.3,100,index,true
KPI-0070842,E-0476,execution,2025-04-01T00:00:00.000Z,2025-06-30T00:00:00.000Z,execution_output_score,75.5,100,index,true
KPI-0070844,E-0476,roadmap_prioritization,2025-04-01T00:00:00.000Z,2025-06-30T00:00:00.000Z,roadmap_prioritization_output_score,65.8,100,index,true
KPI-0070866,E-0476,execution,2025-07-01T00:00:00.000Z,2025-09-30T00:00:00.000Z,execution_output_score,85.9,100,index,true
KPI-0070875,E-0476,execution,2025-10-01T00:00:00.000Z,2025-12-31T00:00:00.000Z,execution_output_score,92.6,100,index,true
KPI-0070877,E-0476,roadmap_prioritization,2025-10-01T00:00:00.000Z,2025-12-31T00:00:00.000Z,roadmap_prioritization_output_score,72.2,100,index,true
KPI-0070901,E-0476,execution,2026-01-01T00:00:00.000Z,2026-03-31T00:00:00.000Z,execution_output_score,96.7,100,index,true
KPI-0070903,E-0476,roadmap_prioritization,2026-01-01T00:00:00.000Z,2026-03-31T00:00:00.000Z,roadmap_prioritization_output_score,76.9,100,index,true
KPI-0070919,E-0476,execution,2026-04-01T00:00:00.000Z,2026-06-30T00:00:00.000Z,execution_output_score,104.1,100,index,true
KPI-0070921,E-0476,roadmap_prioritization,2026-04-01T00:00:00.000Z,2026-06-30T00:00:00.000Z,roadmap_prioritization_output_score,86.8,100,index,true
KPI-0070950,E-0476,execution,2026-07-01T00:00:00.000Z,2026-09-29T00:00:00.000Z,execution_output_score,97.8,100,index,true
KPI-0070959,E-0477,execution,2024-10-01T00:00:00.000Z,2024-12-31T00:00:00.000Z,execution_output_score,74.8,100,index,true
KPI-0070961,E-0477,visual_craft,2024-10-01T00:00:00.000Z,2024-12-31T00:00:00.000Z,visual_craft_output_score,64.6,100,index,true
KPI-0070977,E-0477,execution,2025-01-01T00:00:00.000Z,2025-03-31T00:00:00.000Z,execution_output_score,68.3,100,index,true
KPI-0070979,E-0477,visual_craft,2025-01-01T00:00:00.000Z,2025-03-31T00:00:00.000Z,visual_craft_output_score,71.2,100,index,true
KPI-0070998,E-0477,visual_craft,2025-04-01T00:00:00.000Z,2025-06-30T00:00:00.000Z,visual_craft_output_score,67.8,100,index,true
KPI-0071027,E-0477,execution,2025-07-01T00:00:00.000Z,2025-09-30T00:00:00.000Z,execution_output_score,69.8,100,index,true
KPI-0071029,E-0477,visual_craft,2025-10-01T00:00:00.000Z,2025-12-31T00:00:00.000Z,visual_craft_output_score,61,100,index,true
KPI-0071045,E-0477,execution,2026-01-01T00:00:00.000Z,2026-03-31T00:00:00.000Z,execution_output_score,65.9,100,index,true
KPI-0071047,E-0477,visual_craft,2026-01-01T00:00:00.000Z,2026-03-31T00:00:00.000Z,visual_craft_output_score,77.9,100,index,true
KPI-0071053,E-0477,visual_craft,2026-04-01T00:00:00.000Z,2026-06-30T00:00:00.000Z,visual_craft_output_score,83.7,100,index,true
KPI-0071077,E-0477,execution,2026-07-01T00:00:00.000Z,2026-09-29T00:00:00.000Z,execution_output_score,74.6,100,index,true
KPI-0071096,E-0478,execution,2024-10-01T00:00:00.000Z,2024-12-31T00:00:00.000Z,execution_output_score,64.5,100,index,true
KPI-0071118,E-0478,execution,2025-01-01T00:00:00.000Z,2025-03-31T00:00:00.000Z,execution_output_score,68.8,100,index,true
KPI-0071120,E-0478,financial_modeling,2025-01-01T00:00:00.000Z,2025-03-31T00:00:00.000Z,financial_modeling_output_score,101.2,100,index,true
KPI-0071152,E-0478,execution,2025-07-01T00:00:00.000Z,2025-09-30T00:00:00.000Z,execution_output_score,75.3,100,index,true
KPI-0071154,E-0478,financial_modeling,2025-07-01T00:00:00.000Z,2025-09-30T00:00:00.000Z,financial_modeling_output_score,94,100,index,true
KPI-0071168,E-0478,execution,2025-10-01T00:00:00.000Z,2025-12-31T00:00:00.000Z,execution_output_score,83.2,100,index,true
KPI-0071170,E-0478,financial_modeling,2025-10-01T00:00:00.000Z,2025-12-31T00:00:00.000Z,financial_modeling_output_score,97.9,100,index,true
KPI-0071192,E-0478,execution,2026-01-01T00:00:00.000Z,2026-03-31T00:00:00.000Z,execution_output_score,81.3,100,index,true
KPI-0071194,E-0478,financial_modeling,2026-01-01T00:00:00.000Z,2026-03-31T00:00:00.000Z,financial_modeling_output_score,91,100,index,true
KPI-0071206,E-0478,execution,2026-04-01T00:00:00.000Z,2026-06-30T00:00:00.000Z,execution_output_score,91.4,100,index,true
KPI-0071208,E-0478,financial_modeling,2026-04-01T00:00:00.000Z,2026-06-30T00:00:00.000Z,financial_modeling_output_score,84.5,100,index,true
KPI-0071224,E-0478,execution,2026-07-01T00:00:00.000Z,2026-09-29T00:00:00.000Z,execution_output_score,97.3,100,index,true
KPI-0071226,E-0478,financial_modeling,2026-07-01T00:00:00.000Z,2026-09-29T00:00:00.000Z,financial_modeling_output_score,81,100,index,true
KPI-0071248,E-0479,talent_assessment,2024-10-01T00:00:00.000Z,2024-12-31T00:00:00.000Z,talent_assessment_output_score,64.3,100,index,true
KPI-0071267,E-0479,execution,2025-01-01T00:00:00.000Z,2025-03-31T00:00:00.000Z,execution_output_score,73.2,100,index,true
KPI-0071269,E-0479,talent_assessment,2025-01-01T00:00:00.000Z,2025-03-31T00:00:00.000Z,talent_assessment_output_score,65.5,100,index,true
KPI-0071275,E-0479,execution,2025-04-01T00:00:00.000Z,2025-06-30T00:00:00.000Z,execution_output_score,78.4,100,index,true
KPI-0071277,E-0479,talent_assessment,2025-04-01T00:00:00.000Z,2025-06-30T00:00:00.000Z,talent_assessment_output_score,69.2,100,index,true
KPI-0071321,E-0479,execution,2025-10-01T00:00:00.000Z,2025-12-31T00:00:00.000Z,execution_output_score,78.1,100,index,true
KPI-0071323,E-0479,talent_assessment,2025-10-01T00:00:00.000Z,2025-12-31T00:00:00.000Z,talent_assessment_output_score,70,100,index,true
KPI-0071347,E-0479,execution,2026-01-01T00:00:00.000Z,2026-03-31T00:00:00.000Z,execution_output_score,62.4,100,index,true
KPI-0071363,E-0479,execution,2026-04-01T00:00:00.000Z,2026-06-30T00:00:00.000Z,execution_output_score,75.3,100,index,true
KPI-0071388,E-0479,talent_assessment,2026-07-01T00:00:00.000Z,2026-09-29T00:00:00.000Z,talent_assessment_output_score,92.5,100,index,true
KPI-0071412,E-0480,customer_resolution,2024-10-01T00:00:00.000Z,2024-12-31T00:00:00.000Z,customer_resolution_output_score,67.1,100,index,true
KPI-0071430,E-0480,execution,2025-01-01T00:00:00.000Z,2025-03-31T00:00:00.000Z,execution_output_score,75.6,100,index,true
KPI-0071432,E-0480,customer_resolution,2025-01-01T00:00:00.000Z,2025-03-31T00:00:00.000Z,customer_resolution_output_score,73.6,100,index,true
KPI-0071445,E-0480,execution,2025-04-01T00:00:00.000Z,2025-06-30T00:00:00.000Z,execution_output_score,79.1,100,index,true
KPI-0071472,E-0480,execution,2025-07-01T00:00:00.000Z,2025-09-30T00:00:00.000Z,execution_output_score,83.3,100,index,true
KPI-0071474,E-0480,customer_resolution,2025-07-01T00:00:00.000Z,2025-09-30T00:00:00.000Z,customer_resolution_output_score,78.9,100,index,true
KPI-0071483,E-0480,execution,2025-10-01T00:00:00.000Z,2025-12-31T00:00:00.000Z,execution_output_score,82.3,100,index,true
KPI-0071512,E-0480,customer_resolution,2026-01-01T00:00:00.000Z,2026-03-31T00:00:00.000Z,customer_resolution_output_score,95.3,100,index,true
KPI-0071518,E-0480,execution,2026-04-01T00:00:00.000Z,2026-06-30T00:00:00.000Z,execution_output_score,105.1,100,index,true
KPI-0071520,E-0480,customer_resolution,2026-04-01T00:00:00.000Z,2026-06-30T00:00:00.000Z,customer_resolution_output_score,113,100,index,true
KPI-0071536,E-0480,execution,2026-07-01T00:00:00.000Z,2026-09-29T00:00:00.000Z,execution_output_score,102.8,100,index,true
KPI-0071538,E-0480,customer_resolution,2026-07-01T00:00:00.000Z,2026-09-29T00:00:00.000Z,customer_resolution_output_score,99.9,100,index,true
KPI-0071565,E-0481,execution,2024-10-01T00:00:00.000Z,2024-12-31T00:00:00.000Z,execution_output_score,101.1,100,index,true
KPI-0071567,E-0481,system_design,2024-10-01T00:00:00.000Z,2024-12-31T00:00:00.000Z,system_design_output_score,66.3,100,index,true
KPI-0071592,E-0481,system_design,2025-01-01T00:00:00.000Z,2025-03-31T00:00:00.000Z,system_design_output_score,69.1,100,index,true
KPI-0071605,E-0481,execution,2025-04-01T00:00:00.000Z,2025-06-30T00:00:00.000Z,execution_output_score,98,100,index,true
KPI-0071607,E-0481,system_design,2025-04-01T00:00:00.000Z,2025-06-30T00:00:00.000Z,system_design_output_score,64.5,100,index,true
KPI-0071631,E-0481,execution,2025-07-01T00:00:00.000Z,2025-09-30T00:00:00.000Z,execution_output_score,97.1,100,index,true
KPI-0071633,E-0481,system_design,2025-07-01T00:00:00.000Z,2025-09-30T00:00:00.000Z,system_design_output_score,70.8,100,index,true
KPI-0071642,E-0481,execution,2025-10-01T00:00:00.000Z,2025-12-31T00:00:00.000Z,execution_output_score,87.9,100,index,true
KPI-0071656,E-0481,execution,2026-01-01T00:00:00.000Z,2026-03-31T00:00:00.000Z,execution_output_score,85.9,100,index,true
KPI-0071658,E-0481,system_design,2026-01-01T00:00:00.000Z,2026-03-31T00:00:00.000Z,system_design_output_score,77.9,100,index,true
KPI-0071674,E-0481,execution,2026-04-01T00:00:00.000Z,2026-06-30T00:00:00.000Z,execution_output_score,72.7,100,index,true
KPI-0071676,E-0481,system_design,2026-04-01T00:00:00.000Z,2026-06-30T00:00:00.000Z,system_design_output_score,88.8,100,index,true
KPI-0071692,E-0481,execution,2026-07-01T00:00:00.000Z,2026-09-29T00:00:00.000Z,execution_output_score,76.3,100,index,true
KPI-0071731,E-0482,execution,2024-10-01T00:00:00.000Z,2024-12-31T00:00:00.000Z,execution_output_score,115.1,100,index,true
KPI-0071733,E-0482,pipeline_mgmt,2024-10-01T00:00:00.000Z,2024-12-31T00:00:00.000Z,pipeline_mgmt_output_score,86.7,100,index,true
KPI-0071755,E-0482,execution,2025-01-01T00:00:00.000Z,2025-03-31T00:00:00.000Z,execution_output_score,109.6,100,index,true
KPI-0071757,E-0482,pipeline_mgmt,2025-01-01T00:00:00.000Z,2025-03-31T00:00:00.000Z,pipeline_mgmt_output_score,83,100,index,true
KPI-0071762,E-0482,pipeline_mgmt,2025-04-01T00:00:00.000Z,2025-06-30T00:00:00.000Z,pipeline_mgmt_output_score,83.3,100,index,true
KPI-0071784,E-0482,execution,2025-07-01T00:00:00.000Z,2025-09-30T00:00:00.000Z,execution_output_score,102.5,100,index,true
KPI-0071786,E-0482,pipeline_mgmt,2025-07-01T00:00:00.000Z,2025-09-30T00:00:00.000Z,pipeline_mgmt_output_score,77,100,index,true
KPI-0071798,E-0482,execution,2025-10-01T00:00:00.000Z,2025-12-31T00:00:00.000Z,execution_output_score,95.9,100,index,true
KPI-0071800,E-0482,pipeline_mgmt,2025-10-01T00:00:00.000Z,2025-12-31T00:00:00.000Z,pipeline_mgmt_output_score,79.2,100,index,true
KPI-0071820,E-0482,execution,2026-01-01T00:00:00.000Z,2026-03-31T00:00:00.000Z,execution_output_score,82.7,100,index,true
KPI-0071822,E-0482,pipeline_mgmt,2026-01-01T00:00:00.000Z,2026-03-31T00:00:00.000Z,pipeline_mgmt_output_score,77.5,100,index,true
KPI-0071824,E-0482,execution,2026-04-01T00:00:00.000Z,2026-06-30T00:00:00.000Z,execution_output_score,87,100,index,true
KPI-0071826,E-0482,pipeline_mgmt,2026-04-01T00:00:00.000Z,2026-06-30T00:00:00.000Z,pipeline_mgmt_output_score,75.2,100,index,true
KPI-0071848,E-0482,execution,2026-07-01T00:00:00.000Z,2026-09-29T00:00:00.000Z,execution_output_score,84.8,100,index,true
KPI-0071850,E-0482,pipeline_mgmt,2026-07-01T00:00:00.000Z,2026-09-29T00:00:00.000Z,pipeline_mgmt_output_score,65.2,100,index,true
KPI-0071905,E-0483,execution,2025-01-01T00:00:00.000Z,2025-03-31T00:00:00.000Z,execution_output_score,69.2,100,index,true
KPI-0071907,E-0483,campaign_strategy,2025-01-01T00:00:00.000Z,2025-03-31T00:00:00.000Z,campaign_strategy_output_score,89.6,100,index,true
KPI-0071916,E-0483,execution,2025-04-01T00:00:00.000Z,2025-06-30T00:00:00.000Z,execution_output_score,57.7,100,index,true
KPI-0071935,E-0483,execution,2025-07-01T00:00:00.000Z,2025-09-30T00:00:00.000Z,execution_output_score,55.9,100,index,true
KPI-0071937,E-0483,campaign_strategy,2025-07-01T00:00:00.000Z,2025-09-30T00:00:00.000Z,campaign_strategy_output_score,80.5,100,index,true
KPI-0071949,E-0483,campaign_strategy,2025-10-01T00:00:00.000Z,2025-12-31T00:00:00.000Z,campaign_strategy_output_score,82.1,100,index,true
KPI-0071970,E-0483,execution,2026-01-01T00:00:00.000Z,2026-03-31T00:00:00.000Z,execution_output_score,78.5,100,index,true
KPI-0071972,E-0483,campaign_strategy,2026-01-01T00:00:00.000Z,2026-03-31T00:00:00.000Z,campaign_strategy_output_score,88.1,100,index,true
KPI-0071978,E-0483,execution,2026-04-01T00:00:00.000Z,2026-06-30T00:00:00.000Z,execution_output_score,84.5,100,index,true
KPI-0071980,E-0483,campaign_strategy,2026-04-01T00:00:00.000Z,2026-06-30T00:00:00.000Z,campaign_strategy_output_score,82.4,100,index,true
KPI-0072000,E-0483,execution,2026-07-01T00:00:00.000Z,2026-09-29T00:00:00.000Z,execution_output_score,82.6,100,index,true
KPI-0072002,E-0483,campaign_strategy,2026-07-01T00:00:00.000Z,2026-09-29T00:00:00.000Z,campaign_strategy_output_score,85.5,100,index,true
KPI-0072012,E-0484,execution,2024-10-01T00:00:00.000Z,2024-12-31T00:00:00.000Z,execution_output_score,70.7,100,index,true
KPI-0072030,E-0484,execution,2025-01-01T00:00:00.000Z,2025-03-31T00:00:00.000Z,execution_output_score,61.6,100,index,true
KPI-0072032,E-0484,roadmap_prioritization,2025-01-01T00:00:00.000Z,2025-03-31T00:00:00.000Z,roadmap_prioritization_output_score,71.9,100,index,true
KPI-0072044,E-0484,execution,2025-04-01T00:00:00.000Z,2025-06-30T00:00:00.000Z,execution_output_score,68.1,100,index,true
KPI-0072046,E-0484,roadmap_prioritization,2025-04-01T00:00:00.000Z,2025-06-30T00:00:00.000Z,roadmap_prioritization_output_score,72.4,100,index,true
KPI-0072073,E-0484,execution,2025-07-01T00:00:00.000Z,2025-09-30T00:00:00.000Z,execution_output_score,62.4,100,index,true
KPI-0072075,E-0484,execution,2025-10-01T00:00:00.000Z,2025-12-31T00:00:00.000Z,execution_output_score,77.5,100,index,true
KPI-0072103,E-0484,execution,2026-01-01T00:00:00.000Z,2026-03-31T00:00:00.000Z,execution_output_score,87.1,100,index,true
KPI-0072105,E-0484,roadmap_prioritization,2026-01-01T00:00:00.000Z,2026-03-31T00:00:00.000Z,roadmap_prioritization_output_score,88.9,100,index,true
KPI-0072117,E-0484,execution,2026-04-01T00:00:00.000Z,2026-06-30T00:00:00.000Z,execution_output_score,89.6,100,index,true
KPI-0072119,E-0484,roadmap_prioritization,2026-04-01T00:00:00.000Z,2026-06-30T00:00:00.000Z,roadmap_prioritization_output_score,89.8,100,index,true
KPI-0072149,E-0485,execution,2024-10-01T00:00:00.000Z,2024-12-31T00:00:00.000Z,execution_output_score,77.2,100,index,true
KPI-0072178,E-0485,execution,2025-01-01T00:00:00.000Z,2025-03-31T00:00:00.000Z,execution_output_score,75.5,100,index,true
KPI-0072180,E-0485,visual_craft,2025-01-01T00:00:00.000Z,2025-03-31T00:00:00.000Z,visual_craft_output_score,60.1,100,index,true
KPI-0072199,E-0485,execution,2025-04-01T00:00:00.000Z,2025-06-30T00:00:00.000Z,execution_output_score,68.5,100,index,true
KPI-0072220,E-0485,visual_craft,2025-07-01T00:00:00.000Z,2025-09-30T00:00:00.000Z,visual_craft_output_score,71.3,100,index,true
KPI-0072232,E-0485,execution,2025-10-01T00:00:00.000Z,2025-12-31T00:00:00.000Z,execution_output_score,72.2,100,index,true
KPI-0072234,E-0485,visual_craft,2025-10-01T00:00:00.000Z,2025-12-31T00:00:00.000Z,visual_craft_output_score,88.4,100,index,true
KPI-0072256,E-0485,visual_craft,2026-01-01T00:00:00.000Z,2026-03-31T00:00:00.000Z,visual_craft_output_score,90.3,100,index,true
KPI-0072258,E-0485,execution,2026-04-01T00:00:00.000Z,2026-06-30T00:00:00.000Z,execution_output_score,78.8,100,index,true
KPI-0072260,E-0485,visual_craft,2026-04-01T00:00:00.000Z,2026-06-30T00:00:00.000Z,visual_craft_output_score,98.1,100,index,true
KPI-0072285,E-0485,execution,2026-07-01T00:00:00.000Z,2026-09-29T00:00:00.000Z,execution_output_score,76.5,100,index,true
KPI-0072287,E-0485,visual_craft,2026-07-01T00:00:00.000Z,2026-09-29T00:00:00.000Z,visual_craft_output_score,96.5,100,index,true
KPI-0072325,E-0486,execution,2025-01-01T00:00:00.000Z,2025-03-31T00:00:00.000Z,execution_output_score,75.3,100,index,true
KPI-0072327,E-0486,financial_modeling,2025-01-01T00:00:00.000Z,2025-03-31T00:00:00.000Z,financial_modeling_output_score,73.7,100,index,true
KPI-0072332,E-0486,execution,2025-04-01T00:00:00.000Z,2025-06-30T00:00:00.000Z,execution_output_score,76.6,100,index,true
KPI-0072334,E-0486,financial_modeling,2025-04-01T00:00:00.000Z,2025-06-30T00:00:00.000Z,financial_modeling_output_score,72.9,100,index,true
KPI-0072363,E-0486,execution,2025-07-01T00:00:00.000Z,2025-09-30T00:00:00.000Z,execution_output_score,85.8,100,index,true
KPI-0072365,E-0486,financial_modeling,2025-07-01T00:00:00.000Z,2025-09-30T00:00:00.000Z,financial_modeling_output_score,74.6,100,index,true
KPI-0072371,E-0486,execution,2025-10-01T00:00:00.000Z,2025-12-31T00:00:00.000Z,execution_output_score,84.3,100,index,true
KPI-0072373,E-0486,financial_modeling,2025-10-01T00:00:00.000Z,2025-12-31T00:00:00.000Z,financial_modeling_output_score,66.9,100,index,true
KPI-0072387,E-0486,execution,2026-01-01T00:00:00.000Z,2026-03-31T00:00:00.000Z,execution_output_score,95.5,100,index,true
KPI-0072389,E-0486,financial_modeling,2026-01-01T00:00:00.000Z,2026-03-31T00:00:00.000Z,financial_modeling_output_score,73.5,100,index,true
KPI-0072398,E-0486,execution,2026-04-01T00:00:00.000Z,2026-06-30T00:00:00.000Z,execution_output_score,97.4,100,index,true
KPI-0072400,E-0486,financial_modeling,2026-04-01T00:00:00.000Z,2026-06-30T00:00:00.000Z,financial_modeling_output_score,71.7,100,index,true
KPI-0072425,E-0486,financial_modeling,2026-07-01T00:00:00.000Z,2026-09-29T00:00:00.000Z,financial_modeling_output_score,68.3,100,index,true
KPI-0072436,E-0487,talent_assessment,2024-10-01T00:00:00.000Z,2024-12-31T00:00:00.000Z,talent_assessment_output_score,88.2,100,index,true
KPI-0072459,E-0487,execution,2025-01-01T00:00:00.000Z,2025-03-31T00:00:00.000Z,execution_output_score,104.4,100,index,true
KPI-0072461,E-0487,talent_assessment,2025-01-01T00:00:00.000Z,2025-03-31T00:00:00.000Z,talent_assessment_output_score,94.2,100,index,true
KPI-0072467,E-0487,execution,2025-04-01T00:00:00.000Z,2025-06-30T00:00:00.000Z,execution_output_score,100.1,100,index,true
KPI-0072469,E-0487,talent_assessment,2025-04-01T00:00:00.000Z,2025-06-30T00:00:00.000Z,talent_assessment_output_score,91.4,100,index,true
KPI-0072482,E-0487,execution,2025-07-01T00:00:00.000Z,2025-09-30T00:00:00.000Z,execution_output_score,95.9,100,index,true
KPI-0072484,E-0487,talent_assessment,2025-07-01T00:00:00.000Z,2025-09-30T00:00:00.000Z,talent_assessment_output_score,88.2,100,index,true
KPI-0072502,E-0487,execution,2025-10-01T00:00:00.000Z,2025-12-31T00:00:00.000Z,execution_output_score,86.1,100,index,true
KPI-0072504,E-0487,talent_assessment,2025-10-01T00:00:00.000Z,2025-12-31T00:00:00.000Z,talent_assessment_output_score,85.3,100,index,true
KPI-0072526,E-0487,execution,2026-01-01T00:00:00.000Z,2026-03-31T00:00:00.000Z,execution_output_score,87.9,100,index,true
KPI-0072528,E-0487,talent_assessment,2026-01-01T00:00:00.000Z,2026-03-31T00:00:00.000Z,talent_assessment_output_score,90.1,100,index,true
KPI-0072540,E-0487,talent_assessment,2026-04-01T00:00:00.000Z,2026-06-30T00:00:00.000Z,talent_assessment_output_score,89.5,100,index,true
KPI-0072556,E-0487,execution,2026-07-01T00:00:00.000Z,2026-09-29T00:00:00.000Z,execution_output_score,80.5,100,index,true
KPI-0072558,E-0487,talent_assessment,2026-07-01T00:00:00.000Z,2026-09-29T00:00:00.000Z,talent_assessment_output_score,96.5,100,index,true
KPI-0072579,E-0488,execution,2024-10-01T00:00:00.000Z,2024-12-31T00:00:00.000Z,execution_output_score,65.8,100,index,true
KPI-0072581,E-0488,customer_resolution,2024-10-01T00:00:00.000Z,2024-12-31T00:00:00.000Z,customer_resolution_output_score,101.7,100,index,true
KPI-0072604,E-0488,execution,2025-01-01T00:00:00.000Z,2025-03-31T00:00:00.000Z,execution_output_score,72.1,100,index,true
KPI-0072606,E-0488,customer_resolution,2025-01-01T00:00:00.000Z,2025-03-31T00:00:00.000Z,customer_resolution_output_score,95.5,100,index,true
KPI-0072612,E-0488,customer_resolution,2025-04-01T00:00:00.000Z,2025-06-30T00:00:00.000Z,customer_resolution_output_score,84.9,100,index,true
KPI-0072643,E-0488,execution,2025-07-01T00:00:00.000Z,2025-09-30T00:00:00.000Z,execution_output_score,72.7,100,index,true
KPI-0072645,E-0488,customer_resolution,2025-07-01T00:00:00.000Z,2025-09-30T00:00:00.000Z,customer_resolution_output_score,89.6,100,index,true
KPI-0072651,E-0488,customer_resolution,2025-10-01T00:00:00.000Z,2025-12-31T00:00:00.000Z,customer_resolution_output_score,79.8,100,index,true
KPI-0072676,E-0488,execution,2026-01-01T00:00:00.000Z,2026-03-31T00:00:00.000Z,execution_output_score,84.9,100,index,true
KPI-0072678,E-0488,customer_resolution,2026-01-01T00:00:00.000Z,2026-03-31T00:00:00.000Z,customer_resolution_output_score,79.7,100,index,true
KPI-0072694,E-0488,execution,2026-04-01T00:00:00.000Z,2026-06-30T00:00:00.000Z,execution_output_score,79.8,100,index,true
KPI-0072696,E-0488,customer_resolution,2026-04-01T00:00:00.000Z,2026-06-30T00:00:00.000Z,customer_resolution_output_score,70.1,100,index,true
KPI-0072718,E-0488,customer_resolution,2026-07-01T00:00:00.000Z,2026-09-29T00:00:00.000Z,customer_resolution_output_score,64,100,index,true
KPI-0072738,E-0489,execution,2024-10-01T00:00:00.000Z,2024-12-31T00:00:00.000Z,execution_output_score,65.9,100,index,true
KPI-0072740,E-0489,system_design,2024-10-01T00:00:00.000Z,2024-12-31T00:00:00.000Z,system_design_output_score,69.2,100,index,true
KPI-0072768,E-0489,system_design,2025-01-01T00:00:00.000Z,2025-03-31T00:00:00.000Z,system_design_output_score,64.5,100,index,true
KPI-0072777,E-0489,execution,2025-04-01T00:00:00.000Z,2025-06-30T00:00:00.000Z,execution_output_score,73.7,100,index,true
KPI-0072806,E-0489,execution,2025-07-01T00:00:00.000Z,2025-09-30T00:00:00.000Z,execution_output_score,71.6,100,index,true
KPI-0072818,E-0489,execution,2025-10-01T00:00:00.000Z,2025-12-31T00:00:00.000Z,execution_output_score,76.7,100,index,true
KPI-0072820,E-0489,system_design,2025-10-01T00:00:00.000Z,2025-12-31T00:00:00.000Z,system_design_output_score,73.4,100,index,true
KPI-0072849,E-0489,execution,2026-01-01T00:00:00.000Z,2026-03-31T00:00:00.000Z,execution_output_score,81.2,100,index,true
KPI-0072851,E-0489,system_design,2026-01-01T00:00:00.000Z,2026-03-31T00:00:00.000Z,system_design_output_score,68.4,100,index,true
KPI-0072863,E-0489,execution,2026-04-01T00:00:00.000Z,2026-06-30T00:00:00.000Z,execution_output_score,93.3,100,index,true
KPI-0072865,E-0489,system_design,2026-04-01T00:00:00.000Z,2026-06-30T00:00:00.000Z,system_design_output_score,76.5,100,index,true
KPI-0072888,E-0489,execution,2026-07-01T00:00:00.000Z,2026-09-29T00:00:00.000Z,execution_output_score,91.3,100,index,true
KPI-0072913,E-0490,execution,2024-10-01T00:00:00.000Z,2024-12-31T00:00:00.000Z,execution_output_score,110.6,100,index,true
KPI-0072915,E-0490,pipeline_mgmt,2024-10-01T00:00:00.000Z,2024-12-31T00:00:00.000Z,pipeline_mgmt_output_score,68.3,100,index,true
KPI-0072948,E-0490,execution,2025-04-01T00:00:00.000Z,2025-06-30T00:00:00.000Z,execution_output_score,101.3,100,index,true
KPI-0072950,E-0490,pipeline_mgmt,2025-04-01T00:00:00.000Z,2025-06-30T00:00:00.000Z,pipeline_mgmt_output_score,66.4,100,index,true
KPI-0072974,E-0490,pipeline_mgmt,2025-07-01T00:00:00.000Z,2025-09-30T00:00:00.000Z,pipeline_mgmt_output_score,64.8,100,index,true
KPI-0072983,E-0490,execution,2025-10-01T00:00:00.000Z,2025-12-31T00:00:00.000Z,execution_output_score,96.9,100,index,true
KPI-0072985,E-0490,pipeline_mgmt,2025-10-01T00:00:00.000Z,2025-12-31T00:00:00.000Z,pipeline_mgmt_output_score,73.4,100,index,true
KPI-0073007,E-0490,execution,2026-01-01T00:00:00.000Z,2026-03-31T00:00:00.000Z,execution_output_score,83.2,100,index,true
KPI-0073009,E-0490,pipeline_mgmt,2026-01-01T00:00:00.000Z,2026-03-31T00:00:00.000Z,pipeline_mgmt_output_score,77.8,100,index,true
KPI-0073033,E-0490,execution,2026-07-01T00:00:00.000Z,2026-09-29T00:00:00.000Z,execution_output_score,80.2,100,index,true
KPI-0073035,E-0490,pipeline_mgmt,2026-07-01T00:00:00.000Z,2026-09-29T00:00:00.000Z,pipeline_mgmt_output_score,92.8,100,index,true
KPI-0073064,E-0491,execution,2024-10-01T00:00:00.000Z,2024-12-31T00:00:00.000Z,execution_output_score,78.7,100,index,true
KPI-0073084,E-0491,execution,2025-01-01T00:00:00.000Z,2025-03-31T00:00:00.000Z,execution_output_score,82,100,index,true
KPI-0073086,E-0491,campaign_strategy,2025-01-01T00:00:00.000Z,2025-03-31T00:00:00.000Z,campaign_strategy_output_score,66.4,100,index,true
KPI-0073095,E-0491,execution,2025-04-01T00:00:00.000Z,2025-06-30T00:00:00.000Z,execution_output_score,87.5,100,index,true
KPI-0073097,E-0491,campaign_strategy,2025-04-01T00:00:00.000Z,2025-06-30T00:00:00.000Z,campaign_strategy_output_score,69.2,100,index,true
KPI-0073121,E-0491,execution,2025-07-01T00:00:00.000Z,2025-09-30T00:00:00.000Z,execution_output_score,89.3,100,index,true
KPI-0073123,E-0491,campaign_strategy,2025-07-01T00:00:00.000Z,2025-09-30T00:00:00.000Z,campaign_strategy_output_score,63.9,100,index,true
KPI-0073142,E-0491,execution,2025-10-01T00:00:00.000Z,2025-12-31T00:00:00.000Z,execution_output_score,98.4,100,index,true
KPI-0073144,E-0491,campaign_strategy,2025-10-01T00:00:00.000Z,2025-12-31T00:00:00.000Z,campaign_strategy_output_score,67.9,100,index,true
KPI-0073160,E-0491,execution,2026-01-01T00:00:00.000Z,2026-03-31T00:00:00.000Z,execution_output_score,106.4,100,index,true
KPI-0073162,E-0491,campaign_strategy,2026-01-01T00:00:00.000Z,2026-03-31T00:00:00.000Z,campaign_strategy_output_score,71.8,100,index,true
KPI-0073174,E-0491,execution,2026-04-01T00:00:00.000Z,2026-06-30T00:00:00.000Z,execution_output_score,114.2,100,index,true
KPI-0073176,E-0491,campaign_strategy,2026-04-01T00:00:00.000Z,2026-06-30T00:00:00.000Z,campaign_strategy_output_score,61.6,100,index,true
KPI-0073196,E-0491,execution,2026-07-01T00:00:00.000Z,2026-09-29T00:00:00.000Z,execution_output_score,118.7,100,index,true
KPI-0073226,E-0492,execution,2024-10-01T00:00:00.000Z,2024-12-31T00:00:00.000Z,execution_output_score,104,100,index,true
KPI-0073228,E-0492,roadmap_prioritization,2024-10-01T00:00:00.000Z,2024-12-31T00:00:00.000Z,roadmap_prioritization_output_score,102.6,100,index,true
KPI-0073250,E-0492,execution,2025-01-01T00:00:00.000Z,2025-03-31T00:00:00.000Z,execution_output_score,99.6,100,index,true
KPI-0073252,E-0492,roadmap_prioritization,2025-01-01T00:00:00.000Z,2025-03-31T00:00:00.000Z,roadmap_prioritization_output_score,105.4,100,index,true
KPI-0073264,E-0492,roadmap_prioritization,2025-04-01T00:00:00.000Z,2025-06-30T00:00:00.000Z,roadmap_prioritization_output_score,92.9,100,index,true
KPI-0073289,E-0492,execution,2025-07-01T00:00:00.000Z,2025-09-30T00:00:00.000Z,execution_output_score,86.2,100,index,true
KPI-0073301,E-0492,execution,2025-10-01T00:00:00.000Z,2025-12-31T00:00:00.000Z,execution_output_score,82.3,100,index,true
KPI-0073303,E-0492,roadmap_prioritization,2025-10-01T00:00:00.000Z,2025-12-31T00:00:00.000Z,roadmap_prioritization_output_score,88.1,100,index,true
KPI-0073325,E-0492,execution,2026-01-01T00:00:00.000Z,2026-03-31T00:00:00.000Z,execution_output_score,66.2,100,index,true
KPI-0073327,E-0492,roadmap_prioritization,2026-01-01T00:00:00.000Z,2026-03-31T00:00:00.000Z,roadmap_prioritization_output_score,75.6,100,index,true
KPI-0073339,E-0492,execution,2026-04-01T00:00:00.000Z,2026-06-30T00:00:00.000Z,execution_output_score,82.2,100,index,true
KPI-0073341,E-0492,roadmap_prioritization,2026-04-01T00:00:00.000Z,2026-06-30T00:00:00.000Z,roadmap_prioritization_output_score,80,100,index,true
KPI-0073369,E-0492,execution,2026-07-01T00:00:00.000Z,2026-09-29T00:00:00.000Z,execution_output_score,63.2,100,index,true
KPI-0073371,E-0492,roadmap_prioritization,2026-07-01T00:00:00.000Z,2026-09-29T00:00:00.000Z,roadmap_prioritization_output_score,76.6,100,index,true
KPI-0073398,E-0493,execution,2024-10-01T00:00:00.000Z,2024-12-31T00:00:00.000Z,execution_output_score,112.1,100,index,true
KPI-0073400,E-0493,visual_craft,2024-10-01T00:00:00.000Z,2024-12-31T00:00:00.000Z,visual_craft_output_score,65,100,index,true
KPI-0073416,E-0493,execution,2025-01-01T00:00:00.000Z,2025-03-31T00:00:00.000Z,execution_output_score,113.3,100,index,true
KPI-0073434,E-0493,visual_craft,2025-04-01T00:00:00.000Z,2025-06-30T00:00:00.000Z,visual_craft_output_score,72.5,100,index,true
KPI-0073450,E-0493,execution,2025-07-01T00:00:00.000Z,2025-09-30T00:00:00.000Z,execution_output_score,95.4,100,index,true
KPI-0073452,E-0493,visual_craft,2025-07-01T00:00:00.000Z,2025-09-30T00:00:00.000Z,visual_craft_output_score,72.4,100,index,true
KPI-0073458,E-0493,execution,2025-10-01T00:00:00.000Z,2025-12-31T00:00:00.000Z,execution_output_score,85.9,100,index,true
KPI-0073460,E-0493,visual_craft,2025-10-01T00:00:00.000Z,2025-12-31T00:00:00.000Z,visual_craft_output_score,78.6,100,index,true
KPI-0073477,E-0493,execution,2026-01-01T00:00:00.000Z,2026-03-31T00:00:00.000Z,execution_output_score,89.4,100,index,true
KPI-0073479,E-0493,visual_craft,2026-01-01T00:00:00.000Z,2026-03-31T00:00:00.000Z,visual_craft_output_score,81.9,100,index,true
KPI-0073494,E-0493,execution,2026-04-01T00:00:00.000Z,2026-06-30T00:00:00.000Z,execution_output_score,81,100,index,true
KPI-0073496,E-0493,visual_craft,2026-04-01T00:00:00.000Z,2026-06-30T00:00:00.000Z,visual_craft_output_score,90.5,100,index,true
KPI-0073514,E-0493,visual_craft,2026-07-01T00:00:00.000Z,2026-09-29T00:00:00.000Z,visual_craft_output_score,103.2,100,index,true
KPI-0073530,E-0494,execution,2024-10-01T00:00:00.000Z,2024-12-31T00:00:00.000Z,execution_output_score,69.4,100,index,true
KPI-0073532,E-0494,financial_modeling,2024-10-01T00:00:00.000Z,2024-12-31T00:00:00.000Z,financial_modeling_output_score,81.5,100,index,true
KPI-0073548,E-0494,execution,2025-01-01T00:00:00.000Z,2025-03-31T00:00:00.000Z,execution_output_score,70.9,100,index,true
KPI-0073550,E-0494,financial_modeling,2025-01-01T00:00:00.000Z,2025-03-31T00:00:00.000Z,financial_modeling_output_score,76.4,100,index,true
KPI-0073566,E-0494,execution,2025-04-01T00:00:00.000Z,2025-06-30T00:00:00.000Z,execution_output_score,64.3,100,index,true
KPI-0073568,E-0494,financial_modeling,2025-04-01T00:00:00.000Z,2025-06-30T00:00:00.000Z,financial_modeling_output_score,82.1,100,index,true
KPI-0073595,E-0494,execution,2025-07-01T00:00:00.000Z,2025-09-30T00:00:00.000Z,execution_output_score,64.6,100,index,true
KPI-0073597,E-0494,financial_modeling,2025-07-01T00:00:00.000Z,2025-09-30T00:00:00.000Z,financial_modeling_output_score,80.9,100,index,true
KPI-0073609,E-0494,financial_modeling,2025-10-01T00:00:00.000Z,2025-12-31T00:00:00.000Z,financial_modeling_output_score,89,100,index,true
KPI-0073645,E-0494,execution,2026-04-01T00:00:00.000Z,2026-06-30T00:00:00.000Z,execution_output_score,75,100,index,true
KPI-0073647,E-0494,financial_modeling,2026-04-01T00:00:00.000Z,2026-06-30T00:00:00.000Z,financial_modeling_output_score,88.2,100,index,true
KPI-0073683,E-0495,execution,2024-10-01T00:00:00.000Z,2024-12-31T00:00:00.000Z,execution_output_score,82.3,100,index,true
KPI-0073706,E-0495,execution,2025-01-01T00:00:00.000Z,2025-03-31T00:00:00.000Z,execution_output_score,80.7,100,index,true
KPI-0073708,E-0495,talent_assessment,2025-01-01T00:00:00.000Z,2025-03-31T00:00:00.000Z,talent_assessment_output_score,65,100,index,true
KPI-0073717,E-0495,execution,2025-04-01T00:00:00.000Z,2025-06-30T00:00:00.000Z,execution_output_score,76.4,100,index,true
KPI-0073719,E-0495,talent_assessment,2025-04-01T00:00:00.000Z,2025-06-30T00:00:00.000Z,talent_assessment_output_score,70.8,100,index,true
KPI-0073748,E-0495,talent_assessment,2025-07-01T00:00:00.000Z,2025-09-30T00:00:00.000Z,talent_assessment_output_score,73.7,100,index,true
KPI-0073760,E-0495,execution,2025-10-01T00:00:00.000Z,2025-12-31T00:00:00.000Z,execution_output_score,80.5,100,index,true
KPI-0073782,E-0495,execution,2026-01-01T00:00:00.000Z,2026-03-31T00:00:00.000Z,execution_output_score,84,100,index,true
KPI-0073784,E-0495,talent_assessment,2026-01-01T00:00:00.000Z,2026-03-31T00:00:00.000Z,talent_assessment_output_score,72.6,100,index,true
KPI-0073792,E-0495,execution,2026-04-01T00:00:00.000Z,2026-06-30T00:00:00.000Z,execution_output_score,82.9,100,index,true
KPI-0073794,E-0495,talent_assessment,2026-04-01T00:00:00.000Z,2026-06-30T00:00:00.000Z,talent_assessment_output_score,66.5,100,index,true
KPI-0073819,E-0495,execution,2026-07-01T00:00:00.000Z,2026-09-29T00:00:00.000Z,execution_output_score,76.9,100,index,true
KPI-0073821,E-0495,talent_assessment,2026-07-01T00:00:00.000Z,2026-09-29T00:00:00.000Z,talent_assessment_output_score,65.2,100,index,true
KPI-0073843,E-0496,customer_resolution,2024-10-01T00:00:00.000Z,2024-12-31T00:00:00.000Z,customer_resolution_output_score,71.6,100,index,true
KPI-0073867,E-0496,execution,2025-01-01T00:00:00.000Z,2025-03-31T00:00:00.000Z,execution_output_score,108.4,100,index,true
KPI-0073869,E-0496,customer_resolution,2025-01-01T00:00:00.000Z,2025-03-31T00:00:00.000Z,customer_resolution_output_score,77.7,100,index,true
KPI-0073884,E-0496,execution,2025-04-01T00:00:00.000Z,2025-06-30T00:00:00.000Z,execution_output_score,99.4,100,index,true
KPI-0073886,E-0496,customer_resolution,2025-04-01T00:00:00.000Z,2025-06-30T00:00:00.000Z,customer_resolution_output_score,74.7,100,index,true
KPI-0073913,E-0496,execution,2025-07-01T00:00:00.000Z,2025-09-30T00:00:00.000Z,execution_output_score,97.4,100,index,true
KPI-0073915,E-0496,customer_resolution,2025-07-01T00:00:00.000Z,2025-09-30T00:00:00.000Z,customer_resolution_output_score,89.2,100,index,true
KPI-0073924,E-0496,execution,2025-10-01T00:00:00.000Z,2025-12-31T00:00:00.000Z,execution_output_score,104.3,100,index,true
KPI-0073926,E-0496,customer_resolution,2025-10-01T00:00:00.000Z,2025-12-31T00:00:00.000Z,customer_resolution_output_score,89.1,100,index,true
KPI-0073944,E-0496,customer_resolution,2026-01-01T00:00:00.000Z,2026-03-31T00:00:00.000Z,customer_resolution_output_score,103.8,100,index,true
KPI-0073952,E-0496,customer_resolution,2026-04-01T00:00:00.000Z,2026-06-30T00:00:00.000Z,customer_resolution_output_score,103.3,100,index,true
KPI-0073970,E-0496,execution,2026-07-01T00:00:00.000Z,2026-09-29T00:00:00.000Z,execution_output_score,102.2,100,index,true
KPI-0073972,E-0496,customer_resolution,2026-07-01T00:00:00.000Z,2026-09-29T00:00:00.000Z,customer_resolution_output_score,110,100,index,true
KPI-0073995,E-0497,execution,2024-10-01T00:00:00.000Z,2024-12-31T00:00:00.000Z,execution_output_score,73.1,100,index,true
KPI-0073997,E-0497,system_design,2024-10-01T00:00:00.000Z,2024-12-31T00:00:00.000Z,system_design_output_score,66.3,100,index,true
KPI-0074020,E-0497,execution,2025-01-01T00:00:00.000Z,2025-03-31T00:00:00.000Z,execution_output_score,81.4,100,index,true
KPI-0074026,E-0497,system_design,2025-04-01T00:00:00.000Z,2025-06-30T00:00:00.000Z,system_design_output_score,63.4,100,index,true
KPI-0074047,E-0497,execution,2025-07-01T00:00:00.000Z,2025-09-30T00:00:00.000Z,execution_output_score,61.3,100,index,true
KPI-0074049,E-0497,system_design,2025-07-01T00:00:00.000Z,2025-09-30T00:00:00.000Z,system_design_output_score,61.5,100,index,true
KPI-0074065,E-0497,execution,2025-10-01T00:00:00.000Z,2025-12-31T00:00:00.000Z,execution_output_score,73.8,100,index,true
KPI-0074067,E-0497,system_design,2025-10-01T00:00:00.000Z,2025-12-31T00:00:00.000Z,system_design_output_score,59.5,100,index,true
KPI-0074084,E-0497,execution,2026-01-01T00:00:00.000Z,2026-03-31T00:00:00.000Z,execution_output_score,77,100,index,true
KPI-0074086,E-0497,system_design,2026-01-01T00:00:00.000Z,2026-03-31T00:00:00.000Z,system_design_output_score,53.5,100,index,true
KPI-0074098,E-0497,execution,2026-04-01T00:00:00.000Z,2026-06-30T00:00:00.000Z,execution_output_score,87.5,100,index,true
KPI-0074100,E-0497,system_design,2026-04-01T00:00:00.000Z,2026-06-30T00:00:00.000Z,system_design_output_score,60.2,100,index,true
KPI-0074121,E-0497,execution,2026-07-01T00:00:00.000Z,2026-09-29T00:00:00.000Z,execution_output_score,97.1,100,index,true
KPI-0074123,E-0497,system_design,2026-07-01T00:00:00.000Z,2026-09-29T00:00:00.000Z,system_design_output_score,50.4,100,index,true
KPI-0074143,E-0498,execution,2024-10-01T00:00:00.000Z,2024-12-31T00:00:00.000Z,execution_output_score,79,100,index,true
KPI-0074145,E-0498,pipeline_mgmt,2024-10-01T00:00:00.000Z,2024-12-31T00:00:00.000Z,pipeline_mgmt_output_score,77.5,100,index,true
KPI-0074174,E-0498,execution,2025-01-01T00:00:00.000Z,2025-03-31T00:00:00.000Z,execution_output_score,78.1,100,index,true
KPI-0074176,E-0498,pipeline_mgmt,2025-01-01T00:00:00.000Z,2025-03-31T00:00:00.000Z,pipeline_mgmt_output_score,77.1,100,index,true
KPI-0074188,E-0498,execution,2025-04-01T00:00:00.000Z,2025-06-30T00:00:00.000Z,execution_output_score,89,100,index,true
KPI-0074190,E-0498,pipeline_mgmt,2025-04-01T00:00:00.000Z,2025-06-30T00:00:00.000Z,pipeline_mgmt_output_score,77.8,100,index,true
KPI-0074207,E-0498,execution,2025-07-01T00:00:00.000Z,2025-09-30T00:00:00.000Z,execution_output_score,85.7,100,index,true
KPI-0074219,E-0498,execution,2025-10-01T00:00:00.000Z,2025-12-31T00:00:00.000Z,execution_output_score,84.8,100,index,true
KPI-0074221,E-0498,pipeline_mgmt,2025-10-01T00:00:00.000Z,2025-12-31T00:00:00.000Z,pipeline_mgmt_output_score,78.8,100,index,true
KPI-0074239,E-0498,execution,2026-01-01T00:00:00.000Z,2026-03-31T00:00:00.000Z,execution_output_score,89.6,100,index,true
KPI-0074241,E-0498,pipeline_mgmt,2026-01-01T00:00:00.000Z,2026-03-31T00:00:00.000Z,pipeline_mgmt_output_score,83,100,index,true
KPI-0074256,E-0498,execution,2026-04-01T00:00:00.000Z,2026-06-30T00:00:00.000Z,execution_output_score,83.9,100,index,true
KPI-0074270,E-0498,execution,2026-07-01T00:00:00.000Z,2026-09-29T00:00:00.000Z,execution_output_score,83.5,100,index,true
KPI-0074294,E-0499,execution,2024-10-01T00:00:00.000Z,2024-12-31T00:00:00.000Z,execution_output_score,58.9,100,index,true
KPI-0074296,E-0499,campaign_strategy,2024-10-01T00:00:00.000Z,2024-12-31T00:00:00.000Z,campaign_strategy_output_score,108,100,index,true
KPI-0074320,E-0499,execution,2025-01-01T00:00:00.000Z,2025-03-31T00:00:00.000Z,execution_output_score,67,100,index,true
KPI-0074322,E-0499,campaign_strategy,2025-01-01T00:00:00.000Z,2025-03-31T00:00:00.000Z,campaign_strategy_output_score,97.3,100,index,true
KPI-0074335,E-0499,execution,2025-04-01T00:00:00.000Z,2025-06-30T00:00:00.000Z,execution_output_score,71.6,100,index,true
KPI-0074337,E-0499,campaign_strategy,2025-04-01T00:00:00.000Z,2025-06-30T00:00:00.000Z,campaign_strategy_output_score,95,100,index,true
KPI-0074366,E-0499,execution,2025-07-01T00:00:00.000Z,2025-09-30T00:00:00.000Z,execution_output_score,80.3,100,index,true
KPI-0074368,E-0499,campaign_strategy,2025-07-01T00:00:00.000Z,2025-09-30T00:00:00.000Z,campaign_strategy_output_score,97.7,100,index,true
KPI-0074387,E-0499,execution,2025-10-01T00:00:00.000Z,2025-12-31T00:00:00.000Z,execution_output_score,86,100,index,true
KPI-0074389,E-0499,campaign_strategy,2025-10-01T00:00:00.000Z,2025-12-31T00:00:00.000Z,campaign_strategy_output_score,97.3,100,index,true
KPI-0074413,E-0499,execution,2026-01-01T00:00:00.000Z,2026-03-31T00:00:00.000Z,execution_output_score,91.9,100,index,true
KPI-0074415,E-0499,campaign_strategy,2026-01-01T00:00:00.000Z,2026-03-31T00:00:00.000Z,campaign_strategy_output_score,86,100,index,true
KPI-0074421,E-0499,execution,2026-04-01T00:00:00.000Z,2026-06-30T00:00:00.000Z,execution_output_score,95.4,100,index,true
KPI-0074423,E-0499,campaign_strategy,2026-04-01T00:00:00.000Z,2026-06-30T00:00:00.000Z,campaign_strategy_output_score,82.7,100,index,true
KPI-0074446,E-0499,execution,2026-07-01T00:00:00.000Z,2026-09-29T00:00:00.000Z,execution_output_score,96.4,100,index,true
KPI-0074448,E-0499,campaign_strategy,2026-07-01T00:00:00.000Z,2026-09-29T00:00:00.000Z,campaign_strategy_output_score,77.1,100,index,true
KPI-0074470,E-0500,execution,2024-10-01T00:00:00.000Z,2024-12-31T00:00:00.000Z,execution_output_score,65.9,100,index,true
KPI-0074472,E-0500,roadmap_prioritization,2024-10-01T00:00:00.000Z,2024-12-31T00:00:00.000Z,roadmap_prioritization_output_score,104.9,100,index,true
KPI-0074491,E-0500,execution,2025-01-01T00:00:00.000Z,2025-03-31T00:00:00.000Z,execution_output_score,62.7,100,index,true
KPI-0074493,E-0500,roadmap_prioritization,2025-01-01T00:00:00.000Z,2025-03-31T00:00:00.000Z,roadmap_prioritization_output_score,102.5,100,index,true
KPI-0074501,E-0500,execution,2025-04-01T00:00:00.000Z,2025-06-30T00:00:00.000Z,execution_output_score,64.7,100,index,true
KPI-0074503,E-0500,roadmap_prioritization,2025-04-01T00:00:00.000Z,2025-06-30T00:00:00.000Z,roadmap_prioritization_output_score,99.7,100,index,true
KPI-0074522,E-0500,execution,2025-07-01T00:00:00.000Z,2025-09-30T00:00:00.000Z,execution_output_score,68.6,100,index,true
KPI-0074524,E-0500,roadmap_prioritization,2025-07-01T00:00:00.000Z,2025-09-30T00:00:00.000Z,roadmap_prioritization_output_score,94.9,100,index,true
KPI-0074533,E-0500,execution,2025-10-01T00:00:00.000Z,2025-12-31T00:00:00.000Z,execution_output_score,74.2,100,index,true
KPI-0074535,E-0500,roadmap_prioritization,2025-10-01T00:00:00.000Z,2025-12-31T00:00:00.000Z,roadmap_prioritization_output_score,92.7,100,index,true
KPI-0074553,E-0500,execution,2026-01-01T00:00:00.000Z,2026-03-31T00:00:00.000Z,execution_output_score,69.8,100,index,true
KPI-0074565,E-0500,execution,2026-04-01T00:00:00.000Z,2026-06-30T00:00:00.000Z,execution_output_score,80.6,100,index,true
KPI-0074567,E-0500,roadmap_prioritization,2026-04-01T00:00:00.000Z,2026-06-30T00:00:00.000Z,roadmap_prioritization_output_score,81.7,100,index,true
KPI-0074585,E-0500,roadmap_prioritization,2026-07-01T00:00:00.000Z,2026-09-29T00:00:00.000Z,roadmap_prioritization_output_score,74.7,100,index,true