project_id,employee_id,project_name,role_on_project,competencies_exercised,started_at,ended_at,complexity_score,autonomy_level,outcome_quality,on_time,defect_count,was_stretch,team_size,attribution
PRJ-0000200,E-0001,Project PRJ-0000200,lead,"[""system_design"",""communication""]",2025-12-06T00:00:00.000Z,2026-01-14T00:00:00.000Z,2,3,2.63,true,3,false,6,individual
PRJ-0000203,E-0001,Project PRJ-0000203,contributor,"[""communication"",""system_design"",""collaboration""]",2025-09-29T00:00:00.000Z,2025-11-16T00:00:00.000Z,4,4,1.55,true,4,true,5,individual
PRJ-0000207,E-0001,Project PRJ-0000207,owner,"[""execution"",""system_design"",""problem_solving""]",2024-12-28T00:00:00.000Z,2025-03-06T00:00:00.000Z,5,4,2.45,true,4,true,8,individual
PRJ-0000345,E-0002,Project PRJ-0000345,contributor,"[""communication""]",2025-07-13T00:00:00.000Z,2025-09-07T00:00:00.000Z,5,2,1.14,true,0,true,3,individual
PRJ-0000347,E-0002,Project PRJ-0000347,lead,"[""execution"",""negotiation""]",2025-04-10T00:00:00.000Z,2025-05-30T00:00:00.000Z,4,1,2.08,false,3,true,6,team
PRJ-0000350,E-0002,Project PRJ-0000350,owner,"[""communication"",""execution"",""collaboration""]",2026-07-19T00:00:00.000Z,2026-09-14T00:00:00.000Z,3,2,2.84,false,0,false,6,shared
PRJ-0000354,E-0002,Project PRJ-0000354,contributor,"[""communication"",""negotiation""]",2025-12-20T00:00:00.000Z,2026-02-27T00:00:00.000Z,4,1,2.78,true,2,true,5,shared
PRJ-0000510,E-0003,Project PRJ-0000510,owner,"[""collaboration""]",2025-04-16T00:00:00.000Z,2025-06-10T00:00:00.000Z,3,3,1.53,true,3,false,6,individual
PRJ-0000512,E-0003,Project PRJ-0000512,lead,"[""problem_solving"",""collaboration"",""campaign_strategy""]",2025-06-03T00:00:00.000Z,2025-07-26T00:00:00.000Z,3,3,1.24,true,4,false,5,individual
PRJ-0000516,E-0003,Project PRJ-0000516,owner,"[""content_quality""]",2025-05-28T00:00:00.000Z,2025-07-01T00:00:00.000Z,3,1,1.91,true,2,false,3,shared
PRJ-0000518,E-0003,Project PRJ-0000518,lead,"[""campaign_strategy""]",2025-08-07T00:00:00.000Z,2025-09-17T00:00:00.000Z,5,2,2.95,true,4,true,7,shared
PRJ-0000671,E-0004,Project PRJ-0000671,contributor,"[""communication""]",2026-09-07T00:00:00.000Z,2026-11-09T00:00:00.000Z,4,3,2.14,true,2,true,5,individual
PRJ-0000673,E-0004,Project PRJ-0000673,lead,"[""communication"",""stakeholder_alignment""]",2026-08-09T00:00:00.000Z,2026-10-11T00:00:00.000Z,2,3,3.06,true,0,false,6,individual
PRJ-0000779,E-0005,Project PRJ-0000779,lead,"[""collaboration""]",2025-12-14T00:00:00.000Z,2026-01-24T00:00:00.000Z,1,2,1.52,true,3,false,6,shared
PRJ-0000781,E-0005,Project PRJ-0000781,lead,"[""collaboration"",""communication""]",2025-04-01T00:00:00.000Z,2025-06-07T00:00:00.000Z,5,2,1.22,true,3,true,5,shared
PRJ-0000784,E-0005,Project PRJ-0000784,contributor,"[""collaboration"",""ux_research""]",2025-06-06T00:00:00.000Z,2025-07-13T00:00:00.000Z,3,5,1.31,false,4,false,7,shared
PRJ-0000787,E-0005,Project PRJ-0000787,contributor,"[""problem_solving""]",2025-10-31T00:00:00.000Z,2025-12-28T00:00:00.000Z,2,2,1.61,true,0,false,6,individual
PRJ-0000943,E-0006,Project PRJ-0000943,lead,"[""communication"",""compliance_rigor""]",2025-04-09T00:00:00.000Z,2025-05-10T00:00:00.000Z,3,4,1.35,true,2,false,8,shared
PRJ-0000946,E-0006,Project PRJ-0000946,owner,"[""execution""]",2026-07-10T00:00:00.000Z,2026-08-17T00:00:00.000Z,1,5,3.8,true,2,false,8,shared
PRJ-0000948,E-0006,Project PRJ-0000948,contributor,"[""communication"",""financial_modeling"",""collaboration""]",2026-04-01T00:00:00.000Z,2026-05-13T00:00:00.000Z,2,5,1.82,true,4,false,2,individual
PRJ-0001077,E-0007,Project PRJ-0001077,contributor,"[""collaboration"",""talent_assessment""]",2026-03-06T00:00:00.000Z,2026-05-02T00:00:00.000Z,2,3,2.96,false,4,false,2,individual
PRJ-0001080,E-0007,Project PRJ-0001080,lead,"[""problem_solving""]",2025-12-29T00:00:00.000Z,2026-02-25T00:00:00.000Z,4,2,2.83,true,4,true,3,team
PRJ-0001216,E-0008,Project PRJ-0001216,owner,"[""troubleshooting""]",2026-03-09T00:00:00.000Z,2026-05-10T00:00:00.000Z,5,3,2.22,false,2,true,6,shared
PRJ-0001218,E-0008,Project PRJ-0001218,contributor,"[""customer_resolution"",""communication"",""collaboration""]",2026-08-04T00:00:00.000Z,2026-09-13T00:00:00.000Z,1,5,3.17,true,0,false,7,shared
PRJ-0001351,E-0009,Project PRJ-0001351,contributor,"[""system_design"",""code_quality"",""execution""]",2025-08-18T00:00:00.000Z,2025-10-12T00:00:00.000Z,2,1,1.14,true,1,false,2,individual
PRJ-0001355,E-0009,Project PRJ-0001355,lead,"[""problem_solving"",""system_design"",""code_quality""]",2025-10-07T00:00:00.000Z,2025-12-03T00:00:00.000Z,3,5,1.28,true,0,false,7,individual
PRJ-0001497,E-0010,Project PRJ-0001497,contributor,"[""communication"",""execution"",""pipeline_mgmt""]",2025-05-28T00:00:00.000Z,2025-07-09T00:00:00.000Z,2,4,1.72,true,3,false,4,shared
PRJ-0001501,E-0010,Project PRJ-0001501,contributor,"[""communication"",""execution"",""pipeline_mgmt""]",2025-03-22T00:00:00.000Z,2025-05-15T00:00:00.000Z,3,3,1.75,true,0,false,8,individual
PRJ-0001505,E-0010,Project PRJ-0001505,owner,"[""collaboration"",""pipeline_mgmt""]",2025-12-10T00:00:00.000Z,2026-01-09T00:00:00.000Z,4,3,1.76,true,3,true,3,shared
PRJ-0001508,E-0010,Project PRJ-0001508,owner,"[""pipeline_mgmt"",""communication""]",2026-08-09T00:00:00.000Z,2026-09-30T00:00:00.000Z,3,2,2.72,true,1,false,6,individual
PRJ-0001675,E-0011,Project PRJ-0001675,owner,"[""communication""]",2024-11-06T00:00:00.000Z,2024-12-24T00:00:00.000Z,5,4,1.41,true,1,true,6,shared
PRJ-0001677,E-0011,Project PRJ-0001677,owner,"[""content_quality"",""campaign_strategy"",""execution""]",2025-01-29T00:00:00.000Z,2025-03-07T00:00:00.000Z,1,2,2.13,true,2,false,5,individual
PRJ-0001681,E-0011,Project PRJ-0001681,owner,"[""campaign_strategy""]",2025-12-13T00:00:00.000Z,2026-01-17T00:00:00.000Z,2,4,1.94,true,4,false,3,shared
PRJ-0001683,E-0011,Project PRJ-0001683,lead,"[""communication"",""content_quality"",""collaboration""]",2025-06-23T00:00:00.000Z,2025-07-26T00:00:00.000Z,2,1,1.86,false,3,false,8,team
PRJ-0001802,E-0012,Project PRJ-0001802,owner,"[""communication"",""stakeholder_alignment"",""execution""]",2026-03-16T00:00:00.000Z,2026-04-25T00:00:00.000Z,4,3,2.76,false,0,true,7,shared
PRJ-0001806,E-0012,Project PRJ-0001806,owner,"[""execution"",""stakeholder_alignment""]",2025-06-01T00:00:00.000Z,2025-07-27T00:00:00.000Z,4,1,4.26,true,1,true,7,team
PRJ-0001809,E-0012,Project PRJ-0001809,contributor,"[""communication"",""execution""]",2026-07-09T00:00:00.000Z,2026-08-23T00:00:00.000Z,1,1,2.41,true,4,false,4,shared
PRJ-0001942,E-0013,Project PRJ-0001942,contributor,"[""communication"",""problem_solving""]",2025-04-25T00:00:00.000Z,2025-05-28T00:00:00.000Z,2,1,2.46,true,0,false,6,shared
PRJ-0001945,E-0013,Project PRJ-0001945,contributor,"[""problem_solving""]",2024-11-08T00:00:00.000Z,2024-12-24T00:00:00.000Z,3,2,3.78,false,2,false,6,individual
PRJ-0002058,E-0014,Project PRJ-0002058,contributor,"[""collaboration"",""financial_modeling"",""communication""]",2026-04-19T00:00:00.000Z,2026-06-06T00:00:00.000Z,5,5,3.34,false,0,true,7,team
PRJ-0002062,E-0014,Project PRJ-0002062,lead,"[""problem_solving"",""collaboration"",""financial_modeling""]",2026-01-13T00:00:00.000Z,2026-02-14T00:00:00.000Z,3,3,3.07,true,1,false,8,individual
PRJ-0002066,E-0014,Project PRJ-0002066,lead,"[""communication""]",2024-12-08T00:00:00.000Z,2025-01-30T00:00:00.000Z,5,4,1,true,3,true,6,individual
PRJ-0002231,E-0015,Project PRJ-0002231,lead,"[""communication""]",2025-12-04T00:00:00.000Z,2026-01-21T00:00:00.000Z,4,4,1.41,true,0,true,2,shared
PRJ-0002233,E-0015,Project PRJ-0002233,lead,"[""policy_navigation"",""collaboration""]",2025-03-09T00:00:00.000Z,2025-05-09T00:00:00.000Z,1,5,2.13,true,4,false,3,team
PRJ-0002355,E-0016,Project PRJ-0002355,contributor,"[""collaboration"",""communication"",""problem_solving""]",2025-08-23T00:00:00.000Z,2025-10-01T00:00:00.000Z,4,1,1.06,false,4,true,5,individual
PRJ-0002359,E-0016,Project PRJ-0002359,contributor,"[""problem_solving"",""collaboration"",""troubleshooting""]",2026-01-14T00:00:00.000Z,2026-03-09T00:00:00.000Z,2,3,1.99,true,1,false,8,shared
PRJ-0002481,E-0017,Project PRJ-0002481,owner,"[""execution"",""collaboration""]",2025-06-27T00:00:00.000Z,2025-08-30T00:00:00.000Z,3,1,3.44,false,3,false,3,shared
PRJ-0002484,E-0017,Project PRJ-0002484,owner,"[""problem_solving"",""code_quality"",""collaboration""]",2026-04-24T00:00:00.000Z,2026-07-02T00:00:00.000Z,1,1,1.45,true,4,false,8,shared
PRJ-0002488,E-0017,Project PRJ-0002488,lead,"[""collaboration"",""system_design"",""problem_solving""]",2026-01-15T00:00:00.000Z,2026-03-12T00:00:00.000Z,3,5,2,true,0,false,5,shared
PRJ-0002616,E-0018,Project PRJ-0002616,lead,"[""negotiation"",""execution""]",2026-04-20T00:00:00.000Z,2026-06-04T00:00:00.000Z,4,5,3.16,true,2,true,6,shared
PRJ-0002619,E-0018,Project PRJ-0002619,contributor,"[""negotiation""]",2026-08-18T00:00:00.000Z,2026-10-23T00:00:00.000Z,3,5,2.64,true,3,false,4,individual
PRJ-0002740,E-0019,Project PRJ-0002740,lead,"[""execution""]",2026-05-22T00:00:00.000Z,2026-07-17T00:00:00.000Z,1,5,2.33,true,1,false,4,shared
PRJ-0002742,E-0019,Project PRJ-0002742,lead,"[""content_quality"",""collaboration""]",2025-05-15T00:00:00.000Z,2025-07-21T00:00:00.000Z,5,4,2.11,true,4,true,6,individual
PRJ-0002897,E-0020,Project PRJ-0002897,owner,"[""roadmap_prioritization"",""stakeholder_alignment"",""collaboration""]",2026-08-13T00:00:00.000Z,2026-09-22T00:00:00.000Z,5,1,2.9,true,0,true,4,team
PRJ-0002901,E-0020,Project PRJ-0002901,lead,"[""execution"",""roadmap_prioritization"",""stakeholder_alignment""]",2024-11-10T00:00:00.000Z,2024-12-16T00:00:00.000Z,3,1,1.75,true,3,false,6,individual
PRJ-0002905,E-0020,Project PRJ-0002905,lead,"[""execution""]",2025-05-28T00:00:00.000Z,2025-07-15T00:00:00.000Z,1,3,2.23,true,3,false,5,team
PRJ-0002907,E-0020,Project PRJ-0002907,owner,"[""execution"",""collaboration"",""stakeholder_alignment""]",2025-07-02T00:00:00.000Z,2025-09-02T00:00:00.000Z,2,4,1.69,false,4,false,8,individual
PRJ-0003063,E-0021,Project PRJ-0003063,contributor,"[""ux_research"",""problem_solving"",""communication""]",2026-07-13T00:00:00.000Z,2026-09-12T00:00:00.000Z,3,1,2.7,false,4,false,2,individual
PRJ-0003067,E-0021,Project PRJ-0003067,lead,"[""visual_craft""]",2025-11-04T00:00:00.000Z,2025-12-28T00:00:00.000Z,5,4,1.17,true,0,true,6,shared
PRJ-0003069,E-0021,Project PRJ-0003069,owner,"[""execution"",""problem_solving""]",2026-01-11T00:00:00.000Z,2026-03-01T00:00:00.000Z,4,1,2.86,true,1,true,2,individual
PRJ-0003072,E-0021,Project PRJ-0003072,lead,"[""execution"",""communication""]",2026-07-06T00:00:00.000Z,2026-08-21T00:00:00.000Z,4,2,1.38,false,0,true,7,individual
PRJ-0003219,E-0022,Project PRJ-0003219,contributor,"[""communication"",""collaboration""]",2025-12-30T00:00:00.000Z,2026-02-01T00:00:00.000Z,3,4,2.42,true,0,false,3,shared
PRJ-0003222,E-0022,Project PRJ-0003222,lead,"[""compliance_rigor"",""communication"",""problem_solving""]",2026-02-13T00:00:00.000Z,2026-04-12T00:00:00.000Z,5,2,3.54,true,1,true,4,individual
PRJ-0003226,E-0022,Project PRJ-0003226,contributor,"[""communication"",""problem_solving"",""financial_modeling""]",2026-08-03T00:00:00.000Z,2026-09-26T00:00:00.000Z,1,3,3.98,false,0,false,6,individual
PRJ-0003230,E-0022,Project PRJ-0003230,contributor,"[""execution"",""collaboration"",""communication""]",2025-03-20T00:00:00.000Z,2025-05-02T00:00:00.000Z,3,1,1.91,true,0,false,4,individual
PRJ-0003381,E-0023,Project PRJ-0003381,lead,"[""collaboration""]",2025-07-31T00:00:00.000Z,2025-09-30T00:00:00.000Z,1,2,3.04,true,1,false,8,shared
PRJ-0003383,E-0023,Project PRJ-0003383,contributor,"[""communication""]",2024-10-05T00:00:00.000Z,2024-11-25T00:00:00.000Z,1,5,3.53,false,4,false,4,team
PRJ-0003553,E-0024,Project PRJ-0003553,lead,"[""customer_resolution""]",2025-02-02T00:00:00.000Z,2025-04-09T00:00:00.000Z,2,2,1,false,3,false,8,individual
PRJ-0003555,E-0024,Project PRJ-0003555,contributor,"[""problem_solving"",""collaboration"",""execution""]",2026-05-09T00:00:00.000Z,2026-07-07T00:00:00.000Z,4,1,1.92,true,3,true,3,shared
PRJ-0003559,E-0024,Project PRJ-0003559,contributor,"[""collaboration"",""customer_resolution""]",2026-01-30T00:00:00.000Z,2026-04-04T00:00:00.000Z,1,4,1,true,3,false,3,team
PRJ-0003717,E-0025,Project PRJ-0003717,lead,"[""collaboration"",""communication"",""code_quality""]",2025-07-16T00:00:00.000Z,2025-08-22T00:00:00.000Z,3,4,1.6,true,1,false,3,team
PRJ-0003721,E-0025,Project PRJ-0003721,contributor,"[""communication""]",2025-06-25T00:00:00.000Z,2025-08-19T00:00:00.000Z,2,4,2.52,true,1,false,3,individual
PRJ-0003865,E-0026,Project PRJ-0003865,contributor,"[""negotiation"",""execution"",""collaboration""]",2026-03-27T00:00:00.000Z,2026-05-31T00:00:00.000Z,5,3,2.11,true,4,true,5,shared
PRJ-0003869,E-0026,Project PRJ-0003869,lead,"[""execution"",""problem_solving""]",2025-04-28T00:00:00.000Z,2025-06-23T00:00:00.000Z,1,4,2.41,true,1,false,4,shared
PRJ-0004039,E-0027,Project PRJ-0004039,contributor,"[""content_quality"",""campaign_strategy"",""collaboration""]",2025-05-11T00:00:00.000Z,2025-06-20T00:00:00.000Z,5,2,1.85,true,1,true,4,shared
PRJ-0004043,E-0027,Project PRJ-0004043,contributor,"[""content_quality"",""problem_solving""]",2025-10-14T00:00:00.000Z,2025-12-05T00:00:00.000Z,4,4,3.21,true,0,true,4,individual
PRJ-0004046,E-0027,Project PRJ-0004046,lead,"[""collaboration"",""content_quality"",""execution""]",2025-12-28T00:00:00.000Z,2026-02-05T00:00:00.000Z,5,3,1.95,true,2,true,5,shared
PRJ-0004050,E-0027,Project PRJ-0004050,owner,"[""problem_solving""]",2025-03-31T00:00:00.000Z,2025-06-07T00:00:00.000Z,4,1,1.91,true,0,true,2,shared
PRJ-0004167,E-0028,Project PRJ-0004167,owner,"[""problem_solving"",""stakeholder_alignment""]",2026-06-09T00:00:00.000Z,2026-08-05T00:00:00.000Z,4,1,1.26,true,1,true,3,shared
PRJ-0004170,E-0028,Project PRJ-0004170,contributor,"[""roadmap_prioritization"",""collaboration""]",2025-12-05T00:00:00.000Z,2026-02-07T00:00:00.000Z,5,2,1.91,true,3,true,5,team
PRJ-0004329,E-0029,Project PRJ-0004329,owner,"[""ux_research"",""problem_solving""]",2025-10-07T00:00:00.000Z,2025-11-08T00:00:00.000Z,3,3,1.97,true,0,false,2,team
PRJ-0004332,E-0029,Project PRJ-0004332,contributor,"[""visual_craft"",""communication"",""ux_research""]",2025-01-17T00:00:00.000Z,2025-03-16T00:00:00.000Z,1,3,2.07,true,0,false,2,shared
PRJ-0004472,E-0030,Project PRJ-0004472,owner,"[""collaboration"",""execution"",""problem_solving""]",2026-07-14T00:00:00.000Z,2026-09-12T00:00:00.000Z,5,3,3.6,true,3,true,8,individual
PRJ-0004476,E-0030,Project PRJ-0004476,contributor,"[""problem_solving"",""financial_modeling"",""communication""]",2025-08-01T00:00:00.000Z,2025-09-15T00:00:00.000Z,5,3,3.1,true,3,true,8,team
PRJ-0004648,E-0031,Project PRJ-0004648,contributor,"[""communication"",""execution""]",2025-02-25T00:00:00.000Z,2025-04-06T00:00:00.000Z,1,2,1.55,false,2,false,7,shared
PRJ-0004651,E-0031,Project PRJ-0004651,contributor,"[""policy_navigation""]",2025-09-27T00:00:00.000Z,2025-11-12T00:00:00.000Z,3,3,3.59,true,2,false,6,shared
PRJ-0004653,E-0031,Project PRJ-0004653,contributor,"[""execution"",""policy_navigation""]",2026-03-18T00:00:00.000Z,2026-05-04T00:00:00.000Z,2,1,2.5,true,4,false,8,individual
PRJ-0004796,E-0032,Project PRJ-0004796,lead,"[""execution"",""collaboration""]",2026-09-04T00:00:00.000Z,2026-10-26T00:00:00.000Z,5,4,2.98,true,0,true,7,individual
PRJ-0004799,E-0032,Project PRJ-0004799,contributor,"[""execution"",""troubleshooting""]",2025-09-25T00:00:00.000Z,2025-11-03T00:00:00.000Z,4,1,1.93,true,4,true,8,individual
PRJ-0004932,E-0033,Project PRJ-0004932,lead,"[""system_design""]",2025-11-02T00:00:00.000Z,2025-12-31T00:00:00.000Z,4,5,1.51,true,4,true,3,shared
PRJ-0004934,E-0033,Project PRJ-0004934,owner,"[""collaboration"",""code_quality"",""execution""]",2025-03-01T00:00:00.000Z,2025-04-14T00:00:00.000Z,1,2,1.81,true,0,false,2,individual
PRJ-0004938,E-0033,Project PRJ-0004938,owner,"[""code_quality"",""collaboration""]",2025-10-07T00:00:00.000Z,2025-11-14T00:00:00.000Z,5,2,1.95,true,1,true,3,shared
PRJ-0005077,E-0034,Project PRJ-0005077,owner,"[""execution"",""pipeline_mgmt""]",2026-05-10T00:00:00.000Z,2026-06-16T00:00:00.000Z,5,2,2.17,true,0,true,6,team
PRJ-0005080,E-0034,Project PRJ-0005080,lead,"[""problem_solving""]",2026-09-02T00:00:00.000Z,2026-10-09T00:00:00.000Z,3,4,1.78,false,0,false,4,individual
PRJ-0005082,E-0034,Project PRJ-0005082,contributor,"[""communication""]",2025-12-30T00:00:00.000Z,2026-03-04T00:00:00.000Z,2,1,1,true,2,false,8,shared
PRJ-0005239,E-0035,Project PRJ-0005239,contributor,"[""content_quality"",""campaign_strategy""]",2025-05-08T00:00:00.000Z,2025-06-17T00:00:00.000Z,1,1,4.35,true,2,false,6,individual
PRJ-0005242,E-0035,Project PRJ-0005242,owner,"[""campaign_strategy""]",2026-01-08T00:00:00.000Z,2026-02-20T00:00:00.000Z,1,2,3.04,true,1,false,2,shared
PRJ-0005371,E-0036,Project PRJ-0005371,owner,"[""stakeholder_alignment"",""collaboration"",""roadmap_prioritization""]",2025-02-08T00:00:00.000Z,2025-04-03T00:00:00.000Z,2,1,1.9,false,4,false,5,individual
PRJ-0005375,E-0036,Project PRJ-0005375,lead,"[""execution""]",2025-01-08T00:00:00.000Z,2025-02-26T00:00:00.000Z,4,4,1,true,1,true,8,team
PRJ-0005377,E-0036,Project PRJ-0005377,lead,"[""roadmap_prioritization"",""stakeholder_alignment""]",2024-11-25T00:00:00.000Z,2024-12-30T00:00:00.000Z,1,1,1.68,true,2,false,3,team
PRJ-0005547,E-0037,Project PRJ-0005547,owner,"[""communication"",""collaboration"",""visual_craft""]",2025-12-09T00:00:00.000Z,2026-02-10T00:00:00.000Z,2,3,2.17,true,4,false,3,individual
PRJ-0005551,E-0037,Project PRJ-0005551,lead,"[""ux_research""]",2025-01-21T00:00:00.000Z,2025-03-13T00:00:00.000Z,1,2,1,true,3,false,2,individual
PRJ-0005707,E-0038,Project PRJ-0005707,lead,"[""communication""]",2024-11-24T00:00:00.000Z,2024-12-24T00:00:00.000Z,3,4,2.16,true,4,false,4,shared
PRJ-0005709,E-0038,Project PRJ-0005709,lead,"[""financial_modeling""]",2026-08-20T00:00:00.000Z,2026-10-07T00:00:00.000Z,2,1,3.43,true,1,false,7,individual
PRJ-0005711,E-0038,Project PRJ-0005711,lead,"[""financial_modeling"",""communication""]",2026-06-29T00:00:00.000Z,2026-09-05T00:00:00.000Z,1,2,2.71,true,4,false,3,individual
PRJ-0005846,E-0039,Project PRJ-0005846,contributor,"[""communication"",""execution""]",2026-09-23T00:00:00.000Z,2026-11-08T00:00:00.000Z,1,5,2.69,true,1,false,7,individual
PRJ-0005849,E-0039,Project PRJ-0005849,contributor,"[""problem_solving"",""talent_assessment"",""execution""]",2025-12-22T00:00:00.000Z,2026-01-31T00:00:00.000Z,3,4,1.68,true,4,false,4,shared
PRJ-0005853,E-0039,Project PRJ-0005853,contributor,"[""communication"",""problem_solving"",""talent_assessment""]",2025-03-16T00:00:00.000Z,2025-05-20T00:00:00.000Z,5,3,1.14,true,2,true,2,team
PRJ-0006012,E-0040,Project PRJ-0006012,owner,"[""problem_solving"",""communication""]",2025-08-31T00:00:00.000Z,2025-10-01T00:00:00.000Z,4,2,1.82,true,0,true,2,shared
PRJ-0006015,E-0040,Project PRJ-0006015,contributor,"[""problem_solving"",""collaboration"",""communication""]",2026-06-09T00:00:00.000Z,2026-07-23T00:00:00.000Z,5,5,3.13,true,1,true,8,individual
PRJ-0006019,E-0040,Project PRJ-0006019,owner,"[""collaboration"",""communication"",""execution""]",2026-06-15T00:00:00.000Z,2026-07-30T00:00:00.000Z,5,1,2.78,false,2,true,7,shared
PRJ-0006182,E-0041,Project PRJ-0006182,lead,"[""code_quality"",""execution"",""problem_solving""]",2025-06-10T00:00:00.000Z,2025-08-09T00:00:00.000Z,5,3,1,true,0,true,7,shared
PRJ-0006186,E-0041,Project PRJ-0006186,lead,"[""execution""]",2025-09-26T00:00:00.000Z,2025-11-12T00:00:00.000Z,2,4,1.59,true,1,false,4,team
PRJ-0006314,E-0042,Project PRJ-0006314,lead,"[""communication"",""collaboration"",""negotiation""]",2025-02-04T00:00:00.000Z,2025-04-01T00:00:00.000Z,1,4,1.16,true,0,false,5,individual
PRJ-0006318,E-0042,Project PRJ-0006318,contributor,"[""problem_solving""]",2024-10-03T00:00:00.000Z,2024-12-02T00:00:00.000Z,5,4,1,true,2,true,2,shared
PRJ-0006320,E-0042,Project PRJ-0006320,contributor,"[""negotiation"",""collaboration""]",2026-01-27T00:00:00.000Z,2026-03-09T00:00:00.000Z,4,2,2.07,true,1,true,8,individual
PRJ-0006439,E-0043,Project PRJ-0006439,lead,"[""execution"",""content_quality""]",2025-01-24T00:00:00.000Z,2025-03-22T00:00:00.000Z,4,4,1,true,4,true,4,individual
PRJ-0006442,E-0043,Project PRJ-0006442,owner,"[""execution"",""collaboration""]",2026-09-01T00:00:00.000Z,2026-10-12T00:00:00.000Z,5,2,2.95,true,4,true,4,individual
PRJ-0006445,E-0043,Project PRJ-0006445,lead,"[""campaign_strategy"",""execution""]",2025-11-29T00:00:00.000Z,2026-01-11T00:00:00.000Z,4,3,1.27,true,1,true,6,shared
PRJ-0006448,E-0043,Project PRJ-0006448,owner,"[""collaboration"",""campaign_strategy"",""communication""]",2025-02-26T00:00:00.000Z,2025-04-03T00:00:00.000Z,2,4,2.24,true,0,false,6,individual
PRJ-0006612,E-0044,Project PRJ-0006612,owner,"[""collaboration""]",2025-04-01T00:00:00.000Z,2025-05-16T00:00:00.000Z,2,5,1.26,true,3,false,8,shared
PRJ-0006614,E-0044,Project PRJ-0006614,owner,"[""communication"",""execution"",""collaboration""]",2025-09-23T00:00:00.000Z,2025-11-09T00:00:00.000Z,4,1,2.95,false,3,true,2,individual
PRJ-0006618,E-0044,Project PRJ-0006618,contributor,"[""stakeholder_alignment"",""collaboration"",""execution""]",2025-10-10T00:00:00.000Z,2025-11-29T00:00:00.000Z,1,2,1.74,true,0,false,5,team
PRJ-0006760,E-0045,Project PRJ-0006760,lead,"[""visual_craft"",""problem_solving"",""collaboration""]",2026-09-06T00:00:00.000Z,2026-11-12T00:00:00.000Z,3,2,2.71,true,4,false,7,shared
PRJ-0006764,E-0045,Project PRJ-0006764,contributor,"[""ux_research"",""collaboration"",""communication""]",2026-01-29T00:00:00.000Z,2026-03-30T00:00:00.000Z,5,1,3.47,false,0,true,5,individual
PRJ-0006768,E-0045,Project PRJ-0006768,contributor,"[""visual_craft"",""ux_research""]",2025-07-12T00:00:00.000Z,2025-08-15T00:00:00.000Z,2,1,3.31,true,4,false,2,individual
PRJ-0006771,E-0045,Project PRJ-0006771,contributor,"[""visual_craft"",""communication"",""ux_research""]",2025-03-05T00:00:00.000Z,2025-05-08T00:00:00.000Z,4,4,2.68,true,2,true,6,shared
PRJ-0006940,E-0046,Project PRJ-0006940,lead,"[""compliance_rigor"",""collaboration"",""execution""]",2024-10-17T00:00:00.000Z,2024-12-15T00:00:00.000Z,5,4,2.35,true,4,true,2,individual
PRJ-0006944,E-0046,Project PRJ-0006944,lead,"[""communication""]",2026-03-26T00:00:00.000Z,2026-05-14T00:00:00.000Z,1,4,1.3,true,4,false,3,shared
PRJ-0007078,E-0047,Project PRJ-0007078,contributor,"[""policy_navigation""]",2026-08-17T00:00:00.000Z,2026-10-05T00:00:00.000Z,2,1,4.18,true,3,false,5,shared
PRJ-0007080,E-0047,Project PRJ-0007080,lead,"[""communication""]",2025-06-05T00:00:00.000Z,2025-08-08T00:00:00.000Z,3,1,1.44,false,2,false,8,shared
PRJ-0007082,E-0047,Project PRJ-0007082,contributor,"[""problem_solving""]",2026-02-28T00:00:00.000Z,2026-04-17T00:00:00.000Z,3,1,3.61,false,2,false,2,shared
PRJ-0007200,E-0048,Project PRJ-0007200,contributor,"[""problem_solving""]",2026-06-16T00:00:00.000Z,2026-08-15T00:00:00.000Z,2,1,2.04,true,4,false,3,shared
PRJ-0007202,E-0048,Project PRJ-0007202,owner,"[""collaboration""]",2026-09-05T00:00:00.000Z,2026-10-26T00:00:00.000Z,1,5,2.53,true,2,false,3,shared
PRJ-0007355,E-0049,Project PRJ-0007355,lead,"[""collaboration""]",2026-06-19T00:00:00.000Z,2026-08-02T00:00:00.000Z,1,4,1.22,false,3,false,4,team
PRJ-0007357,E-0049,Project PRJ-0007357,contributor,"[""communication"",""system_design"",""execution""]",2024-12-27T00:00:00.000Z,2025-02-09T00:00:00.000Z,2,2,2.63,true,4,false,4,individual
PRJ-0007488,E-0050,Project PRJ-0007488,owner,"[""problem_solving"",""pipeline_mgmt"",""negotiation""]",2026-03-11T00:00:00.000Z,2026-05-01T00:00:00.000Z,5,1,3.24,true,3,true,6,shared
PRJ-0007492,E-0050,Project PRJ-0007492,owner,"[""communication"",""pipeline_mgmt""]",2025-06-18T00:00:00.000Z,2025-08-03T00:00:00.000Z,5,2,1.91,true,4,true,6,shared
PRJ-0007495,E-0050,Project PRJ-0007495,owner,"[""problem_solving""]",2025-07-26T00:00:00.000Z,2025-09-14T00:00:00.000Z,5,3,3.37,false,3,true,3,individual
PRJ-0007613,E-0051,Project PRJ-0007613,contributor,"[""content_quality""]",2026-05-02T00:00:00.000Z,2026-06-19T00:00:00.000Z,4,5,1.58,false,4,true,6,individual
PRJ-0007615,E-0051,Project PRJ-0007615,contributor,"[""problem_solving"",""execution"",""content_quality""]",2025-03-30T00:00:00.000Z,2025-05-20T00:00:00.000Z,3,3,1.59,false,4,false,2,shared
PRJ-0007619,E-0051,Project PRJ-0007619,owner,"[""campaign_strategy"",""communication"",""problem_solving""]",2026-07-25T00:00:00.000Z,2026-09-14T00:00:00.000Z,3,1,1.67,true,1,false,3,individual
PRJ-0007767,E-0052,Project PRJ-0007767,owner,"[""roadmap_prioritization""]",2025-03-05T00:00:00.000Z,2025-04-23T00:00:00.000Z,3,3,1.84,true,4,false,6,shared
PRJ-0007769,E-0052,Project PRJ-0007769,owner,"[""collaboration"",""execution"",""stakeholder_alignment""]",2025-09-13T00:00:00.000Z,2025-10-20T00:00:00.000Z,1,1,3.3,false,1,false,6,team
PRJ-0007773,E-0052,Project PRJ-0007773,lead,"[""communication""]",2025-09-03T00:00:00.000Z,2025-10-25T00:00:00.000Z,1,2,1.05,true,0,false,2,shared
PRJ-0007906,E-0053,Project PRJ-0007906,contributor,"[""visual_craft""]",2026-03-20T00:00:00.000Z,2026-05-08T00:00:00.000Z,1,1,2.04,true,2,false,8,shared
PRJ-0007908,E-0053,Project PRJ-0007908,contributor,"[""collaboration"",""communication"",""visual_craft""]",2026-01-15T00:00:00.000Z,2026-03-09T00:00:00.000Z,2,5,2.52,true,2,false,3,individual
PRJ-0007912,E-0053,Project PRJ-0007912,lead,"[""execution"",""visual_craft"",""collaboration""]",2025-04-30T00:00:00.000Z,2025-06-13T00:00:00.000Z,4,3,1.55,true,4,true,4,shared
PRJ-0008077,E-0054,Project PRJ-0008077,lead,"[""execution""]",2025-05-07T00:00:00.000Z,2025-06-28T00:00:00.000Z,5,2,2.31,true,0,true,7,individual
PRJ-0008079,E-0054,Project PRJ-0008079,owner,"[""problem_solving""]",2026-01-29T00:00:00.000Z,2026-04-07T00:00:00.000Z,4,2,1.92,true,1,true,3,individual
PRJ-0008081,E-0054,Project PRJ-0008081,lead,"[""collaboration""]",2024-10-30T00:00:00.000Z,2024-12-27T00:00:00.000Z,2,1,1.81,true,3,false,5,shared
PRJ-0008083,E-0054,Project PRJ-0008083,owner,"[""collaboration""]",2025-02-06T00:00:00.000Z,2025-03-31T00:00:00.000Z,3,5,1.98,true,1,false,5,individual
PRJ-0008239,E-0055,Project PRJ-0008239,contributor,"[""communication"",""execution"",""problem_solving""]",2024-10-08T00:00:00.000Z,2024-11-19T00:00:00.000Z,4,3,1.17,true,4,true,8,team
PRJ-0008243,E-0055,Project PRJ-0008243,contributor,"[""policy_navigation"",""communication"",""problem_solving""]",2025-06-05T00:00:00.000Z,2025-07-07T00:00:00.000Z,2,1,1.78,false,1,false,8,shared
PRJ-0008247,E-0055,Project PRJ-0008247,owner,"[""collaboration""]",2025-04-12T00:00:00.000Z,2025-05-12T00:00:00.000Z,2,4,1.92,true,4,false,3,team
PRJ-0008249,E-0055,Project PRJ-0008249,owner,"[""talent_assessment"",""communication""]",2025-01-12T00:00:00.000Z,2025-02-19T00:00:00.000Z,4,5,1.68,true,3,true,5,individual
PRJ-0008344,E-0056,Project PRJ-0008344,owner,"[""customer_resolution"",""collaboration""]",2025-08-08T00:00:00.000Z,2025-10-02T00:00:00.000Z,1,2,1.95,false,2,false,6,team
PRJ-0008347,E-0056,Project PRJ-0008347,lead,"[""collaboration"",""problem_solving"",""communication""]",2024-10-02T00:00:00.000Z,2024-12-06T00:00:00.000Z,4,4,1.95,true,2,true,7,team
PRJ-0008522,E-0057,Project PRJ-0008522,owner,"[""code_quality"",""execution"",""collaboration""]",2025-11-16T00:00:00.000Z,2025-12-16T00:00:00.000Z,1,5,2.85,true,2,false,4,shared
PRJ-0008526,E-0057,Project PRJ-0008526,lead,"[""system_design"",""code_quality"",""collaboration""]",2026-08-03T00:00:00.000Z,2026-09-14T00:00:00.000Z,4,2,2.27,true,2,true,2,team
PRJ-0008644,E-0058,Project PRJ-0008644,contributor,"[""negotiation"",""collaboration""]",2025-09-21T00:00:00.000Z,2025-11-17T00:00:00.000Z,5,4,2.87,true,4,true,3,individual
PRJ-0008647,E-0058,Project PRJ-0008647,lead,"[""communication"",""negotiation""]",2026-02-16T00:00:00.000Z,2026-04-13T00:00:00.000Z,2,3,2.7,true,3,false,6,shared
PRJ-0008650,E-0058,Project PRJ-0008650,contributor,"[""communication"",""negotiation"",""problem_solving""]",2026-08-09T00:00:00.000Z,2026-10-03T00:00:00.000Z,1,5,2.63,false,4,false,2,team
PRJ-0008654,E-0058,Project PRJ-0008654,lead,"[""collaboration""]",2025-01-30T00:00:00.000Z,2025-03-19T00:00:00.000Z,3,2,2.92,false,0,false,8,team
PRJ-0008828,E-0059,Project PRJ-0008828,owner,"[""collaboration"",""execution"",""communication""]",2026-05-13T00:00:00.000Z,2026-07-13T00:00:00.000Z,4,1,2.57,true,1,true,7,shared
PRJ-0008832,E-0059,Project PRJ-0008832,contributor,"[""communication""]",2025-04-26T00:00:00.000Z,2025-06-19T00:00:00.000Z,1,5,1.27,true,1,false,2,team
PRJ-0008989,E-0060,Project PRJ-0008989,lead,"[""stakeholder_alignment"",""collaboration""]",2026-05-17T00:00:00.000Z,2026-07-07T00:00:00.000Z,2,1,1.21,true,3,false,7,shared
PRJ-0008992,E-0060,Project PRJ-0008992,lead,"[""roadmap_prioritization""]",2026-08-08T00:00:00.000Z,2026-10-09T00:00:00.000Z,2,5,2.75,true,4,false,2,individual
PRJ-0009114,E-0061,Project PRJ-0009114,owner,"[""execution""]",2026-03-03T00:00:00.000Z,2026-04-17T00:00:00.000Z,1,4,1.76,true,2,false,6,team
PRJ-0009116,E-0061,Project PRJ-0009116,contributor,"[""communication"",""collaboration""]",2026-04-16T00:00:00.000Z,2026-06-12T00:00:00.000Z,1,4,2.63,true,0,false,2,individual
PRJ-0009248,E-0062,Project PRJ-0009248,lead,"[""communication"",""execution""]",2026-07-16T00:00:00.000Z,2026-09-03T00:00:00.000Z,4,4,3.55,true,2,true,8,individual
PRJ-0009251,E-0062,Project PRJ-0009251,contributor,"[""problem_solving"",""execution""]",2025-07-13T00:00:00.000Z,2025-08-22T00:00:00.000Z,1,1,1.89,true,2,false,7,team
PRJ-0009404,E-0063,Project PRJ-0009404,contributor,"[""execution"",""collaboration""]",2026-07-06T00:00:00.000Z,2026-08-07T00:00:00.000Z,2,3,2.7,true,4,false,6,individual
PRJ-0009407,E-0063,Project PRJ-0009407,owner,"[""talent_assessment"",""execution""]",2026-09-10T00:00:00.000Z,2026-10-12T00:00:00.000Z,5,3,1.66,false,1,true,6,individual
PRJ-0009546,E-0064,Project PRJ-0009546,lead,"[""communication""]",2025-12-09T00:00:00.000Z,2026-01-30T00:00:00.000Z,1,2,2.28,false,1,false,5,shared
PRJ-0009548,E-0064,Project PRJ-0009548,lead,"[""customer_resolution""]",2025-08-11T00:00:00.000Z,2025-09-29T00:00:00.000Z,2,5,2.49,false,1,false,2,shared
PRJ-0009550,E-0064,Project PRJ-0009550,contributor,"[""communication"",""troubleshooting"",""customer_resolution""]",2026-09-11T00:00:00.000Z,2026-10-22T00:00:00.000Z,3,1,2.5,true,1,false,2,individual
PRJ-0009689,E-0065,Project PRJ-0009689,owner,"[""communication"",""problem_solving""]",2026-08-04T00:00:00.000Z,2026-10-01T00:00:00.000Z,3,4,4.32,true,1,false,7,individual
PRJ-0009692,E-0065,Project PRJ-0009692,lead,"[""collaboration"",""execution""]",2025-02-02T00:00:00.000Z,2025-03-07T00:00:00.000Z,4,5,1.24,false,1,true,4,shared
PRJ-0009843,E-0066,Project PRJ-0009843,contributor,"[""execution"",""pipeline_mgmt"",""negotiation""]",2026-04-30T00:00:00.000Z,2026-07-02T00:00:00.000Z,1,1,3.06,false,0,false,2,shared
PRJ-0009847,E-0066,Project PRJ-0009847,owner,"[""communication"",""execution"",""negotiation""]",2024-12-19T00:00:00.000Z,2025-02-11T00:00:00.000Z,1,2,2.42,true,3,false,4,individual
PRJ-0009973,E-0067,Project PRJ-0009973,lead,"[""communication"",""execution"",""campaign_strategy""]",2024-10-21T00:00:00.000Z,2024-11-21T00:00:00.000Z,5,5,2.71,true,1,true,5,individual
PRJ-0009977,E-0067,Project PRJ-0009977,lead,"[""problem_solving"",""communication""]",2026-05-26T00:00:00.000Z,2026-07-14T00:00:00.000Z,4,3,1.85,false,1,true,2,individual
PRJ-0009980,E-0067,Project PRJ-0009980,owner,"[""problem_solving""]",2026-09-19T00:00:00.000Z,2026-11-08T00:00:00.000Z,5,1,1.63,false,3,true,3,shared
PRJ-0010114,E-0068,Project PRJ-0010114,owner,"[""problem_solving"",""stakeholder_alignment""]",2025-11-11T00:00:00.000Z,2026-01-14T00:00:00.000Z,4,1,2.55,true,2,true,2,shared
PRJ-0010117,E-0068,Project PRJ-0010117,contributor,"[""stakeholder_alignment""]",2026-06-15T00:00:00.000Z,2026-07-20T00:00:00.000Z,5,3,4.27,true,4,true,7,shared
PRJ-0010119,E-0068,Project PRJ-0010119,contributor,"[""execution"",""stakeholder_alignment""]",2026-02-08T00:00:00.000Z,2026-03-12T00:00:00.000Z,1,2,2.37,true,2,false,4,individual
PRJ-0010122,E-0068,Project PRJ-0010122,contributor,"[""stakeholder_alignment""]",2024-10-27T00:00:00.000Z,2024-12-25T00:00:00.000Z,5,5,1.97,true,4,true,4,team
PRJ-0010269,E-0069,Project PRJ-0010269,contributor,"[""communication""]",2025-12-05T00:00:00.000Z,2026-01-23T00:00:00.000Z,4,2,2.26,false,2,true,5,individual
PRJ-0010271,E-0069,Project PRJ-0010271,contributor,"[""visual_craft"",""collaboration"",""communication""]",2026-01-05T00:00:00.000Z,2026-02-21T00:00:00.000Z,4,5,1.64,true,1,true,8,individual
PRJ-0010275,E-0069,Project PRJ-0010275,lead,"[""problem_solving""]",2025-01-09T00:00:00.000Z,2025-02-22T00:00:00.000Z,5,4,3.35,true,4,true,3,shared
PRJ-0010277,E-0069,Project PRJ-0010277,contributor,"[""problem_solving""]",2025-07-14T00:00:00.000Z,2025-09-02T00:00:00.000Z,5,5,3.18,true,4,true,6,individual
PRJ-0010419,E-0070,Project PRJ-0010419,owner,"[""financial_modeling"",""problem_solving""]",2026-03-30T00:00:00.000Z,2026-06-02T00:00:00.000Z,2,3,1.77,true,3,false,6,shared
PRJ-0010422,E-0070,Project PRJ-0010422,lead,"[""communication""]",2026-09-29T00:00:00.000Z,2026-11-08T00:00:00.000Z,2,1,2.85,false,0,false,6,individual
PRJ-0010424,E-0070,Project PRJ-0010424,contributor,"[""problem_solving"",""collaboration""]",2025-12-14T00:00:00.000Z,2026-02-18T00:00:00.000Z,1,5,1.8,false,4,false,8,individual
PRJ-0010579,E-0071,Project PRJ-0010579,contributor,"[""talent_assessment""]",2025-11-28T00:00:00.000Z,2026-01-11T00:00:00.000Z,4,2,3.1,true,3,true,6,shared
PRJ-0010581,E-0071,Project PRJ-0010581,owner,"[""communication"",""talent_assessment""]",2024-11-28T00:00:00.000Z,2025-01-13T00:00:00.000Z,3,5,3.14,true,4,false,5,shared
PRJ-0010584,E-0071,Project PRJ-0010584,owner,"[""talent_assessment"",""execution"",""problem_solving""]",2026-02-05T00:00:00.000Z,2026-04-05T00:00:00.000Z,4,4,3.23,true,2,true,7,shared
PRJ-0010738,E-0072,Project PRJ-0010738,owner,"[""problem_solving""]",2026-01-28T00:00:00.000Z,2026-03-18T00:00:00.000Z,2,4,1.69,true,1,false,5,individual
PRJ-0010740,E-0072,Project PRJ-0010740,lead,"[""problem_solving""]",2025-03-28T00:00:00.000Z,2025-05-17T00:00:00.000Z,5,4,1.68,true,0,true,3,individual
PRJ-0010742,E-0072,Project PRJ-0010742,owner,"[""troubleshooting"",""collaboration"",""problem_solving""]",2026-02-09T00:00:00.000Z,2026-03-27T00:00:00.000Z,5,1,2.29,true,0,true,8,shared
PRJ-0010897,E-0073,Project PRJ-0010897,lead,"[""collaboration"",""code_quality"",""execution""]",2024-10-23T00:00:00.000Z,2024-12-07T00:00:00.000Z,3,2,1.8,true,3,false,3,individual
PRJ-0010901,E-0073,Project PRJ-0010901,contributor,"[""collaboration"",""communication""]",2026-02-03T00:00:00.000Z,2026-03-12T00:00:00.000Z,3,4,1.72,true,2,false,3,shared
PRJ-0010904,E-0073,Project PRJ-0010904,contributor,"[""execution""]",2025-03-07T00:00:00.000Z,2025-04-06T00:00:00.000Z,1,3,3.48,true,0,false,4,team
PRJ-0010906,E-0073,Project PRJ-0010906,owner,"[""communication"",""collaboration"",""execution""]",2026-07-02T00:00:00.000Z,2026-08-08T00:00:00.000Z,1,1,1,true,3,false,8,individual
PRJ-0011049,E-0074,Project PRJ-0011049,contributor,"[""collaboration"",""execution""]",2026-04-02T00:00:00.000Z,2026-05-19T00:00:00.000Z,1,4,1.92,true,2,false,4,shared
PRJ-0011052,E-0074,Project PRJ-0011052,owner,"[""pipeline_mgmt"",""collaboration"",""negotiation""]",2026-09-16T00:00:00.000Z,2026-11-01T00:00:00.000Z,4,4,2.87,true,4,true,5,individual
PRJ-0011056,E-0074,Project PRJ-0011056,lead,"[""negotiation"",""pipeline_mgmt""]",2025-06-20T00:00:00.000Z,2025-07-27T00:00:00.000Z,5,4,1.74,true,0,true,4,shared
PRJ-0011191,E-0075,Project PRJ-0011191,contributor,"[""campaign_strategy"",""communication""]",2025-10-15T00:00:00.000Z,2025-12-20T00:00:00.000Z,4,2,2.3,true,0,true,7,shared
PRJ-0011194,E-0075,Project PRJ-0011194,contributor,"[""communication""]",2025-06-02T00:00:00.000Z,2025-07-14T00:00:00.000Z,1,2,2.9,true,4,false,2,individual
PRJ-0011196,E-0075,Project PRJ-0011196,owner,"[""collaboration"",""campaign_strategy"",""problem_solving""]",2025-05-29T00:00:00.000Z,2025-08-05T00:00:00.000Z,4,3,3.34,false,0,true,8,individual
PRJ-0011200,E-0075,Project PRJ-0011200,lead,"[""communication""]",2026-03-16T00:00:00.000Z,2026-04-15T00:00:00.000Z,2,3,2.02,true,1,false,2,individual
PRJ-0011343,E-0076,Project PRJ-0011343,lead,"[""communication""]",2026-04-04T00:00:00.000Z,2026-05-24T00:00:00.000Z,1,5,1.55,true,4,false,7,shared
PRJ-0011345,E-0076,Project PRJ-0011345,lead,"[""stakeholder_alignment"",""communication"",""execution""]",2024-11-17T00:00:00.000Z,2024-12-21T00:00:00.000Z,5,5,2.72,false,3,true,5,individual
PRJ-0011502,E-0077,Project PRJ-0011502,owner,"[""collaboration"",""ux_research""]",2026-05-22T00:00:00.000Z,2026-07-27T00:00:00.000Z,1,5,3.04,true,0,false,7,team
PRJ-0011505,E-0077,Project PRJ-0011505,contributor,"[""execution"",""problem_solving"",""collaboration""]",2026-07-28T00:00:00.000Z,2026-09-24T00:00:00.000Z,2,3,1.6,true,4,false,6,individual
PRJ-0011671,E-0078,Project PRJ-0011671,owner,"[""financial_modeling""]",2024-11-06T00:00:00.000Z,2024-12-19T00:00:00.000Z,1,4,1,false,2,false,5,team
PRJ-0011673,E-0078,Project PRJ-0011673,owner,"[""problem_solving"",""communication"",""execution""]",2025-04-19T00:00:00.000Z,2025-05-20T00:00:00.000Z,3,1,1.92,true,4,false,5,individual
PRJ-0011677,E-0078,Project PRJ-0011677,contributor,"[""execution"",""problem_solving""]",2024-11-12T00:00:00.000Z,2024-12-18T00:00:00.000Z,1,2,2.01,true,1,false,6,individual
PRJ-0011680,E-0078,Project PRJ-0011680,contributor,"[""compliance_rigor""]",2026-01-22T00:00:00.000Z,2026-03-31T00:00:00.000Z,1,3,3.46,true,0,false,2,individual
PRJ-0011797,E-0079,Project PRJ-0011797,contributor,"[""execution""]",2025-02-07T00:00:00.000Z,2025-03-26T00:00:00.000Z,1,4,2.09,true,4,false,2,team
PRJ-0011799,E-0079,Project PRJ-0011799,lead,"[""problem_solving"",""policy_navigation""]",2025-09-19T00:00:00.000Z,2025-11-10T00:00:00.000Z,3,4,2.21,true,3,false,2,shared
PRJ-0011802,E-0079,Project PRJ-0011802,owner,"[""communication""]",2026-04-03T00:00:00.000Z,2026-05-15T00:00:00.000Z,4,5,1.7,true,2,true,8,individual
PRJ-0011937,E-0080,Project PRJ-0011937,lead,"[""execution""]",2026-05-24T00:00:00.000Z,2026-07-04T00:00:00.000Z,2,5,1.54,true,2,false,4,individual
PRJ-0011939,E-0080,Project PRJ-0011939,owner,"[""communication"",""execution"",""troubleshooting""]",2025-11-08T00:00:00.000Z,2026-01-15T00:00:00.000Z,4,2,2.26,false,4,true,2,individual
PRJ-0012098,E-0081,Project PRJ-0012098,lead,"[""communication"",""code_quality""]",2026-07-17T00:00:00.000Z,2026-09-20T00:00:00.000Z,5,2,1.92,true,3,true,3,shared
PRJ-0012101,E-0081,Project PRJ-0012101,owner,"[""problem_solving"",""communication"",""collaboration""]",2025-06-05T00:00:00.000Z,2025-08-06T00:00:00.000Z,4,2,1.73,true,4,true,2,individual
PRJ-0012105,E-0081,Project PRJ-0012105,contributor,"[""collaboration"",""system_design""]",2024-10-30T00:00:00.000Z,2024-12-26T00:00:00.000Z,1,1,1.01,true,2,false,6,team
PRJ-0012288,E-0082,Project PRJ-0012288,contributor,"[""negotiation"",""problem_solving""]",2026-07-06T00:00:00.000Z,2026-08-05T00:00:00.000Z,5,1,3.6,true,2,true,8,team
PRJ-0012291,E-0082,Project PRJ-0012291,contributor,"[""negotiation"",""communication"",""collaboration""]",2024-11-23T00:00:00.000Z,2025-01-03T00:00:00.000Z,4,5,1.96,true,0,true,4,shared
PRJ-0012451,E-0083,Project PRJ-0012451,owner,"[""content_quality"",""execution""]",2026-01-28T00:00:00.000Z,2026-03-22T00:00:00.000Z,5,4,2.54,true,0,true,7,individual
PRJ-0012454,E-0083,Project PRJ-0012454,contributor,"[""problem_solving"",""collaboration""]",2026-07-26T00:00:00.000Z,2026-08-28T00:00:00.000Z,2,1,2.04,true,0,false,2,shared
PRJ-0012457,E-0083,Project PRJ-0012457,owner,"[""content_quality"",""collaboration""]",2026-03-20T00:00:00.000Z,2026-05-18T00:00:00.000Z,2,5,2.56,true,2,false,7,individual
PRJ-0012600,E-0084,Project PRJ-0012600,lead,"[""stakeholder_alignment""]",2025-11-21T00:00:00.000Z,2026-01-23T00:00:00.000Z,5,3,2.74,true,1,true,5,individual
PRJ-0012602,E-0084,Project PRJ-0012602,contributor,"[""collaboration"",""communication"",""problem_solving""]",2025-02-01T00:00:00.000Z,2025-03-11T00:00:00.000Z,3,1,1.81,false,1,false,4,team
PRJ-0012606,E-0084,Project PRJ-0012606,contributor,"[""execution"",""roadmap_prioritization"",""collaboration""]",2024-10-04T00:00:00.000Z,2024-11-28T00:00:00.000Z,1,4,1.22,false,1,false,2,shared
PRJ-0012719,E-0085,Project PRJ-0012719,owner,"[""execution""]",2026-07-29T00:00:00.000Z,2026-09-23T00:00:00.000Z,4,1,2.61,true,0,true,3,shared
PRJ-0012721,E-0085,Project PRJ-0012721,owner,"[""collaboration""]",2024-10-01T00:00:00.000Z,2024-12-08T00:00:00.000Z,2,5,1.64,true,2,false,7,shared
PRJ-0012723,E-0085,Project PRJ-0012723,owner,"[""collaboration""]",2025-05-09T00:00:00.000Z,2025-07-16T00:00:00.000Z,1,1,2.76,true,1,false,5,individual
PRJ-0012868,E-0086,Project PRJ-0012868,owner,"[""collaboration"",""communication""]",2025-01-02T00:00:00.000Z,2025-02-04T00:00:00.000Z,2,1,1.69,false,2,false,6,shared
PRJ-0012871,E-0086,Project PRJ-0012871,lead,"[""financial_modeling"",""collaboration""]",2026-05-29T00:00:00.000Z,2026-07-02T00:00:00.000Z,5,4,2.88,true,2,true,6,individual
PRJ-0012874,E-0086,Project PRJ-0012874,lead,"[""financial_modeling"",""execution"",""problem_solving""]",2026-09-22T00:00:00.000Z,2026-11-24T00:00:00.000Z,2,3,3,true,2,false,4,shared
PRJ-0012878,E-0086,Project PRJ-0012878,lead,"[""execution"",""collaboration""]",2025-11-20T00:00:00.000Z,2026-01-15T00:00:00.000Z,3,1,2.8,true,3,false,7,individual
PRJ-0013012,E-0087,Project PRJ-0013012,owner,"[""policy_navigation"",""communication""]",2024-12-25T00:00:00.000Z,2025-02-11T00:00:00.000Z,1,5,2.23,false,2,false,7,team
PRJ-0013015,E-0087,Project PRJ-0013015,lead,"[""policy_navigation"",""execution""]",2026-03-28T00:00:00.000Z,2026-05-30T00:00:00.000Z,3,4,2.41,true,2,false,5,team
PRJ-0013018,E-0087,Project PRJ-0013018,owner,"[""problem_solving"",""policy_navigation"",""collaboration""]",2025-12-07T00:00:00.000Z,2026-02-04T00:00:00.000Z,3,3,2.14,false,3,false,8,team
PRJ-0013022,E-0087,Project PRJ-0013022,contributor,"[""communication"",""policy_navigation""]",2026-03-12T00:00:00.000Z,2026-04-13T00:00:00.000Z,3,3,2.39,false,4,false,2,shared
PRJ-0013147,E-0088,Project PRJ-0013147,lead,"[""execution"",""customer_resolution""]",2025-03-03T00:00:00.000Z,2025-04-07T00:00:00.000Z,4,1,1,true,1,true,5,shared
PRJ-0013150,E-0088,Project PRJ-0013150,contributor,"[""customer_resolution"",""execution""]",2025-07-29T00:00:00.000Z,2025-09-06T00:00:00.000Z,3,4,1.32,true,2,false,3,team
PRJ-0013153,E-0088,Project PRJ-0013153,owner,"[""communication"",""problem_solving"",""execution""]",2025-06-16T00:00:00.000Z,2025-08-02T00:00:00.000Z,3,2,1.87,true,0,false,5,individual
PRJ-0013157,E-0088,Project PRJ-0013157,lead,"[""troubleshooting""]",2025-02-13T00:00:00.000Z,2025-03-22T00:00:00.000Z,5,4,2.19,true,4,true,2,individual
PRJ-0013291,E-0089,Project PRJ-0013291,contributor,"[""collaboration"",""communication"",""system_design""]",2025-07-05T00:00:00.000Z,2025-08-28T00:00:00.000Z,5,5,1.84,true,0,true,3,shared
PRJ-0013295,E-0089,Project PRJ-0013295,contributor,"[""communication""]",2026-09-24T00:00:00.000Z,2026-11-25T00:00:00.000Z,5,5,3.79,false,1,true,4,shared
PRJ-0013297,E-0089,Project PRJ-0013297,contributor,"[""execution"",""communication""]",2026-07-05T00:00:00.000Z,2026-08-21T00:00:00.000Z,5,5,3.65,true,1,true,2,team
PRJ-0013454,E-0090,Project PRJ-0013454,owner,"[""communication"",""execution""]",2026-04-20T00:00:00.000Z,2026-06-15T00:00:00.000Z,3,5,2.05,true,2,false,4,individual
PRJ-0013457,E-0090,Project PRJ-0013457,lead,"[""collaboration""]",2026-05-03T00:00:00.000Z,2026-06-05T00:00:00.000Z,2,5,2.03,false,1,false,4,individual
PRJ-0013613,E-0091,Project PRJ-0013613,lead,"[""collaboration"",""communication""]",2026-03-03T00:00:00.000Z,2026-04-26T00:00:00.000Z,4,3,2.41,true,1,true,5,individual
PRJ-0013616,E-0091,Project PRJ-0013616,lead,"[""execution"",""content_quality"",""collaboration""]",2024-11-26T00:00:00.000Z,2024-12-26T00:00:00.000Z,4,3,1,true,1,true,8,team
PRJ-0013767,E-0092,Project PRJ-0013767,owner,"[""communication"",""problem_solving"",""roadmap_prioritization""]",2026-09-15T00:00:00.000Z,2026-11-16T00:00:00.000Z,3,3,2.28,true,0,false,7,shared
PRJ-0013771,E-0092,Project PRJ-0013771,lead,"[""communication"",""problem_solving"",""roadmap_prioritization""]",2025-06-18T00:00:00.000Z,2025-08-16T00:00:00.000Z,5,4,1.44,false,3,true,6,team
PRJ-0013775,E-0092,Project PRJ-0013775,owner,"[""communication""]",2024-12-26T00:00:00.000Z,2025-01-28T00:00:00.000Z,5,1,1.04,true,4,true,6,individual
PRJ-0013950,E-0093,Project PRJ-0013950,owner,"[""communication""]",2026-06-13T00:00:00.000Z,2026-07-21T00:00:00.000Z,1,4,2.7,true,1,false,3,shared
PRJ-0013952,E-0093,Project PRJ-0013952,contributor,"[""collaboration"",""visual_craft""]",2026-08-08T00:00:00.000Z,2026-10-07T00:00:00.000Z,4,1,1.53,false,1,true,6,shared
PRJ-0013955,E-0093,Project PRJ-0013955,contributor,"[""collaboration""]",2026-08-15T00:00:00.000Z,2026-10-19T00:00:00.000Z,4,5,1,false,4,true,7,individual
PRJ-0014121,E-0094,Project PRJ-0014121,lead,"[""collaboration"",""communication"",""execution""]",2024-12-23T00:00:00.000Z,2025-02-03T00:00:00.000Z,2,3,1.48,true,2,false,5,shared
PRJ-0014125,E-0094,Project PRJ-0014125,lead,"[""problem_solving""]",2026-08-20T00:00:00.000Z,2026-09-26T00:00:00.000Z,1,5,1.09,true,0,false,7,individual
PRJ-0014127,E-0094,Project PRJ-0014127,contributor,"[""communication"",""collaboration""]",2025-04-29T00:00:00.000Z,2025-06-12T00:00:00.000Z,4,5,1.55,false,3,true,7,individual
PRJ-0014265,E-0095,Project PRJ-0014265,lead,"[""communication"",""policy_navigation"",""collaboration""]",2025-01-30T00:00:00.000Z,2025-03-17T00:00:00.000Z,2,3,3.67,true,0,false,3,team
PRJ-0014269,E-0095,Project PRJ-0014269,contributor,"[""execution"",""problem_solving"",""collaboration""]",2025-02-14T00:00:00.000Z,2025-04-07T00:00:00.000Z,1,5,3.47,true,2,false,4,shared
PRJ-0014273,E-0095,Project PRJ-0014273,contributor,"[""execution""]",2026-07-06T00:00:00.000Z,2026-08-16T00:00:00.000Z,5,4,1.74,false,2,true,8,team
PRJ-0014410,E-0096,Project PRJ-0014410,lead,"[""communication""]",2024-12-07T00:00:00.000Z,2025-02-13T00:00:00.000Z,5,2,1.58,true,1,true,7,shared
PRJ-0014412,E-0096,Project PRJ-0014412,owner,"[""customer_resolution""]",2025-12-04T00:00:00.000Z,2026-01-16T00:00:00.000Z,1,5,2.28,false,3,false,8,individual
PRJ-0014544,E-0097,Project PRJ-0014544,owner,"[""system_design"",""problem_solving""]",2026-02-19T00:00:00.000Z,2026-04-17T00:00:00.000Z,4,2,2.12,false,4,true,7,individual
PRJ-0014547,E-0097,Project PRJ-0014547,lead,"[""code_quality"",""problem_solving""]",2026-06-06T00:00:00.000Z,2026-07-17T00:00:00.000Z,3,4,2.54,true,1,false,2,shared
PRJ-0014550,E-0097,Project PRJ-0014550,contributor,"[""collaboration""]",2026-06-13T00:00:00.000Z,2026-08-05T00:00:00.000Z,5,5,1.58,true,2,true,8,shared
PRJ-0014709,E-0098,Project PRJ-0014709,owner,"[""communication""]",2025-09-07T00:00:00.000Z,2025-10-19T00:00:00.000Z,3,4,3.19,true,0,false,2,shared
PRJ-0014711,E-0098,Project PRJ-0014711,contributor,"[""negotiation"",""pipeline_mgmt"",""execution""]",2025-02-03T00:00:00.000Z,2025-04-12T00:00:00.000Z,2,3,2.21,true,0,false,8,shared
PRJ-0014882,E-0099,Project PRJ-0014882,contributor,"[""campaign_strategy""]",2026-02-10T00:00:00.000Z,2026-03-14T00:00:00.000Z,3,1,3.12,true,4,false,3,team
PRJ-0014884,E-0099,Project PRJ-0014884,lead,"[""problem_solving""]",2026-03-14T00:00:00.000Z,2026-04-21T00:00:00.000Z,4,1,1.32,true,2,true,4,individual
PRJ-0014886,E-0099,Project PRJ-0014886,owner,"[""content_quality"",""collaboration""]",2026-01-08T00:00:00.000Z,2026-02-19T00:00:00.000Z,1,4,1.77,true,4,false,3,shared
PRJ-0014889,E-0099,Project PRJ-0014889,contributor,"[""communication""]",2026-07-06T00:00:00.000Z,2026-08-23T00:00:00.000Z,5,2,4.11,true,4,true,8,shared
PRJ-0014995,E-0100,Project PRJ-0014995,contributor,"[""problem_solving"",""communication"",""stakeholder_alignment""]",2026-08-08T00:00:00.000Z,2026-09-08T00:00:00.000Z,5,5,3.68,false,3,true,7,shared
PRJ-0014999,E-0100,Project PRJ-0014999,owner,"[""problem_solving"",""collaboration"",""stakeholder_alignment""]",2026-04-04T00:00:00.000Z,2026-05-15T00:00:00.000Z,5,4,2.85,true,0,true,6,individual
PRJ-0015003,E-0100,Project PRJ-0015003,owner,"[""collaboration"",""execution"",""stakeholder_alignment""]",2025-10-13T00:00:00.000Z,2025-12-10T00:00:00.000Z,3,5,2.46,true,3,false,6,individual
PRJ-0015119,E-0101,Project PRJ-0015119,owner,"[""collaboration"",""ux_research"",""execution""]",2025-09-04T00:00:00.000Z,2025-11-04T00:00:00.000Z,2,1,2.34,true,3,false,8,team
PRJ-0015123,E-0101,Project PRJ-0015123,owner,"[""problem_solving"",""ux_research"",""communication""]",2025-06-20T00:00:00.000Z,2025-08-01T00:00:00.000Z,2,3,1.24,false,4,false,3,team
PRJ-0015279,E-0102,Project PRJ-0015279,contributor,"[""financial_modeling"",""compliance_rigor""]",2026-07-08T00:00:00.000Z,2026-08-23T00:00:00.000Z,2,3,2.55,true,1,false,8,team
PRJ-0015282,E-0102,Project PRJ-0015282,contributor,"[""collaboration""]",2024-12-11T00:00:00.000Z,2025-01-14T00:00:00.000Z,4,2,1.25,false,1,true,4,individual
PRJ-0015423,E-0103,Project PRJ-0015423,owner,"[""policy_navigation""]",2026-07-10T00:00:00.000Z,2026-08-28T00:00:00.000Z,5,2,3.57,true,4,true,4,individual
PRJ-0015425,E-0103,Project PRJ-0015425,contributor,"[""talent_assessment"",""communication"",""problem_solving""]",2026-05-19T00:00:00.000Z,2026-07-24T00:00:00.000Z,3,1,2.06,true,1,false,5,team
PRJ-0015429,E-0103,Project PRJ-0015429,contributor,"[""collaboration"",""talent_assessment""]",2026-04-04T00:00:00.000Z,2026-06-04T00:00:00.000Z,2,3,3.1,true,4,false,4,individual
PRJ-0015432,E-0103,Project PRJ-0015432,owner,"[""problem_solving""]",2025-07-20T00:00:00.000Z,2025-09-14T00:00:00.000Z,5,5,1.85,true,0,true,7,shared
PRJ-0015549,E-0104,Project PRJ-0015549,owner,"[""troubleshooting"",""customer_resolution"",""execution""]",2025-11-16T00:00:00.000Z,2026-01-12T00:00:00.000Z,3,5,2.54,false,3,false,4,team
PRJ-0015553,E-0104,Project PRJ-0015553,owner,"[""execution""]",2024-12-01T00:00:00.000Z,2025-01-31T00:00:00.000Z,2,2,2.14,true,0,false,2,team
PRJ-0015555,E-0104,Project PRJ-0015555,lead,"[""execution"",""troubleshooting"",""customer_resolution""]",2026-01-27T00:00:00.000Z,2026-03-18T00:00:00.000Z,2,2,1.72,false,4,false,7,individual
PRJ-0015729,E-0105,Project PRJ-0015729,contributor,"[""system_design"",""communication""]",2026-08-02T00:00:00.000Z,2026-09-04T00:00:00.000Z,3,5,2.77,true,0,false,2,individual
PRJ-0015732,E-0105,Project PRJ-0015732,contributor,"[""communication"",""system_design"",""collaboration""]",2024-10-08T00:00:00.000Z,2024-11-21T00:00:00.000Z,3,4,1,true,3,false,2,shared
PRJ-0015736,E-0105,Project PRJ-0015736,contributor,"[""code_quality"",""communication""]",2025-03-27T00:00:00.000Z,2025-05-18T00:00:00.000Z,2,2,1.72,true,4,false,6,shared
PRJ-0015739,E-0105,Project PRJ-0015739,owner,"[""system_design""]",2024-12-20T00:00:00.000Z,2025-01-31T00:00:00.000Z,1,3,1.12,true,2,false,5,shared
PRJ-0015875,E-0106,Project PRJ-0015875,lead,"[""execution"",""communication""]",2026-05-29T00:00:00.000Z,2026-07-07T00:00:00.000Z,3,3,2.46,false,0,false,6,individual
PRJ-0015878,E-0106,Project PRJ-0015878,lead,"[""problem_solving"",""pipeline_mgmt"",""communication""]",2026-08-09T00:00:00.000Z,2026-09-16T00:00:00.000Z,4,4,3.18,true,3,true,3,shared
PRJ-0016027,E-0107,Project PRJ-0016027,owner,"[""content_quality"",""collaboration"",""campaign_strategy""]",2025-07-30T00:00:00.000Z,2025-09-28T00:00:00.000Z,2,3,2.15,false,1,false,3,team
PRJ-0016031,E-0107,Project PRJ-0016031,contributor,"[""problem_solving"",""collaboration""]",2025-11-12T00:00:00.000Z,2026-01-20T00:00:00.000Z,4,3,2.12,true,2,true,3,individual
PRJ-0016034,E-0107,Project PRJ-0016034,lead,"[""campaign_strategy"",""collaboration""]",2024-12-30T00:00:00.000Z,2025-02-25T00:00:00.000Z,4,1,1.57,false,2,true,6,shared
PRJ-0016037,E-0107,Project PRJ-0016037,owner,"[""content_quality""]",2025-02-05T00:00:00.000Z,2025-03-17T00:00:00.000Z,3,5,1.59,true,0,false,7,shared
PRJ-0016169,E-0108,Project PRJ-0016169,owner,"[""execution"",""stakeholder_alignment""]",2026-03-06T00:00:00.000Z,2026-05-07T00:00:00.000Z,1,1,2.27,true,4,false,4,shared
PRJ-0016172,E-0108,Project PRJ-0016172,owner,"[""stakeholder_alignment""]",2025-08-29T00:00:00.000Z,2025-10-03T00:00:00.000Z,5,5,1,true,2,true,8,individual
PRJ-0016174,E-0108,Project PRJ-0016174,owner,"[""problem_solving"",""stakeholder_alignment""]",2024-11-14T00:00:00.000Z,2025-01-21T00:00:00.000Z,3,2,1.42,true,0,false,2,shared
PRJ-0016177,E-0108,Project PRJ-0016177,lead,"[""execution"",""collaboration""]",2026-08-15T00:00:00.000Z,2026-10-22T00:00:00.000Z,3,4,2.51,true,1,false,4,shared
PRJ-0016338,E-0109,Project PRJ-0016338,lead,"[""problem_solving"",""visual_craft""]",2025-03-08T00:00:00.000Z,2025-04-11T00:00:00.000Z,4,2,3.33,true,4,true,2,shared
PRJ-0016341,E-0109,Project PRJ-0016341,contributor,"[""collaboration""]",2026-06-03T00:00:00.000Z,2026-08-11T00:00:00.000Z,4,1,3.76,false,0,true,8,shared
PRJ-0016343,E-0109,Project PRJ-0016343,contributor,"[""ux_research""]",2025-06-28T00:00:00.000Z,2025-08-26T00:00:00.000Z,5,3,1.53,false,1,true,6,shared
PRJ-0016345,E-0109,Project PRJ-0016345,contributor,"[""problem_solving"",""communication""]",2024-10-10T00:00:00.000Z,2024-11-13T00:00:00.000Z,2,5,1.38,true,3,false,4,shared
PRJ-0016481,E-0110,Project PRJ-0016481,lead,"[""financial_modeling"",""execution""]",2025-09-04T00:00:00.000Z,2025-10-08T00:00:00.000Z,2,3,2.89,true,1,false,6,individual
PRJ-0016484,E-0110,Project PRJ-0016484,lead,"[""compliance_rigor"",""communication""]",2025-04-27T00:00:00.000Z,2025-06-23T00:00:00.000Z,4,2,2.52,true,1,true,7,shared
PRJ-0016487,E-0110,Project PRJ-0016487,contributor,"[""problem_solving"",""collaboration""]",2026-03-16T00:00:00.000Z,2026-05-04T00:00:00.000Z,5,3,2.79,true,3,true,2,shared
PRJ-0016644,E-0111,Project PRJ-0016644,contributor,"[""communication"",""talent_assessment""]",2025-12-13T00:00:00.000Z,2026-02-15T00:00:00.000Z,1,5,2.93,true,0,false,8,team
PRJ-0016647,E-0111,Project PRJ-0016647,contributor,"[""execution"",""policy_navigation""]",2025-05-25T00:00:00.000Z,2025-07-12T00:00:00.000Z,1,4,2.99,true,1,false,3,individual
PRJ-0016650,E-0111,Project PRJ-0016650,contributor,"[""policy_navigation"",""talent_assessment""]",2025-10-26T00:00:00.000Z,2025-12-06T00:00:00.000Z,2,4,3.29,false,0,false,3,individual
PRJ-0016789,E-0112,Project PRJ-0016789,contributor,"[""execution"",""collaboration"",""customer_resolution""]",2025-05-23T00:00:00.000Z,2025-07-12T00:00:00.000Z,1,4,2.22,true,2,false,7,team
PRJ-0016793,E-0112,Project PRJ-0016793,contributor,"[""execution"",""troubleshooting"",""collaboration""]",2024-12-06T00:00:00.000Z,2025-02-10T00:00:00.000Z,4,4,2.03,true,0,true,3,individual
PRJ-0016797,E-0112,Project PRJ-0016797,contributor,"[""problem_solving"",""customer_resolution""]",2026-09-21T00:00:00.000Z,2026-11-25T00:00:00.000Z,3,5,4.18,true,4,false,4,individual
PRJ-0016937,E-0113,Project PRJ-0016937,lead,"[""code_quality"",""communication""]",2026-02-17T00:00:00.000Z,2026-03-28T00:00:00.000Z,4,2,2.64,true,4,true,3,shared
PRJ-0016940,E-0113,Project PRJ-0016940,contributor,"[""problem_solving"",""collaboration"",""communication""]",2026-04-15T00:00:00.000Z,2026-06-03T00:00:00.000Z,2,1,3.44,true,3,false,7,individual
PRJ-0017057,E-0114,Project PRJ-0017057,lead,"[""pipeline_mgmt"",""communication""]",2025-12-10T00:00:00.000Z,2026-01-25T00:00:00.000Z,5,3,1.88,true,1,true,8,shared
PRJ-0017060,E-0114,Project PRJ-0017060,contributor,"[""execution"",""collaboration"",""problem_solving""]",2026-07-08T00:00:00.000Z,2026-08-17T00:00:00.000Z,5,2,2.05,true,2,true,4,shared
PRJ-0017064,E-0114,Project PRJ-0017064,owner,"[""negotiation""]",2025-06-02T00:00:00.000Z,2025-07-30T00:00:00.000Z,3,1,3.35,true,0,false,3,shared
PRJ-0017209,E-0115,Project PRJ-0017209,lead,"[""problem_solving""]",2025-12-16T00:00:00.000Z,2026-02-08T00:00:00.000Z,1,4,1.37,false,2,false,5,individual
PRJ-0017211,E-0115,Project PRJ-0017211,lead,"[""communication"",""content_quality"",""execution""]",2025-05-11T00:00:00.000Z,2025-07-15T00:00:00.000Z,5,5,1.27,false,1,true,4,individual
PRJ-0017345,E-0116,Project PRJ-0017345,owner,"[""execution""]",2025-11-02T00:00:00.000Z,2025-12-23T00:00:00.000Z,1,3,2.06,true,0,false,7,individual
PRJ-0017347,E-0116,Project PRJ-0017347,contributor,"[""roadmap_prioritization"",""stakeholder_alignment"",""execution""]",2025-03-08T00:00:00.000Z,2025-04-16T00:00:00.000Z,4,1,2.94,true,2,true,3,individual
PRJ-0017351,E-0116,Project PRJ-0017351,contributor,"[""roadmap_prioritization""]",2025-01-26T00:00:00.000Z,2025-03-26T00:00:00.000Z,3,3,3.58,true,3,false,7,shared
PRJ-0017481,E-0117,Project PRJ-0017481,contributor,"[""visual_craft""]",2025-04-05T00:00:00.000Z,2025-05-14T00:00:00.000Z,4,3,1.37,true,2,true,3,shared
PRJ-0017483,E-0117,Project PRJ-0017483,contributor,"[""problem_solving"",""ux_research"",""visual_craft""]",2026-03-01T00:00:00.000Z,2026-04-03T00:00:00.000Z,1,3,1.58,true,1,false,3,individual
PRJ-0017646,E-0118,Project PRJ-0017646,contributor,"[""collaboration"",""compliance_rigor""]",2026-03-26T00:00:00.000Z,2026-05-19T00:00:00.000Z,3,4,1.52,false,1,false,3,individual
PRJ-0017649,E-0118,Project PRJ-0017649,owner,"[""financial_modeling"",""collaboration"",""communication""]",2026-01-31T00:00:00.000Z,2026-03-06T00:00:00.000Z,2,4,2.98,true,2,false,7,shared
PRJ-0017653,E-0118,Project PRJ-0017653,owner,"[""collaboration""]",2025-08-28T00:00:00.000Z,2025-10-09T00:00:00.000Z,3,2,1.13,true,1,false,3,individual
PRJ-0017655,E-0118,Project PRJ-0017655,lead,"[""problem_solving""]",2025-05-28T00:00:00.000Z,2025-08-05T00:00:00.000Z,2,2,1.7,true,4,false,4,shared
PRJ-0017753,E-0119,Project PRJ-0017753,owner,"[""collaboration""]",2025-06-28T00:00:00.000Z,2025-08-15T00:00:00.000Z,3,5,1.35,false,2,false,8,shared
PRJ-0017755,E-0119,Project PRJ-0017755,lead,"[""communication""]",2026-09-16T00:00:00.000Z,2026-11-21T00:00:00.000Z,4,2,3.16,false,4,true,2,individual
PRJ-0017757,E-0119,Project PRJ-0017757,contributor,"[""collaboration""]",2024-12-23T00:00:00.000Z,2025-01-24T00:00:00.000Z,2,3,1.25,false,4,false,2,shared
PRJ-0017907,E-0120,Project PRJ-0017907,owner,"[""troubleshooting""]",2026-07-04T00:00:00.000Z,2026-09-09T00:00:00.000Z,2,3,1.33,false,1,false,7,individual
PRJ-0017909,E-0120,Project PRJ-0017909,owner,"[""communication"",""customer_resolution"",""execution""]",2026-06-11T00:00:00.000Z,2026-07-23T00:00:00.000Z,4,2,1.93,true,2,true,2,shared
PRJ-0017913,E-0120,Project PRJ-0017913,owner,"[""communication"",""customer_resolution""]",2025-12-15T00:00:00.000Z,2026-01-15T00:00:00.000Z,5,1,2.73,true,3,true,6,individual
PRJ-0017916,E-0120,Project PRJ-0017916,contributor,"[""execution"",""troubleshooting"",""communication""]",2025-11-16T00:00:00.000Z,2025-12-27T00:00:00.000Z,4,2,2.19,true,0,true,6,shared
PRJ-0018084,E-0121,Project PRJ-0018084,contributor,"[""collaboration"",""code_quality"",""communication""]",2025-12-18T00:00:00.000Z,2026-01-25T00:00:00.000Z,3,5,1.77,true,1,false,5,shared
PRJ-0018088,E-0121,Project PRJ-0018088,lead,"[""collaboration"",""code_quality"",""execution""]",2026-02-21T00:00:00.000Z,2026-04-17T00:00:00.000Z,4,5,2.03,true,0,true,2,individual
PRJ-0018092,E-0121,Project PRJ-0018092,owner,"[""execution"",""problem_solving""]",2025-01-05T00:00:00.000Z,2025-02-23T00:00:00.000Z,2,3,3.15,true,0,false,4,team
PRJ-0018248,E-0122,Project PRJ-0018248,lead,"[""execution""]",2025-09-11T00:00:00.000Z,2025-10-17T00:00:00.000Z,2,5,1.98,true,0,false,7,shared
PRJ-0018250,E-0122,Project PRJ-0018250,contributor,"[""problem_solving""]",2025-11-22T00:00:00.000Z,2025-12-27T00:00:00.000Z,1,1,2.88,false,2,false,6,shared
PRJ-0018399,E-0123,Project PRJ-0018399,owner,"[""communication"",""problem_solving""]",2026-04-29T00:00:00.000Z,2026-05-29T00:00:00.000Z,2,1,2.68,false,1,false,5,shared
PRJ-0018402,E-0123,Project PRJ-0018402,owner,"[""campaign_strategy"",""problem_solving"",""collaboration""]",2025-09-09T00:00:00.000Z,2025-11-14T00:00:00.000Z,4,3,1.95,false,0,true,4,individual
PRJ-0018406,E-0123,Project PRJ-0018406,lead,"[""content_quality"",""execution"",""collaboration""]",2025-07-05T00:00:00.000Z,2025-08-15T00:00:00.000Z,4,5,2.63,true,0,true,2,shared
PRJ-0018556,E-0124,Project PRJ-0018556,lead,"[""execution"",""stakeholder_alignment"",""communication""]",2025-06-28T00:00:00.000Z,2025-08-31T00:00:00.000Z,3,1,1.51,true,3,false,2,shared
PRJ-0018560,E-0124,Project PRJ-0018560,lead,"[""communication"",""problem_solving""]",2024-11-02T00:00:00.000Z,2024-12-26T00:00:00.000Z,2,4,1,false,0,false,2,shared
PRJ-0018563,E-0124,Project PRJ-0018563,contributor,"[""communication""]",2026-06-03T00:00:00.000Z,2026-07-28T00:00:00.000Z,3,4,2.51,true,0,false,8,shared
PRJ-0018565,E-0124,Project PRJ-0018565,contributor,"[""problem_solving""]",2024-12-31T00:00:00.000Z,2025-02-13T00:00:00.000Z,4,3,1,true,3,true,3,shared
PRJ-0018694,E-0125,Project PRJ-0018694,lead,"[""problem_solving""]",2025-01-17T00:00:00.000Z,2025-03-25T00:00:00.000Z,4,3,2.12,true,0,true,4,shared
PRJ-0018696,E-0125,Project PRJ-0018696,lead,"[""execution"",""ux_research"",""communication""]",2025-01-25T00:00:00.000Z,2025-03-04T00:00:00.000Z,4,4,2.78,false,2,true,4,individual
PRJ-0018840,E-0126,Project PRJ-0018840,contributor,"[""communication""]",2026-07-31T00:00:00.000Z,2026-08-30T00:00:00.000Z,3,2,3.54,true,4,false,3,team
PRJ-0018842,E-0126,Project PRJ-0018842,lead,"[""collaboration"",""problem_solving""]",2026-08-09T00:00:00.000Z,2026-10-09T00:00:00.000Z,3,3,1.35,true,4,false,2,team
PRJ-0018999,E-0127,Project PRJ-0018999,contributor,"[""collaboration"",""talent_assessment"",""execution""]",2024-12-12T00:00:00.000Z,2025-02-15T00:00:00.000Z,5,5,2.3,true,2,true,7,team
PRJ-0019003,E-0127,Project PRJ-0019003,contributor,"[""execution"",""collaboration""]",2024-11-18T00:00:00.000Z,2025-01-14T00:00:00.000Z,2,3,1.66,true,4,false,6,team
PRJ-0019006,E-0127,Project PRJ-0019006,owner,"[""policy_navigation"",""communication""]",2025-09-26T00:00:00.000Z,2025-11-10T00:00:00.000Z,2,3,2.19,true,2,false,4,individual
PRJ-0019160,E-0128,Project PRJ-0019160,contributor,"[""execution""]",2026-07-05T00:00:00.000Z,2026-08-29T00:00:00.000Z,3,2,2.66,true,2,false,3,team
PRJ-0019162,E-0128,Project PRJ-0019162,owner,"[""collaboration"",""customer_resolution"",""troubleshooting""]",2026-09-28T00:00:00.000Z,2026-10-31T00:00:00.000Z,4,5,2.83,true,2,true,4,team
PRJ-0019166,E-0128,Project PRJ-0019166,owner,"[""execution"",""communication""]",2026-01-03T00:00:00.000Z,2026-03-04T00:00:00.000Z,3,4,1.99,true,1,false,2,shared
PRJ-0019169,E-0128,Project PRJ-0019169,contributor,"[""problem_solving"",""communication""]",2025-12-02T00:00:00.000Z,2026-01-28T00:00:00.000Z,3,1,3,true,3,false,5,individual
PRJ-0019350,E-0129,Project PRJ-0019350,lead,"[""execution""]",2024-10-24T00:00:00.000Z,2024-12-22T00:00:00.000Z,2,3,2.88,true,4,false,6,shared
PRJ-0019352,E-0129,Project PRJ-0019352,contributor,"[""collaboration"",""code_quality"",""system_design""]",2024-11-08T00:00:00.000Z,2024-12-08T00:00:00.000Z,1,2,2.72,true,1,false,8,individual
PRJ-0019502,E-0130,Project PRJ-0019502,lead,"[""pipeline_mgmt""]",2026-02-05T00:00:00.000Z,2026-04-06T00:00:00.000Z,1,5,2.9,false,1,false,6,individual
PRJ-0019504,E-0130,Project PRJ-0019504,owner,"[""collaboration""]",2026-05-14T00:00:00.000Z,2026-06-26T00:00:00.000Z,5,5,1,false,0,true,6,shared
PRJ-0019627,E-0131,Project PRJ-0019627,contributor,"[""content_quality"",""problem_solving"",""collaboration""]",2025-03-23T00:00:00.000Z,2025-05-15T00:00:00.000Z,1,2,1.26,true,2,false,7,shared
PRJ-0019631,E-0131,Project PRJ-0019631,lead,"[""content_quality"",""collaboration"",""execution""]",2026-01-31T00:00:00.000Z,2026-03-26T00:00:00.000Z,5,4,2.63,true,1,true,7,shared
PRJ-0019635,E-0131,Project PRJ-0019635,lead,"[""collaboration"",""content_quality""]",2026-07-31T00:00:00.000Z,2026-09-16T00:00:00.000Z,4,1,2.6,false,4,true,5,team
PRJ-0019786,E-0132,Project PRJ-0019786,lead,"[""roadmap_prioritization"",""problem_solving""]",2026-02-17T00:00:00.000Z,2026-04-06T00:00:00.000Z,3,4,1.88,false,0,false,5,individual
PRJ-0019789,E-0132,Project PRJ-0019789,contributor,"[""roadmap_prioritization"",""stakeholder_alignment"",""collaboration""]",2026-08-25T00:00:00.000Z,2026-10-04T00:00:00.000Z,5,2,4.37,true,0,true,3,individual
PRJ-0019938,E-0133,Project PRJ-0019938,owner,"[""problem_solving"",""communication"",""visual_craft""]",2026-04-02T00:00:00.000Z,2026-05-21T00:00:00.000Z,1,4,3.56,true,0,false,6,team
PRJ-0019942,E-0133,Project PRJ-0019942,owner,"[""collaboration"",""execution"",""visual_craft""]",2025-12-04T00:00:00.000Z,2026-01-30T00:00:00.000Z,5,1,2.35,true,2,true,2,individual
PRJ-0020081,E-0134,Project PRJ-0020081,lead,"[""communication"",""execution""]",2026-01-21T00:00:00.000Z,2026-02-20T00:00:00.000Z,4,4,2.4,true,4,true,8,team
PRJ-0020084,E-0134,Project PRJ-0020084,owner,"[""financial_modeling"",""problem_solving"",""communication""]",2025-11-11T00:00:00.000Z,2026-01-19T00:00:00.000Z,4,3,2.66,true,4,true,7,individual
PRJ-0020088,E-0134,Project PRJ-0020088,contributor,"[""communication"",""collaboration""]",2025-05-23T00:00:00.000Z,2025-06-22T00:00:00.000Z,2,4,2.84,true,1,false,8,individual
PRJ-0020091,E-0134,Project PRJ-0020091,owner,"[""problem_solving""]",2026-02-23T00:00:00.000Z,2026-04-05T00:00:00.000Z,1,3,2.11,true,3,false,6,individual
PRJ-0020205,E-0135,Project PRJ-0020205,contributor,"[""communication""]",2026-05-19T00:00:00.000Z,2026-07-02T00:00:00.000Z,4,5,3.87,true,1,true,8,team
PRJ-0020207,E-0135,Project PRJ-0020207,contributor,"[""talent_assessment"",""problem_solving""]",2025-08-29T00:00:00.000Z,2025-10-03T00:00:00.000Z,2,3,3.6,false,1,false,4,team
PRJ-0020303,E-0136,Project PRJ-0020303,contributor,"[""customer_resolution"",""communication"",""problem_solving""]",2025-05-30T00:00:00.000Z,2025-07-10T00:00:00.000Z,1,3,3.4,true,1,false,5,team
PRJ-0020307,E-0136,Project PRJ-0020307,lead,"[""communication""]",2026-07-11T00:00:00.000Z,2026-08-14T00:00:00.000Z,2,4,3.54,true,1,false,7,shared
PRJ-0020309,E-0136,Project PRJ-0020309,lead,"[""problem_solving"",""customer_resolution""]",2025-02-16T00:00:00.000Z,2025-04-17T00:00:00.000Z,2,5,2.12,true,3,false,5,individual
PRJ-0020312,E-0136,Project PRJ-0020312,lead,"[""troubleshooting"",""execution"",""communication""]",2024-12-18T00:00:00.000Z,2025-01-22T00:00:00.000Z,4,2,2.53,true,3,true,5,shared
PRJ-0020468,E-0137,Project PRJ-0020468,lead,"[""communication"",""system_design""]",2026-04-21T00:00:00.000Z,2026-06-28T00:00:00.000Z,5,3,1.96,true,0,true,4,individual
PRJ-0020471,E-0137,Project PRJ-0020471,owner,"[""communication"",""problem_solving""]",2026-01-12T00:00:00.000Z,2026-02-26T00:00:00.000Z,5,5,1.41,true,3,true,7,team
PRJ-0020639,E-0138,Project PRJ-0020639,owner,"[""execution"",""pipeline_mgmt"",""negotiation""]",2025-01-20T00:00:00.000Z,2025-03-28T00:00:00.000Z,5,1,2.16,true,0,true,3,shared
PRJ-0020643,E-0138,Project PRJ-0020643,lead,"[""communication"",""negotiation""]",2025-12-27T00:00:00.000Z,2026-03-05T00:00:00.000Z,5,2,3,true,1,true,2,shared
PRJ-0020646,E-0138,Project PRJ-0020646,owner,"[""problem_solving""]",2026-05-22T00:00:00.000Z,2026-07-24T00:00:00.000Z,2,2,1.73,true,1,false,8,individual
PRJ-0020648,E-0138,Project PRJ-0020648,owner,"[""communication"",""negotiation"",""problem_solving""]",2026-06-25T00:00:00.000Z,2026-08-27T00:00:00.000Z,2,3,2.48,true,3,false,6,shared
PRJ-0020782,E-0139,Project PRJ-0020782,lead,"[""content_quality"",""problem_solving""]",2024-11-07T00:00:00.000Z,2024-12-15T00:00:00.000Z,2,2,2.41,true,4,false,7,individual
PRJ-0020785,E-0139,Project PRJ-0020785,owner,"[""communication"",""campaign_strategy""]",2025-09-03T00:00:00.000Z,2025-10-12T00:00:00.000Z,2,1,1.98,true,4,false,5,shared
PRJ-0020914,E-0140,Project PRJ-0020914,lead,"[""stakeholder_alignment""]",2025-05-17T00:00:00.000Z,2025-07-23T00:00:00.000Z,3,2,1,true,0,false,6,individual
PRJ-0020916,E-0140,Project PRJ-0020916,owner,"[""roadmap_prioritization"",""stakeholder_alignment""]",2025-07-06T00:00:00.000Z,2025-08-22T00:00:00.000Z,4,3,1.82,true,1,true,4,individual
PRJ-0020919,E-0140,Project PRJ-0020919,lead,"[""collaboration"",""communication"",""stakeholder_alignment""]",2026-02-08T00:00:00.000Z,2026-03-15T00:00:00.000Z,1,1,1.82,true,2,false,6,shared
PRJ-0021052,E-0141,Project PRJ-0021052,contributor,"[""execution""]",2025-06-07T00:00:00.000Z,2025-07-15T00:00:00.000Z,4,1,1.87,true,4,true,8,shared
PRJ-0021054,E-0141,Project PRJ-0021054,contributor,"[""ux_research""]",2025-01-01T00:00:00.000Z,2025-02-09T00:00:00.000Z,4,5,2.47,true,4,true,8,individual
PRJ-0021056,E-0141,Project PRJ-0021056,contributor,"[""visual_craft""]",2025-02-15T00:00:00.000Z,2025-03-21T00:00:00.000Z,5,3,2.59,true,3,true,7,individual
PRJ-0021058,E-0141,Project PRJ-0021058,contributor,"[""visual_craft"",""execution"",""collaboration""]",2025-06-30T00:00:00.000Z,2025-08-01T00:00:00.000Z,2,5,2.75,true,4,false,6,individual
PRJ-0021204,E-0142,Project PRJ-0021204,owner,"[""collaboration"",""execution""]",2025-01-01T00:00:00.000Z,2025-02-28T00:00:00.000Z,3,4,1.31,true,1,false,3,individual
PRJ-0021207,E-0142,Project PRJ-0021207,lead,"[""collaboration"",""communication"",""financial_modeling""]",2026-09-05T00:00:00.000Z,2026-10-15T00:00:00.000Z,1,1,1.84,true,0,false,8,shared
PRJ-0021211,E-0142,Project PRJ-0021211,lead,"[""collaboration"",""communication""]",2026-02-06T00:00:00.000Z,2026-03-27T00:00:00.000Z,4,4,3.44,false,0,true,4,team
PRJ-0021214,E-0142,Project PRJ-0021214,owner,"[""financial_modeling""]",2024-10-15T00:00:00.000Z,2024-11-23T00:00:00.000Z,4,4,1.2,true,3,true,7,shared
PRJ-0021335,E-0143,Project PRJ-0021335,contributor,"[""execution"",""talent_assessment"",""collaboration""]",2026-08-24T00:00:00.000Z,2026-10-25T00:00:00.000Z,5,2,1.78,true,2,true,3,individual
PRJ-0021339,E-0143,Project PRJ-0021339,contributor,"[""execution"",""talent_assessment"",""problem_solving""]",2026-04-27T00:00:00.000Z,2026-06-23T00:00:00.000Z,4,3,2.64,false,3,true,5,shared
PRJ-0021343,E-0143,Project PRJ-0021343,lead,"[""policy_navigation"",""problem_solving""]",2025-12-14T00:00:00.000Z,2026-01-13T00:00:00.000Z,4,2,1.81,false,2,true,2,shared
PRJ-0021508,E-0144,Project PRJ-0021508,lead,"[""communication"",""customer_resolution"",""execution""]",2026-05-03T00:00:00.000Z,2026-06-06T00:00:00.000Z,1,4,2.42,false,1,false,5,shared
PRJ-0021512,E-0144,Project PRJ-0021512,lead,"[""collaboration""]",2026-09-03T00:00:00.000Z,2026-11-07T00:00:00.000Z,4,4,2.19,true,0,true,7,team
PRJ-0021514,E-0144,Project PRJ-0021514,lead,"[""customer_resolution"",""troubleshooting""]",2026-03-31T00:00:00.000Z,2026-05-30T00:00:00.000Z,3,1,1.83,true,3,false,3,individual
PRJ-0021517,E-0144,Project PRJ-0021517,lead,"[""execution"",""troubleshooting"",""collaboration""]",2026-01-24T00:00:00.000Z,2026-03-10T00:00:00.000Z,2,3,2.61,true,0,false,3,team
PRJ-0021695,E-0145,Project PRJ-0021695,lead,"[""system_design""]",2026-03-27T00:00:00.000Z,2026-05-28T00:00:00.000Z,3,1,2.8,true,0,false,3,shared
PRJ-0021697,E-0145,Project PRJ-0021697,contributor,"[""collaboration"",""execution"",""communication""]",2025-01-13T00:00:00.000Z,2025-03-08T00:00:00.000Z,5,2,1.81,true,1,true,5,individual
PRJ-0021701,E-0145,Project PRJ-0021701,lead,"[""collaboration""]",2025-02-11T00:00:00.000Z,2025-04-03T00:00:00.000Z,3,2,2.17,true,1,false,2,individual
PRJ-0021703,E-0145,Project PRJ-0021703,contributor,"[""collaboration"",""system_design"",""execution""]",2026-06-06T00:00:00.000Z,2026-08-03T00:00:00.000Z,1,2,2.92,false,3,false,3,team
PRJ-0021881,E-0146,Project PRJ-0021881,contributor,"[""negotiation""]",2026-06-16T00:00:00.000Z,2026-07-28T00:00:00.000Z,4,3,1.92,false,0,true,3,individual
PRJ-0021883,E-0146,Project PRJ-0021883,owner,"[""pipeline_mgmt"",""negotiation"",""execution""]",2024-12-01T00:00:00.000Z,2025-01-27T00:00:00.000Z,5,3,1,true,3,true,3,shared
PRJ-0021887,E-0146,Project PRJ-0021887,contributor,"[""execution"",""negotiation"",""communication""]",2025-07-08T00:00:00.000Z,2025-09-06T00:00:00.000Z,1,4,1.77,false,3,false,8,team
PRJ-0022019,E-0147,Project PRJ-0022019,lead,"[""content_quality"",""collaboration""]",2025-10-28T00:00:00.000Z,2025-11-29T00:00:00.000Z,4,1,2.26,true,0,true,5,individual
PRJ-0022022,E-0147,Project PRJ-0022022,contributor,"[""communication"",""execution""]",2025-01-24T00:00:00.000Z,2025-04-02T00:00:00.000Z,5,3,1.69,false,0,true,7,individual
PRJ-0022162,E-0148,Project PRJ-0022162,contributor,"[""execution""]",2026-04-25T00:00:00.000Z,2026-06-07T00:00:00.000Z,1,5,3.67,true,2,false,3,shared
PRJ-0022164,E-0148,Project PRJ-0022164,owner,"[""communication""]",2026-05-19T00:00:00.000Z,2026-06-20T00:00:00.000Z,1,4,1.75,true,3,false,6,team
PRJ-0022166,E-0148,Project PRJ-0022166,contributor,"[""stakeholder_alignment"",""collaboration""]",2026-01-31T00:00:00.000Z,2026-03-10T00:00:00.000Z,3,4,2.46,true,2,false,8,shared
PRJ-0022322,E-0149,Project PRJ-0022322,lead,"[""execution"",""problem_solving"",""ux_research""]",2025-04-08T00:00:00.000Z,2025-05-26T00:00:00.000Z,1,4,2.63,true,0,false,2,shared
PRJ-0022326,E-0149,Project PRJ-0022326,lead,"[""communication"",""execution""]",2025-04-27T00:00:00.000Z,2025-06-15T00:00:00.000Z,2,5,1.69,true,1,false,4,individual
PRJ-0022329,E-0149,Project PRJ-0022329,owner,"[""communication"",""ux_research""]",2024-10-27T00:00:00.000Z,2024-12-04T00:00:00.000Z,5,4,2.94,true,1,true,8,shared
PRJ-0022487,E-0150,Project PRJ-0022487,owner,"[""financial_modeling""]",2025-06-12T00:00:00.000Z,2025-07-21T00:00:00.000Z,4,2,1.71,true,3,true,7,individual
PRJ-0022489,E-0150,Project PRJ-0022489,owner,"[""communication""]",2025-02-23T00:00:00.000Z,2025-04-27T00:00:00.000Z,2,3,1.08,true,4,false,6,shared
PRJ-0022638,E-0151,Project PRJ-0022638,owner,"[""collaboration"",""communication""]",2026-06-30T00:00:00.000Z,2026-09-01T00:00:00.000Z,1,3,2.95,true,2,false,8,shared
PRJ-0022641,E-0151,Project PRJ-0022641,lead,"[""problem_solving"",""policy_navigation"",""communication""]",2025-04-28T00:00:00.000Z,2025-06-14T00:00:00.000Z,3,5,1.71,true,1,false,3,shared
PRJ-0022645,E-0151,Project PRJ-0022645,lead,"[""execution""]",2024-12-01T00:00:00.000Z,2025-01-25T00:00:00.000Z,5,2,1,true,1,true,8,team
PRJ-0022777,E-0152,Project PRJ-0022777,lead,"[""execution"",""problem_solving""]",2024-11-20T00:00:00.000Z,2025-01-03T00:00:00.000Z,1,1,1.34,true,3,false,4,team
PRJ-0022780,E-0152,Project PRJ-0022780,contributor,"[""troubleshooting"",""collaboration"",""customer_resolution""]",2026-09-15T00:00:00.000Z,2026-11-04T00:00:00.000Z,3,1,1.5,true,0,false,5,team
PRJ-0022784,E-0152,Project PRJ-0022784,lead,"[""execution"",""communication"",""problem_solving""]",2025-04-04T00:00:00.000Z,2025-05-15T00:00:00.000Z,3,2,1.79,true,1,false,8,team
PRJ-0022908,E-0153,Project PRJ-0022908,contributor,"[""collaboration"",""system_design""]",2025-04-09T00:00:00.000Z,2025-05-10T00:00:00.000Z,1,1,1.32,false,0,false,3,individual
PRJ-0022911,E-0153,Project PRJ-0022911,contributor,"[""communication""]",2025-12-03T00:00:00.000Z,2026-01-20T00:00:00.000Z,5,2,2.63,true,3,true,7,team
PRJ-0022913,E-0153,Project PRJ-0022913,lead,"[""system_design"",""execution""]",2024-11-29T00:00:00.000Z,2025-02-05T00:00:00.000Z,2,3,1,true,2,false,6,shared
PRJ-0023078,E-0154,Project PRJ-0023078,lead,"[""problem_solving"",""execution""]",2026-08-12T00:00:00.000Z,2026-09-23T00:00:00.000Z,5,1,1,true,3,true,5,shared
PRJ-0023081,E-0154,Project PRJ-0023081,owner,"[""collaboration""]",2026-04-08T00:00:00.000Z,2026-06-09T00:00:00.000Z,2,5,3.09,false,2,false,8,team
PRJ-0023083,E-0154,Project PRJ-0023083,lead,"[""problem_solving"",""collaboration"",""execution""]",2025-03-30T00:00:00.000Z,2025-05-31T00:00:00.000Z,4,4,2.19,true,4,true,4,team
PRJ-0023087,E-0154,Project PRJ-0023087,owner,"[""collaboration"",""problem_solving""]",2025-11-11T00:00:00.000Z,2026-01-10T00:00:00.000Z,1,3,2.31,true,1,false,7,individual
PRJ-0023197,E-0155,Project PRJ-0023197,contributor,"[""execution""]",2026-01-09T00:00:00.000Z,2026-03-04T00:00:00.000Z,3,3,1.3,true,2,false,7,shared
PRJ-0023199,E-0155,Project PRJ-0023199,contributor,"[""content_quality"",""communication"",""collaboration""]",2026-08-06T00:00:00.000Z,2026-10-07T00:00:00.000Z,1,1,3.62,true,0,false,3,individual
PRJ-0023341,E-0156,Project PRJ-0023341,owner,"[""communication""]",2025-11-14T00:00:00.000Z,2026-01-03T00:00:00.000Z,5,5,1,false,0,true,3,individual
PRJ-0023343,E-0156,Project PRJ-0023343,contributor,"[""problem_solving"",""roadmap_prioritization"",""stakeholder_alignment""]",2025-08-12T00:00:00.000Z,2025-10-09T00:00:00.000Z,2,4,2.01,false,0,false,8,individual
PRJ-0023446,E-0157,Project PRJ-0023446,contributor,"[""ux_research""]",2024-11-12T00:00:00.000Z,2024-12-23T00:00:00.000Z,1,4,2.09,true,0,false,6,individual
PRJ-0023448,E-0157,Project PRJ-0023448,owner,"[""communication""]",2025-11-10T00:00:00.000Z,2025-12-28T00:00:00.000Z,1,3,2.91,true,1,false,4,shared
PRJ-0023450,E-0157,Project PRJ-0023450,lead,"[""execution"",""problem_solving""]",2025-03-26T00:00:00.000Z,2025-05-06T00:00:00.000Z,1,2,1.1,false,4,false,5,individual
PRJ-0023585,E-0158,Project PRJ-0023585,lead,"[""compliance_rigor""]",2026-01-07T00:00:00.000Z,2026-02-28T00:00:00.000Z,5,1,2.9,true,2,true,6,shared
PRJ-0023587,E-0158,Project PRJ-0023587,owner,"[""collaboration""]",2025-08-15T00:00:00.000Z,2025-09-30T00:00:00.000Z,4,3,1.58,true,3,true,2,individual
PRJ-0023589,E-0158,Project PRJ-0023589,contributor,"[""compliance_rigor""]",2025-07-17T00:00:00.000Z,2025-09-14T00:00:00.000Z,4,1,3.3,true,3,true,2,individual
PRJ-0023591,E-0158,Project PRJ-0023591,contributor,"[""communication""]",2026-02-21T00:00:00.000Z,2026-04-08T00:00:00.000Z,2,4,2.43,true,3,false,7,individual
PRJ-0023742,E-0159,Project PRJ-0023742,lead,"[""communication"",""collaboration""]",2026-07-03T00:00:00.000Z,2026-08-28T00:00:00.000Z,2,3,2.81,true,0,false,6,individual
PRJ-0023745,E-0159,Project PRJ-0023745,contributor,"[""execution"",""collaboration""]",2025-04-13T00:00:00.000Z,2025-05-21T00:00:00.000Z,4,2,3,true,4,true,7,individual
PRJ-0023885,E-0160,Project PRJ-0023885,lead,"[""execution"",""collaboration"",""customer_resolution""]",2026-01-05T00:00:00.000Z,2026-03-04T00:00:00.000Z,5,3,1.77,true,2,true,8,shared
PRJ-0023889,E-0160,Project PRJ-0023889,lead,"[""troubleshooting"",""execution""]",2026-02-19T00:00:00.000Z,2026-04-27T00:00:00.000Z,2,2,1.88,true,4,false,5,shared
PRJ-0023892,E-0160,Project PRJ-0023892,lead,"[""communication""]",2024-12-15T00:00:00.000Z,2025-01-20T00:00:00.000Z,3,1,1.89,true,0,false,5,individual
PRJ-0024004,E-0161,Project PRJ-0024004,lead,"[""communication""]",2025-07-27T00:00:00.000Z,2025-09-19T00:00:00.000Z,3,5,1.11,true,0,false,6,individual
PRJ-0024006,E-0161,Project PRJ-0024006,lead,"[""problem_solving"",""collaboration"",""communication""]",2025-08-12T00:00:00.000Z,2025-10-13T00:00:00.000Z,3,4,2.46,true,2,false,2,individual
PRJ-0024010,E-0161,Project PRJ-0024010,lead,"[""system_design"",""code_quality""]",2024-12-04T00:00:00.000Z,2025-02-04T00:00:00.000Z,5,1,1,false,4,true,2,individual
PRJ-0024013,E-0161,Project PRJ-0024013,lead,"[""system_design""]",2025-08-16T00:00:00.000Z,2025-10-02T00:00:00.000Z,3,4,1.34,false,4,false,7,team
PRJ-0024125,E-0162,Project PRJ-0024125,contributor,"[""communication"",""collaboration"",""execution""]",2025-05-20T00:00:00.000Z,2025-07-12T00:00:00.000Z,4,1,2.25,true,2,true,4,shared
PRJ-0024129,E-0162,Project PRJ-0024129,lead,"[""collaboration"",""execution""]",2025-03-21T00:00:00.000Z,2025-05-03T00:00:00.000Z,4,3,2.5,true,0,true,4,shared
PRJ-0024292,E-0163,Project PRJ-0024292,owner,"[""problem_solving"",""campaign_strategy""]",2024-10-29T00:00:00.000Z,2024-12-03T00:00:00.000Z,1,2,1.62,true,3,false,5,individual
PRJ-0024295,E-0163,Project PRJ-0024295,owner,"[""execution"",""communication"",""collaboration""]",2026-03-05T00:00:00.000Z,2026-04-18T00:00:00.000Z,5,4,2.64,true,3,true,7,shared
PRJ-0024299,E-0163,Project PRJ-0024299,owner,"[""content_quality""]",2026-06-12T00:00:00.000Z,2026-07-31T00:00:00.000Z,3,3,3.33,false,3,false,3,individual
PRJ-0024301,E-0163,Project PRJ-0024301,owner,"[""content_quality""]",2026-05-30T00:00:00.000Z,2026-07-21T00:00:00.000Z,1,1,3.68,true,3,false,2,team
PRJ-0024416,E-0164,Project PRJ-0024416,owner,"[""execution"",""collaboration"",""problem_solving""]",2026-08-17T00:00:00.000Z,2026-10-04T00:00:00.000Z,5,1,2.72,true,4,true,7,individual
PRJ-0024420,E-0164,Project PRJ-0024420,lead,"[""collaboration"",""communication"",""roadmap_prioritization""]",2026-01-21T00:00:00.000Z,2026-03-16T00:00:00.000Z,2,2,2.73,true,4,false,5,shared
PRJ-0024424,E-0164,Project PRJ-0024424,contributor,"[""problem_solving"",""collaboration""]",2025-10-02T00:00:00.000Z,2025-11-07T00:00:00.000Z,4,2,2.54,true,4,true,4,shared
PRJ-0024427,E-0164,Project PRJ-0024427,contributor,"[""roadmap_prioritization""]",2026-04-11T00:00:00.000Z,2026-05-21T00:00:00.000Z,2,4,2.9,false,2,false,3,team
PRJ-0024578,E-0165,Project PRJ-0024578,lead,"[""communication""]",2025-05-30T00:00:00.000Z,2025-07-21T00:00:00.000Z,2,1,1.34,true,2,false,8,shared
PRJ-0024580,E-0165,Project PRJ-0024580,contributor,"[""visual_craft""]",2025-06-11T00:00:00.000Z,2025-07-25T00:00:00.000Z,2,1,1.34,true,4,false,4,shared
PRJ-0024704,E-0166,Project PRJ-0024704,owner,"[""problem_solving""]",2025-08-18T00:00:00.000Z,2025-10-26T00:00:00.000Z,3,4,1.03,false,2,false,7,shared
PRJ-0024706,E-0166,Project PRJ-0024706,lead,"[""compliance_rigor"",""execution"",""financial_modeling""]",2025-03-15T00:00:00.000Z,2025-05-08T00:00:00.000Z,5,4,1.61,true,0,true,3,shared
PRJ-0024710,E-0166,Project PRJ-0024710,contributor,"[""communication"",""execution""]",2025-01-13T00:00:00.000Z,2025-03-14T00:00:00.000Z,4,4,1.59,true,3,true,3,shared
PRJ-0024713,E-0166,Project PRJ-0024713,contributor,"[""collaboration"",""execution""]",2025-11-21T00:00:00.000Z,2026-01-16T00:00:00.000Z,2,1,1.79,true,4,false,2,shared
PRJ-0024850,E-0167,Project PRJ-0024850,contributor,"[""communication"",""talent_assessment""]",2026-03-03T00:00:00.000Z,2026-04-29T00:00:00.000Z,3,4,1.21,true,3,false,2,individual
PRJ-0024853,E-0167,Project PRJ-0024853,contributor,"[""collaboration""]",2025-09-13T00:00:00.000Z,2025-10-17T00:00:00.000Z,1,2,2,true,3,false,6,individual
PRJ-0024855,E-0167,Project PRJ-0024855,lead,"[""problem_solving""]",2025-04-30T00:00:00.000Z,2025-06-20T00:00:00.000Z,4,4,1.94,true,2,true,6,shared
PRJ-0024857,E-0167,Project PRJ-0024857,lead,"[""problem_solving"",""communication""]",2025-12-21T00:00:00.000Z,2026-02-19T00:00:00.000Z,2,2,1.8,true,1,false,2,individual
PRJ-0025013,E-0168,Project PRJ-0025013,lead,"[""communication"",""collaboration"",""customer_resolution""]",2026-03-02T00:00:00.000Z,2026-04-06T00:00:00.000Z,1,1,1.7,true,3,false,5,individual
PRJ-0025017,E-0168,Project PRJ-0025017,lead,"[""collaboration"",""communication"",""problem_solving""]",2025-11-29T00:00:00.000Z,2026-01-21T00:00:00.000Z,4,5,1.96,true,0,true,5,individual
PRJ-0025021,E-0168,Project PRJ-0025021,owner,"[""problem_solving"",""communication"",""customer_resolution""]",2026-09-14T00:00:00.000Z,2026-10-20T00:00:00.000Z,4,5,2.19,true,3,true,2,shared
PRJ-0025025,E-0168,Project PRJ-0025025,contributor,"[""collaboration"",""troubleshooting"",""execution""]",2026-01-19T00:00:00.000Z,2026-03-26T00:00:00.000Z,1,5,1.66,true,4,false,5,shared
PRJ-0025163,E-0169,Project PRJ-0025163,lead,"[""code_quality""]",2024-11-22T00:00:00.000Z,2025-01-04T00:00:00.000Z,4,2,1,false,0,true,2,individual
PRJ-0025165,E-0169,Project PRJ-0025165,lead,"[""problem_solving"",""execution""]",2026-08-30T00:00:00.000Z,2026-11-01T00:00:00.000Z,4,3,1,true,2,true,8,shared
PRJ-0025168,E-0169,Project PRJ-0025168,owner,"[""system_design""]",2026-03-17T00:00:00.000Z,2026-05-09T00:00:00.000Z,4,3,2.72,true,1,true,2,individual
PRJ-0025170,E-0169,Project PRJ-0025170,lead,"[""collaboration"",""communication""]",2026-03-09T00:00:00.000Z,2026-05-16T00:00:00.000Z,3,3,3.31,true,1,false,3,team
PRJ-0025313,E-0170,Project PRJ-0025313,owner,"[""execution"",""communication"",""negotiation""]",2025-11-02T00:00:00.000Z,2025-12-19T00:00:00.000Z,1,3,3.24,true,4,false,8,individual
PRJ-0025317,E-0170,Project PRJ-0025317,lead,"[""collaboration"",""pipeline_mgmt"",""problem_solving""]",2025-03-24T00:00:00.000Z,2025-04-26T00:00:00.000Z,2,3,1.85,true,4,false,3,shared
PRJ-0025321,E-0170,Project PRJ-0025321,lead,"[""execution"",""collaboration"",""problem_solving""]",2025-11-30T00:00:00.000Z,2026-01-14T00:00:00.000Z,2,3,2.09,true,4,false,2,individual
PRJ-0025325,E-0170,Project PRJ-0025325,lead,"[""collaboration"",""execution"",""negotiation""]",2025-02-15T00:00:00.000Z,2025-03-19T00:00:00.000Z,3,4,1.99,false,0,false,4,shared
PRJ-0025482,E-0171,Project PRJ-0025482,lead,"[""collaboration"",""problem_solving"",""communication""]",2025-08-05T00:00:00.000Z,2025-10-09T00:00:00.000Z,4,5,2.14,true,2,true,7,shared
PRJ-0025486,E-0171,Project PRJ-0025486,contributor,"[""content_quality""]",2026-09-26T00:00:00.000Z,2026-12-01T00:00:00.000Z,1,3,1,true,4,false,8,individual
PRJ-0025488,E-0171,Project PRJ-0025488,owner,"[""collaboration"",""communication""]",2025-11-04T00:00:00.000Z,2025-12-07T00:00:00.000Z,2,3,2.76,true,4,false,6,individual
PRJ-0025491,E-0171,Project PRJ-0025491,owner,"[""campaign_strategy"",""problem_solving"",""execution""]",2025-07-17T00:00:00.000Z,2025-09-12T00:00:00.000Z,4,2,1.57,false,0,true,3,shared
PRJ-0025632,E-0172,Project PRJ-0025632,lead,"[""collaboration"",""problem_solving"",""roadmap_prioritization""]",2026-01-21T00:00:00.000Z,2026-02-21T00:00:00.000Z,1,5,1.68,false,3,false,6,shared
PRJ-0025636,E-0172,Project PRJ-0025636,owner,"[""collaboration"",""problem_solving""]",2025-11-13T00:00:00.000Z,2025-12-24T00:00:00.000Z,2,1,1.47,true,3,false,8,individual
PRJ-0025812,E-0173,Project PRJ-0025812,lead,"[""collaboration"",""visual_craft"",""communication""]",2026-07-02T00:00:00.000Z,2026-09-04T00:00:00.000Z,5,1,2.34,true,2,true,5,shared
PRJ-0025816,E-0173,Project PRJ-0025816,owner,"[""problem_solving""]",2026-08-03T00:00:00.000Z,2026-09-29T00:00:00.000Z,5,3,2.93,false,1,true,7,individual
PRJ-0025942,E-0174,Project PRJ-0025942,lead,"[""compliance_rigor"",""financial_modeling"",""problem_solving""]",2025-08-02T00:00:00.000Z,2025-09-30T00:00:00.000Z,3,2,1.92,true,3,false,4,shared
PRJ-0025946,E-0174,Project PRJ-0025946,lead,"[""compliance_rigor"",""execution""]",2026-04-22T00:00:00.000Z,2026-06-18T00:00:00.000Z,3,2,1.91,true,0,false,5,individual
PRJ-0025949,E-0174,Project PRJ-0025949,owner,"[""compliance_rigor"",""collaboration""]",2025-11-20T00:00:00.000Z,2025-12-31T00:00:00.000Z,3,4,1.93,true,3,false,2,individual
PRJ-0026101,E-0175,Project PRJ-0026101,lead,"[""execution""]",2026-07-17T00:00:00.000Z,2026-09-19T00:00:00.000Z,1,2,1.1,true,4,false,7,individual
PRJ-0026103,E-0175,Project PRJ-0026103,lead,"[""policy_navigation"",""communication""]",2026-02-11T00:00:00.000Z,2026-04-14T00:00:00.000Z,2,5,1.69,true,1,false,7,individual
PRJ-0026162,E-0176,Project PRJ-0026162,lead,"[""troubleshooting"",""collaboration""]",2025-03-12T00:00:00.000Z,2025-05-14T00:00:00.000Z,1,1,1.53,false,4,false,6,individual
PRJ-0026165,E-0176,Project PRJ-0026165,lead,"[""problem_solving""]",2025-05-11T00:00:00.000Z,2025-07-08T00:00:00.000Z,2,2,1.46,true,1,false,3,individual
PRJ-0026167,E-0176,Project PRJ-0026167,owner,"[""collaboration"",""problem_solving""]",2025-01-15T00:00:00.000Z,2025-02-18T00:00:00.000Z,3,2,1.16,true,1,false,5,individual
PRJ-0026170,E-0176,Project PRJ-0026170,contributor,"[""collaboration""]",2025-03-15T00:00:00.000Z,2025-05-17T00:00:00.000Z,1,3,1,true,0,false,3,individual
PRJ-0026317,E-0177,Project PRJ-0026317,contributor,"[""collaboration""]",2025-02-07T00:00:00.000Z,2025-04-17T00:00:00.000Z,3,1,1,true,2,false,4,shared
PRJ-0026319,E-0177,Project PRJ-0026319,owner,"[""problem_solving""]",2025-10-04T00:00:00.000Z,2025-11-11T00:00:00.000Z,3,1,2.4,true,0,false,3,team
PRJ-0026446,E-0178,Project PRJ-0026446,lead,"[""execution"",""collaboration"",""problem_solving""]",2025-12-05T00:00:00.000Z,2026-01-13T00:00:00.000Z,2,2,2.38,true,1,false,6,individual
PRJ-0026450,E-0178,Project PRJ-0026450,owner,"[""negotiation"",""execution"",""problem_solving""]",2026-08-27T00:00:00.000Z,2026-10-16T00:00:00.000Z,5,2,2.77,true,4,true,3,individual
PRJ-0026454,E-0178,Project PRJ-0026454,lead,"[""pipeline_mgmt"",""negotiation""]",2026-05-01T00:00:00.000Z,2026-06-21T00:00:00.000Z,1,4,3.39,true,2,false,2,shared
PRJ-0026457,E-0178,Project PRJ-0026457,owner,"[""negotiation"",""problem_solving""]",2025-09-12T00:00:00.000Z,2025-10-18T00:00:00.000Z,2,5,2.71,true,1,false,4,individual
PRJ-0026588,E-0179,Project PRJ-0026588,owner,"[""execution""]",2025-11-17T00:00:00.000Z,2026-01-19T00:00:00.000Z,1,4,1.04,false,2,false,6,shared
PRJ-0026590,E-0179,Project PRJ-0026590,lead,"[""content_quality"",""execution""]",2026-02-13T00:00:00.000Z,2026-03-24T00:00:00.000Z,4,3,1.03,true,2,true,4,individual
PRJ-0026593,E-0179,Project PRJ-0026593,contributor,"[""execution""]",2026-07-19T00:00:00.000Z,2026-09-25T00:00:00.000Z,2,5,1.4,true,2,false,2,shared
PRJ-0026747,E-0180,Project PRJ-0026747,contributor,"[""roadmap_prioritization"",""execution""]",2026-06-20T00:00:00.000Z,2026-07-25T00:00:00.000Z,3,5,3.08,false,0,false,8,individual
PRJ-0026750,E-0180,Project PRJ-0026750,lead,"[""communication"",""roadmap_prioritization"",""execution""]",2025-11-18T00:00:00.000Z,2026-01-17T00:00:00.000Z,3,3,2.56,false,1,false,2,shared
PRJ-0026754,E-0180,Project PRJ-0026754,contributor,"[""problem_solving"",""execution""]",2024-12-06T00:00:00.000Z,2025-01-31T00:00:00.000Z,2,3,1,true,2,false,2,individual
PRJ-0026757,E-0180,Project PRJ-0026757,lead,"[""execution""]",2026-06-07T00:00:00.000Z,2026-07-23T00:00:00.000Z,5,1,2.82,true,3,true,6,team
PRJ-0026882,E-0181,Project PRJ-0026882,lead,"[""communication""]",2025-12-28T00:00:00.000Z,2026-02-12T00:00:00.000Z,3,3,3.24,true,3,false,6,individual
PRJ-0026884,E-0181,Project PRJ-0026884,contributor,"[""communication"",""collaboration""]",2024-11-10T00:00:00.000Z,2024-12-20T00:00:00.000Z,3,5,1.66,false,1,false,5,individual
PRJ-0027036,E-0182,Project PRJ-0027036,contributor,"[""communication"",""financial_modeling""]",2026-08-04T00:00:00.000Z,2026-09-26T00:00:00.000Z,1,2,2.05,false,3,false,3,individual
PRJ-0027039,E-0182,Project PRJ-0027039,contributor,"[""problem_solving"",""communication""]",2025-03-31T00:00:00.000Z,2025-06-02T00:00:00.000Z,2,4,1.99,true,3,false,3,shared
PRJ-0027155,E-0183,Project PRJ-0027155,contributor,"[""talent_assessment"",""execution"",""communication""]",2024-12-07T00:00:00.000Z,2025-01-20T00:00:00.000Z,4,2,2.63,false,4,true,6,team
PRJ-0027159,E-0183,Project PRJ-0027159,contributor,"[""problem_solving"",""policy_navigation"",""execution""]",2025-06-05T00:00:00.000Z,2025-08-12T00:00:00.000Z,2,1,2.98,true,0,false,2,team
PRJ-0027163,E-0183,Project PRJ-0027163,lead,"[""execution""]",2024-12-25T00:00:00.000Z,2025-02-04T00:00:00.000Z,1,1,1,true,0,false,6,team
PRJ-0027315,E-0184,Project PRJ-0027315,lead,"[""collaboration"",""troubleshooting"",""customer_resolution""]",2025-06-08T00:00:00.000Z,2025-08-04T00:00:00.000Z,4,3,1.85,true,0,true,7,individual
PRJ-0027319,E-0184,Project PRJ-0027319,lead,"[""execution"",""communication"",""problem_solving""]",2026-07-02T00:00:00.000Z,2026-08-06T00:00:00.000Z,4,2,3.2,true,0,true,2,team
PRJ-0027490,E-0185,Project PRJ-0027490,contributor,"[""communication""]",2025-09-07T00:00:00.000Z,2025-11-07T00:00:00.000Z,1,3,1.41,false,0,false,4,individual
PRJ-0027492,E-0185,Project PRJ-0027492,contributor,"[""system_design"",""problem_solving"",""communication""]",2025-12-26T00:00:00.000Z,2026-02-19T00:00:00.000Z,5,3,1.8,true,3,true,3,shared
PRJ-0027496,E-0185,Project PRJ-0027496,owner,"[""system_design"",""problem_solving"",""collaboration""]",2025-06-20T00:00:00.000Z,2025-08-06T00:00:00.000Z,5,1,2.59,false,1,true,8,individual
PRJ-0027658,E-0186,Project PRJ-0027658,owner,"[""pipeline_mgmt"",""collaboration""]",2025-06-27T00:00:00.000Z,2025-08-16T00:00:00.000Z,3,3,1.6,false,1,false,3,individual
PRJ-0027661,E-0186,Project PRJ-0027661,contributor,"[""problem_solving"",""communication""]",2026-01-05T00:00:00.000Z,2026-02-04T00:00:00.000Z,1,3,1.42,true,3,false,8,shared
PRJ-0027800,E-0187,Project PRJ-0027800,owner,"[""collaboration"",""campaign_strategy""]",2025-09-14T00:00:00.000Z,2025-11-16T00:00:00.000Z,2,5,1.59,true,3,false,3,team
PRJ-0027803,E-0187,Project PRJ-0027803,owner,"[""campaign_strategy""]",2026-09-21T00:00:00.000Z,2026-11-14T00:00:00.000Z,3,4,1.59,true,2,false,8,shared
PRJ-0027959,E-0188,Project PRJ-0027959,lead,"[""execution"",""roadmap_prioritization""]",2024-10-28T00:00:00.000Z,2024-12-22T00:00:00.000Z,5,3,1.4,true,2,true,5,shared
PRJ-0027962,E-0188,Project PRJ-0027962,lead,"[""communication""]",2025-07-14T00:00:00.000Z,2025-08-28T00:00:00.000Z,3,1,2.62,true,2,false,7,individual
PRJ-0027964,E-0188,Project PRJ-0027964,lead,"[""problem_solving""]",2026-07-09T00:00:00.000Z,2026-08-11T00:00:00.000Z,3,1,3.55,true,3,false,6,shared
PRJ-0027966,E-0188,Project PRJ-0027966,lead,"[""problem_solving"",""collaboration""]",2025-02-21T00:00:00.000Z,2025-04-19T00:00:00.000Z,2,1,1.04,true,0,false,2,individual
PRJ-0028133,E-0189,Project PRJ-0028133,owner,"[""problem_solving"",""ux_research""]",2025-01-04T00:00:00.000Z,2025-03-05T00:00:00.000Z,5,4,1.04,true,1,true,8,individual
PRJ-0028136,E-0189,Project PRJ-0028136,owner,"[""communication""]",2025-09-24T00:00:00.000Z,2025-10-25T00:00:00.000Z,1,4,1,true,1,false,2,shared
PRJ-0028138,E-0189,Project PRJ-0028138,lead,"[""communication""]",2025-12-07T00:00:00.000Z,2026-01-26T00:00:00.000Z,1,5,2.22,false,0,false,6,individual
PRJ-0028140,E-0189,Project PRJ-0028140,owner,"[""ux_research"",""execution"",""collaboration""]",2026-07-03T00:00:00.000Z,2026-09-10T00:00:00.000Z,4,1,3.1,false,3,true,4,individual
PRJ-0028273,E-0190,Project PRJ-0028273,lead,"[""compliance_rigor"",""problem_solving"",""execution""]",2025-04-19T00:00:00.000Z,2025-06-04T00:00:00.000Z,3,2,1.66,true,2,false,6,shared
PRJ-0028277,E-0190,Project PRJ-0028277,lead,"[""collaboration""]",2024-12-26T00:00:00.000Z,2025-02-16T00:00:00.000Z,4,3,1,true,0,true,3,shared
PRJ-0028279,E-0190,Project PRJ-0028279,owner,"[""problem_solving"",""communication""]",2026-03-31T00:00:00.000Z,2026-06-07T00:00:00.000Z,1,5,2.3,false,4,false,4,shared
PRJ-0028402,E-0191,Project PRJ-0028402,owner,"[""policy_navigation""]",2025-01-09T00:00:00.000Z,2025-03-14T00:00:00.000Z,2,5,2.66,true,3,false,5,individual
PRJ-0028404,E-0191,Project PRJ-0028404,owner,"[""talent_assessment""]",2026-03-06T00:00:00.000Z,2026-05-03T00:00:00.000Z,5,5,2.01,false,4,true,6,individual
PRJ-0028569,E-0192,Project PRJ-0028569,lead,"[""problem_solving"",""customer_resolution"",""troubleshooting""]",2025-08-03T00:00:00.000Z,2025-09-21T00:00:00.000Z,3,4,2.42,false,3,false,6,shared
PRJ-0028573,E-0192,Project PRJ-0028573,owner,"[""problem_solving"",""customer_resolution""]",2026-05-04T00:00:00.000Z,2026-06-15T00:00:00.000Z,2,4,1.55,false,2,false,8,shared
PRJ-0028576,E-0192,Project PRJ-0028576,owner,"[""troubleshooting""]",2025-07-10T00:00:00.000Z,2025-09-09T00:00:00.000Z,1,3,3.27,true,3,false,4,team
PRJ-0028578,E-0192,Project PRJ-0028578,owner,"[""execution""]",2025-10-28T00:00:00.000Z,2025-12-04T00:00:00.000Z,2,5,3.48,false,0,false,5,shared
PRJ-0028726,E-0193,Project PRJ-0028726,owner,"[""code_quality"",""problem_solving""]",2024-11-10T00:00:00.000Z,2024-12-24T00:00:00.000Z,3,5,1.21,true,1,false,6,shared
PRJ-0028729,E-0193,Project PRJ-0028729,contributor,"[""system_design"",""execution"",""problem_solving""]",2026-09-11T00:00:00.000Z,2026-11-05T00:00:00.000Z,2,1,2.99,true,2,false,5,shared
PRJ-0028733,E-0193,Project PRJ-0028733,lead,"[""communication"",""collaboration"",""problem_solving""]",2025-02-16T00:00:00.000Z,2025-03-20T00:00:00.000Z,5,1,1.5,false,0,true,4,shared
PRJ-0028737,E-0193,Project PRJ-0028737,lead,"[""communication"",""execution""]",2024-12-11T00:00:00.000Z,2025-01-31T00:00:00.000Z,2,1,1.28,true,4,false,5,team
PRJ-0028852,E-0194,Project PRJ-0028852,lead,"[""problem_solving"",""communication"",""execution""]",2026-06-16T00:00:00.000Z,2026-07-23T00:00:00.000Z,3,2,3.4,false,3,false,3,individual
PRJ-0028856,E-0194,Project PRJ-0028856,lead,"[""negotiation"",""communication"",""collaboration""]",2025-06-07T00:00:00.000Z,2025-07-11T00:00:00.000Z,4,3,2.81,true,1,true,3,shared
PRJ-0029031,E-0195,Project PRJ-0029031,contributor,"[""execution""]",2025-11-22T00:00:00.000Z,2026-01-20T00:00:00.000Z,3,4,2.37,false,2,false,4,team
PRJ-0029033,E-0195,Project PRJ-0029033,owner,"[""campaign_strategy"",""problem_solving""]",2025-07-06T00:00:00.000Z,2025-08-20T00:00:00.000Z,1,3,2.11,true,0,false,3,individual
PRJ-0029191,E-0196,Project PRJ-0029191,lead,"[""problem_solving"",""stakeholder_alignment""]",2026-08-23T00:00:00.000Z,2026-09-26T00:00:00.000Z,1,2,2.38,true,3,false,3,shared
PRJ-0029194,E-0196,Project PRJ-0029194,owner,"[""problem_solving"",""communication"",""collaboration""]",2026-01-28T00:00:00.000Z,2026-02-27T00:00:00.000Z,3,2,2.47,true,2,false,2,individual
PRJ-0029198,E-0196,Project PRJ-0029198,owner,"[""collaboration""]",2025-05-15T00:00:00.000Z,2025-06-17T00:00:00.000Z,4,1,1.87,false,0,true,8,individual
PRJ-0029334,E-0197,Project PRJ-0029334,owner,"[""collaboration""]",2026-08-24T00:00:00.000Z,2026-10-15T00:00:00.000Z,2,4,1.29,true,0,false,2,shared
PRJ-0029336,E-0197,Project PRJ-0029336,owner,"[""ux_research""]",2025-07-10T00:00:00.000Z,2025-08-18T00:00:00.000Z,5,1,3.34,true,0,true,3,team
PRJ-0029338,E-0197,Project PRJ-0029338,contributor,"[""execution"",""ux_research"",""communication""]",2025-09-27T00:00:00.000Z,2025-11-24T00:00:00.000Z,3,3,1.69,true,3,false,6,team
PRJ-0029495,E-0198,Project PRJ-0029495,owner,"[""financial_modeling"",""compliance_rigor""]",2025-02-08T00:00:00.000Z,2025-03-22T00:00:00.000Z,4,5,1.98,false,3,true,6,individual
PRJ-0029498,E-0198,Project PRJ-0029498,contributor,"[""collaboration"",""execution"",""compliance_rigor""]",2025-04-21T00:00:00.000Z,2025-06-13T00:00:00.000Z,4,3,1.14,true,1,true,8,shared
PRJ-0029502,E-0198,Project PRJ-0029502,owner,"[""compliance_rigor"",""collaboration"",""problem_solving""]",2026-05-23T00:00:00.000Z,2026-07-18T00:00:00.000Z,1,1,3.8,false,2,false,6,shared
PRJ-0029664,E-0199,Project PRJ-0029664,owner,"[""problem_solving""]",2026-08-17T00:00:00.000Z,2026-10-13T00:00:00.000Z,3,1,4.78,true,2,false,4,shared
PRJ-0029666,E-0199,Project PRJ-0029666,contributor,"[""communication""]",2026-07-11T00:00:00.000Z,2026-09-04T00:00:00.000Z,3,5,3.09,true,4,false,7,shared
PRJ-0029668,E-0199,Project PRJ-0029668,lead,"[""problem_solving"",""communication""]",2026-05-11T00:00:00.000Z,2026-06-22T00:00:00.000Z,2,3,3.66,true,2,false,6,shared
PRJ-0029671,E-0199,Project PRJ-0029671,contributor,"[""policy_navigation""]",2024-10-13T00:00:00.000Z,2024-11-14T00:00:00.000Z,3,2,1.97,true,3,false,4,shared
PRJ-0029827,E-0200,Project PRJ-0029827,lead,"[""customer_resolution"",""execution"",""troubleshooting""]",2026-03-29T00:00:00.000Z,2026-05-28T00:00:00.000Z,2,4,1.53,true,2,false,4,individual
PRJ-0029831,E-0200,Project PRJ-0029831,owner,"[""customer_resolution""]",2026-01-10T00:00:00.000Z,2026-02-11T00:00:00.000Z,5,1,2.08,true,0,true,4,shared
PRJ-0029966,E-0201,Project PRJ-0029966,owner,"[""system_design"",""code_quality""]",2025-07-14T00:00:00.000Z,2025-08-31T00:00:00.000Z,1,5,1.97,false,0,false,8,team
PRJ-0029969,E-0201,Project PRJ-0029969,contributor,"[""communication""]",2024-12-01T00:00:00.000Z,2025-01-07T00:00:00.000Z,5,1,1.17,false,3,true,4,shared
PRJ-0029971,E-0201,Project PRJ-0029971,contributor,"[""communication"",""code_quality"",""system_design""]",2025-03-30T00:00:00.000Z,2025-05-12T00:00:00.000Z,2,2,1.37,true,4,false,7,shared
PRJ-0030118,E-0202,Project PRJ-0030118,lead,"[""problem_solving""]",2026-06-18T00:00:00.000Z,2026-08-11T00:00:00.000Z,1,5,2.3,true,3,false,3,individual
PRJ-0030120,E-0202,Project PRJ-0030120,contributor,"[""communication"",""negotiation""]",2025-12-06T00:00:00.000Z,2026-01-28T00:00:00.000Z,4,5,2.18,true,4,true,2,shared
PRJ-0030238,E-0203,Project PRJ-0030238,owner,"[""content_quality""]",2025-06-12T00:00:00.000Z,2025-07-31T00:00:00.000Z,5,3,2.06,true,1,true,2,shared
PRJ-0030240,E-0203,Project PRJ-0030240,lead,"[""problem_solving"",""execution"",""campaign_strategy""]",2025-04-20T00:00:00.000Z,2025-06-23T00:00:00.000Z,4,2,2.8,true,3,true,8,individual
PRJ-0030244,E-0203,Project PRJ-0030244,lead,"[""collaboration""]",2025-09-26T00:00:00.000Z,2025-11-28T00:00:00.000Z,4,4,4.36,true,4,true,4,individual
PRJ-0030246,E-0203,Project PRJ-0030246,lead,"[""campaign_strategy"",""communication"",""execution""]",2025-12-01T00:00:00.000Z,2026-01-19T00:00:00.000Z,1,3,3.37,true,4,false,6,shared
PRJ-0030409,E-0204,Project PRJ-0030409,owner,"[""execution""]",2025-10-05T00:00:00.000Z,2025-12-09T00:00:00.000Z,3,2,2.35,true,1,false,2,team
PRJ-0030411,E-0204,Project PRJ-0030411,lead,"[""execution"",""communication"",""problem_solving""]",2026-09-05T00:00:00.000Z,2026-10-20T00:00:00.000Z,3,1,1.94,true,3,false,7,individual
PRJ-0030415,E-0204,Project PRJ-0030415,contributor,"[""execution""]",2025-07-24T00:00:00.000Z,2025-09-03T00:00:00.000Z,3,5,3.12,true,1,false,2,team
PRJ-0030417,E-0204,Project PRJ-0030417,owner,"[""stakeholder_alignment""]",2026-05-25T00:00:00.000Z,2026-07-28T00:00:00.000Z,4,3,1.06,false,4,true,6,team
PRJ-0030558,E-0205,Project PRJ-0030558,owner,"[""collaboration""]",2025-09-29T00:00:00.000Z,2025-11-12T00:00:00.000Z,1,3,2.12,true,1,false,6,team
PRJ-0030560,E-0205,Project PRJ-0030560,contributor,"[""execution""]",2026-05-05T00:00:00.000Z,2026-06-22T00:00:00.000Z,5,5,2.02,true,0,true,2,shared
PRJ-0030562,E-0205,Project PRJ-0030562,owner,"[""problem_solving"",""visual_craft"",""execution""]",2025-12-22T00:00:00.000Z,2026-02-25T00:00:00.000Z,4,1,2.16,true,3,true,3,shared
PRJ-0030566,E-0205,Project PRJ-0030566,lead,"[""visual_craft"",""execution"",""problem_solving""]",2026-08-28T00:00:00.000Z,2026-10-10T00:00:00.000Z,4,3,2.12,true,3,true,5,shared
PRJ-0030709,E-0206,Project PRJ-0030709,lead,"[""communication"",""financial_modeling""]",2025-05-04T00:00:00.000Z,2025-06-20T00:00:00.000Z,3,4,2.27,false,0,false,8,individual
PRJ-0030712,E-0206,Project PRJ-0030712,owner,"[""financial_modeling"",""collaboration"",""communication""]",2026-01-10T00:00:00.000Z,2026-03-20T00:00:00.000Z,2,1,2.31,true,2,false,5,individual
PRJ-0030716,E-0206,Project PRJ-0030716,lead,"[""compliance_rigor"",""communication""]",2025-01-20T00:00:00.000Z,2025-03-16T00:00:00.000Z,2,2,1.8,true,1,false,5,shared
PRJ-0030719,E-0206,Project PRJ-0030719,contributor,"[""financial_modeling"",""execution""]",2025-01-18T00:00:00.000Z,2025-03-17T00:00:00.000Z,1,4,1.07,true,2,false,8,shared
PRJ-0030886,E-0207,Project PRJ-0030886,owner,"[""execution"",""talent_assessment""]",2025-09-15T00:00:00.000Z,2025-11-11T00:00:00.000Z,3,2,1.82,true,4,false,6,shared
PRJ-0030889,E-0207,Project PRJ-0030889,owner,"[""problem_solving"",""policy_navigation"",""communication""]",2026-03-12T00:00:00.000Z,2026-04-21T00:00:00.000Z,3,4,1.17,true,4,false,6,team
PRJ-0031047,E-0208,Project PRJ-0031047,contributor,"[""troubleshooting"",""customer_resolution""]",2025-11-08T00:00:00.000Z,2025-12-24T00:00:00.000Z,4,2,1.39,true,2,true,8,shared
PRJ-0031050,E-0208,Project PRJ-0031050,contributor,"[""communication""]",2024-12-13T00:00:00.000Z,2025-01-29T00:00:00.000Z,1,3,1.05,true,1,false,8,individual
PRJ-0031052,E-0208,Project PRJ-0031052,lead,"[""execution"",""troubleshooting""]",2025-04-22T00:00:00.000Z,2025-06-06T00:00:00.000Z,2,2,2.13,true,2,false,3,shared
PRJ-0031055,E-0208,Project PRJ-0031055,owner,"[""problem_solving""]",2026-04-28T00:00:00.000Z,2026-06-13T00:00:00.000Z,1,3,2.1,false,3,false,6,individual
PRJ-0031198,E-0209,Project PRJ-0031198,contributor,"[""communication"",""collaboration"",""problem_solving""]",2025-11-21T00:00:00.000Z,2026-01-02T00:00:00.000Z,4,2,1.89,false,0,true,5,shared
PRJ-0031202,E-0209,Project PRJ-0031202,contributor,"[""execution"",""system_design"",""communication""]",2026-04-04T00:00:00.000Z,2026-05-09T00:00:00.000Z,2,5,2.87,false,3,false,3,shared
PRJ-0031206,E-0209,Project PRJ-0031206,contributor,"[""system_design"",""code_quality"",""communication""]",2025-03-30T00:00:00.000Z,2025-05-06T00:00:00.000Z,1,5,2.11,false,1,false,4,team
PRJ-0031358,E-0210,Project PRJ-0031358,contributor,"[""problem_solving"",""collaboration"",""execution""]",2025-11-21T00:00:00.000Z,2026-01-02T00:00:00.000Z,2,2,3.14,true,3,false,4,shared
PRJ-0031362,E-0210,Project PRJ-0031362,lead,"[""collaboration"",""problem_solving"",""execution""]",2025-04-20T00:00:00.000Z,2025-06-04T00:00:00.000Z,2,2,1.6,true,0,false,8,individual
PRJ-0031366,E-0210,Project PRJ-0031366,lead,"[""communication"",""negotiation""]",2026-09-23T00:00:00.000Z,2026-11-05T00:00:00.000Z,1,4,3.59,true,2,false,7,shared
PRJ-0031480,E-0211,Project PRJ-0031480,lead,"[""campaign_strategy"",""content_quality""]",2024-10-25T00:00:00.000Z,2024-12-19T00:00:00.000Z,1,4,1.91,true,3,false,8,individual
PRJ-0031483,E-0211,Project PRJ-0031483,owner,"[""content_quality""]",2025-03-23T00:00:00.000Z,2025-05-21T00:00:00.000Z,2,2,1.14,true,3,false,5,individual
PRJ-0031485,E-0211,Project PRJ-0031485,lead,"[""campaign_strategy"",""execution""]",2025-07-15T00:00:00.000Z,2025-09-17T00:00:00.000Z,5,3,1.81,true,2,true,4,shared
PRJ-0031488,E-0211,Project PRJ-0031488,lead,"[""collaboration""]",2026-09-06T00:00:00.000Z,2026-10-17T00:00:00.000Z,2,4,1,false,1,false,4,individual
PRJ-0031631,E-0212,Project PRJ-0031631,contributor,"[""execution"",""collaboration"",""communication""]",2026-05-03T00:00:00.000Z,2026-06-21T00:00:00.000Z,2,5,2.79,false,4,false,8,individual
PRJ-0031635,E-0212,Project PRJ-0031635,contributor,"[""problem_solving"",""stakeholder_alignment""]",2026-09-11T00:00:00.000Z,2026-10-14T00:00:00.000Z,1,2,3.14,true,3,false,6,individual
PRJ-0031638,E-0212,Project PRJ-0031638,owner,"[""stakeholder_alignment""]",2026-01-20T00:00:00.000Z,2026-02-23T00:00:00.000Z,4,3,2.65,true,0,true,5,shared
PRJ-0031640,E-0212,Project PRJ-0031640,lead,"[""collaboration""]",2025-02-10T00:00:00.000Z,2025-03-16T00:00:00.000Z,3,1,3.37,false,2,false,3,shared
PRJ-0031753,E-0213,Project PRJ-0031753,owner,"[""communication""]",2025-06-06T00:00:00.000Z,2025-07-29T00:00:00.000Z,2,1,1.98,true,3,false,2,team
PRJ-0031755,E-0213,Project PRJ-0031755,lead,"[""execution""]",2025-08-20T00:00:00.000Z,2025-10-21T00:00:00.000Z,3,5,1.4,true,2,false,2,individual
PRJ-0031879,E-0214,Project PRJ-0031879,lead,"[""compliance_rigor""]",2025-02-24T00:00:00.000Z,2025-04-10T00:00:00.000Z,2,2,2.24,true,2,false,7,individual
PRJ-0031881,E-0214,Project PRJ-0031881,owner,"[""problem_solving""]",2025-12-27T00:00:00.000Z,2026-02-02T00:00:00.000Z,3,5,3.01,true,2,false,8,shared
PRJ-0031883,E-0214,Project PRJ-0031883,owner,"[""compliance_rigor""]",2025-12-24T00:00:00.000Z,2026-03-02T00:00:00.000Z,4,1,2.2,false,0,true,8,shared
PRJ-0031885,E-0214,Project PRJ-0031885,owner,"[""compliance_rigor"",""financial_modeling"",""collaboration""]",2026-05-12T00:00:00.000Z,2026-07-09T00:00:00.000Z,3,3,2.23,false,0,false,2,individual
PRJ-0032021,E-0215,Project PRJ-0032021,owner,"[""policy_navigation""]",2025-07-16T00:00:00.000Z,2025-08-30T00:00:00.000Z,4,3,2.34,true,4,true,3,individual
PRJ-0032023,E-0215,Project PRJ-0032023,contributor,"[""talent_assessment"",""communication""]",2025-04-07T00:00:00.000Z,2025-06-14T00:00:00.000Z,3,2,1.36,true,4,false,7,individual
PRJ-0032186,E-0216,Project PRJ-0032186,owner,"[""problem_solving"",""execution"",""troubleshooting""]",2025-06-11T00:00:00.000Z,2025-07-30T00:00:00.000Z,3,3,1.91,false,1,false,5,team
PRJ-0032190,E-0216,Project PRJ-0032190,lead,"[""communication"",""troubleshooting"",""customer_resolution""]",2025-01-18T00:00:00.000Z,2025-02-24T00:00:00.000Z,3,5,1.05,false,4,false,7,individual
PRJ-0032194,E-0216,Project PRJ-0032194,owner,"[""problem_solving""]",2024-11-27T00:00:00.000Z,2025-01-13T00:00:00.000Z,4,2,1.4,true,1,true,6,team
PRJ-0032196,E-0216,Project PRJ-0032196,owner,"[""customer_resolution"",""communication""]",2024-11-16T00:00:00.000Z,2024-12-20T00:00:00.000Z,3,4,1.1,false,1,false,8,individual
PRJ-0032348,E-0217,Project PRJ-0032348,contributor,"[""collaboration"",""system_design"",""code_quality""]",2026-08-29T00:00:00.000Z,2026-10-10T00:00:00.000Z,2,5,3.84,false,1,false,5,individual
PRJ-0032352,E-0217,Project PRJ-0032352,lead,"[""system_design"",""execution"",""code_quality""]",2025-04-19T00:00:00.000Z,2025-05-26T00:00:00.000Z,4,4,1.94,true,4,true,3,shared
PRJ-0032500,E-0218,Project PRJ-0032500,lead,"[""pipeline_mgmt"",""collaboration""]",2025-11-01T00:00:00.000Z,2026-01-06T00:00:00.000Z,5,5,1.25,true,3,true,5,individual
PRJ-0032503,E-0218,Project PRJ-0032503,lead,"[""negotiation""]",2025-06-18T00:00:00.000Z,2025-08-26T00:00:00.000Z,4,3,1.7,true,0,true,6,individual
PRJ-0032505,E-0218,Project PRJ-0032505,contributor,"[""negotiation""]",2026-03-08T00:00:00.000Z,2026-04-17T00:00:00.000Z,1,3,2.74,true,2,false,6,individual
PRJ-0032507,E-0218,Project PRJ-0032507,lead,"[""pipeline_mgmt"",""execution"",""problem_solving""]",2025-01-30T00:00:00.000Z,2025-03-28T00:00:00.000Z,3,1,1.11,true,1,false,3,team
PRJ-0032647,E-0219,Project PRJ-0032647,owner,"[""execution""]",2026-03-16T00:00:00.000Z,2026-05-08T00:00:00.000Z,4,1,3.43,false,2,true,3,individual
PRJ-0032649,E-0219,Project PRJ-0032649,owner,"[""problem_solving"",""content_quality""]",2025-08-19T00:00:00.000Z,2025-10-25T00:00:00.000Z,4,5,2.04,true,0,true,2,individual
PRJ-0032652,E-0219,Project PRJ-0032652,lead,"[""communication"",""execution"",""campaign_strategy""]",2024-10-22T00:00:00.000Z,2024-12-25T00:00:00.000Z,2,3,2.67,true,4,false,4,team
PRJ-0032656,E-0219,Project PRJ-0032656,lead,"[""content_quality""]",2024-12-19T00:00:00.000Z,2025-01-25T00:00:00.000Z,4,1,1.54,true,1,true,7,individual
PRJ-0032806,E-0220,Project PRJ-0032806,contributor,"[""communication"",""roadmap_prioritization"",""execution""]",2025-12-22T00:00:00.000Z,2026-02-27T00:00:00.000Z,4,3,2.61,false,2,true,5,team
PRJ-0032810,E-0220,Project PRJ-0032810,owner,"[""execution"",""communication""]",2025-11-19T00:00:00.000Z,2026-01-10T00:00:00.000Z,5,2,2.4,true,4,true,8,team
PRJ-0032994,E-0221,Project PRJ-0032994,owner,"[""visual_craft"",""collaboration"",""execution""]",2025-03-12T00:00:00.000Z,2025-04-15T00:00:00.000Z,4,2,1.34,true,0,true,8,shared
PRJ-0032998,E-0221,Project PRJ-0032998,owner,"[""collaboration"",""ux_research"",""communication""]",2025-09-27T00:00:00.000Z,2025-11-27T00:00:00.000Z,2,4,2.34,true,1,false,6,individual
PRJ-0033002,E-0221,Project PRJ-0033002,contributor,"[""communication""]",2025-01-05T00:00:00.000Z,2025-02-05T00:00:00.000Z,1,1,1.83,true,0,false,7,shared
PRJ-0033004,E-0221,Project PRJ-0033004,owner,"[""problem_solving"",""collaboration""]",2025-10-22T00:00:00.000Z,2025-12-18T00:00:00.000Z,4,3,1.38,true,4,true,6,team
PRJ-0033128,E-0222,Project PRJ-0033128,contributor,"[""collaboration""]",2025-02-19T00:00:00.000Z,2025-03-26T00:00:00.000Z,5,5,1,false,4,true,2,team
PRJ-0033130,E-0222,Project PRJ-0033130,lead,"[""communication"",""execution"",""financial_modeling""]",2026-09-03T00:00:00.000Z,2026-10-15T00:00:00.000Z,5,2,1.67,true,3,true,3,individual
PRJ-0033134,E-0222,Project PRJ-0033134,contributor,"[""compliance_rigor"",""financial_modeling"",""communication""]",2026-03-04T00:00:00.000Z,2026-04-19T00:00:00.000Z,2,3,3.24,true,1,false,8,team
PRJ-0033138,E-0222,Project PRJ-0033138,owner,"[""problem_solving"",""execution"",""compliance_rigor""]",2026-06-06T00:00:00.000Z,2026-08-09T00:00:00.000Z,4,3,2.27,true,0,true,5,individual
PRJ-0033285,E-0223,Project PRJ-0033285,lead,"[""problem_solving""]",2024-11-29T00:00:00.000Z,2025-01-23T00:00:00.000Z,3,3,1.38,true,2,false,7,individual
PRJ-0033287,E-0223,Project PRJ-0033287,owner,"[""communication""]",2024-10-22T00:00:00.000Z,2024-12-10T00:00:00.000Z,2,3,1.09,true,2,false,7,individual
PRJ-0033289,E-0223,Project PRJ-0033289,contributor,"[""communication"",""execution""]",2026-03-24T00:00:00.000Z,2026-05-24T00:00:00.000Z,5,5,2.07,true,3,true,7,individual
PRJ-0033440,E-0224,Project PRJ-0033440,contributor,"[""collaboration""]",2025-11-15T00:00:00.000Z,2025-12-17T00:00:00.000Z,3,4,2.15,true,1,false,2,individual
PRJ-0033442,E-0224,Project PRJ-0033442,contributor,"[""collaboration"",""problem_solving"",""communication""]",2025-03-27T00:00:00.000Z,2025-05-23T00:00:00.000Z,1,4,1.11,true,2,false,6,team
PRJ-0033588,E-0225,Project PRJ-0033588,contributor,"[""system_design"",""problem_solving"",""communication""]",2026-02-08T00:00:00.000Z,2026-04-05T00:00:00.000Z,3,3,2.65,true,2,false,3,shared
PRJ-0033592,E-0225,Project PRJ-0033592,owner,"[""execution""]",2024-12-31T00:00:00.000Z,2025-02-04T00:00:00.000Z,5,2,1.16,false,3,true,8,shared
PRJ-0033594,E-0225,Project PRJ-0033594,lead,"[""collaboration"",""problem_solving"",""code_quality""]",2025-11-29T00:00:00.000Z,2026-01-04T00:00:00.000Z,5,3,2.36,true,0,true,2,individual
PRJ-0033598,E-0225,Project PRJ-0033598,owner,"[""code_quality"",""system_design""]",2024-11-24T00:00:00.000Z,2024-12-24T00:00:00.000Z,2,5,1,true,0,false,4,shared
PRJ-0033664,E-0226,Project PRJ-0033664,owner,"[""execution"",""collaboration"",""communication""]",2026-09-19T00:00:00.000Z,2026-10-26T00:00:00.000Z,2,5,3,true,1,false,7,individual
PRJ-0033668,E-0226,Project PRJ-0033668,contributor,"[""collaboration""]",2026-06-25T00:00:00.000Z,2026-08-12T00:00:00.000Z,2,4,1.71,false,3,false,4,shared
PRJ-0033670,E-0226,Project PRJ-0033670,contributor,"[""communication"",""collaboration""]",2026-06-16T00:00:00.000Z,2026-08-15T00:00:00.000Z,5,1,2.87,true,4,true,5,shared
PRJ-0033818,E-0227,Project PRJ-0033818,lead,"[""campaign_strategy"",""communication""]",2026-02-12T00:00:00.000Z,2026-04-11T00:00:00.000Z,5,3,2.43,true,0,true,5,shared
PRJ-0033821,E-0227,Project PRJ-0033821,contributor,"[""content_quality"",""communication"",""problem_solving""]",2025-08-05T00:00:00.000Z,2025-09-20T00:00:00.000Z,1,2,1.8,true,0,false,8,shared
PRJ-0033825,E-0227,Project PRJ-0033825,contributor,"[""communication"",""content_quality"",""campaign_strategy""]",2025-06-23T00:00:00.000Z,2025-08-27T00:00:00.000Z,5,5,2.05,false,2,true,8,shared
PRJ-0033971,E-0228,Project PRJ-0033971,owner,"[""collaboration""]",2025-07-13T00:00:00.000Z,2025-08-18T00:00:00.000Z,3,5,1.9,true,2,false,8,shared
PRJ-0033973,E-0228,Project PRJ-0033973,lead,"[""execution"",""problem_solving"",""communication""]",2025-09-19T00:00:00.000Z,2025-11-09T00:00:00.000Z,5,3,1.77,true,2,true,6,shared
PRJ-0033977,E-0228,Project PRJ-0033977,lead,"[""collaboration"",""problem_solving"",""execution""]",2026-01-16T00:00:00.000Z,2026-02-16T00:00:00.000Z,2,3,1.59,false,3,false,7,individual
PRJ-0034140,E-0229,Project PRJ-0034140,lead,"[""collaboration"",""ux_research""]",2024-12-12T00:00:00.000Z,2025-02-06T00:00:00.000Z,1,3,1,true,3,false,7,individual
PRJ-0034143,E-0229,Project PRJ-0034143,lead,"[""problem_solving"",""execution""]",2025-07-09T00:00:00.000Z,2025-08-13T00:00:00.000Z,2,1,1.98,false,4,false,3,individual
PRJ-0034146,E-0229,Project PRJ-0034146,lead,"[""visual_craft""]",2026-05-27T00:00:00.000Z,2026-07-25T00:00:00.000Z,1,2,2.01,true,3,false,6,shared
PRJ-0034311,E-0230,Project PRJ-0034311,lead,"[""execution"",""financial_modeling"",""collaboration""]",2026-04-05T00:00:00.000Z,2026-05-27T00:00:00.000Z,5,3,2.53,false,2,true,4,shared
PRJ-0034315,E-0230,Project PRJ-0034315,owner,"[""communication"",""collaboration""]",2026-04-07T00:00:00.000Z,2026-06-06T00:00:00.000Z,3,5,2.14,true,2,false,4,team
PRJ-0034318,E-0230,Project PRJ-0034318,lead,"[""execution"",""financial_modeling""]",2026-03-12T00:00:00.000Z,2026-05-04T00:00:00.000Z,4,3,2.18,true,0,true,2,shared
PRJ-0034452,E-0231,Project PRJ-0034452,contributor,"[""problem_solving"",""talent_assessment"",""collaboration""]",2024-12-16T00:00:00.000Z,2025-01-25T00:00:00.000Z,5,4,1.45,true,1,true,2,individual
PRJ-0034456,E-0231,Project PRJ-0034456,lead,"[""policy_navigation"",""execution"",""talent_assessment""]",2026-05-28T00:00:00.000Z,2026-08-03T00:00:00.000Z,3,3,2.17,false,1,false,7,shared
PRJ-0034460,E-0231,Project PRJ-0034460,contributor,"[""problem_solving"",""execution""]",2025-07-24T00:00:00.000Z,2025-08-25T00:00:00.000Z,1,1,2.08,true,0,false,8,individual
PRJ-0034565,E-0232,Project PRJ-0034565,lead,"[""troubleshooting"",""communication"",""problem_solving""]",2025-07-29T00:00:00.000Z,2025-09-09T00:00:00.000Z,1,1,1.77,true,1,false,2,team
PRJ-0034569,E-0232,Project PRJ-0034569,lead,"[""problem_solving"",""execution"",""communication""]",2026-07-27T00:00:00.000Z,2026-09-27T00:00:00.000Z,2,4,2.53,true,0,false,6,shared
PRJ-0034668,E-0233,Project PRJ-0034668,contributor,"[""system_design""]",2025-03-01T00:00:00.000Z,2025-04-08T00:00:00.000Z,4,5,3.96,true,2,true,6,team
PRJ-0034670,E-0233,Project PRJ-0034670,contributor,"[""code_quality""]",2025-01-01T00:00:00.000Z,2025-03-08T00:00:00.000Z,1,1,1.9,true,0,false,3,team
PRJ-0034672,E-0233,Project PRJ-0034672,owner,"[""code_quality"",""system_design"",""collaboration""]",2026-09-17T00:00:00.000Z,2026-10-25T00:00:00.000Z,2,4,4.56,true,0,false,2,shared
PRJ-0034676,E-0233,Project PRJ-0034676,contributor,"[""code_quality"",""system_design"",""execution""]",2026-04-24T00:00:00.000Z,2026-07-01T00:00:00.000Z,5,2,4.27,true,1,true,7,individual
PRJ-0034845,E-0234,Project PRJ-0034845,contributor,"[""pipeline_mgmt""]",2025-11-17T00:00:00.000Z,2026-01-22T00:00:00.000Z,4,1,3.22,true,2,true,3,shared
PRJ-0034847,E-0234,Project PRJ-0034847,owner,"[""pipeline_mgmt""]",2025-11-06T00:00:00.000Z,2025-12-07T00:00:00.000Z,5,1,3.2,true,3,true,7,shared
PRJ-0034849,E-0234,Project PRJ-0034849,contributor,"[""problem_solving"",""execution""]",2026-08-29T00:00:00.000Z,2026-10-03T00:00:00.000Z,2,4,2.54,false,0,false,3,team
PRJ-0035014,E-0235,Project PRJ-0035014,owner,"[""communication"",""campaign_strategy"",""collaboration""]",2025-03-24T00:00:00.000Z,2025-05-30T00:00:00.000Z,5,1,2.31,true,3,true,4,shared
PRJ-0035018,E-0235,Project PRJ-0035018,contributor,"[""execution""]",2026-09-10T00:00:00.000Z,2026-10-11T00:00:00.000Z,4,3,2.73,true,4,true,3,individual
PRJ-0035020,E-0235,Project PRJ-0035020,owner,"[""content_quality"",""communication""]",2024-12-06T00:00:00.000Z,2025-02-01T00:00:00.000Z,5,1,1.42,true,4,true,5,individual
PRJ-0035023,E-0235,Project PRJ-0035023,contributor,"[""collaboration""]",2026-02-16T00:00:00.000Z,2026-04-22T00:00:00.000Z,2,3,3.3,true,2,false,5,team
PRJ-0035170,E-0236,Project PRJ-0035170,owner,"[""roadmap_prioritization"",""communication""]",2024-12-02T00:00:00.000Z,2025-01-20T00:00:00.000Z,2,5,1.36,true,4,false,4,team
PRJ-0035173,E-0236,Project PRJ-0035173,lead,"[""execution"",""roadmap_prioritization""]",2025-07-30T00:00:00.000Z,2025-09-06T00:00:00.000Z,2,4,1.65,true,4,false,7,individual
PRJ-0035176,E-0236,Project PRJ-0035176,owner,"[""roadmap_prioritization""]",2025-09-20T00:00:00.000Z,2025-11-04T00:00:00.000Z,1,3,2.81,false,1,false,7,team
PRJ-0035329,E-0237,Project PRJ-0035329,lead,"[""problem_solving"",""execution""]",2024-10-14T00:00:00.000Z,2024-12-05T00:00:00.000Z,4,1,1.65,true,3,true,8,team
PRJ-0035332,E-0237,Project PRJ-0035332,contributor,"[""visual_craft"",""collaboration""]",2025-09-12T00:00:00.000Z,2025-11-20T00:00:00.000Z,1,5,1.29,false,2,false,3,shared
PRJ-0035481,E-0238,Project PRJ-0035481,contributor,"[""compliance_rigor"",""collaboration"",""communication""]",2025-10-07T00:00:00.000Z,2025-11-13T00:00:00.000Z,1,1,2.13,true,2,false,8,shared
PRJ-0035485,E-0238,Project PRJ-0035485,contributor,"[""communication""]",2024-10-02T00:00:00.000Z,2024-11-07T00:00:00.000Z,2,4,1.75,false,1,false,2,shared
PRJ-0035487,E-0238,Project PRJ-0035487,contributor,"[""communication""]",2025-07-04T00:00:00.000Z,2025-09-07T00:00:00.000Z,1,2,1.78,false,1,false,4,team
PRJ-0035639,E-0239,Project PRJ-0035639,contributor,"[""collaboration""]",2025-02-21T00:00:00.000Z,2025-04-06T00:00:00.000Z,5,4,3.34,true,4,true,6,individual
PRJ-0035641,E-0239,Project PRJ-0035641,contributor,"[""problem_solving"",""execution""]",2024-12-17T00:00:00.000Z,2025-02-01T00:00:00.000Z,2,3,1.24,false,4,false,8,individual
PRJ-0035784,E-0240,Project PRJ-0035784,lead,"[""collaboration""]",2025-04-30T00:00:00.000Z,2025-05-31T00:00:00.000Z,2,4,1.66,false,4,false,5,shared
PRJ-0035786,E-0240,Project PRJ-0035786,owner,"[""execution""]",2024-11-01T00:00:00.000Z,2024-12-27T00:00:00.000Z,1,1,1.02,true,0,false,4,individual
PRJ-0035949,E-0241,Project PRJ-0035949,owner,"[""problem_solving"",""system_design"",""execution""]",2025-10-15T00:00:00.000Z,2025-12-04T00:00:00.000Z,2,3,2.69,false,3,false,3,individual
PRJ-0035953,E-0241,Project PRJ-0035953,owner,"[""communication"",""problem_solving""]",2025-07-19T00:00:00.000Z,2025-09-15T00:00:00.000Z,4,5,2.63,true,3,true,6,individual
PRJ-0036098,E-0242,Project PRJ-0036098,lead,"[""collaboration"",""pipeline_mgmt"",""execution""]",2025-08-09T00:00:00.000Z,2025-10-01T00:00:00.000Z,3,2,2.43,true,4,false,5,team
PRJ-0036102,E-0242,Project PRJ-0036102,lead,"[""collaboration"",""execution""]",2025-01-08T00:00:00.000Z,2025-02-20T00:00:00.000Z,2,1,3.17,false,3,false,3,individual
PRJ-0036105,E-0242,Project PRJ-0036105,lead,"[""pipeline_mgmt"",""negotiation"",""communication""]",2025-01-26T00:00:00.000Z,2025-03-12T00:00:00.000Z,1,5,1.77,true,0,false,3,shared
PRJ-0036259,E-0243,Project PRJ-0036259,lead,"[""campaign_strategy"",""problem_solving""]",2025-05-16T00:00:00.000Z,2025-07-05T00:00:00.000Z,3,3,2.01,true,0,false,4,individual
PRJ-0036262,E-0243,Project PRJ-0036262,contributor,"[""campaign_strategy"",""problem_solving""]",2026-06-22T00:00:00.000Z,2026-08-23T00:00:00.000Z,2,3,2.6,true,2,false,3,individual
PRJ-0036416,E-0244,Project PRJ-0036416,owner,"[""roadmap_prioritization""]",2026-07-05T00:00:00.000Z,2026-08-04T00:00:00.000Z,2,1,1.14,false,3,false,7,shared
PRJ-0036418,E-0244,Project PRJ-0036418,lead,"[""stakeholder_alignment"",""roadmap_prioritization""]",2025-02-18T00:00:00.000Z,2025-04-19T00:00:00.000Z,2,5,2.33,true,4,false,4,shared
PRJ-0036421,E-0244,Project PRJ-0036421,contributor,"[""communication""]",2025-06-11T00:00:00.000Z,2025-08-04T00:00:00.000Z,2,5,1.28,false,0,false,4,team
PRJ-0036423,E-0244,Project PRJ-0036423,owner,"[""roadmap_prioritization"",""execution""]",2026-09-22T00:00:00.000Z,2026-10-25T00:00:00.000Z,5,3,1.12,true,3,true,8,individual
PRJ-0036572,E-0245,Project PRJ-0036572,contributor,"[""problem_solving""]",2025-07-02T00:00:00.000Z,2025-08-17T00:00:00.000Z,5,1,1,false,2,true,8,individual
PRJ-0036574,E-0245,Project PRJ-0036574,contributor,"[""problem_solving"",""collaboration""]",2025-11-01T00:00:00.000Z,2025-12-16T00:00:00.000Z,2,1,1.15,true,2,false,6,shared
PRJ-0036577,E-0245,Project PRJ-0036577,owner,"[""execution"",""problem_solving"",""collaboration""]",2025-11-15T00:00:00.000Z,2025-12-26T00:00:00.000Z,1,5,2.28,true,4,false,2,shared
PRJ-0036696,E-0246,Project PRJ-0036696,contributor,"[""financial_modeling""]",2025-04-21T00:00:00.000Z,2025-05-29T00:00:00.000Z,5,5,2.8,true,0,true,4,shared
PRJ-0036698,E-0246,Project PRJ-0036698,contributor,"[""communication"",""collaboration""]",2026-02-26T00:00:00.000Z,2026-05-05T00:00:00.000Z,3,2,2.16,true,3,false,5,shared
PRJ-0036871,E-0247,Project PRJ-0036871,contributor,"[""policy_navigation"",""communication""]",2024-10-24T00:00:00.000Z,2024-12-02T00:00:00.000Z,4,2,1.82,true,2,true,7,individual
PRJ-0036874,E-0247,Project PRJ-0036874,lead,"[""collaboration"",""communication"",""problem_solving""]",2026-06-29T00:00:00.000Z,2026-08-28T00:00:00.000Z,4,5,2.03,true,4,true,7,shared
PRJ-0037032,E-0248,Project PRJ-0037032,contributor,"[""communication"",""problem_solving""]",2025-11-25T00:00:00.000Z,2026-01-24T00:00:00.000Z,5,3,2.33,true,3,true,5,individual
PRJ-0037035,E-0248,Project PRJ-0037035,owner,"[""execution"",""communication"",""collaboration""]",2024-11-27T00:00:00.000Z,2025-01-01T00:00:00.000Z,1,5,1.64,true,4,false,4,team
PRJ-0037039,E-0248,Project PRJ-0037039,owner,"[""communication"",""customer_resolution"",""problem_solving""]",2026-06-02T00:00:00.000Z,2026-07-22T00:00:00.000Z,4,3,2.89,true,1,true,3,team
PRJ-0037197,E-0249,Project PRJ-0037197,lead,"[""execution"",""code_quality"",""problem_solving""]",2026-06-16T00:00:00.000Z,2026-07-17T00:00:00.000Z,1,5,2.45,true,4,false,6,shared
PRJ-0037201,E-0249,Project PRJ-0037201,lead,"[""execution"",""problem_solving"",""collaboration""]",2026-01-07T00:00:00.000Z,2026-03-08T00:00:00.000Z,1,4,2.75,true,0,false,5,individual
PRJ-0037205,E-0249,Project PRJ-0037205,owner,"[""code_quality"",""execution"",""system_design""]",2026-08-16T00:00:00.000Z,2026-10-12T00:00:00.000Z,1,3,2.73,true,1,false,2,individual
PRJ-0037356,E-0250,Project PRJ-0037356,contributor,"[""problem_solving"",""pipeline_mgmt""]",2026-04-17T00:00:00.000Z,2026-06-02T00:00:00.000Z,2,5,3.39,true,0,false,3,individual
PRJ-0037359,E-0250,Project PRJ-0037359,contributor,"[""negotiation""]",2026-05-18T00:00:00.000Z,2026-07-18T00:00:00.000Z,4,2,1.35,true,2,true,3,shared
PRJ-0037361,E-0250,Project PRJ-0037361,lead,"[""problem_solving"",""communication""]",2026-03-19T00:00:00.000Z,2026-05-17T00:00:00.000Z,3,3,1,true,3,false,2,shared
PRJ-0037364,E-0250,Project PRJ-0037364,owner,"[""negotiation"",""collaboration""]",2025-11-23T00:00:00.000Z,2025-12-25T00:00:00.000Z,3,1,2.24,true,1,false,5,shared
PRJ-0037517,E-0251,Project PRJ-0037517,contributor,"[""collaboration"",""communication""]",2025-10-08T00:00:00.000Z,2025-12-09T00:00:00.000Z,5,2,2.81,false,2,true,6,individual
PRJ-0037520,E-0251,Project PRJ-0037520,owner,"[""execution""]",2025-12-18T00:00:00.000Z,2026-02-22T00:00:00.000Z,1,2,2.36,true,2,false,2,shared
PRJ-0037672,E-0252,Project PRJ-0037672,lead,"[""stakeholder_alignment"",""communication"",""execution""]",2025-09-22T00:00:00.000Z,2025-11-07T00:00:00.000Z,1,1,1.29,true,4,false,7,individual
PRJ-0037676,E-0252,Project PRJ-0037676,lead,"[""communication"",""problem_solving""]",2026-04-18T00:00:00.000Z,2026-06-02T00:00:00.000Z,3,5,2.63,true,0,false,3,individual
PRJ-0037679,E-0252,Project PRJ-0037679,contributor,"[""communication""]",2024-11-27T00:00:00.000Z,2025-01-15T00:00:00.000Z,2,3,1,true,4,false,8,team
PRJ-0037840,E-0253,Project PRJ-0037840,owner,"[""ux_research"",""collaboration"",""visual_craft""]",2024-10-27T00:00:00.000Z,2025-01-01T00:00:00.000Z,5,4,1.17,true,4,true,8,shared
PRJ-0037844,E-0253,Project PRJ-0037844,owner,"[""communication""]",2026-04-28T00:00:00.000Z,2026-06-01T00:00:00.000Z,1,3,4.45,true,0,false,2,team
PRJ-0037846,E-0253,Project PRJ-0037846,owner,"[""collaboration""]",2025-09-14T00:00:00.000Z,2025-11-18T00:00:00.000Z,5,4,2.78,true,1,true,2,shared
PRJ-0038002,E-0254,Project PRJ-0038002,owner,"[""execution"",""problem_solving"",""communication""]",2025-11-22T00:00:00.000Z,2026-01-20T00:00:00.000Z,2,4,2.82,true,2,false,8,individual
PRJ-0038006,E-0254,Project PRJ-0038006,lead,"[""financial_modeling"",""collaboration"",""communication""]",2026-05-24T00:00:00.000Z,2026-06-26T00:00:00.000Z,4,1,3.01,true,3,true,5,shared
PRJ-0038010,E-0254,Project PRJ-0038010,contributor,"[""compliance_rigor"",""problem_solving""]",2024-11-27T00:00:00.000Z,2025-01-26T00:00:00.000Z,3,4,1.51,false,1,false,4,shared
PRJ-0038013,E-0254,Project PRJ-0038013,lead,"[""problem_solving"",""compliance_rigor""]",2026-09-17T00:00:00.000Z,2026-11-16T00:00:00.000Z,5,3,3.22,true,0,true,5,individual
PRJ-0038140,E-0255,Project PRJ-0038140,contributor,"[""collaboration"",""talent_assessment""]",2025-03-07T00:00:00.000Z,2025-05-01T00:00:00.000Z,3,1,2.45,false,0,false,7,shared
PRJ-0038143,E-0255,Project PRJ-0038143,lead,"[""talent_assessment""]",2026-03-09T00:00:00.000Z,2026-04-13T00:00:00.000Z,2,2,1.96,true,4,false,7,individual
PRJ-0038265,E-0256,Project PRJ-0038265,lead,"[""communication"",""execution"",""collaboration""]",2025-01-12T00:00:00.000Z,2025-02-13T00:00:00.000Z,2,2,2.06,true,0,false,7,shared
PRJ-0038269,E-0256,Project PRJ-0038269,contributor,"[""communication"",""customer_resolution""]",2025-07-15T00:00:00.000Z,2025-09-12T00:00:00.000Z,1,2,2.22,true,2,false,7,shared
PRJ-0038443,E-0257,Project PRJ-0038443,contributor,"[""system_design"",""communication""]",2026-09-22T00:00:00.000Z,2026-11-01T00:00:00.000Z,2,2,2.78,false,0,false,7,individual
PRJ-0038446,E-0257,Project PRJ-0038446,lead,"[""communication"",""execution""]",2026-06-27T00:00:00.000Z,2026-08-01T00:00:00.000Z,2,1,1.32,true,3,false,8,team
PRJ-0038449,E-0257,Project PRJ-0038449,owner,"[""collaboration"",""code_quality""]",2025-10-10T00:00:00.000Z,2025-11-13T00:00:00.000Z,1,2,2.28,true,3,false,4,individual
PRJ-0038601,E-0258,Project PRJ-0038601,lead,"[""problem_solving"",""execution"",""communication""]",2025-05-22T00:00:00.000Z,2025-07-12T00:00:00.000Z,5,2,1.67,true,3,true,7,individual
PRJ-0038605,E-0258,Project PRJ-0038605,owner,"[""execution"",""pipeline_mgmt""]",2025-10-06T00:00:00.000Z,2025-11-29T00:00:00.000Z,2,1,1.78,true,1,false,6,shared
PRJ-0038608,E-0258,Project PRJ-0038608,lead,"[""problem_solving"",""collaboration""]",2026-01-17T00:00:00.000Z,2026-03-25T00:00:00.000Z,2,3,3.6,true,3,false,2,shared
PRJ-0038753,E-0259,Project PRJ-0038753,lead,"[""campaign_strategy""]",2026-08-06T00:00:00.000Z,2026-10-13T00:00:00.000Z,4,4,3.86,true,4,true,3,shared
PRJ-0038755,E-0259,Project PRJ-0038755,lead,"[""problem_solving""]",2025-03-04T00:00:00.000Z,2025-04-30T00:00:00.000Z,4,3,2,true,3,true,7,individual
PRJ-0038757,E-0259,Project PRJ-0038757,owner,"[""content_quality""]",2025-01-18T00:00:00.000Z,2025-02-22T00:00:00.000Z,1,5,1.67,true,0,false,2,team
PRJ-0038895,E-0260,Project PRJ-0038895,lead,"[""problem_solving"",""communication""]",2025-04-24T00:00:00.000Z,2025-05-25T00:00:00.000Z,4,1,1,true,0,true,4,team
PRJ-0038898,E-0260,Project PRJ-0038898,contributor,"[""roadmap_prioritization""]",2025-10-02T00:00:00.000Z,2025-11-08T00:00:00.000Z,5,4,1.21,true,2,true,4,individual
PRJ-0039029,E-0261,Project PRJ-0039029,contributor,"[""problem_solving"",""collaboration"",""visual_craft""]",2024-11-23T00:00:00.000Z,2025-01-03T00:00:00.000Z,4,1,2.74,true,1,true,4,individual
PRJ-0039033,E-0261,Project PRJ-0039033,contributor,"[""communication""]",2026-06-27T00:00:00.000Z,2026-07-31T00:00:00.000Z,1,3,4.19,true,1,false,3,shared
PRJ-0039035,E-0261,Project PRJ-0039035,contributor,"[""visual_craft"",""collaboration"",""ux_research""]",2025-09-27T00:00:00.000Z,2025-10-29T00:00:00.000Z,5,1,2.73,true,1,true,5,individual
PRJ-0039039,E-0261,Project PRJ-0039039,owner,"[""communication"",""execution""]",2025-09-23T00:00:00.000Z,2025-11-08T00:00:00.000Z,4,4,2.88,false,4,true,3,individual
PRJ-0039169,E-0262,Project PRJ-0039169,lead,"[""financial_modeling"",""execution"",""communication""]",2024-10-20T00:00:00.000Z,2024-11-24T00:00:00.000Z,4,5,2.42,false,2,true,3,shared
PRJ-0039173,E-0262,Project PRJ-0039173,contributor,"[""collaboration"",""execution""]",2025-08-09T00:00:00.000Z,2025-09-12T00:00:00.000Z,4,1,3.06,true,3,true,2,individual
PRJ-0039328,E-0263,Project PRJ-0039328,lead,"[""problem_solving"",""communication""]",2025-10-28T00:00:00.000Z,2025-12-18T00:00:00.000Z,5,5,2.92,true,2,true,8,individual
PRJ-0039331,E-0263,Project PRJ-0039331,contributor,"[""execution"",""talent_assessment"",""communication""]",2025-12-11T00:00:00.000Z,2026-02-07T00:00:00.000Z,3,2,1.75,true,0,false,5,individual
PRJ-0039335,E-0263,Project PRJ-0039335,contributor,"[""collaboration""]",2026-05-10T00:00:00.000Z,2026-07-17T00:00:00.000Z,2,2,2.79,true,2,false,5,shared
PRJ-0039337,E-0263,Project PRJ-0039337,owner,"[""problem_solving""]",2026-07-12T00:00:00.000Z,2026-08-20T00:00:00.000Z,3,2,2.37,true,4,false,2,shared
PRJ-0039445,E-0264,Project PRJ-0039445,lead,"[""collaboration"",""problem_solving"",""communication""]",2025-10-05T00:00:00.000Z,2025-11-10T00:00:00.000Z,1,2,2.85,true,4,false,3,shared
PRJ-0039449,E-0264,Project PRJ-0039449,owner,"[""communication""]",2025-03-06T00:00:00.000Z,2025-04-08T00:00:00.000Z,2,3,3.78,true,0,false,2,individual
PRJ-0039451,E-0264,Project PRJ-0039451,owner,"[""execution""]",2025-10-03T00:00:00.000Z,2025-11-29T00:00:00.000Z,3,1,2.85,false,0,false,8,individual
PRJ-0039586,E-0265,Project PRJ-0039586,lead,"[""execution"",""collaboration"",""code_quality""]",2025-08-07T00:00:00.000Z,2025-09-22T00:00:00.000Z,5,4,1.95,true,4,true,4,individual
PRJ-0039590,E-0265,Project PRJ-0039590,owner,"[""system_design"",""execution""]",2026-03-06T00:00:00.000Z,2026-05-06T00:00:00.000Z,5,4,2.52,true,0,true,3,individual
PRJ-0039593,E-0265,Project PRJ-0039593,owner,"[""communication""]",2025-04-30T00:00:00.000Z,2025-07-08T00:00:00.000Z,1,4,2.01,false,4,false,5,individual
PRJ-0039677,E-0266,Project PRJ-0039677,lead,"[""negotiation"",""pipeline_mgmt"",""collaboration""]",2024-10-17T00:00:00.000Z,2024-12-21T00:00:00.000Z,2,1,2.67,true,1,false,4,individual
PRJ-0039681,E-0266,Project PRJ-0039681,contributor,"[""negotiation"",""pipeline_mgmt"",""problem_solving""]",2026-01-10T00:00:00.000Z,2026-02-11T00:00:00.000Z,3,5,1.7,true,3,false,7,team
PRJ-0039685,E-0266,Project PRJ-0039685,owner,"[""execution"",""problem_solving"",""negotiation""]",2026-07-29T00:00:00.000Z,2026-09-10T00:00:00.000Z,2,4,2.5,false,0,false,3,team
PRJ-0039689,E-0266,Project PRJ-0039689,contributor,"[""communication""]",2025-02-27T00:00:00.000Z,2025-05-04T00:00:00.000Z,5,4,2.07,true,2,true,7,team
PRJ-0039837,E-0267,Project PRJ-0039837,lead,"[""campaign_strategy"",""collaboration""]",2026-09-04T00:00:00.000Z,2026-11-10T00:00:00.000Z,3,5,3.78,true,3,false,8,individual
PRJ-0039840,E-0267,Project PRJ-0039840,owner,"[""problem_solving""]",2025-09-18T00:00:00.000Z,2025-10-19T00:00:00.000Z,3,1,1,true,0,false,8,shared
PRJ-0039964,E-0268,Project PRJ-0039964,contributor,"[""problem_solving"",""execution"",""stakeholder_alignment""]",2025-08-10T00:00:00.000Z,2025-09-13T00:00:00.000Z,3,3,1.54,true,1,false,6,shared
PRJ-0039968,E-0268,Project PRJ-0039968,lead,"[""problem_solving"",""communication""]",2026-05-26T00:00:00.000Z,2026-07-19T00:00:00.000Z,4,1,3.84,true,2,true,3,team
PRJ-0040070,E-0269,Project PRJ-0040070,contributor,"[""ux_research"",""visual_craft"",""collaboration""]",2025-09-17T00:00:00.000Z,2025-10-28T00:00:00.000Z,2,2,2.53,true,1,false,5,individual
PRJ-0040074,E-0269,Project PRJ-0040074,lead,"[""collaboration"",""visual_craft""]",2025-12-01T00:00:00.000Z,2026-01-11T00:00:00.000Z,1,3,3.16,false,3,false,4,team
PRJ-0040077,E-0269,Project PRJ-0040077,owner,"[""problem_solving""]",2025-04-21T00:00:00.000Z,2025-05-28T00:00:00.000Z,3,3,2.83,true,3,false,5,team
PRJ-0040079,E-0269,Project PRJ-0040079,contributor,"[""ux_research"",""visual_craft"",""communication""]",2025-03-06T00:00:00.000Z,2025-04-24T00:00:00.000Z,2,1,3.3,true,0,false,8,shared
PRJ-0040239,E-0270,Project PRJ-0040239,contributor,"[""financial_modeling"",""problem_solving""]",2025-03-21T00:00:00.000Z,2025-05-14T00:00:00.000Z,2,1,1.63,true,2,false,2,individual
PRJ-0040242,E-0270,Project PRJ-0040242,contributor,"[""communication"",""problem_solving""]",2025-10-03T00:00:00.000Z,2025-12-05T00:00:00.000Z,1,2,1,true,1,false,8,individual
PRJ-0040393,E-0271,Project PRJ-0040393,contributor,"[""communication"",""policy_navigation"",""problem_solving""]",2025-11-14T00:00:00.000Z,2026-01-10T00:00:00.000Z,3,1,2.79,true,0,false,2,individual
PRJ-0040397,E-0271,Project PRJ-0040397,contributor,"[""communication"",""problem_solving""]",2026-07-19T00:00:00.000Z,2026-09-09T00:00:00.000Z,3,1,1.76,false,0,false,5,shared
PRJ-0040400,E-0271,Project PRJ-0040400,contributor,"[""collaboration""]",2025-11-18T00:00:00.000Z,2026-01-22T00:00:00.000Z,2,1,2.36,true,1,false,4,shared
PRJ-0040402,E-0271,Project PRJ-0040402,lead,"[""policy_navigation"",""collaboration"",""talent_assessment""]",2025-04-10T00:00:00.000Z,2025-06-08T00:00:00.000Z,4,4,2.75,true,0,true,5,team
PRJ-0040572,E-0272,Project PRJ-0040572,lead,"[""execution"",""communication"",""troubleshooting""]",2025-05-16T00:00:00.000Z,2025-07-16T00:00:00.000Z,5,1,1.35,false,3,true,2,team
PRJ-0040576,E-0272,Project PRJ-0040576,contributor,"[""communication"",""customer_resolution"",""problem_solving""]",2025-06-28T00:00:00.000Z,2025-08-13T00:00:00.000Z,2,4,1.31,true,4,false,6,individual
PRJ-0040580,E-0272,Project PRJ-0040580,contributor,"[""communication""]",2025-09-07T00:00:00.000Z,2025-10-29T00:00:00.000Z,1,5,1.69,true,1,false,3,individual
PRJ-0040582,E-0272,Project PRJ-0040582,lead,"[""problem_solving"",""communication""]",2025-11-15T00:00:00.000Z,2025-12-15T00:00:00.000Z,5,5,1,true,0,true,3,individual
PRJ-0040704,E-0273,Project PRJ-0040704,contributor,"[""problem_solving"",""execution"",""communication""]",2026-03-25T00:00:00.000Z,2026-05-15T00:00:00.000Z,2,4,1.79,true,0,false,4,team
PRJ-0040708,E-0273,Project PRJ-0040708,lead,"[""collaboration"",""problem_solving""]",2024-10-18T00:00:00.000Z,2024-12-21T00:00:00.000Z,3,5,3.47,true,2,false,2,shared
PRJ-0040711,E-0273,Project PRJ-0040711,lead,"[""system_design"",""communication""]",2026-05-18T00:00:00.000Z,2026-07-06T00:00:00.000Z,2,5,1.67,true,3,false,6,shared
PRJ-0040841,E-0274,Project PRJ-0040841,contributor,"[""problem_solving"",""communication"",""pipeline_mgmt""]",2024-12-04T00:00:00.000Z,2025-01-21T00:00:00.000Z,5,1,2.26,true,0,true,6,individual
PRJ-0040845,E-0274,Project PRJ-0040845,owner,"[""collaboration"",""communication"",""execution""]",2026-09-21T00:00:00.000Z,2026-10-27T00:00:00.000Z,2,2,3.19,true,4,false,5,shared
PRJ-0040993,E-0275,Project PRJ-0040993,contributor,"[""execution""]",2025-02-13T00:00:00.000Z,2025-03-27T00:00:00.000Z,3,5,1.33,true,3,false,7,shared
PRJ-0040995,E-0275,Project PRJ-0040995,contributor,"[""problem_solving""]",2025-07-25T00:00:00.000Z,2025-09-16T00:00:00.000Z,3,5,1.79,false,3,false,8,individual
PRJ-0040997,E-0275,Project PRJ-0040997,lead,"[""campaign_strategy"",""execution""]",2025-03-29T00:00:00.000Z,2025-05-26T00:00:00.000Z,4,1,2.13,true,3,true,6,shared
PRJ-0041000,E-0275,Project PRJ-0041000,owner,"[""campaign_strategy"",""execution""]",2025-04-26T00:00:00.000Z,2025-06-16T00:00:00.000Z,2,3,1.62,true,4,false,6,individual
PRJ-0041155,E-0276,Project PRJ-0041155,lead,"[""execution"",""communication""]",2025-06-01T00:00:00.000Z,2025-07-23T00:00:00.000Z,4,3,1.9,true,2,true,4,shared
PRJ-0041158,E-0276,Project PRJ-0041158,lead,"[""roadmap_prioritization"",""problem_solving"",""collaboration""]",2026-04-15T00:00:00.000Z,2026-06-17T00:00:00.000Z,4,4,2.27,true,3,true,2,shared
PRJ-0041162,E-0276,Project PRJ-0041162,lead,"[""stakeholder_alignment""]",2025-04-30T00:00:00.000Z,2025-06-12T00:00:00.000Z,5,1,3.34,true,3,true,3,individual
PRJ-0041308,E-0277,Project PRJ-0041308,owner,"[""problem_solving""]",2024-10-22T00:00:00.000Z,2024-12-18T00:00:00.000Z,2,3,2.35,false,0,false,6,team
PRJ-0041310,E-0277,Project PRJ-0041310,owner,"[""execution""]",2026-08-20T00:00:00.000Z,2026-10-10T00:00:00.000Z,1,5,3.86,true,1,false,7,team
PRJ-0041312,E-0277,Project PRJ-0041312,contributor,"[""problem_solving"",""communication"",""ux_research""]",2025-11-16T00:00:00.000Z,2025-12-16T00:00:00.000Z,5,1,2.12,true,3,true,6,shared
PRJ-0041475,E-0278,Project PRJ-0041475,lead,"[""compliance_rigor"",""execution"",""communication""]",2025-01-11T00:00:00.000Z,2025-03-14T00:00:00.000Z,4,4,1.83,false,3,true,2,shared
PRJ-0041479,E-0278,Project PRJ-0041479,contributor,"[""compliance_rigor"",""collaboration"",""problem_solving""]",2025-05-21T00:00:00.000Z,2025-07-19T00:00:00.000Z,1,4,1.2,false,4,false,4,team
PRJ-0041483,E-0278,Project PRJ-0041483,contributor,"[""execution"",""financial_modeling"",""collaboration""]",2025-06-11T00:00:00.000Z,2025-08-11T00:00:00.000Z,4,3,2.58,false,0,true,7,team
PRJ-0041639,E-0279,Project PRJ-0041639,contributor,"[""policy_navigation"",""problem_solving""]",2026-05-13T00:00:00.000Z,2026-06-24T00:00:00.000Z,5,3,2.6,false,3,true,3,individual
PRJ-0041642,E-0279,Project PRJ-0041642,contributor,"[""problem_solving""]",2025-09-16T00:00:00.000Z,2025-10-21T00:00:00.000Z,3,2,2.08,false,4,false,8,team
PRJ-0041789,E-0280,Project PRJ-0041789,lead,"[""communication""]",2024-12-14T00:00:00.000Z,2025-01-24T00:00:00.000Z,2,3,1.28,true,0,false,8,team
PRJ-0041791,E-0280,Project PRJ-0041791,owner,"[""troubleshooting""]",2025-07-01T00:00:00.000Z,2025-08-31T00:00:00.000Z,3,4,1,true,2,false,3,shared
PRJ-0041936,E-0281,Project PRJ-0041936,owner,"[""code_quality""]",2025-01-05T00:00:00.000Z,2025-02-23T00:00:00.000Z,1,2,1,true,3,false,5,shared
PRJ-0041938,E-0281,Project PRJ-0041938,contributor,"[""communication""]",2026-04-15T00:00:00.000Z,2026-05-23T00:00:00.000Z,2,2,4.36,true,1,false,4,individual
PRJ-0041940,E-0281,Project PRJ-0041940,contributor,"[""code_quality""]",2026-05-04T00:00:00.000Z,2026-06-03T00:00:00.000Z,4,5,2.7,false,1,true,6,individual
PRJ-0041942,E-0281,Project PRJ-0041942,owner,"[""system_design"",""communication"",""code_quality""]",2025-08-02T00:00:00.000Z,2025-09-14T00:00:00.000Z,3,5,2.36,true,2,false,7,shared
PRJ-0042128,E-0282,Project PRJ-0042128,contributor,"[""execution"",""problem_solving"",""collaboration""]",2026-04-16T00:00:00.000Z,2026-05-19T00:00:00.000Z,1,1,3.16,true,0,false,2,individual
PRJ-0042132,E-0282,Project PRJ-0042132,contributor,"[""pipeline_mgmt"",""communication""]",2026-01-10T00:00:00.000Z,2026-02-14T00:00:00.000Z,1,2,3.08,true,2,false,2,individual
PRJ-0042260,E-0283,Project PRJ-0042260,contributor,"[""campaign_strategy"",""content_quality""]",2025-03-22T00:00:00.000Z,2025-05-08T00:00:00.000Z,2,1,3,false,1,false,2,shared
PRJ-0042263,E-0283,Project PRJ-0042263,contributor,"[""execution"",""collaboration""]",2025-12-27T00:00:00.000Z,2026-02-18T00:00:00.000Z,3,1,3.18,false,2,false,2,individual
PRJ-0042431,E-0284,Project PRJ-0042431,owner,"[""roadmap_prioritization"",""collaboration"",""execution""]",2026-02-18T00:00:00.000Z,2026-04-20T00:00:00.000Z,2,5,2.45,false,4,false,2,individual
PRJ-0042435,E-0284,Project PRJ-0042435,lead,"[""problem_solving""]",2025-05-14T00:00:00.000Z,2025-07-16T00:00:00.000Z,3,4,1.86,false,2,false,7,individual
PRJ-0042587,E-0285,Project PRJ-0042587,owner,"[""visual_craft"",""problem_solving"",""ux_research""]",2026-01-31T00:00:00.000Z,2026-03-15T00:00:00.000Z,4,1,3.88,true,3,true,3,individual
PRJ-0042591,E-0285,Project PRJ-0042591,contributor,"[""collaboration""]",2025-12-23T00:00:00.000Z,2026-02-23T00:00:00.000Z,3,5,1.06,true,3,false,2,individual
PRJ-0042716,E-0286,Project PRJ-0042716,owner,"[""collaboration"",""communication"",""compliance_rigor""]",2024-10-12T00:00:00.000Z,2024-12-06T00:00:00.000Z,5,2,2.26,true,3,true,4,individual
PRJ-0042720,E-0286,Project PRJ-0042720,contributor,"[""compliance_rigor"",""communication""]",2025-03-30T00:00:00.000Z,2025-05-06T00:00:00.000Z,5,1,1.54,true,2,true,3,team
PRJ-0042723,E-0286,Project PRJ-0042723,lead,"[""execution"",""financial_modeling"",""collaboration""]",2025-04-15T00:00:00.000Z,2025-06-08T00:00:00.000Z,1,2,2.71,true,2,false,2,shared
PRJ-0042727,E-0286,Project PRJ-0042727,contributor,"[""compliance_rigor"",""financial_modeling"",""execution""]",2025-07-15T00:00:00.000Z,2025-08-17T00:00:00.000Z,2,3,3.05,true,4,false,2,team
PRJ-0042860,E-0287,Project PRJ-0042860,owner,"[""policy_navigation"",""collaboration""]",2025-10-26T00:00:00.000Z,2025-12-22T00:00:00.000Z,3,4,2.29,false,3,false,2,shared
PRJ-0042863,E-0287,Project PRJ-0042863,lead,"[""collaboration"",""problem_solving""]",2025-03-18T00:00:00.000Z,2025-05-18T00:00:00.000Z,3,2,1.71,true,1,false,7,team
PRJ-0042866,E-0287,Project PRJ-0042866,lead,"[""policy_navigation"",""problem_solving""]",2026-07-29T00:00:00.000Z,2026-09-05T00:00:00.000Z,5,5,1.39,true,2,true,4,individual
PRJ-0043016,E-0288,Project PRJ-0043016,lead,"[""execution""]",2025-05-04T00:00:00.000Z,2025-07-03T00:00:00.000Z,1,2,1.95,true,4,false,4,individual
PRJ-0043018,E-0288,Project PRJ-0043018,lead,"[""problem_solving"",""customer_resolution"",""collaboration""]",2026-05-28T00:00:00.000Z,2026-07-28T00:00:00.000Z,1,1,2.82,false,1,false,5,individual
PRJ-0043022,E-0288,Project PRJ-0043022,contributor,"[""problem_solving"",""customer_resolution""]",2026-02-25T00:00:00.000Z,2026-04-30T00:00:00.000Z,2,3,2.92,true,3,false,7,shared
PRJ-0043173,E-0289,Project PRJ-0043173,owner,"[""system_design"",""code_quality"",""execution""]",2025-10-26T00:00:00.000Z,2025-12-17T00:00:00.000Z,1,2,2,true,4,false,7,shared
PRJ-0043177,E-0289,Project PRJ-0043177,owner,"[""communication"",""problem_solving"",""system_design""]",2025-08-11T00:00:00.000Z,2025-09-11T00:00:00.000Z,2,1,2.9,true,1,false,4,shared
PRJ-0043348,E-0290,Project PRJ-0043348,owner,"[""collaboration""]",2025-04-17T00:00:00.000Z,2025-06-22T00:00:00.000Z,5,3,1,true,3,true,5,individual
PRJ-0043350,E-0290,Project PRJ-0043350,contributor,"[""execution"",""pipeline_mgmt"",""collaboration""]",2026-08-01T00:00:00.000Z,2026-09-23T00:00:00.000Z,2,4,2.71,true,2,false,6,individual
PRJ-0043354,E-0290,Project PRJ-0043354,contributor,"[""collaboration""]",2026-04-20T00:00:00.000Z,2026-06-02T00:00:00.000Z,4,4,2.47,true,3,true,6,shared
PRJ-0043503,E-0291,Project PRJ-0043503,lead,"[""campaign_strategy""]",2026-06-23T00:00:00.000Z,2026-08-23T00:00:00.000Z,2,5,1.23,true,1,false,5,individual
PRJ-0043505,E-0291,Project PRJ-0043505,contributor,"[""collaboration""]",2026-07-01T00:00:00.000Z,2026-08-20T00:00:00.000Z,4,4,3.26,false,2,true,4,team
PRJ-0043507,E-0291,Project PRJ-0043507,lead,"[""communication""]",2025-03-14T00:00:00.000Z,2025-04-20T00:00:00.000Z,2,5,1.88,false,4,false,7,individual
PRJ-0043638,E-0292,Project PRJ-0043638,owner,"[""problem_solving"",""communication""]",2024-10-27T00:00:00.000Z,2024-12-07T00:00:00.000Z,1,2,2.67,true,1,false,4,team
PRJ-0043641,E-0292,Project PRJ-0043641,owner,"[""communication"",""roadmap_prioritization""]",2025-04-13T00:00:00.000Z,2025-05-18T00:00:00.000Z,3,2,2.83,true,4,false,3,individual
PRJ-0043794,E-0293,Project PRJ-0043794,owner,"[""communication""]",2025-07-30T00:00:00.000Z,2025-09-10T00:00:00.000Z,5,3,3.36,false,4,true,4,shared
PRJ-0043796,E-0293,Project PRJ-0043796,lead,"[""problem_solving"",""collaboration""]",2025-12-27T00:00:00.000Z,2026-02-05T00:00:00.000Z,3,3,1.73,false,4,false,4,shared
PRJ-0043946,E-0294,Project PRJ-0043946,lead,"[""collaboration"",""communication"",""problem_solving""]",2025-04-29T00:00:00.000Z,2025-06-18T00:00:00.000Z,3,3,1.79,false,3,false,3,team
PRJ-0043950,E-0294,Project PRJ-0043950,owner,"[""communication"",""problem_solving"",""compliance_rigor""]",2025-12-18T00:00:00.000Z,2026-02-05T00:00:00.000Z,1,3,2.86,true,0,false,4,individual
PRJ-0043954,E-0294,Project PRJ-0043954,lead,"[""communication"",""collaboration""]",2024-10-22T00:00:00.000Z,2024-11-28T00:00:00.000Z,2,1,1.98,true,2,false,6,individual
PRJ-0044107,E-0295,Project PRJ-0044107,lead,"[""execution"",""problem_solving""]",2026-04-16T00:00:00.000Z,2026-06-19T00:00:00.000Z,2,5,2.75,false,4,false,2,shared
PRJ-0044110,E-0295,Project PRJ-0044110,lead,"[""execution""]",2026-05-24T00:00:00.000Z,2026-07-15T00:00:00.000Z,2,5,2.36,false,4,false,6,individual
PRJ-0044264,E-0296,Project PRJ-0044264,owner,"[""communication"",""problem_solving"",""collaboration""]",2026-03-26T00:00:00.000Z,2026-05-12T00:00:00.000Z,2,2,1.96,true,0,false,2,team
PRJ-0044268,E-0296,Project PRJ-0044268,owner,"[""execution""]",2025-07-21T00:00:00.000Z,2025-08-20T00:00:00.000Z,2,1,2.61,false,1,false,3,shared
PRJ-0044270,E-0296,Project PRJ-0044270,contributor,"[""collaboration""]",2026-03-16T00:00:00.000Z,2026-05-16T00:00:00.000Z,4,2,2.01,false,1,true,5,individual
PRJ-0044272,E-0296,Project PRJ-0044272,owner,"[""communication"",""problem_solving"",""execution""]",2026-01-09T00:00:00.000Z,2026-02-14T00:00:00.000Z,4,1,2.86,true,2,true,7,individual
PRJ-0044425,E-0297,Project PRJ-0044425,lead,"[""collaboration"",""communication""]",2025-07-05T00:00:00.000Z,2025-09-08T00:00:00.000Z,1,5,1.35,true,1,false,2,team
PRJ-0044428,E-0297,Project PRJ-0044428,owner,"[""communication"",""system_design""]",2024-12-31T00:00:00.000Z,2025-02-12T00:00:00.000Z,5,3,2.73,true,3,true,5,individual
PRJ-0044431,E-0297,Project PRJ-0044431,contributor,"[""problem_solving""]",2026-04-16T00:00:00.000Z,2026-05-27T00:00:00.000Z,5,3,1.27,false,0,true,6,team
PRJ-0044433,E-0297,Project PRJ-0044433,contributor,"[""code_quality"",""collaboration"",""execution""]",2026-02-07T00:00:00.000Z,2026-04-12T00:00:00.000Z,5,3,2.06,true,3,true,3,individual
PRJ-0044618,E-0298,Project PRJ-0044618,contributor,"[""negotiation""]",2025-11-11T00:00:00.000Z,2025-12-14T00:00:00.000Z,2,1,2.86,true,4,false,3,shared
PRJ-0044620,E-0298,Project PRJ-0044620,contributor,"[""negotiation"",""pipeline_mgmt"",""execution""]",2025-01-20T00:00:00.000Z,2025-02-28T00:00:00.000Z,2,4,1.65,true,1,false,5,shared
PRJ-0044763,E-0299,Project PRJ-0044763,lead,"[""communication"",""problem_solving""]",2025-08-27T00:00:00.000Z,2025-10-17T00:00:00.000Z,3,1,2.17,true,2,false,7,shared
PRJ-0044766,E-0299,Project PRJ-0044766,owner,"[""execution"",""collaboration"",""campaign_strategy""]",2025-12-08T00:00:00.000Z,2026-02-14T00:00:00.000Z,1,2,2.01,true,3,false,6,team
PRJ-0044919,E-0300,Project PRJ-0044919,contributor,"[""stakeholder_alignment"",""execution""]",2026-08-07T00:00:00.000Z,2026-09-21T00:00:00.000Z,3,2,2.83,true,3,false,6,shared
PRJ-0044922,E-0300,Project PRJ-0044922,owner,"[""execution"",""roadmap_prioritization""]",2026-04-13T00:00:00.000Z,2026-05-26T00:00:00.000Z,5,4,1.25,true,1,true,5,team
PRJ-0044925,E-0300,Project PRJ-0044925,lead,"[""execution"",""stakeholder_alignment""]",2025-09-10T00:00:00.000Z,2025-11-13T00:00:00.000Z,1,1,1.94,false,0,false,7,shared
PRJ-0044928,E-0300,Project PRJ-0044928,owner,"[""execution""]",2025-09-26T00:00:00.000Z,2025-12-04T00:00:00.000Z,3,5,1,true,4,false,6,shared
PRJ-0045062,E-0301,Project PRJ-0045062,owner,"[""communication""]",2026-06-04T00:00:00.000Z,2026-07-22T00:00:00.000Z,4,5,2.26,true,0,true,2,shared
PRJ-0045064,E-0301,Project PRJ-0045064,lead,"[""collaboration"",""execution"",""communication""]",2026-01-15T00:00:00.000Z,2026-03-15T00:00:00.000Z,3,5,2.59,true,1,false,2,shared
PRJ-0045207,E-0302,Project PRJ-0045207,contributor,"[""financial_modeling"",""compliance_rigor"",""collaboration""]",2026-06-25T00:00:00.000Z,2026-08-01T00:00:00.000Z,5,2,2.05,true,3,true,3,individual
PRJ-0045211,E-0302,Project PRJ-0045211,contributor,"[""compliance_rigor""]",2025-06-05T00:00:00.000Z,2025-07-18T00:00:00.000Z,4,3,1.05,true,2,true,4,shared
PRJ-0045213,E-0302,Project PRJ-0045213,lead,"[""communication""]",2026-07-13T00:00:00.000Z,2026-08-30T00:00:00.000Z,2,4,3.5,true,1,false,7,shared
PRJ-0045360,E-0303,Project PRJ-0045360,contributor,"[""problem_solving""]",2025-11-10T00:00:00.000Z,2026-01-08T00:00:00.000Z,1,5,1.74,false,3,false,5,shared
PRJ-0045362,E-0303,Project PRJ-0045362,lead,"[""communication"",""collaboration""]",2024-11-20T00:00:00.000Z,2025-01-17T00:00:00.000Z,3,5,1.15,true,3,false,6,shared
PRJ-0045493,E-0304,Project PRJ-0045493,contributor,"[""customer_resolution"",""problem_solving""]",2025-10-04T00:00:00.000Z,2025-11-04T00:00:00.000Z,4,5,3.87,true,4,true,8,team
PRJ-0045496,E-0304,Project PRJ-0045496,lead,"[""troubleshooting""]",2025-05-17T00:00:00.000Z,2025-06-16T00:00:00.000Z,1,3,3.97,true,1,false,6,shared
PRJ-0045498,E-0304,Project PRJ-0045498,owner,"[""execution"",""troubleshooting""]",2026-07-03T00:00:00.000Z,2026-08-31T00:00:00.000Z,1,5,2.62,true,0,false,6,shared
PRJ-0045612,E-0305,Project PRJ-0045612,owner,"[""system_design"",""execution""]",2025-08-28T00:00:00.000Z,2025-10-30T00:00:00.000Z,2,4,2.74,true,4,false,7,shared
PRJ-0045615,E-0305,Project PRJ-0045615,owner,"[""problem_solving"",""communication""]",2026-08-25T00:00:00.000Z,2026-09-27T00:00:00.000Z,3,1,4.18,true,0,false,3,shared
PRJ-0045618,E-0305,Project PRJ-0045618,owner,"[""code_quality"",""execution"",""system_design""]",2025-12-02T00:00:00.000Z,2026-01-01T00:00:00.000Z,4,3,2.5,true,3,true,6,shared
PRJ-0045622,E-0305,Project PRJ-0045622,owner,"[""problem_solving"",""communication""]",2025-11-14T00:00:00.000Z,2025-12-28T00:00:00.000Z,1,1,3.09,true,0,false,6,shared
PRJ-0045690,E-0306,Project PRJ-0045690,contributor,"[""communication"",""execution"",""problem_solving""]",2025-06-13T00:00:00.000Z,2025-07-21T00:00:00.000Z,3,3,1.57,true,0,false,6,shared
PRJ-0045694,E-0306,Project PRJ-0045694,owner,"[""collaboration"",""negotiation""]",2026-06-17T00:00:00.000Z,2026-07-18T00:00:00.000Z,5,1,1.88,true,4,true,6,team
PRJ-0045697,E-0306,Project PRJ-0045697,contributor,"[""pipeline_mgmt""]",2024-12-09T00:00:00.000Z,2025-02-02T00:00:00.000Z,3,4,1.6,true,0,false,7,individual
PRJ-0045699,E-0306,Project PRJ-0045699,lead,"[""communication""]",2026-02-17T00:00:00.000Z,2026-04-12T00:00:00.000Z,2,5,1.71,false,3,false,5,team
PRJ-0045832,E-0307,Project PRJ-0045832,owner,"[""problem_solving"",""collaboration"",""content_quality""]",2024-11-01T00:00:00.000Z,2025-01-04T00:00:00.000Z,2,4,2.87,true,1,false,7,individual
PRJ-0045836,E-0307,Project PRJ-0045836,owner,"[""communication""]",2025-04-11T00:00:00.000Z,2025-05-19T00:00:00.000Z,2,4,1.67,false,0,false,8,shared
PRJ-0045838,E-0307,Project PRJ-0045838,contributor,"[""execution"",""collaboration""]",2025-01-25T00:00:00.000Z,2025-03-08T00:00:00.000Z,5,1,1.46,false,2,true,3,individual
PRJ-0045841,E-0307,Project PRJ-0045841,lead,"[""collaboration""]",2026-09-23T00:00:00.000Z,2026-11-15T00:00:00.000Z,3,4,4.58,true,0,false,4,individual
PRJ-0045977,E-0308,Project PRJ-0045977,owner,"[""communication"",""collaboration""]",2025-12-23T00:00:00.000Z,2026-02-22T00:00:00.000Z,5,1,1.09,false,1,true,3,team
PRJ-0045980,E-0308,Project PRJ-0045980,lead,"[""collaboration"",""problem_solving""]",2025-04-11T00:00:00.000Z,2025-05-14T00:00:00.000Z,5,2,2.35,true,2,true,3,shared
PRJ-0045983,E-0308,Project PRJ-0045983,lead,"[""stakeholder_alignment""]",2025-09-23T00:00:00.000Z,2025-10-31T00:00:00.000Z,3,5,1.36,true,3,false,3,shared
PRJ-0045985,E-0308,Project PRJ-0045985,lead,"[""problem_solving""]",2026-08-17T00:00:00.000Z,2026-10-04T00:00:00.000Z,5,3,3.82,true,3,true,3,individual
PRJ-0046135,E-0309,Project PRJ-0046135,owner,"[""execution"",""ux_research"",""communication""]",2026-01-01T00:00:00.000Z,2026-02-24T00:00:00.000Z,5,1,2.09,true,1,true,4,individual
PRJ-0046139,E-0309,Project PRJ-0046139,contributor,"[""communication"",""problem_solving"",""visual_craft""]",2024-11-05T00:00:00.000Z,2024-12-18T00:00:00.000Z,2,4,2.67,true,0,false,4,shared
PRJ-0046143,E-0309,Project PRJ-0046143,contributor,"[""execution"",""collaboration""]",2026-07-28T00:00:00.000Z,2026-09-05T00:00:00.000Z,5,2,3.79,true,4,true,7,individual
PRJ-0046146,E-0309,Project PRJ-0046146,contributor,"[""communication""]",2024-10-29T00:00:00.000Z,2024-12-10T00:00:00.000Z,3,4,3.64,false,2,false,6,individual
PRJ-0046279,E-0310,Project PRJ-0046279,contributor,"[""collaboration"",""problem_solving"",""communication""]",2026-08-15T00:00:00.000Z,2026-10-16T00:00:00.000Z,1,1,1.87,true,1,false,3,shared
PRJ-0046283,E-0310,Project PRJ-0046283,owner,"[""collaboration"",""problem_solving"",""financial_modeling""]",2025-02-25T00:00:00.000Z,2025-05-05T00:00:00.000Z,3,4,2.74,true,0,false,8,shared
PRJ-0046417,E-0311,Project PRJ-0046417,owner,"[""execution"",""communication"",""collaboration""]",2025-03-12T00:00:00.000Z,2025-04-20T00:00:00.000Z,3,2,2.67,true,0,false,3,individual
PRJ-0046421,E-0311,Project PRJ-0046421,contributor,"[""communication"",""talent_assessment"",""collaboration""]",2024-10-17T00:00:00.000Z,2024-12-04T00:00:00.000Z,1,1,1.59,true,2,false,8,individual
PRJ-0046425,E-0311,Project PRJ-0046425,lead,"[""talent_assessment"",""execution"",""collaboration""]",2024-11-20T00:00:00.000Z,2024-12-28T00:00:00.000Z,3,4,2.29,false,4,false,4,team
PRJ-0046522,E-0312,Project PRJ-0046522,lead,"[""execution"",""communication""]",2026-09-03T00:00:00.000Z,2026-11-08T00:00:00.000Z,5,4,2.77,true,3,true,4,individual
PRJ-0046525,E-0312,Project PRJ-0046525,contributor,"[""execution"",""communication"",""problem_solving""]",2026-07-19T00:00:00.000Z,2026-09-13T00:00:00.000Z,2,1,3.08,true,0,false,3,individual
PRJ-0046529,E-0312,Project PRJ-0046529,contributor,"[""execution"",""problem_solving"",""communication""]",2024-10-26T00:00:00.000Z,2024-12-30T00:00:00.000Z,5,3,2.79,true,1,true,2,shared
PRJ-0046533,E-0312,Project PRJ-0046533,contributor,"[""communication""]",2025-07-19T00:00:00.000Z,2025-09-07T00:00:00.000Z,2,4,3.03,true,0,false,4,team
PRJ-0046666,E-0313,Project PRJ-0046666,lead,"[""problem_solving"",""system_design""]",2025-11-02T00:00:00.000Z,2026-01-04T00:00:00.000Z,4,3,3.43,true,3,true,5,shared
PRJ-0046669,E-0313,Project PRJ-0046669,lead,"[""problem_solving"",""communication"",""collaboration""]",2025-10-05T00:00:00.000Z,2025-11-14T00:00:00.000Z,3,4,3.35,false,0,false,5,individual
PRJ-0046673,E-0313,Project PRJ-0046673,owner,"[""system_design"",""code_quality"",""collaboration""]",2026-06-05T00:00:00.000Z,2026-07-26T00:00:00.000Z,4,2,3.41,true,3,true,5,team
PRJ-0046810,E-0314,Project PRJ-0046810,lead,"[""communication"",""execution""]",2026-06-03T00:00:00.000Z,2026-07-12T00:00:00.000Z,5,3,2.53,true,4,true,6,individual
PRJ-0046813,E-0314,Project PRJ-0046813,contributor,"[""problem_solving"",""negotiation""]",2026-02-26T00:00:00.000Z,2026-05-04T00:00:00.000Z,2,4,3.11,false,4,false,8,shared
PRJ-0046816,E-0314,Project PRJ-0046816,contributor,"[""communication"",""problem_solving""]",2026-05-24T00:00:00.000Z,2026-07-23T00:00:00.000Z,3,1,1.87,false,1,false,3,shared
PRJ-0046962,E-0315,Project PRJ-0046962,contributor,"[""content_quality"",""campaign_strategy""]",2026-06-27T00:00:00.000Z,2026-08-24T00:00:00.000Z,2,2,2.56,true,0,false,5,individual
PRJ-0046965,E-0315,Project PRJ-0046965,contributor,"[""execution"",""campaign_strategy"",""collaboration""]",2026-09-07T00:00:00.000Z,2026-11-13T00:00:00.000Z,4,1,2.5,false,0,true,2,individual
PRJ-0046969,E-0315,Project PRJ-0046969,lead,"[""campaign_strategy"",""problem_solving""]",2026-03-25T00:00:00.000Z,2026-05-02T00:00:00.000Z,2,4,2.75,true,1,false,2,individual
PRJ-0046972,E-0315,Project PRJ-0046972,contributor,"[""campaign_strategy""]",2026-07-10T00:00:00.000Z,2026-09-11T00:00:00.000Z,4,2,2.53,true,0,true,6,shared
PRJ-0047128,E-0316,Project PRJ-0047128,lead,"[""execution""]",2026-03-29T00:00:00.000Z,2026-05-20T00:00:00.000Z,2,5,2.86,false,2,false,8,shared
PRJ-0047130,E-0316,Project PRJ-0047130,owner,"[""problem_solving"",""stakeholder_alignment""]",2025-02-02T00:00:00.000Z,2025-03-15T00:00:00.000Z,3,4,3.6,true,1,false,3,shared
PRJ-0047133,E-0316,Project PRJ-0047133,contributor,"[""roadmap_prioritization"",""problem_solving"",""execution""]",2025-09-02T00:00:00.000Z,2025-11-09T00:00:00.000Z,2,3,3.05,true,2,false,3,individual
PRJ-0047270,E-0317,Project PRJ-0047270,contributor,"[""communication"",""collaboration""]",2025-03-04T00:00:00.000Z,2025-04-03T00:00:00.000Z,4,3,3.86,true,2,true,4,shared
PRJ-0047273,E-0317,Project PRJ-0047273,owner,"[""collaboration"",""ux_research"",""problem_solving""]",2026-05-26T00:00:00.000Z,2026-07-12T00:00:00.000Z,1,3,4.04,false,3,false,8,individual
PRJ-0047277,E-0317,Project PRJ-0047277,lead,"[""execution"",""ux_research"",""collaboration""]",2025-05-23T00:00:00.000Z,2025-07-26T00:00:00.000Z,3,3,2.04,false,1,false,3,individual
PRJ-0047281,E-0317,Project PRJ-0047281,owner,"[""visual_craft"",""execution"",""collaboration""]",2024-10-09T00:00:00.000Z,2024-11-14T00:00:00.000Z,5,4,2.98,true,1,true,4,shared
PRJ-0047431,E-0318,Project PRJ-0047431,owner,"[""compliance_rigor"",""problem_solving"",""communication""]",2025-07-22T00:00:00.000Z,2025-08-29T00:00:00.000Z,5,4,1.69,false,0,true,4,individual
PRJ-0047435,E-0318,Project PRJ-0047435,contributor,"[""collaboration"",""problem_solving""]",2025-08-18T00:00:00.000Z,2025-09-29T00:00:00.000Z,3,2,1.74,false,0,false,6,individual
PRJ-0047438,E-0318,Project PRJ-0047438,owner,"[""communication""]",2025-06-07T00:00:00.000Z,2025-07-08T00:00:00.000Z,2,2,1.72,true,0,false,6,shared
PRJ-0047603,E-0319,Project PRJ-0047603,lead,"[""communication""]",2025-12-13T00:00:00.000Z,2026-02-07T00:00:00.000Z,2,5,1.69,true,0,false,4,individual
PRJ-0047605,E-0319,Project PRJ-0047605,lead,"[""collaboration"",""talent_assessment""]",2025-12-02T00:00:00.000Z,2026-01-28T00:00:00.000Z,5,4,1.37,true,0,true,7,shared
PRJ-0047608,E-0319,Project PRJ-0047608,contributor,"[""collaboration""]",2026-01-29T00:00:00.000Z,2026-04-03T00:00:00.000Z,2,5,1,true,3,false,2,shared
PRJ-0047745,E-0320,Project PRJ-0047745,contributor,"[""communication""]",2026-02-19T00:00:00.000Z,2026-03-31T00:00:00.000Z,2,1,2,true,2,false,8,individual
PRJ-0047747,E-0320,Project PRJ-0047747,contributor,"[""communication""]",2025-02-27T00:00:00.000Z,2025-04-11T00:00:00.000Z,3,1,1.02,false,4,false,7,individual
PRJ-0047749,E-0320,Project PRJ-0047749,owner,"[""execution""]",2026-05-15T00:00:00.000Z,2026-07-14T00:00:00.000Z,5,5,1,true,4,true,3,team
PRJ-0047909,E-0321,Project PRJ-0047909,owner,"[""system_design"",""collaboration"",""problem_solving""]",2026-08-09T00:00:00.000Z,2026-09-17T00:00:00.000Z,2,3,1.29,true,1,false,5,team
PRJ-0047913,E-0321,Project PRJ-0047913,owner,"[""code_quality"",""collaboration""]",2026-07-26T00:00:00.000Z,2026-10-01T00:00:00.000Z,1,2,3.31,false,2,false,7,team
PRJ-0047916,E-0321,Project PRJ-0047916,lead,"[""communication"",""problem_solving"",""execution""]",2026-09-12T00:00:00.000Z,2026-10-28T00:00:00.000Z,5,5,1.86,true,1,true,7,shared
PRJ-0047920,E-0321,Project PRJ-0047920,owner,"[""system_design""]",2025-06-04T00:00:00.000Z,2025-08-12T00:00:00.000Z,3,2,3.95,true,0,false,6,team
PRJ-0048072,E-0322,Project PRJ-0048072,owner,"[""negotiation""]",2025-11-01T00:00:00.000Z,2025-12-07T00:00:00.000Z,4,3,1.85,true,4,true,7,team
PRJ-0048074,E-0322,Project PRJ-0048074,contributor,"[""problem_solving"",""negotiation""]",2025-05-12T00:00:00.000Z,2025-07-10T00:00:00.000Z,2,5,1.64,false,3,false,5,individual
PRJ-0048077,E-0322,Project PRJ-0048077,owner,"[""problem_solving""]",2025-10-27T00:00:00.000Z,2025-11-29T00:00:00.000Z,2,3,2.89,true,2,false,6,individual
PRJ-0048079,E-0322,Project PRJ-0048079,owner,"[""negotiation""]",2025-04-04T00:00:00.000Z,2025-06-01T00:00:00.000Z,2,4,2.06,true,2,false,2,team
PRJ-0048248,E-0323,Project PRJ-0048248,owner,"[""campaign_strategy""]",2026-02-16T00:00:00.000Z,2026-04-15T00:00:00.000Z,4,1,2.3,true,1,true,5,individual
PRJ-0048250,E-0323,Project PRJ-0048250,lead,"[""problem_solving""]",2025-08-28T00:00:00.000Z,2025-11-02T00:00:00.000Z,4,3,2.25,true,1,true,2,shared
PRJ-0048395,E-0324,Project PRJ-0048395,lead,"[""communication"",""problem_solving"",""stakeholder_alignment""]",2026-07-04T00:00:00.000Z,2026-08-25T00:00:00.000Z,1,2,3.85,true,3,false,6,shared
PRJ-0048399,E-0324,Project PRJ-0048399,contributor,"[""execution"",""stakeholder_alignment"",""communication""]",2026-04-20T00:00:00.000Z,2026-06-08T00:00:00.000Z,3,1,3.16,true,2,false,5,shared
PRJ-0048403,E-0324,Project PRJ-0048403,lead,"[""communication"",""roadmap_prioritization""]",2024-10-27T00:00:00.000Z,2024-12-19T00:00:00.000Z,1,3,2.13,true,0,false,4,individual
PRJ-0048406,E-0324,Project PRJ-0048406,owner,"[""collaboration"",""execution""]",2025-08-13T00:00:00.000Z,2025-10-11T00:00:00.000Z,3,1,3,false,2,false,6,individual
PRJ-0048561,E-0325,Project PRJ-0048561,owner,"[""ux_research""]",2025-12-14T00:00:00.000Z,2026-02-18T00:00:00.000Z,5,3,2.01,true,3,true,7,shared
PRJ-0048563,E-0325,Project PRJ-0048563,owner,"[""problem_solving""]",2025-10-22T00:00:00.000Z,2025-12-20T00:00:00.000Z,2,1,1.19,true,1,false,8,individual
PRJ-0048565,E-0325,Project PRJ-0048565,owner,"[""problem_solving"",""collaboration""]",2024-10-29T00:00:00.000Z,2024-12-15T00:00:00.000Z,3,3,1.78,true,4,false,3,individual
PRJ-0048568,E-0325,Project PRJ-0048568,lead,"[""collaboration"",""ux_research""]",2025-04-14T00:00:00.000Z,2025-06-02T00:00:00.000Z,5,5,1.71,true,3,true,5,shared
PRJ-0048742,E-0326,Project PRJ-0048742,lead,"[""compliance_rigor""]",2025-09-17T00:00:00.000Z,2025-11-06T00:00:00.000Z,5,5,1.5,true,1,true,8,shared
PRJ-0048744,E-0326,Project PRJ-0048744,owner,"[""problem_solving"",""collaboration""]",2026-08-18T00:00:00.000Z,2026-09-27T00:00:00.000Z,5,1,2.57,false,0,true,5,shared
PRJ-0048747,E-0326,Project PRJ-0048747,lead,"[""financial_modeling"",""communication""]",2026-01-23T00:00:00.000Z,2026-04-01T00:00:00.000Z,5,2,1.49,true,4,true,3,shared
PRJ-0048750,E-0326,Project PRJ-0048750,lead,"[""communication"",""execution""]",2026-01-05T00:00:00.000Z,2026-02-21T00:00:00.000Z,4,3,1,true,1,true,7,shared
PRJ-0048895,E-0327,Project PRJ-0048895,owner,"[""communication"",""talent_assessment""]",2026-03-20T00:00:00.000Z,2026-04-20T00:00:00.000Z,1,1,1.38,true,1,false,3,individual
PRJ-0048898,E-0327,Project PRJ-0048898,lead,"[""policy_navigation""]",2025-07-02T00:00:00.000Z,2025-08-12T00:00:00.000Z,1,4,3.5,false,1,false,4,shared
PRJ-0049050,E-0328,Project PRJ-0049050,owner,"[""troubleshooting"",""execution"",""problem_solving""]",2026-02-18T00:00:00.000Z,2026-04-08T00:00:00.000Z,4,3,1.71,true,3,true,7,individual
PRJ-0049054,E-0328,Project PRJ-0049054,contributor,"[""communication""]",2025-12-24T00:00:00.000Z,2026-01-24T00:00:00.000Z,5,2,1,true,0,true,7,shared
PRJ-0049196,E-0329,Project PRJ-0049196,lead,"[""execution"",""collaboration""]",2026-03-03T00:00:00.000Z,2026-04-15T00:00:00.000Z,3,4,2.3,true,1,false,7,team
PRJ-0049199,E-0329,Project PRJ-0049199,owner,"[""problem_solving""]",2025-06-29T00:00:00.000Z,2025-08-26T00:00:00.000Z,3,3,1.38,true,0,false,5,shared
PRJ-0049361,E-0330,Project PRJ-0049361,lead,"[""collaboration"",""pipeline_mgmt""]",2025-10-27T00:00:00.000Z,2025-12-07T00:00:00.000Z,2,1,1.92,true,0,false,5,individual
PRJ-0049364,E-0330,Project PRJ-0049364,owner,"[""pipeline_mgmt"",""collaboration"",""negotiation""]",2025-06-07T00:00:00.000Z,2025-07-21T00:00:00.000Z,1,5,1.58,true,3,false,5,shared
PRJ-0049368,E-0330,Project PRJ-0049368,owner,"[""pipeline_mgmt""]",2025-04-14T00:00:00.000Z,2025-06-09T00:00:00.000Z,1,1,1.32,true,1,false,7,individual
PRJ-0049516,E-0331,Project PRJ-0049516,lead,"[""collaboration"",""communication"",""content_quality""]",2026-03-09T00:00:00.000Z,2026-05-12T00:00:00.000Z,1,3,2.12,true,0,false,6,individual
PRJ-0049520,E-0331,Project PRJ-0049520,lead,"[""content_quality"",""execution"",""communication""]",2025-11-12T00:00:00.000Z,2025-12-21T00:00:00.000Z,5,5,2.41,false,4,true,8,shared
PRJ-0049524,E-0331,Project PRJ-0049524,owner,"[""content_quality"",""collaboration""]",2025-06-05T00:00:00.000Z,2025-07-18T00:00:00.000Z,1,5,1.83,true,1,false,8,individual
PRJ-0049642,E-0332,Project PRJ-0049642,lead,"[""problem_solving""]",2024-10-19T00:00:00.000Z,2024-12-13T00:00:00.000Z,1,1,1.89,true,1,false,4,individual
PRJ-0049644,E-0332,Project PRJ-0049644,contributor,"[""execution"",""communication"",""stakeholder_alignment""]",2026-08-27T00:00:00.000Z,2026-10-27T00:00:00.000Z,3,1,2.3,true,0,false,8,individual
PRJ-0049648,E-0332,Project PRJ-0049648,contributor,"[""execution"",""communication"",""collaboration""]",2025-09-05T00:00:00.000Z,2025-10-06T00:00:00.000Z,5,5,1,false,0,true,3,shared
PRJ-0049652,E-0332,Project PRJ-0049652,contributor,"[""execution""]",2025-02-02T00:00:00.000Z,2025-04-09T00:00:00.000Z,1,4,1.29,false,2,false,3,shared
PRJ-0049814,E-0333,Project PRJ-0049814,contributor,"[""problem_solving"",""visual_craft"",""collaboration""]",2025-12-30T00:00:00.000Z,2026-03-04T00:00:00.000Z,4,2,2.78,true,2,true,8,individual
PRJ-0049818,E-0333,Project PRJ-0049818,owner,"[""problem_solving""]",2026-05-15T00:00:00.000Z,2026-06-29T00:00:00.000Z,3,5,1.88,true,0,false,5,shared
PRJ-0049982,E-0334,Project PRJ-0049982,contributor,"[""communication"",""collaboration"",""problem_solving""]",2026-03-19T00:00:00.000Z,2026-05-23T00:00:00.000Z,2,1,2.45,true,2,false,4,individual
PRJ-0049986,E-0334,Project PRJ-0049986,lead,"[""collaboration"",""financial_modeling"",""communication""]",2025-04-18T00:00:00.000Z,2025-06-18T00:00:00.000Z,2,1,3.08,false,1,false,3,shared
PRJ-0049990,E-0334,Project PRJ-0049990,owner,"[""communication"",""compliance_rigor"",""problem_solving""]",2025-05-11T00:00:00.000Z,2025-06-16T00:00:00.000Z,5,4,2.14,true,4,true,5,shared
PRJ-0050125,E-0335,Project PRJ-0050125,contributor,"[""execution""]",2026-01-29T00:00:00.000Z,2026-03-27T00:00:00.000Z,4,1,3.13,true,3,true,3,shared
PRJ-0050127,E-0335,Project PRJ-0050127,owner,"[""communication""]",2024-11-05T00:00:00.000Z,2024-12-27T00:00:00.000Z,1,4,1.94,true,2,false,8,individual
PRJ-0050129,E-0335,Project PRJ-0050129,lead,"[""collaboration"",""talent_assessment""]",2026-07-23T00:00:00.000Z,2026-09-16T00:00:00.000Z,4,1,2.42,true,4,true,5,individual
PRJ-0050132,E-0335,Project PRJ-0050132,lead,"[""communication"",""execution"",""problem_solving""]",2024-11-18T00:00:00.000Z,2024-12-29T00:00:00.000Z,3,2,1.91,false,4,false,7,shared
PRJ-0050272,E-0336,Project PRJ-0050272,contributor,"[""problem_solving"",""customer_resolution""]",2024-10-29T00:00:00.000Z,2024-12-13T00:00:00.000Z,4,5,1.11,false,4,true,8,shared
PRJ-0050275,E-0336,Project PRJ-0050275,lead,"[""customer_resolution""]",2024-11-17T00:00:00.000Z,2025-01-24T00:00:00.000Z,1,1,1.26,true,0,false,7,shared
PRJ-0050277,E-0336,Project PRJ-0050277,lead,"[""customer_resolution"",""execution"",""communication""]",2025-12-24T00:00:00.000Z,2026-02-01T00:00:00.000Z,1,1,2.14,true,1,false,2,shared
PRJ-0050281,E-0336,Project PRJ-0050281,owner,"[""troubleshooting"",""customer_resolution""]",2026-07-25T00:00:00.000Z,2026-08-25T00:00:00.000Z,2,1,2.59,true,4,false,4,shared
PRJ-0050415,E-0337,Project PRJ-0050415,lead,"[""system_design"",""execution""]",2025-01-02T00:00:00.000Z,2025-02-08T00:00:00.000Z,1,3,1.98,true,0,false,8,individual
PRJ-0050418,E-0337,Project PRJ-0050418,lead,"[""system_design"",""problem_solving""]",2026-08-30T00:00:00.000Z,2026-11-07T00:00:00.000Z,4,2,1.29,true,1,true,6,individual
PRJ-0050421,E-0337,Project PRJ-0050421,owner,"[""code_quality""]",2026-01-28T00:00:00.000Z,2026-03-19T00:00:00.000Z,4,3,2.05,true,4,true,6,team
PRJ-0050577,E-0338,Project PRJ-0050577,lead,"[""pipeline_mgmt"",""collaboration"",""execution""]",2025-12-21T00:00:00.000Z,2026-01-27T00:00:00.000Z,3,4,2.36,true,4,false,5,shared
PRJ-0050581,E-0338,Project PRJ-0050581,owner,"[""execution"",""pipeline_mgmt"",""problem_solving""]",2025-09-19T00:00:00.000Z,2025-11-12T00:00:00.000Z,2,1,1.57,true,2,false,5,shared
PRJ-0050585,E-0338,Project PRJ-0050585,owner,"[""negotiation"",""pipeline_mgmt"",""collaboration""]",2026-01-15T00:00:00.000Z,2026-03-24T00:00:00.000Z,1,3,2.37,true,4,false,8,shared
PRJ-0050707,E-0339,Project PRJ-0050707,lead,"[""problem_solving"",""content_quality"",""campaign_strategy""]",2024-11-25T00:00:00.000Z,2025-01-15T00:00:00.000Z,5,5,1.59,true,1,true,2,shared
PRJ-0050711,E-0339,Project PRJ-0050711,contributor,"[""content_quality""]",2026-03-18T00:00:00.000Z,2026-04-21T00:00:00.000Z,3,1,3.56,false,1,false,6,team
PRJ-0050858,E-0340,Project PRJ-0050858,contributor,"[""problem_solving"",""communication"",""roadmap_prioritization""]",2025-01-08T00:00:00.000Z,2025-02-28T00:00:00.000Z,2,3,2.92,true,0,false,7,team
PRJ-0050862,E-0340,Project PRJ-0050862,contributor,"[""problem_solving""]",2025-07-30T00:00:00.000Z,2025-09-28T00:00:00.000Z,1,1,1.69,true,0,false,3,individual
PRJ-0050864,E-0340,Project PRJ-0050864,owner,"[""communication"",""execution""]",2024-12-30T00:00:00.000Z,2025-02-02T00:00:00.000Z,4,2,2.38,true,0,true,7,shared
PRJ-0050867,E-0340,Project PRJ-0050867,lead,"[""roadmap_prioritization""]",2025-11-01T00:00:00.000Z,2025-12-11T00:00:00.000Z,4,3,2.95,false,2,true,3,individual
PRJ-0050996,E-0341,Project PRJ-0050996,lead,"[""problem_solving""]",2024-10-13T00:00:00.000Z,2024-11-18T00:00:00.000Z,1,5,3.02,true,3,false,6,shared
PRJ-0050998,E-0341,Project PRJ-0050998,lead,"[""problem_solving"",""communication"",""collaboration""]",2024-10-25T00:00:00.000Z,2024-12-05T00:00:00.000Z,1,3,1.25,true,4,false,5,individual
PRJ-0051002,E-0341,Project PRJ-0051002,owner,"[""ux_research"",""communication"",""collaboration""]",2026-01-25T00:00:00.000Z,2026-03-02T00:00:00.000Z,4,2,2.68,true,0,true,4,shared
PRJ-0051006,E-0341,Project PRJ-0051006,contributor,"[""problem_solving""]",2025-08-21T00:00:00.000Z,2025-10-22T00:00:00.000Z,1,5,2.93,true,2,false,2,shared
PRJ-0051165,E-0342,Project PRJ-0051165,contributor,"[""problem_solving""]",2026-09-28T00:00:00.000Z,2026-11-04T00:00:00.000Z,4,1,3.37,true,1,true,5,individual
PRJ-0051167,E-0342,Project PRJ-0051167,contributor,"[""compliance_rigor"",""problem_solving""]",2025-08-18T00:00:00.000Z,2025-10-19T00:00:00.000Z,4,5,2.53,false,2,true,5,shared
PRJ-0051287,E-0343,Project PRJ-0051287,owner,"[""policy_navigation""]",2024-12-08T00:00:00.000Z,2025-02-12T00:00:00.000Z,4,4,1.99,true,1,true,3,individual
PRJ-0051289,E-0343,Project PRJ-0051289,lead,"[""problem_solving"",""talent_assessment"",""collaboration""]",2025-04-03T00:00:00.000Z,2025-05-04T00:00:00.000Z,3,4,2.2,false,4,false,5,individual
PRJ-0051293,E-0343,Project PRJ-0051293,lead,"[""talent_assessment"",""collaboration""]",2025-05-19T00:00:00.000Z,2025-06-27T00:00:00.000Z,4,1,1.15,true,0,true,2,individual
PRJ-0051402,E-0344,Project PRJ-0051402,contributor,"[""execution"",""customer_resolution""]",2025-11-27T00:00:00.000Z,2026-01-20T00:00:00.000Z,5,3,3.06,true,3,true,6,individual
PRJ-0051405,E-0344,Project PRJ-0051405,owner,"[""execution"",""communication""]",2025-05-11T00:00:00.000Z,2025-07-01T00:00:00.000Z,5,3,2.44,true,1,true,5,shared
PRJ-0051545,E-0345,Project PRJ-0051545,owner,"[""collaboration"",""problem_solving"",""system_design""]",2026-07-11T00:00:00.000Z,2026-08-22T00:00:00.000Z,3,1,2.14,false,1,false,6,individual
PRJ-0051549,E-0345,Project PRJ-0051549,contributor,"[""execution"",""problem_solving""]",2026-05-21T00:00:00.000Z,2026-07-03T00:00:00.000Z,1,1,2.97,true,1,false,6,individual
PRJ-0051644,E-0346,Project PRJ-0051644,lead,"[""execution"",""collaboration"",""pipeline_mgmt""]",2025-08-20T00:00:00.000Z,2025-10-05T00:00:00.000Z,2,3,1.92,true,2,false,5,individual
PRJ-0051648,E-0346,Project PRJ-0051648,lead,"[""execution"",""negotiation""]",2025-05-21T00:00:00.000Z,2025-07-24T00:00:00.000Z,5,5,1.6,true,2,true,2,individual
PRJ-0051651,E-0346,Project PRJ-0051651,lead,"[""pipeline_mgmt"",""collaboration""]",2026-03-25T00:00:00.000Z,2026-05-11T00:00:00.000Z,2,2,1.56,true,3,false,5,shared
PRJ-0051654,E-0346,Project PRJ-0051654,contributor,"[""negotiation"",""problem_solving"",""execution""]",2025-07-13T00:00:00.000Z,2025-08-20T00:00:00.000Z,2,1,1.91,true,3,false,7,shared
PRJ-0051765,E-0347,Project PRJ-0051765,contributor,"[""problem_solving"",""communication"",""content_quality""]",2025-12-20T00:00:00.000Z,2026-02-25T00:00:00.000Z,4,5,1.51,false,4,true,5,team
PRJ-0051769,E-0347,Project PRJ-0051769,lead,"[""content_quality""]",2025-03-19T00:00:00.000Z,2025-05-04T00:00:00.000Z,5,2,1.48,true,2,true,6,individual
PRJ-0051771,E-0347,Project PRJ-0051771,contributor,"[""content_quality""]",2025-08-25T00:00:00.000Z,2025-10-05T00:00:00.000Z,5,3,2.1,true,1,true,2,individual
PRJ-0051773,E-0347,Project PRJ-0051773,contributor,"[""collaboration"",""problem_solving""]",2025-12-21T00:00:00.000Z,2026-01-26T00:00:00.000Z,3,5,1.38,true,2,false,8,individual
PRJ-0051918,E-0348,Project PRJ-0051918,contributor,"[""communication""]",2026-02-26T00:00:00.000Z,2026-04-19T00:00:00.000Z,2,5,2.14,false,4,false,3,individual
PRJ-0051920,E-0348,Project PRJ-0051920,owner,"[""roadmap_prioritization"",""collaboration"",""execution""]",2025-08-18T00:00:00.000Z,2025-09-18T00:00:00.000Z,2,3,1.69,false,1,false,7,shared
PRJ-0051924,E-0348,Project PRJ-0051924,lead,"[""problem_solving"",""roadmap_prioritization"",""communication""]",2026-01-29T00:00:00.000Z,2026-03-09T00:00:00.000Z,4,5,1.56,false,1,true,3,team
PRJ-0052074,E-0349,Project PRJ-0052074,contributor,"[""ux_research"",""collaboration"",""visual_craft""]",2026-07-21T00:00:00.000Z,2026-09-23T00:00:00.000Z,3,4,2.97,false,4,false,7,shared
PRJ-0052078,E-0349,Project PRJ-0052078,contributor,"[""problem_solving""]",2026-06-14T00:00:00.000Z,2026-08-16T00:00:00.000Z,2,5,1.58,true,4,false,5,team
PRJ-0052080,E-0349,Project PRJ-0052080,contributor,"[""execution"",""communication""]",2024-12-28T00:00:00.000Z,2025-02-27T00:00:00.000Z,4,4,1.18,false,4,true,3,team
PRJ-0052186,E-0350,Project PRJ-0052186,owner,"[""collaboration"",""compliance_rigor"",""execution""]",2024-10-26T00:00:00.000Z,2024-12-06T00:00:00.000Z,1,2,1.64,true,1,false,8,team
PRJ-0052190,E-0350,Project PRJ-0052190,owner,"[""communication"",""financial_modeling""]",2026-02-20T00:00:00.000Z,2026-04-17T00:00:00.000Z,2,2,3.64,false,3,false,8,individual
PRJ-0052193,E-0350,Project PRJ-0052193,contributor,"[""communication""]",2026-01-20T00:00:00.000Z,2026-02-22T00:00:00.000Z,2,3,3.78,true,4,false,3,team
PRJ-0052318,E-0351,Project PRJ-0052318,owner,"[""policy_navigation"",""problem_solving""]",2025-02-15T00:00:00.000Z,2025-04-13T00:00:00.000Z,3,2,1.72,false,2,false,7,individual
PRJ-0052321,E-0351,Project PRJ-0052321,owner,"[""policy_navigation"",""problem_solving""]",2024-12-09T00:00:00.000Z,2025-02-08T00:00:00.000Z,2,1,1.89,true,3,false,2,individual
PRJ-0052324,E-0351,Project PRJ-0052324,contributor,"[""execution""]",2026-07-14T00:00:00.000Z,2026-09-12T00:00:00.000Z,1,2,3.28,true,1,false,6,team
PRJ-0052326,E-0351,Project PRJ-0052326,contributor,"[""policy_navigation""]",2025-02-03T00:00:00.000Z,2025-03-15T00:00:00.000Z,5,3,1,true,1,true,6,shared
PRJ-0052470,E-0352,Project PRJ-0052470,contributor,"[""problem_solving"",""customer_resolution"",""execution""]",2025-11-26T00:00:00.000Z,2026-01-30T00:00:00.000Z,1,3,3.31,true,3,false,5,individual
PRJ-0052474,E-0352,Project PRJ-0052474,owner,"[""execution""]",2025-04-16T00:00:00.000Z,2025-06-08T00:00:00.000Z,2,2,1.37,true,3,false,6,individual
PRJ-0052476,E-0352,Project PRJ-0052476,owner,"[""collaboration""]",2024-10-01T00:00:00.000Z,2024-12-07T00:00:00.000Z,1,3,4.46,false,4,false,8,shared
PRJ-0052478,E-0352,Project PRJ-0052478,owner,"[""communication"",""troubleshooting""]",2025-10-29T00:00:00.000Z,2025-12-07T00:00:00.000Z,1,2,2.03,true,4,false,4,team
PRJ-0052596,E-0353,Project PRJ-0052596,owner,"[""execution"",""collaboration""]",2026-08-19T00:00:00.000Z,2026-10-03T00:00:00.000Z,4,5,2.42,true,1,true,5,team
PRJ-0052599,E-0353,Project PRJ-0052599,owner,"[""system_design"",""code_quality""]",2025-06-20T00:00:00.000Z,2025-07-21T00:00:00.000Z,5,2,4.09,true,0,true,2,shared
PRJ-0052602,E-0353,Project PRJ-0052602,owner,"[""code_quality""]",2025-02-26T00:00:00.000Z,2025-04-21T00:00:00.000Z,5,3,3.34,false,2,true,3,individual
PRJ-0052742,E-0354,Project PRJ-0052742,contributor,"[""execution"",""collaboration"",""negotiation""]",2025-08-13T00:00:00.000Z,2025-10-16T00:00:00.000Z,1,4,3.03,true,1,false,3,shared
PRJ-0052746,E-0354,Project PRJ-0052746,owner,"[""pipeline_mgmt""]",2026-01-16T00:00:00.000Z,2026-03-23T00:00:00.000Z,5,4,3.28,false,2,true,5,team
PRJ-0052748,E-0354,Project PRJ-0052748,contributor,"[""execution"",""collaboration""]",2025-02-28T00:00:00.000Z,2025-04-13T00:00:00.000Z,1,5,2.68,true,4,false,6,shared
PRJ-0052886,E-0355,Project PRJ-0052886,contributor,"[""collaboration"",""execution""]",2025-12-23T00:00:00.000Z,2026-02-28T00:00:00.000Z,1,1,1.76,true,4,false,4,individual
PRJ-0052889,E-0355,Project PRJ-0052889,owner,"[""collaboration"",""content_quality""]",2025-08-24T00:00:00.000Z,2025-10-06T00:00:00.000Z,1,2,1.77,true,3,false,3,individual
PRJ-0052892,E-0355,Project PRJ-0052892,owner,"[""content_quality""]",2026-01-28T00:00:00.000Z,2026-03-15T00:00:00.000Z,2,1,1.15,true,0,false,2,shared
PRJ-0052894,E-0355,Project PRJ-0052894,owner,"[""execution"",""communication""]",2024-10-05T00:00:00.000Z,2024-12-05T00:00:00.000Z,3,3,1,true,2,false,7,shared
PRJ-0052976,E-0356,Project PRJ-0052976,owner,"[""communication"",""stakeholder_alignment""]",2025-04-07T00:00:00.000Z,2025-06-10T00:00:00.000Z,3,1,2.96,true,1,false,7,individual
PRJ-0052979,E-0356,Project PRJ-0052979,contributor,"[""stakeholder_alignment""]",2026-05-18T00:00:00.000Z,2026-06-19T00:00:00.000Z,3,3,2.4,true,0,false,2,individual
PRJ-0052981,E-0356,Project PRJ-0052981,contributor,"[""problem_solving"",""roadmap_prioritization""]",2024-12-19T00:00:00.000Z,2025-01-20T00:00:00.000Z,1,3,3.56,true,0,false,2,individual
PRJ-0053141,E-0357,Project PRJ-0053141,owner,"[""collaboration"",""ux_research""]",2026-09-21T00:00:00.000Z,2026-11-28T00:00:00.000Z,1,1,2.27,true,0,false,8,individual
PRJ-0053144,E-0357,Project PRJ-0053144,owner,"[""collaboration""]",2026-01-18T00:00:00.000Z,2026-02-18T00:00:00.000Z,1,4,2.89,true,4,false,8,individual
PRJ-0053146,E-0357,Project PRJ-0053146,lead,"[""problem_solving"",""communication"",""visual_craft""]",2025-07-31T00:00:00.000Z,2025-09-04T00:00:00.000Z,1,3,1.09,false,3,false,8,individual
PRJ-0053291,E-0358,Project PRJ-0053291,contributor,"[""problem_solving""]",2025-09-13T00:00:00.000Z,2025-11-09T00:00:00.000Z,4,2,1.33,true,4,true,4,shared
PRJ-0053293,E-0358,Project PRJ-0053293,owner,"[""financial_modeling"",""problem_solving"",""execution""]",2024-12-24T00:00:00.000Z,2025-02-25T00:00:00.000Z,3,3,1.96,true,4,false,5,shared
PRJ-0053297,E-0358,Project PRJ-0053297,lead,"[""collaboration"",""compliance_rigor""]",2025-04-01T00:00:00.000Z,2025-06-02T00:00:00.000Z,1,4,2.1,false,3,false,5,individual
PRJ-0053427,E-0359,Project PRJ-0053427,lead,"[""execution"",""communication"",""collaboration""]",2025-08-02T00:00:00.000Z,2025-09-11T00:00:00.000Z,4,5,1.68,false,3,true,6,shared
PRJ-0053431,E-0359,Project PRJ-0053431,owner,"[""policy_navigation"",""talent_assessment"",""problem_solving""]",2024-11-07T00:00:00.000Z,2025-01-01T00:00:00.000Z,3,3,1,true,3,false,6,shared
PRJ-0053435,E-0359,Project PRJ-0053435,owner,"[""problem_solving"",""collaboration""]",2026-08-19T00:00:00.000Z,2026-10-25T00:00:00.000Z,3,1,2.44,false,4,false,4,individual
PRJ-0053438,E-0359,Project PRJ-0053438,lead,"[""talent_assessment"",""policy_navigation""]",2025-03-14T00:00:00.000Z,2025-04-19T00:00:00.000Z,2,4,1.4,true,0,false,6,shared
PRJ-0053609,E-0360,Project PRJ-0053609,owner,"[""collaboration"",""execution""]",2026-03-17T00:00:00.000Z,2026-05-05T00:00:00.000Z,1,4,1.01,true,3,false,5,individual
PRJ-0053612,E-0360,Project PRJ-0053612,contributor,"[""problem_solving"",""execution""]",2025-04-27T00:00:00.000Z,2025-06-11T00:00:00.000Z,3,4,2.37,false,3,false,5,team
PRJ-0053735,E-0361,Project PRJ-0053735,owner,"[""collaboration""]",2025-12-17T00:00:00.000Z,2026-02-13T00:00:00.000Z,2,2,3.03,false,0,false,5,shared
PRJ-0053737,E-0361,Project PRJ-0053737,contributor,"[""code_quality"",""collaboration"",""system_design""]",2025-04-24T00:00:00.000Z,2025-05-27T00:00:00.000Z,2,1,2.18,false,2,false,5,team
PRJ-0053741,E-0361,Project PRJ-0053741,owner,"[""communication""]",2026-07-09T00:00:00.000Z,2026-08-30T00:00:00.000Z,5,4,3.67,true,0,true,5,shared
PRJ-0053888,E-0362,Project PRJ-0053888,owner,"[""collaboration"",""pipeline_mgmt""]",2025-12-05T00:00:00.000Z,2026-01-11T00:00:00.000Z,2,3,2.04,false,1,false,7,individual
PRJ-0053891,E-0362,Project PRJ-0053891,contributor,"[""problem_solving"",""pipeline_mgmt""]",2025-08-28T00:00:00.000Z,2025-10-20T00:00:00.000Z,1,2,2.16,true,3,false,2,individual
PRJ-0054042,E-0363,Project PRJ-0054042,contributor,"[""execution"",""communication"",""problem_solving""]",2025-05-30T00:00:00.000Z,2025-07-08T00:00:00.000Z,5,2,3.09,true,3,true,6,shared
PRJ-0054046,E-0363,Project PRJ-0054046,lead,"[""execution"",""campaign_strategy""]",2026-07-08T00:00:00.000Z,2026-08-25T00:00:00.000Z,5,5,3.86,true,3,true,7,individual
PRJ-0054049,E-0363,Project PRJ-0054049,contributor,"[""communication"",""collaboration""]",2025-10-16T00:00:00.000Z,2025-12-11T00:00:00.000Z,1,5,3.01,true,3,false,5,shared
PRJ-0054176,E-0364,Project PRJ-0054176,lead,"[""execution"",""communication"",""stakeholder_alignment""]",2024-12-31T00:00:00.000Z,2025-03-03T00:00:00.000Z,4,3,1.2,true,4,true,3,shared
PRJ-0054180,E-0364,Project PRJ-0054180,contributor,"[""collaboration"",""problem_solving""]",2025-03-24T00:00:00.000Z,2025-04-24T00:00:00.000Z,3,2,1.39,true,0,false,6,individual
PRJ-0054183,E-0364,Project PRJ-0054183,owner,"[""roadmap_prioritization""]",2024-12-27T00:00:00.000Z,2025-01-30T00:00:00.000Z,1,1,1.09,false,1,false,7,individual
PRJ-0054332,E-0365,Project PRJ-0054332,owner,"[""visual_craft"",""problem_solving""]",2025-01-06T00:00:00.000Z,2025-02-24T00:00:00.000Z,2,4,1.74,true,1,false,8,shared
PRJ-0054335,E-0365,Project PRJ-0054335,lead,"[""communication"",""execution"",""ux_research""]",2026-08-15T00:00:00.000Z,2026-10-03T00:00:00.000Z,1,5,2.91,true,3,false,3,individual
PRJ-0054339,E-0365,Project PRJ-0054339,contributor,"[""ux_research"",""execution"",""visual_craft""]",2026-03-19T00:00:00.000Z,2026-04-26T00:00:00.000Z,1,3,3.1,true,3,false,4,shared
PRJ-0054343,E-0365,Project PRJ-0054343,contributor,"[""visual_craft"",""execution"",""ux_research""]",2025-09-18T00:00:00.000Z,2025-11-17T00:00:00.000Z,1,1,2.29,true,3,false,5,shared
PRJ-0054509,E-0366,Project PRJ-0054509,owner,"[""financial_modeling""]",2024-10-15T00:00:00.000Z,2024-11-16T00:00:00.000Z,3,2,4.49,false,0,false,5,team
PRJ-0054511,E-0366,Project PRJ-0054511,lead,"[""execution""]",2026-09-22T00:00:00.000Z,2026-10-28T00:00:00.000Z,4,2,3.9,true,2,true,7,team
PRJ-0054656,E-0367,Project PRJ-0054656,owner,"[""execution"",""communication"",""talent_assessment""]",2024-10-16T00:00:00.000Z,2024-12-02T00:00:00.000Z,4,5,1.12,true,1,true,6,individual
PRJ-0054660,E-0367,Project PRJ-0054660,lead,"[""problem_solving""]",2025-04-23T00:00:00.000Z,2025-06-03T00:00:00.000Z,4,2,1.73,false,4,true,8,individual
PRJ-0054810,E-0368,Project PRJ-0054810,lead,"[""execution""]",2025-12-09T00:00:00.000Z,2026-01-13T00:00:00.000Z,3,1,3.05,true,4,false,3,individual
PRJ-0054812,E-0368,Project PRJ-0054812,contributor,"[""collaboration"",""communication""]",2026-01-27T00:00:00.000Z,2026-03-18T00:00:00.000Z,4,1,1.64,true,2,true,6,team
PRJ-0054815,E-0368,Project PRJ-0054815,owner,"[""collaboration""]",2025-12-30T00:00:00.000Z,2026-03-05T00:00:00.000Z,4,3,1,true,3,true,6,team
PRJ-0054956,E-0369,Project PRJ-0054956,contributor,"[""system_design""]",2026-04-05T00:00:00.000Z,2026-05-06T00:00:00.000Z,2,3,3.53,true,0,false,2,individual
PRJ-0054958,E-0369,Project PRJ-0054958,owner,"[""code_quality"",""problem_solving""]",2026-06-14T00:00:00.000Z,2026-07-24T00:00:00.000Z,2,5,2.71,true,2,false,4,shared
PRJ-0054961,E-0369,Project PRJ-0054961,contributor,"[""collaboration""]",2026-08-23T00:00:00.000Z,2026-10-10T00:00:00.000Z,2,4,4.22,true,0,false,4,shared
PRJ-0054963,E-0369,Project PRJ-0054963,lead,"[""system_design"",""communication"",""code_quality""]",2025-04-15T00:00:00.000Z,2025-05-19T00:00:00.000Z,2,4,2.06,false,1,false,8,team
PRJ-0055116,E-0370,Project PRJ-0055116,lead,"[""pipeline_mgmt"",""negotiation"",""communication""]",2024-12-25T00:00:00.000Z,2025-02-10T00:00:00.000Z,4,1,2.99,false,4,true,6,individual
PRJ-0055120,E-0370,Project PRJ-0055120,owner,"[""collaboration"",""communication""]",2024-11-03T00:00:00.000Z,2024-12-24T00:00:00.000Z,5,2,2.3,true,4,true,5,shared
PRJ-0055123,E-0370,Project PRJ-0055123,contributor,"[""execution""]",2026-07-17T00:00:00.000Z,2026-08-29T00:00:00.000Z,3,5,2.33,false,0,false,5,shared
PRJ-0055284,E-0371,Project PRJ-0055284,owner,"[""communication"",""campaign_strategy""]",2025-05-01T00:00:00.000Z,2025-06-14T00:00:00.000Z,1,5,1.95,true,2,false,5,shared
PRJ-0055287,E-0371,Project PRJ-0055287,contributor,"[""collaboration"",""campaign_strategy"",""execution""]",2025-10-07T00:00:00.000Z,2025-12-14T00:00:00.000Z,1,4,1.21,true,0,false,5,shared
PRJ-0055291,E-0371,Project PRJ-0055291,lead,"[""collaboration"",""content_quality"",""execution""]",2026-03-30T00:00:00.000Z,2026-05-27T00:00:00.000Z,4,3,2.08,true,0,true,2,team
PRJ-0055420,E-0372,Project PRJ-0055420,lead,"[""execution""]",2026-08-04T00:00:00.000Z,2026-09-24T00:00:00.000Z,4,4,3.65,true,0,true,4,individual
PRJ-0055422,E-0372,Project PRJ-0055422,contributor,"[""execution"",""roadmap_prioritization""]",2025-01-11T00:00:00.000Z,2025-02-23T00:00:00.000Z,1,3,1.95,true,2,false,2,individual
PRJ-0055425,E-0372,Project PRJ-0055425,contributor,"[""problem_solving""]",2026-07-09T00:00:00.000Z,2026-09-08T00:00:00.000Z,1,4,2.48,true,2,false,8,shared
PRJ-0055562,E-0373,Project PRJ-0055562,contributor,"[""problem_solving""]",2026-05-31T00:00:00.000Z,2026-07-05T00:00:00.000Z,1,5,3.29,false,1,false,5,individual
PRJ-0055564,E-0373,Project PRJ-0055564,contributor,"[""visual_craft""]",2024-11-14T00:00:00.000Z,2025-01-20T00:00:00.000Z,1,2,2.96,true,2,false,8,shared
PRJ-0055710,E-0374,Project PRJ-0055710,contributor,"[""compliance_rigor"",""communication"",""execution""]",2025-01-20T00:00:00.000Z,2025-03-19T00:00:00.000Z,4,4,1.64,false,1,true,8,team
PRJ-0055714,E-0374,Project PRJ-0055714,owner,"[""communication"",""problem_solving"",""compliance_rigor""]",2025-08-30T00:00:00.000Z,2025-10-12T00:00:00.000Z,4,4,1.93,true,0,true,2,individual
PRJ-0055718,E-0374,Project PRJ-0055718,lead,"[""collaboration"",""problem_solving""]",2025-10-23T00:00:00.000Z,2025-12-27T00:00:00.000Z,4,4,3.08,true,1,true,3,team
PRJ-0055721,E-0374,Project PRJ-0055721,owner,"[""compliance_rigor"",""financial_modeling""]",2024-12-02T00:00:00.000Z,2025-01-14T00:00:00.000Z,1,5,1.25,true,1,false,6,individual
PRJ-0055839,E-0375,Project PRJ-0055839,contributor,"[""execution"",""communication"",""problem_solving""]",2025-07-15T00:00:00.000Z,2025-09-16T00:00:00.000Z,4,1,2.36,true,4,true,4,team
PRJ-0055843,E-0375,Project PRJ-0055843,lead,"[""communication"",""policy_navigation""]",2025-03-21T00:00:00.000Z,2025-04-24T00:00:00.000Z,2,1,1.81,true,2,false,8,team
PRJ-0055846,E-0375,Project PRJ-0055846,owner,"[""collaboration"",""problem_solving""]",2026-07-15T00:00:00.000Z,2026-09-15T00:00:00.000Z,3,2,3.08,true,4,false,5,shared
PRJ-0055849,E-0375,Project PRJ-0055849,contributor,"[""problem_solving"",""policy_navigation"",""collaboration""]",2025-02-18T00:00:00.000Z,2025-04-04T00:00:00.000Z,4,5,1.43,true,4,true,8,team
PRJ-0056006,E-0376,Project PRJ-0056006,contributor,"[""execution""]",2024-11-16T00:00:00.000Z,2025-01-17T00:00:00.000Z,4,1,1.66,true,2,true,8,individual
PRJ-0056008,E-0376,Project PRJ-0056008,contributor,"[""troubleshooting""]",2026-05-14T00:00:00.000Z,2026-06-18T00:00:00.000Z,4,2,2.07,false,2,true,2,individual
PRJ-0056156,E-0377,Project PRJ-0056156,contributor,"[""problem_solving"",""execution""]",2026-06-15T00:00:00.000Z,2026-08-23T00:00:00.000Z,4,4,1.81,true,1,true,4,individual
PRJ-0056159,E-0377,Project PRJ-0056159,owner,"[""communication""]",2026-08-01T00:00:00.000Z,2026-09-29T00:00:00.000Z,1,5,1.49,false,2,false,8,shared
PRJ-0056161,E-0377,Project PRJ-0056161,owner,"[""code_quality""]",2025-05-16T00:00:00.000Z,2025-06-26T00:00:00.000Z,5,3,3.7,true,1,true,7,individual
PRJ-0056319,E-0378,Project PRJ-0056319,lead,"[""problem_solving"",""pipeline_mgmt""]",2025-08-21T00:00:00.000Z,2025-10-22T00:00:00.000Z,4,2,1.81,true,0,true,5,individual
PRJ-0056322,E-0378,Project PRJ-0056322,owner,"[""collaboration"",""communication"",""problem_solving""]",2025-11-22T00:00:00.000Z,2026-01-29T00:00:00.000Z,1,1,1.82,true,4,false,6,individual
PRJ-0056471,E-0379,Project PRJ-0056471,lead,"[""problem_solving"",""content_quality"",""execution""]",2024-10-14T00:00:00.000Z,2024-11-26T00:00:00.000Z,4,2,1.23,true,1,true,7,individual
PRJ-0056475,E-0379,Project PRJ-0056475,contributor,"[""campaign_strategy"",""execution"",""problem_solving""]",2026-08-14T00:00:00.000Z,2026-10-08T00:00:00.000Z,1,4,3.21,false,4,false,4,shared
PRJ-0056479,E-0379,Project PRJ-0056479,owner,"[""campaign_strategy"",""execution""]",2025-07-12T00:00:00.000Z,2025-08-18T00:00:00.000Z,4,5,2.44,true,2,true,3,shared
PRJ-0056482,E-0379,Project PRJ-0056482,contributor,"[""execution"",""content_quality"",""communication""]",2025-10-23T00:00:00.000Z,2025-11-24T00:00:00.000Z,2,5,1.48,true,0,false,5,individual
PRJ-0056625,E-0380,Project PRJ-0056625,contributor,"[""problem_solving"",""communication""]",2025-09-02T00:00:00.000Z,2025-11-09T00:00:00.000Z,2,1,2.47,true,0,false,3,individual
PRJ-0056628,E-0380,Project PRJ-0056628,owner,"[""communication"",""execution""]",2025-05-24T00:00:00.000Z,2025-07-08T00:00:00.000Z,2,2,1.19,false,3,false,4,individual
PRJ-0056631,E-0380,Project PRJ-0056631,owner,"[""execution""]",2025-05-16T00:00:00.000Z,2025-07-04T00:00:00.000Z,4,5,1,true,4,true,3,team
PRJ-0056633,E-0380,Project PRJ-0056633,lead,"[""roadmap_prioritization"",""execution"",""stakeholder_alignment""]",2025-03-06T00:00:00.000Z,2025-04-20T00:00:00.000Z,4,1,1.59,true,0,true,4,shared
PRJ-0056797,E-0381,Project PRJ-0056797,lead,"[""visual_craft"",""collaboration"",""communication""]",2025-04-08T00:00:00.000Z,2025-06-08T00:00:00.000Z,5,2,1,true,1,true,6,team
PRJ-0056801,E-0381,Project PRJ-0056801,contributor,"[""communication"",""collaboration"",""problem_solving""]",2025-06-09T00:00:00.000Z,2025-08-06T00:00:00.000Z,2,3,1.24,true,4,false,4,individual
PRJ-0056952,E-0382,Project PRJ-0056952,lead,"[""financial_modeling"",""collaboration"",""compliance_rigor""]",2026-06-04T00:00:00.000Z,2026-08-03T00:00:00.000Z,2,2,1.52,true,2,false,5,individual
PRJ-0056956,E-0382,Project PRJ-0056956,lead,"[""execution""]",2025-09-26T00:00:00.000Z,2025-12-01T00:00:00.000Z,5,1,2.34,true,3,true,7,individual
PRJ-0057086,E-0383,Project PRJ-0057086,owner,"[""policy_navigation"",""talent_assessment"",""execution""]",2026-05-07T00:00:00.000Z,2026-06-18T00:00:00.000Z,4,4,2.89,false,3,true,8,individual
PRJ-0057090,E-0383,Project PRJ-0057090,owner,"[""problem_solving""]",2025-10-06T00:00:00.000Z,2025-12-07T00:00:00.000Z,4,1,2.3,true,3,true,2,team
PRJ-0057092,E-0383,Project PRJ-0057092,owner,"[""collaboration""]",2025-09-04T00:00:00.000Z,2025-10-16T00:00:00.000Z,1,1,2.38,true,3,false,4,individual
PRJ-0057094,E-0383,Project PRJ-0057094,contributor,"[""policy_navigation""]",2025-04-16T00:00:00.000Z,2025-05-19T00:00:00.000Z,5,1,1.62,true,0,true,6,team
PRJ-0057215,E-0384,Project PRJ-0057215,contributor,"[""troubleshooting"",""collaboration"",""customer_resolution""]",2026-09-04T00:00:00.000Z,2026-11-10T00:00:00.000Z,5,4,4.11,true,4,true,8,shared
PRJ-0057219,E-0384,Project PRJ-0057219,lead,"[""execution""]",2025-12-07T00:00:00.000Z,2026-02-06T00:00:00.000Z,1,2,2.82,true,2,false,6,shared
PRJ-0057221,E-0384,Project PRJ-0057221,lead,"[""troubleshooting""]",2025-04-19T00:00:00.000Z,2025-06-10T00:00:00.000Z,3,4,2.47,false,3,false,7,team
PRJ-0057381,E-0385,Project PRJ-0057381,contributor,"[""code_quality"",""system_design""]",2026-07-05T00:00:00.000Z,2026-08-28T00:00:00.000Z,2,3,1.75,true,0,false,3,shared
PRJ-0057384,E-0385,Project PRJ-0057384,owner,"[""execution""]",2025-06-03T00:00:00.000Z,2025-07-30T00:00:00.000Z,4,4,1.4,true,4,true,5,shared
PRJ-0057386,E-0385,Project PRJ-0057386,lead,"[""collaboration"",""code_quality"",""execution""]",2025-04-04T00:00:00.000Z,2025-05-30T00:00:00.000Z,1,3,2.15,true,2,false,8,shared
PRJ-0057545,E-0386,Project PRJ-0057545,owner,"[""collaboration""]",2025-09-28T00:00:00.000Z,2025-11-10T00:00:00.000Z,4,4,1.48,true,2,true,5,team
PRJ-0057547,E-0386,Project PRJ-0057547,contributor,"[""pipeline_mgmt"",""communication""]",2025-02-17T00:00:00.000Z,2025-03-25T00:00:00.000Z,2,4,1.9,false,0,false,5,team
PRJ-0057550,E-0386,Project PRJ-0057550,contributor,"[""communication""]",2026-04-26T00:00:00.000Z,2026-06-21T00:00:00.000Z,3,3,2.83,true,1,false,3,individual
PRJ-0057707,E-0387,Project PRJ-0057707,owner,"[""communication""]",2025-06-22T00:00:00.000Z,2025-07-29T00:00:00.000Z,5,3,2.55,false,0,true,3,shared
PRJ-0057709,E-0387,Project PRJ-0057709,owner,"[""content_quality"",""collaboration""]",2025-02-10T00:00:00.000Z,2025-04-02T00:00:00.000Z,2,2,1.09,true,4,false,6,individual
PRJ-0057712,E-0387,Project PRJ-0057712,owner,"[""content_quality"",""problem_solving""]",2025-07-20T00:00:00.000Z,2025-09-04T00:00:00.000Z,5,4,2.24,true,4,true,8,individual
PRJ-0057715,E-0387,Project PRJ-0057715,contributor,"[""content_quality"",""execution""]",2025-06-15T00:00:00.000Z,2025-08-08T00:00:00.000Z,2,2,1.6,true,3,false,3,individual
PRJ-0057866,E-0388,Project PRJ-0057866,lead,"[""roadmap_prioritization""]",2025-04-18T00:00:00.000Z,2025-06-17T00:00:00.000Z,3,3,2.85,true,4,false,6,shared
PRJ-0057868,E-0388,Project PRJ-0057868,lead,"[""communication"",""collaboration""]",2024-12-29T00:00:00.000Z,2025-02-10T00:00:00.000Z,1,4,1.39,true,2,false,7,individual
PRJ-0057871,E-0388,Project PRJ-0057871,lead,"[""roadmap_prioritization"",""execution""]",2025-05-08T00:00:00.000Z,2025-07-03T00:00:00.000Z,3,5,1.47,true,2,false,3,team
PRJ-0057874,E-0388,Project PRJ-0057874,lead,"[""problem_solving""]",2025-07-17T00:00:00.000Z,2025-09-18T00:00:00.000Z,3,3,1.7,true,3,false,7,individual
PRJ-0057988,E-0389,Project PRJ-0057988,contributor,"[""visual_craft""]",2025-06-12T00:00:00.000Z,2025-07-13T00:00:00.000Z,5,5,3.67,true,4,true,2,shared
PRJ-0057990,E-0389,Project PRJ-0057990,lead,"[""communication"",""problem_solving"",""visual_craft""]",2025-10-15T00:00:00.000Z,2025-11-28T00:00:00.000Z,2,1,2.46,true,3,false,2,individual
PRJ-0057994,E-0389,Project PRJ-0057994,lead,"[""execution"",""collaboration""]",2026-07-02T00:00:00.000Z,2026-08-13T00:00:00.000Z,1,5,3.3,true,3,false,2,individual
PRJ-0057997,E-0389,Project PRJ-0057997,owner,"[""ux_research"",""problem_solving"",""collaboration""]",2025-12-24T00:00:00.000Z,2026-02-12T00:00:00.000Z,3,2,1.69,false,2,false,3,individual
PRJ-0058146,E-0390,Project PRJ-0058146,owner,"[""compliance_rigor""]",2025-08-20T00:00:00.000Z,2025-09-26T00:00:00.000Z,3,3,2.4,false,2,false,6,shared
PRJ-0058148,E-0390,Project PRJ-0058148,contributor,"[""collaboration"",""execution"",""financial_modeling""]",2026-07-13T00:00:00.000Z,2026-08-24T00:00:00.000Z,2,4,2.32,true,0,false,6,individual
PRJ-0058152,E-0390,Project PRJ-0058152,lead,"[""financial_modeling"",""compliance_rigor""]",2024-12-03T00:00:00.000Z,2025-01-20T00:00:00.000Z,1,4,3.11,true,4,false,4,individual
PRJ-0058298,E-0391,Project PRJ-0058298,contributor,"[""problem_solving"",""policy_navigation"",""execution""]",2026-01-25T00:00:00.000Z,2026-03-28T00:00:00.000Z,4,2,2.14,true,1,true,4,team
PRJ-0058302,E-0391,Project PRJ-0058302,owner,"[""execution""]",2025-02-16T00:00:00.000Z,2025-04-24T00:00:00.000Z,4,3,1.52,false,0,true,7,shared
PRJ-0058304,E-0391,Project PRJ-0058304,contributor,"[""talent_assessment"",""collaboration"",""policy_navigation""]",2025-12-02T00:00:00.000Z,2026-01-22T00:00:00.000Z,1,5,2.22,true,0,false,6,shared
PRJ-0058308,E-0391,Project PRJ-0058308,lead,"[""execution""]",2025-08-20T00:00:00.000Z,2025-10-26T00:00:00.000Z,2,5,1.9,true,3,false,6,shared
PRJ-0058448,E-0392,Project PRJ-0058448,lead,"[""troubleshooting""]",2026-03-30T00:00:00.000Z,2026-05-04T00:00:00.000Z,2,5,1.29,false,2,false,2,individual
PRJ-0058450,E-0392,Project PRJ-0058450,lead,"[""problem_solving"",""collaboration""]",2026-05-15T00:00:00.000Z,2026-06-25T00:00:00.000Z,5,4,1.89,false,0,true,4,shared
PRJ-0058589,E-0393,Project PRJ-0058589,owner,"[""execution"",""communication""]",2025-05-12T00:00:00.000Z,2025-06-23T00:00:00.000Z,3,5,1.77,true,3,false,2,individual
PRJ-0058592,E-0393,Project PRJ-0058592,lead,"[""code_quality"",""system_design"",""problem_solving""]",2025-07-22T00:00:00.000Z,2025-08-21T00:00:00.000Z,4,5,1.44,true,2,true,8,team
PRJ-0058689,E-0394,Project PRJ-0058689,contributor,"[""problem_solving"",""collaboration""]",2025-08-18T00:00:00.000Z,2025-10-26T00:00:00.000Z,3,4,2.09,true,3,false,8,team
PRJ-0058692,E-0394,Project PRJ-0058692,lead,"[""negotiation""]",2024-10-17T00:00:00.000Z,2024-11-27T00:00:00.000Z,5,1,1.61,true,2,true,3,individual
PRJ-0058827,E-0395,Project PRJ-0058827,owner,"[""execution""]",2026-06-17T00:00:00.000Z,2026-08-10T00:00:00.000Z,4,1,1.01,true,1,true,5,team
PRJ-0058829,E-0395,Project PRJ-0058829,lead,"[""collaboration"",""content_quality"",""problem_solving""]",2025-12-25T00:00:00.000Z,2026-01-27T00:00:00.000Z,4,2,1.98,false,4,true,3,shared
PRJ-0058833,E-0395,Project PRJ-0058833,owner,"[""execution""]",2025-11-20T00:00:00.000Z,2025-12-27T00:00:00.000Z,3,3,1.73,true,3,false,7,shared
PRJ-0058970,E-0396,Project PRJ-0058970,contributor,"[""communication"",""problem_solving"",""collaboration""]",2026-08-24T00:00:00.000Z,2026-10-01T00:00:00.000Z,3,1,3.22,true,4,false,5,shared
PRJ-0058974,E-0396,Project PRJ-0058974,contributor,"[""stakeholder_alignment"",""roadmap_prioritization""]",2026-08-11T00:00:00.000Z,2026-09-27T00:00:00.000Z,3,4,3.46,true,3,false,6,individual
PRJ-0058977,E-0396,Project PRJ-0058977,owner,"[""stakeholder_alignment""]",2026-02-18T00:00:00.000Z,2026-04-24T00:00:00.000Z,2,5,2.34,true,1,false,4,team
PRJ-0058979,E-0396,Project PRJ-0058979,owner,"[""stakeholder_alignment""]",2025-09-08T00:00:00.000Z,2025-11-09T00:00:00.000Z,5,4,3.09,true,1,true,5,individual
PRJ-0059127,E-0397,Project PRJ-0059127,owner,"[""problem_solving"",""communication""]",2025-03-28T00:00:00.000Z,2025-05-14T00:00:00.000Z,1,2,1.35,true,4,false,7,shared
PRJ-0059130,E-0397,Project PRJ-0059130,lead,"[""communication"",""visual_craft""]",2026-09-09T00:00:00.000Z,2026-11-07T00:00:00.000Z,5,5,2.75,true,0,true,2,individual
PRJ-0059133,E-0397,Project PRJ-0059133,owner,"[""communication""]",2025-10-06T00:00:00.000Z,2025-11-15T00:00:00.000Z,5,5,1,true,0,true,8,team
PRJ-0059288,E-0398,Project PRJ-0059288,owner,"[""collaboration"",""communication"",""financial_modeling""]",2025-04-06T00:00:00.000Z,2025-05-22T00:00:00.000Z,3,2,1.53,false,0,false,7,team
PRJ-0059292,E-0398,Project PRJ-0059292,owner,"[""compliance_rigor"",""problem_solving""]",2025-10-30T00:00:00.000Z,2025-12-23T00:00:00.000Z,2,5,1.56,true,4,false,2,individual
PRJ-0059295,E-0398,Project PRJ-0059295,contributor,"[""communication""]",2026-07-21T00:00:00.000Z,2026-08-24T00:00:00.000Z,1,4,2.3,true,2,false,3,individual
PRJ-0059456,E-0399,Project PRJ-0059456,lead,"[""execution"",""policy_navigation"",""talent_assessment""]",2026-07-20T00:00:00.000Z,2026-09-04T00:00:00.000Z,5,1,2.59,true,4,true,8,shared
PRJ-0059460,E-0399,Project PRJ-0059460,owner,"[""collaboration"",""policy_navigation"",""problem_solving""]",2025-06-16T00:00:00.000Z,2025-07-17T00:00:00.000Z,5,3,3.44,true,1,true,7,shared
PRJ-0059464,E-0399,Project PRJ-0059464,contributor,"[""problem_solving"",""talent_assessment"",""execution""]",2025-10-04T00:00:00.000Z,2025-11-16T00:00:00.000Z,2,4,3.19,true,4,false,2,individual
PRJ-0059468,E-0399,Project PRJ-0059468,owner,"[""problem_solving""]",2025-05-10T00:00:00.000Z,2025-07-11T00:00:00.000Z,3,4,3.13,true,0,false,3,team
PRJ-0059595,E-0400,Project PRJ-0059595,lead,"[""collaboration"",""problem_solving"",""communication""]",2025-08-14T00:00:00.000Z,2025-09-25T00:00:00.000Z,2,3,2.31,true,0,false,8,individual
PRJ-0059599,E-0400,Project PRJ-0059599,lead,"[""communication"",""customer_resolution"",""collaboration""]",2025-09-25T00:00:00.000Z,2025-11-03T00:00:00.000Z,4,5,1.89,true,4,true,7,team
PRJ-0059603,E-0400,Project PRJ-0059603,contributor,"[""collaboration""]",2026-06-14T00:00:00.000Z,2026-07-30T00:00:00.000Z,3,2,1.25,true,3,false,6,team
PRJ-0059605,E-0400,Project PRJ-0059605,lead,"[""collaboration"",""problem_solving"",""troubleshooting""]",2025-01-22T00:00:00.000Z,2025-03-18T00:00:00.000Z,3,3,1.35,false,2,false,4,individual
PRJ-0059760,E-0401,Project PRJ-0059760,contributor,"[""execution"",""communication""]",2025-08-23T00:00:00.000Z,2025-10-22T00:00:00.000Z,2,4,3.06,false,0,false,4,individual
PRJ-0059763,E-0401,Project PRJ-0059763,lead,"[""communication""]",2025-09-19T00:00:00.000Z,2025-10-21T00:00:00.000Z,1,3,1.97,true,0,false,5,team
PRJ-0059884,E-0402,Project PRJ-0059884,lead,"[""communication"",""problem_solving"",""pipeline_mgmt""]",2025-12-22T00:00:00.000Z,2026-02-04T00:00:00.000Z,5,1,2.28,true,0,true,8,shared
PRJ-0059888,E-0402,Project PRJ-0059888,lead,"[""pipeline_mgmt""]",2025-05-27T00:00:00.000Z,2025-07-22T00:00:00.000Z,1,5,2.54,false,2,false,7,shared
PRJ-0059890,E-0402,Project PRJ-0059890,owner,"[""problem_solving"",""collaboration""]",2025-12-19T00:00:00.000Z,2026-01-21T00:00:00.000Z,4,5,1.35,true,4,true,4,team
PRJ-0059893,E-0402,Project PRJ-0059893,lead,"[""problem_solving"",""collaboration"",""communication""]",2025-02-21T00:00:00.000Z,2025-04-04T00:00:00.000Z,3,5,1.71,true,4,false,2,team
PRJ-0060042,E-0403,Project PRJ-0060042,owner,"[""execution"",""problem_solving""]",2024-10-01T00:00:00.000Z,2024-11-23T00:00:00.000Z,2,1,1.76,true,1,false,7,shared
PRJ-0060045,E-0403,Project PRJ-0060045,lead,"[""problem_solving""]",2025-01-31T00:00:00.000Z,2025-03-20T00:00:00.000Z,2,5,2.14,true,1,false,3,team
PRJ-0060047,E-0403,Project PRJ-0060047,owner,"[""content_quality""]",2026-06-22T00:00:00.000Z,2026-08-17T00:00:00.000Z,3,2,2.2,true,0,false,5,shared
PRJ-0060049,E-0403,Project PRJ-0060049,contributor,"[""content_quality""]",2026-04-25T00:00:00.000Z,2026-07-01T00:00:00.000Z,2,1,2.24,true,0,false,8,individual
PRJ-0060186,E-0404,Project PRJ-0060186,contributor,"[""collaboration""]",2026-04-12T00:00:00.000Z,2026-05-29T00:00:00.000Z,4,3,3.95,true,1,true,8,individual
PRJ-0060188,E-0404,Project PRJ-0060188,lead,"[""execution"",""stakeholder_alignment""]",2026-04-01T00:00:00.000Z,2026-05-03T00:00:00.000Z,2,4,1.61,true,2,false,3,individual
PRJ-0060191,E-0404,Project PRJ-0060191,contributor,"[""roadmap_prioritization"",""collaboration""]",2026-04-15T00:00:00.000Z,2026-05-15T00:00:00.000Z,3,5,2.13,true,3,false,7,individual
PRJ-0060338,E-0405,Project PRJ-0060338,owner,"[""communication"",""execution""]",2025-04-23T00:00:00.000Z,2025-06-11T00:00:00.000Z,2,4,1.54,true,2,false,6,individual
PRJ-0060341,E-0405,Project PRJ-0060341,lead,"[""ux_research"",""communication"",""collaboration""]",2025-12-20T00:00:00.000Z,2026-01-24T00:00:00.000Z,4,2,1.49,true,2,true,8,team
PRJ-0060405,E-0406,Project PRJ-0060405,owner,"[""execution"",""compliance_rigor""]",2025-08-16T00:00:00.000Z,2025-10-04T00:00:00.000Z,3,3,4,true,2,false,4,team
PRJ-0060408,E-0406,Project PRJ-0060408,owner,"[""execution""]",2025-08-25T00:00:00.000Z,2025-10-08T00:00:00.000Z,5,1,4.01,true,0,true,8,team
PRJ-0060410,E-0406,Project PRJ-0060410,lead,"[""execution"",""problem_solving"",""compliance_rigor""]",2025-03-17T00:00:00.000Z,2025-04-20T00:00:00.000Z,1,1,4.02,true,1,false,7,individual
PRJ-0060414,E-0406,Project PRJ-0060414,lead,"[""problem_solving"",""compliance_rigor"",""execution""]",2025-10-29T00:00:00.000Z,2025-12-20T00:00:00.000Z,5,2,3.12,true,0,true,8,shared
PRJ-0060557,E-0407,Project PRJ-0060557,contributor,"[""problem_solving"",""execution""]",2025-08-09T00:00:00.000Z,2025-09-27T00:00:00.000Z,3,3,2.49,true,3,false,5,individual
PRJ-0060560,E-0407,Project PRJ-0060560,lead,"[""collaboration"",""execution""]",2025-04-05T00:00:00.000Z,2025-05-22T00:00:00.000Z,3,1,2.15,true,3,false,5,shared
PRJ-0060563,E-0407,Project PRJ-0060563,lead,"[""policy_navigation"",""communication""]",2025-10-24T00:00:00.000Z,2025-12-30T00:00:00.000Z,1,4,1.54,true,2,false,7,individual
PRJ-0060566,E-0407,Project PRJ-0060566,lead,"[""execution"",""policy_navigation""]",2025-03-05T00:00:00.000Z,2025-04-29T00:00:00.000Z,3,2,2.13,false,0,false,7,shared
PRJ-0060714,E-0408,Project PRJ-0060714,contributor,"[""troubleshooting"",""communication"",""problem_solving""]",2026-09-06T00:00:00.000Z,2026-10-12T00:00:00.000Z,2,1,3.64,false,1,false,2,individual
PRJ-0060718,E-0408,Project PRJ-0060718,owner,"[""customer_resolution"",""execution"",""problem_solving""]",2026-01-12T00:00:00.000Z,2026-02-20T00:00:00.000Z,4,3,2.83,false,2,true,6,shared
PRJ-0060840,E-0409,Project PRJ-0060840,lead,"[""code_quality"",""problem_solving"",""system_design""]",2025-03-17T00:00:00.000Z,2025-04-22T00:00:00.000Z,3,2,1.96,false,1,false,6,shared
PRJ-0060844,E-0409,Project PRJ-0060844,contributor,"[""communication"",""collaboration"",""system_design""]",2026-07-02T00:00:00.000Z,2026-08-08T00:00:00.000Z,5,3,3.73,true,0,true,3,team
PRJ-0060848,E-0409,Project PRJ-0060848,contributor,"[""collaboration"",""problem_solving""]",2026-01-13T00:00:00.000Z,2026-02-19T00:00:00.000Z,4,1,2.57,true,4,true,3,shared
PRJ-0061002,E-0410,Project PRJ-0061002,contributor,"[""collaboration""]",2026-04-14T00:00:00.000Z,2026-06-19T00:00:00.000Z,4,4,3.81,true,2,true,5,individual
PRJ-0061004,E-0410,Project PRJ-0061004,lead,"[""pipeline_mgmt"",""execution""]",2025-05-18T00:00:00.000Z,2025-07-19T00:00:00.000Z,2,5,2.05,true,2,false,8,individual
PRJ-0061139,E-0411,Project PRJ-0061139,lead,"[""communication"",""campaign_strategy""]",2026-04-07T00:00:00.000Z,2026-05-19T00:00:00.000Z,1,3,1.62,true,4,false,5,team
PRJ-0061142,E-0411,Project PRJ-0061142,contributor,"[""execution""]",2026-06-30T00:00:00.000Z,2026-08-19T00:00:00.000Z,1,5,1.79,true,1,false,3,shared
PRJ-0061144,E-0411,Project PRJ-0061144,contributor,"[""collaboration"",""content_quality"",""campaign_strategy""]",2026-08-06T00:00:00.000Z,2026-09-16T00:00:00.000Z,3,4,1.79,false,2,false,4,shared
PRJ-0061284,E-0412,Project PRJ-0061284,contributor,"[""roadmap_prioritization"",""execution""]",2025-12-01T00:00:00.000Z,2026-01-01T00:00:00.000Z,2,5,1.75,true,4,false,6,shared
PRJ-0061287,E-0412,Project PRJ-0061287,lead,"[""communication""]",2026-05-04T00:00:00.000Z,2026-07-01T00:00:00.000Z,1,4,1.89,true,0,false,2,individual
PRJ-0061289,E-0412,Project PRJ-0061289,owner,"[""collaboration"",""problem_solving""]",2025-12-14T00:00:00.000Z,2026-01-25T00:00:00.000Z,3,1,3.05,true,3,false,5,individual
PRJ-0061431,E-0413,Project PRJ-0061431,lead,"[""ux_research"",""collaboration"",""communication""]",2026-08-31T00:00:00.000Z,2026-10-18T00:00:00.000Z,4,1,1.95,true,3,true,7,individual
PRJ-0061435,E-0413,Project PRJ-0061435,owner,"[""problem_solving"",""communication"",""visual_craft""]",2026-05-17T00:00:00.000Z,2026-07-03T00:00:00.000Z,2,3,2.53,true,4,false,5,individual
PRJ-0061602,E-0414,Project PRJ-0061602,lead,"[""communication"",""collaboration""]",2025-02-04T00:00:00.000Z,2025-04-01T00:00:00.000Z,4,3,2.33,true,0,true,6,team
PRJ-0061605,E-0414,Project PRJ-0061605,owner,"[""execution"",""problem_solving"",""financial_modeling""]",2025-03-05T00:00:00.000Z,2025-04-16T00:00:00.000Z,2,5,1.57,true,3,false,4,individual
PRJ-0061609,E-0414,Project PRJ-0061609,owner,"[""communication""]",2025-04-07T00:00:00.000Z,2025-05-31T00:00:00.000Z,4,1,3.76,true,4,true,8,shared
PRJ-0061711,E-0415,Project PRJ-0061711,owner,"[""communication"",""execution"",""problem_solving""]",2026-03-12T00:00:00.000Z,2026-05-16T00:00:00.000Z,4,3,3.39,true,0,true,8,shared
PRJ-0061715,E-0415,Project PRJ-0061715,lead,"[""problem_solving"",""communication""]",2025-04-03T00:00:00.000Z,2025-05-06T00:00:00.000Z,5,3,3.14,true,1,true,4,individual
PRJ-0061718,E-0415,Project PRJ-0061718,owner,"[""communication""]",2025-04-27T00:00:00.000Z,2025-06-13T00:00:00.000Z,4,3,2.72,true,1,true,7,shared
PRJ-0061720,E-0415,Project PRJ-0061720,owner,"[""policy_navigation"",""collaboration"",""problem_solving""]",2024-10-09T00:00:00.000Z,2024-11-30T00:00:00.000Z,3,3,3.01,true,0,false,6,individual
PRJ-0061869,E-0416,Project PRJ-0061869,contributor,"[""communication"",""execution""]",2026-09-12T00:00:00.000Z,2026-11-06T00:00:00.000Z,3,2,2.09,false,1,false,6,shared
PRJ-0061872,E-0416,Project PRJ-0061872,contributor,"[""execution"",""problem_solving""]",2026-03-02T00:00:00.000Z,2026-05-09T00:00:00.000Z,3,4,1.47,true,3,false,4,team
PRJ-0061875,E-0416,Project PRJ-0061875,lead,"[""communication"",""execution""]",2025-12-28T00:00:00.000Z,2026-02-07T00:00:00.000Z,3,5,2.15,true,1,false,6,individual
PRJ-0061878,E-0416,Project PRJ-0061878,contributor,"[""collaboration"",""customer_resolution""]",2026-09-05T00:00:00.000Z,2026-10-28T00:00:00.000Z,4,1,2.85,true,3,true,8,shared
PRJ-0061999,E-0417,Project PRJ-0061999,owner,"[""collaboration"",""code_quality"",""problem_solving""]",2025-05-01T00:00:00.000Z,2025-06-30T00:00:00.000Z,3,3,1.88,true,3,false,3,shared
PRJ-0062003,E-0417,Project PRJ-0062003,lead,"[""code_quality""]",2025-11-09T00:00:00.000Z,2025-12-30T00:00:00.000Z,4,2,1,true,0,true,4,individual
PRJ-0062005,E-0417,Project PRJ-0062005,contributor,"[""problem_solving""]",2026-02-14T00:00:00.000Z,2026-04-23T00:00:00.000Z,5,2,2.73,false,0,true,6,shared
PRJ-0062147,E-0418,Project PRJ-0062147,contributor,"[""negotiation"",""problem_solving""]",2026-04-29T00:00:00.000Z,2026-06-26T00:00:00.000Z,2,3,3.39,true,1,false,5,shared
PRJ-0062150,E-0418,Project PRJ-0062150,lead,"[""problem_solving""]",2026-01-22T00:00:00.000Z,2026-03-23T00:00:00.000Z,3,2,3.37,true,1,false,4,individual
PRJ-0062152,E-0418,Project PRJ-0062152,contributor,"[""execution""]",2025-02-14T00:00:00.000Z,2025-03-28T00:00:00.000Z,5,2,1,true,0,true,2,shared
PRJ-0062292,E-0419,Project PRJ-0062292,owner,"[""content_quality""]",2025-03-18T00:00:00.000Z,2025-04-28T00:00:00.000Z,1,3,1.47,true,3,false,8,individual
PRJ-0062294,E-0419,Project PRJ-0062294,contributor,"[""problem_solving"",""collaboration"",""communication""]",2025-09-29T00:00:00.000Z,2025-11-20T00:00:00.000Z,3,3,1.95,true,4,false,2,team
PRJ-0062298,E-0419,Project PRJ-0062298,contributor,"[""campaign_strategy"",""communication"",""content_quality""]",2025-03-11T00:00:00.000Z,2025-04-19T00:00:00.000Z,5,2,1.14,true,0,true,7,individual
PRJ-0062476,E-0420,Project PRJ-0062476,contributor,"[""stakeholder_alignment"",""communication"",""collaboration""]",2024-10-31T00:00:00.000Z,2024-12-10T00:00:00.000Z,3,1,1.2,true,1,false,7,shared
PRJ-0062480,E-0420,Project PRJ-0062480,contributor,"[""roadmap_prioritization"",""execution""]",2024-12-01T00:00:00.000Z,2025-01-31T00:00:00.000Z,1,5,3.67,true,1,false,6,individual
PRJ-0062607,E-0421,Project PRJ-0062607,lead,"[""communication""]",2025-02-27T00:00:00.000Z,2025-04-02T00:00:00.000Z,5,5,1.58,true,1,true,2,shared
PRJ-0062609,E-0421,Project PRJ-0062609,owner,"[""communication""]",2026-02-28T00:00:00.000Z,2026-03-31T00:00:00.000Z,5,4,3.53,false,4,true,7,individual
PRJ-0062611,E-0421,Project PRJ-0062611,owner,"[""visual_craft"",""ux_research""]",2026-09-01T00:00:00.000Z,2026-10-24T00:00:00.000Z,1,1,3.36,true,3,false,2,shared
PRJ-0062770,E-0422,Project PRJ-0062770,owner,"[""communication"",""collaboration""]",2025-01-23T00:00:00.000Z,2025-03-18T00:00:00.000Z,2,5,1.26,false,1,false,7,shared
PRJ-0062773,E-0422,Project PRJ-0062773,owner,"[""financial_modeling""]",2026-08-04T00:00:00.000Z,2026-09-26T00:00:00.000Z,5,5,1.81,true,1,true,3,shared
PRJ-0062775,E-0422,Project PRJ-0062775,owner,"[""compliance_rigor"",""problem_solving"",""execution""]",2026-02-08T00:00:00.000Z,2026-04-02T00:00:00.000Z,1,2,2.62,true,4,false,8,individual
PRJ-0062941,E-0423,Project PRJ-0062941,lead,"[""collaboration"",""execution"",""policy_navigation""]",2025-10-12T00:00:00.000Z,2025-11-22T00:00:00.000Z,5,2,1.05,true,3,true,3,shared
PRJ-0062945,E-0423,Project PRJ-0062945,contributor,"[""problem_solving""]",2024-12-17T00:00:00.000Z,2025-02-14T00:00:00.000Z,3,2,1,true,2,false,5,individual
PRJ-0063112,E-0424,Project PRJ-0063112,lead,"[""problem_solving""]",2026-03-08T00:00:00.000Z,2026-05-10T00:00:00.000Z,2,1,3.06,true,4,false,3,team
PRJ-0063114,E-0424,Project PRJ-0063114,contributor,"[""collaboration"",""customer_resolution""]",2025-12-15T00:00:00.000Z,2026-01-22T00:00:00.000Z,5,1,2.28,false,0,true,2,shared
PRJ-0063117,E-0424,Project PRJ-0063117,owner,"[""communication""]",2026-05-04T00:00:00.000Z,2026-06-17T00:00:00.000Z,5,4,3.03,true,2,true,7,individual
PRJ-0063261,E-0425,Project PRJ-0063261,lead,"[""execution"",""collaboration""]",2026-09-08T00:00:00.000Z,2026-10-22T00:00:00.000Z,3,2,3.62,true,3,false,3,team
PRJ-0063264,E-0425,Project PRJ-0063264,lead,"[""problem_solving""]",2026-01-16T00:00:00.000Z,2026-03-09T00:00:00.000Z,4,1,2.95,false,4,true,3,shared
PRJ-0063266,E-0425,Project PRJ-0063266,contributor,"[""problem_solving"",""execution""]",2026-02-24T00:00:00.000Z,2026-04-14T00:00:00.000Z,4,1,3.15,true,0,true,5,individual
PRJ-0063269,E-0425,Project PRJ-0063269,lead,"[""collaboration""]",2025-03-10T00:00:00.000Z,2025-04-14T00:00:00.000Z,3,2,1.59,false,2,false,8,shared
PRJ-0063416,E-0426,Project PRJ-0063416,lead,"[""communication"",""execution""]",2025-01-06T00:00:00.000Z,2025-03-13T00:00:00.000Z,5,1,1.26,true,4,true,6,individual
PRJ-0063419,E-0426,Project PRJ-0063419,owner,"[""execution""]",2025-06-29T00:00:00.000Z,2025-08-27T00:00:00.000Z,3,4,1.19,true,1,false,4,team
PRJ-0063421,E-0426,Project PRJ-0063421,lead,"[""pipeline_mgmt"",""collaboration"",""negotiation""]",2025-08-13T00:00:00.000Z,2025-10-18T00:00:00.000Z,2,1,2.43,false,1,false,8,shared
PRJ-0063560,E-0427,Project PRJ-0063560,owner,"[""execution"",""content_quality""]",2026-09-13T00:00:00.000Z,2026-11-10T00:00:00.000Z,1,4,2.7,false,4,false,7,individual
PRJ-0063563,E-0427,Project PRJ-0063563,owner,"[""communication"",""collaboration""]",2025-02-28T00:00:00.000Z,2025-04-05T00:00:00.000Z,4,2,1.43,true,0,true,8,shared
PRJ-0063566,E-0427,Project PRJ-0063566,owner,"[""communication"",""problem_solving"",""collaboration""]",2025-10-08T00:00:00.000Z,2025-11-23T00:00:00.000Z,3,4,1.34,false,2,false,8,individual
PRJ-0063722,E-0428,Project PRJ-0063722,lead,"[""collaboration""]",2025-06-26T00:00:00.000Z,2025-07-27T00:00:00.000Z,5,3,2.18,true,1,true,5,shared
PRJ-0063724,E-0428,Project PRJ-0063724,owner,"[""collaboration"",""roadmap_prioritization"",""stakeholder_alignment""]",2026-08-09T00:00:00.000Z,2026-09-21T00:00:00.000Z,3,2,2.73,true,1,false,2,team
PRJ-0063882,E-0429,Project PRJ-0063882,lead,"[""communication"",""visual_craft""]",2025-07-29T00:00:00.000Z,2025-10-06T00:00:00.000Z,5,1,2.61,true,0,true,3,shared
PRJ-0063885,E-0429,Project PRJ-0063885,lead,"[""communication"",""problem_solving""]",2025-06-20T00:00:00.000Z,2025-08-24T00:00:00.000Z,5,5,2.25,true,2,true,5,team
PRJ-0063888,E-0429,Project PRJ-0063888,owner,"[""problem_solving""]",2026-08-18T00:00:00.000Z,2026-10-15T00:00:00.000Z,1,4,3.42,false,4,false,6,shared
PRJ-0064055,E-0430,Project PRJ-0064055,contributor,"[""communication"",""collaboration""]",2025-01-20T00:00:00.000Z,2025-03-26T00:00:00.000Z,4,1,1.22,true,4,true,2,shared
PRJ-0064058,E-0430,Project PRJ-0064058,contributor,"[""execution"",""financial_modeling"",""problem_solving""]",2025-12-19T00:00:00.000Z,2026-02-07T00:00:00.000Z,3,1,1.17,true,4,false,6,shared
PRJ-0064062,E-0430,Project PRJ-0064062,contributor,"[""execution"",""collaboration"",""communication""]",2024-11-22T00:00:00.000Z,2025-01-13T00:00:00.000Z,4,2,1.36,true,3,true,4,individual
PRJ-0064066,E-0430,Project PRJ-0064066,owner,"[""problem_solving"",""financial_modeling"",""execution""]",2025-02-06T00:00:00.000Z,2025-03-18T00:00:00.000Z,4,5,1,true,3,true,5,individual
PRJ-0064232,E-0431,Project PRJ-0064232,lead,"[""communication"",""policy_navigation"",""talent_assessment""]",2026-04-07T00:00:00.000Z,2026-05-22T00:00:00.000Z,3,4,3.49,true,3,false,7,individual
PRJ-0064236,E-0431,Project PRJ-0064236,owner,"[""collaboration""]",2026-08-28T00:00:00.000Z,2026-11-04T00:00:00.000Z,3,5,2.04,true,0,false,6,individual
PRJ-0064322,E-0432,Project PRJ-0064322,lead,"[""collaboration"",""customer_resolution""]",2026-03-30T00:00:00.000Z,2026-05-23T00:00:00.000Z,1,2,2.21,false,2,false,4,team
PRJ-0064325,E-0432,Project PRJ-0064325,owner,"[""collaboration"",""execution""]",2025-10-22T00:00:00.000Z,2025-11-29T00:00:00.000Z,3,2,2.5,true,3,false,3,shared
PRJ-0064328,E-0432,Project PRJ-0064328,contributor,"[""troubleshooting"",""execution"",""communication""]",2024-12-15T00:00:00.000Z,2025-02-05T00:00:00.000Z,2,4,2.65,true,2,false,5,shared
PRJ-0064475,E-0433,Project PRJ-0064475,lead,"[""execution""]",2024-10-20T00:00:00.000Z,2024-11-27T00:00:00.000Z,1,2,2.8,true,3,false,7,team
PRJ-0064477,E-0433,Project PRJ-0064477,owner,"[""code_quality"",""collaboration"",""problem_solving""]",2025-12-28T00:00:00.000Z,2026-02-15T00:00:00.000Z,1,2,2.92,true,1,false,5,shared
PRJ-0064481,E-0433,Project PRJ-0064481,owner,"[""collaboration"",""problem_solving""]",2025-02-17T00:00:00.000Z,2025-04-12T00:00:00.000Z,5,3,3.57,true,4,true,6,shared
PRJ-0064596,E-0434,Project PRJ-0064596,owner,"[""pipeline_mgmt"",""collaboration""]",2025-12-05T00:00:00.000Z,2026-02-10T00:00:00.000Z,1,1,3.82,true,0,false,6,individual
PRJ-0064599,E-0434,Project PRJ-0064599,lead,"[""negotiation""]",2026-04-29T00:00:00.000Z,2026-06-24T00:00:00.000Z,4,3,4.07,false,0,true,4,shared
PRJ-0064764,E-0435,Project PRJ-0064764,owner,"[""communication"",""execution""]",2025-03-09T00:00:00.000Z,2025-05-17T00:00:00.000Z,4,3,1.89,true,1,true,3,shared
PRJ-0064767,E-0435,Project PRJ-0064767,owner,"[""problem_solving""]",2025-05-07T00:00:00.000Z,2025-07-04T00:00:00.000Z,4,4,1.93,true,0,true,8,shared
PRJ-0064925,E-0436,Project PRJ-0064925,owner,"[""communication"",""problem_solving""]",2024-12-07T00:00:00.000Z,2025-02-02T00:00:00.000Z,5,1,1.85,true,0,true,2,shared
PRJ-0064928,E-0436,Project PRJ-0064928,lead,"[""stakeholder_alignment"",""problem_solving"",""execution""]",2025-03-24T00:00:00.000Z,2025-04-27T00:00:00.000Z,5,1,1.79,false,0,true,5,individual
PRJ-0065075,E-0437,Project PRJ-0065075,contributor,"[""problem_solving""]",2026-03-21T00:00:00.000Z,2026-04-26T00:00:00.000Z,2,5,1.34,true,0,false,3,individual
PRJ-0065077,E-0437,Project PRJ-0065077,lead,"[""execution"",""visual_craft""]",2025-06-12T00:00:00.000Z,2025-07-23T00:00:00.000Z,4,4,1.75,false,2,true,7,individual
PRJ-0065080,E-0437,Project PRJ-0065080,contributor,"[""ux_research"",""communication"",""execution""]",2026-07-22T00:00:00.000Z,2026-09-19T00:00:00.000Z,5,5,2.65,false,2,true,6,shared
PRJ-0065238,E-0438,Project PRJ-0065238,lead,"[""communication"",""problem_solving"",""financial_modeling""]",2026-01-08T00:00:00.000Z,2026-02-23T00:00:00.000Z,2,4,1.94,true,3,false,7,shared
PRJ-0065242,E-0438,Project PRJ-0065242,owner,"[""compliance_rigor"",""communication"",""collaboration""]",2026-08-14T00:00:00.000Z,2026-10-10T00:00:00.000Z,5,4,2.21,false,4,true,6,individual
PRJ-0065246,E-0438,Project PRJ-0065246,lead,"[""communication"",""execution""]",2025-03-29T00:00:00.000Z,2025-05-28T00:00:00.000Z,2,4,1.68,true,0,false,7,shared
PRJ-0065249,E-0438,Project PRJ-0065249,lead,"[""collaboration"",""compliance_rigor"",""financial_modeling""]",2026-01-16T00:00:00.000Z,2026-02-19T00:00:00.000Z,5,4,2.13,true,0,true,3,team
PRJ-0065361,E-0439,Project PRJ-0065361,owner,"[""collaboration""]",2025-12-01T00:00:00.000Z,2026-02-01T00:00:00.000Z,5,3,2.89,true,2,true,2,shared
PRJ-0065363,E-0439,Project PRJ-0065363,owner,"[""communication"",""policy_navigation""]",2025-03-12T00:00:00.000Z,2025-04-14T00:00:00.000Z,4,2,1.71,true,4,true,5,individual
PRJ-0065518,E-0440,Project PRJ-0065518,owner,"[""troubleshooting"",""collaboration""]",2024-11-16T00:00:00.000Z,2025-01-03T00:00:00.000Z,4,4,1,true,2,true,5,team
PRJ-0065521,E-0440,Project PRJ-0065521,lead,"[""customer_resolution"",""problem_solving"",""communication""]",2025-05-18T00:00:00.000Z,2025-06-26T00:00:00.000Z,1,4,1.85,false,0,false,5,shared
PRJ-0065680,E-0441,Project PRJ-0065680,contributor,"[""communication""]",2025-02-19T00:00:00.000Z,2025-03-23T00:00:00.000Z,4,4,1.72,true,3,true,4,individual
PRJ-0065682,E-0441,Project PRJ-0065682,lead,"[""code_quality"",""collaboration"",""problem_solving""]",2024-10-30T00:00:00.000Z,2024-12-08T00:00:00.000Z,4,3,1.88,true,1,true,3,shared
PRJ-0065686,E-0441,Project PRJ-0065686,owner,"[""communication"",""system_design"",""execution""]",2025-12-09T00:00:00.000Z,2026-01-25T00:00:00.000Z,3,4,2.33,true,4,false,7,team
PRJ-0065690,E-0441,Project PRJ-0065690,lead,"[""code_quality"",""execution"",""problem_solving""]",2026-06-26T00:00:00.000Z,2026-08-02T00:00:00.000Z,4,1,2.07,true,1,true,2,individual
PRJ-0065843,E-0442,Project PRJ-0065843,contributor,"[""problem_solving""]",2024-12-23T00:00:00.000Z,2025-02-24T00:00:00.000Z,5,2,1.07,true,1,true,4,shared
PRJ-0065845,E-0442,Project PRJ-0065845,contributor,"[""collaboration""]",2024-10-07T00:00:00.000Z,2024-12-03T00:00:00.000Z,1,3,1.62,true,3,false,7,shared
PRJ-0065974,E-0443,Project PRJ-0065974,contributor,"[""collaboration"",""content_quality"",""execution""]",2026-05-20T00:00:00.000Z,2026-07-12T00:00:00.000Z,5,1,3.16,false,1,true,4,individual
PRJ-0065978,E-0443,Project PRJ-0065978,lead,"[""content_quality""]",2025-09-06T00:00:00.000Z,2025-11-09T00:00:00.000Z,1,4,2.36,true,4,false,8,individual
PRJ-0065980,E-0443,Project PRJ-0065980,contributor,"[""content_quality"",""execution""]",2025-11-21T00:00:00.000Z,2026-01-18T00:00:00.000Z,2,4,2.22,false,4,false,3,team
PRJ-0066140,E-0444,Project PRJ-0066140,contributor,"[""problem_solving""]",2025-09-20T00:00:00.000Z,2025-11-19T00:00:00.000Z,1,2,2.4,true,0,false,5,individual
PRJ-0066142,E-0444,Project PRJ-0066142,owner,"[""execution""]",2025-08-09T00:00:00.000Z,2025-09-24T00:00:00.000Z,1,1,2.83,true,1,false,8,individual
PRJ-0066144,E-0444,Project PRJ-0066144,lead,"[""stakeholder_alignment""]",2025-10-12T00:00:00.000Z,2025-12-04T00:00:00.000Z,5,2,2.11,false,0,true,7,shared
PRJ-0066146,E-0444,Project PRJ-0066146,contributor,"[""communication"",""execution"",""problem_solving""]",2025-08-01T00:00:00.000Z,2025-09-06T00:00:00.000Z,2,1,2.55,true,2,false,7,individual
PRJ-0066305,E-0445,Project PRJ-0066305,owner,"[""visual_craft""]",2025-02-03T00:00:00.000Z,2025-03-19T00:00:00.000Z,4,4,1.31,false,1,true,8,individual
PRJ-0066307,E-0445,Project PRJ-0066307,lead,"[""visual_craft"",""execution"",""ux_research""]",2024-12-29T00:00:00.000Z,2025-03-01T00:00:00.000Z,1,3,2.47,false,4,false,8,shared
PRJ-0066311,E-0445,Project PRJ-0066311,lead,"[""ux_research""]",2026-06-19T00:00:00.000Z,2026-07-24T00:00:00.000Z,2,3,1.39,false,4,false,4,team
PRJ-0066313,E-0445,Project PRJ-0066313,lead,"[""problem_solving"",""ux_research""]",2025-03-04T00:00:00.000Z,2025-04-29T00:00:00.000Z,2,5,2.42,true,0,false,7,individual
PRJ-0066443,E-0446,Project PRJ-0066443,owner,"[""execution""]",2025-08-19T00:00:00.000Z,2025-09-18T00:00:00.000Z,4,4,1.85,true,3,true,7,shared
PRJ-0066445,E-0446,Project PRJ-0066445,owner,"[""financial_modeling""]",2026-03-30T00:00:00.000Z,2026-05-17T00:00:00.000Z,4,2,1.76,true,2,true,2,individual
PRJ-0066447,E-0446,Project PRJ-0066447,contributor,"[""communication"",""financial_modeling""]",2026-09-16T00:00:00.000Z,2026-10-21T00:00:00.000Z,3,5,2.14,true,0,false,3,individual
PRJ-0066617,E-0447,Project PRJ-0066617,lead,"[""communication""]",2025-12-15T00:00:00.000Z,2026-02-22T00:00:00.000Z,2,3,2.32,true,3,false,7,individual
PRJ-0066619,E-0447,Project PRJ-0066619,lead,"[""problem_solving""]",2025-06-19T00:00:00.000Z,2025-07-29T00:00:00.000Z,3,1,2.54,true,2,false,3,individual
PRJ-0066621,E-0447,Project PRJ-0066621,owner,"[""collaboration""]",2025-04-19T00:00:00.000Z,2025-05-29T00:00:00.000Z,5,1,1.8,false,3,true,3,individual
PRJ-0066752,E-0448,Project PRJ-0066752,owner,"[""customer_resolution""]",2025-03-06T00:00:00.000Z,2025-04-14T00:00:00.000Z,2,3,2.03,true,1,false,8,shared
PRJ-0066754,E-0448,Project PRJ-0066754,owner,"[""customer_resolution"",""troubleshooting""]",2024-10-02T00:00:00.000Z,2024-11-04T00:00:00.000Z,1,5,1.57,false,0,false,4,shared
PRJ-0066871,E-0449,Project PRJ-0066871,contributor,"[""system_design"",""execution"",""problem_solving""]",2025-07-24T00:00:00.000Z,2025-09-04T00:00:00.000Z,5,5,2.34,true,1,true,3,team
PRJ-0066875,E-0449,Project PRJ-0066875,lead,"[""system_design""]",2025-11-28T00:00:00.000Z,2026-01-09T00:00:00.000Z,4,2,3.45,true,1,true,5,shared
PRJ-0066982,E-0450,Project PRJ-0066982,contributor,"[""execution"",""pipeline_mgmt"",""communication""]",2024-11-15T00:00:00.000Z,2024-12-24T00:00:00.000Z,2,4,2.67,true,4,false,4,shared
PRJ-0066986,E-0450,Project PRJ-0066986,owner,"[""communication"",""negotiation""]",2025-07-31T00:00:00.000Z,2025-09-24T00:00:00.000Z,2,4,3.19,true,0,false,3,shared
PRJ-0066989,E-0450,Project PRJ-0066989,lead,"[""communication"",""execution"",""collaboration""]",2026-07-17T00:00:00.000Z,2026-08-26T00:00:00.000Z,1,3,3.11,false,3,false,8,team
PRJ-0067126,E-0451,Project PRJ-0067126,owner,"[""execution"",""communication""]",2025-05-03T00:00:00.000Z,2025-06-09T00:00:00.000Z,5,4,2.55,false,0,true,6,team
PRJ-0067129,E-0451,Project PRJ-0067129,lead,"[""collaboration"",""execution"",""content_quality""]",2026-02-03T00:00:00.000Z,2026-03-15T00:00:00.000Z,4,4,2.64,true,1,true,7,team
PRJ-0067133,E-0451,Project PRJ-0067133,owner,"[""collaboration""]",2025-07-19T00:00:00.000Z,2025-09-21T00:00:00.000Z,2,5,2.27,true,1,false,8,shared
PRJ-0067135,E-0451,Project PRJ-0067135,contributor,"[""collaboration""]",2026-04-06T00:00:00.000Z,2026-05-17T00:00:00.000Z,3,5,3.85,true,4,false,3,team
PRJ-0067290,E-0452,Project PRJ-0067290,lead,"[""roadmap_prioritization"",""collaboration"",""execution""]",2025-06-23T00:00:00.000Z,2025-08-17T00:00:00.000Z,3,2,2.11,true,2,false,6,individual
PRJ-0067294,E-0452,Project PRJ-0067294,lead,"[""execution""]",2025-07-01T00:00:00.000Z,2025-08-27T00:00:00.000Z,4,5,2.93,true,4,true,2,team
PRJ-0067296,E-0452,Project PRJ-0067296,lead,"[""execution"",""communication"",""roadmap_prioritization""]",2026-09-23T00:00:00.000Z,2026-11-24T00:00:00.000Z,2,3,3.91,true,1,false,7,individual
PRJ-0067460,E-0453,Project PRJ-0067460,contributor,"[""problem_solving""]",2026-04-19T00:00:00.000Z,2026-06-16T00:00:00.000Z,1,1,2.68,true,4,false,6,shared
PRJ-0067462,E-0453,Project PRJ-0067462,lead,"[""ux_research"",""execution""]",2025-05-31T00:00:00.000Z,2025-07-22T00:00:00.000Z,4,2,3.04,false,2,true,4,team
PRJ-0067608,E-0454,Project PRJ-0067608,contributor,"[""compliance_rigor"",""execution"",""financial_modeling""]",2025-05-20T00:00:00.000Z,2025-06-23T00:00:00.000Z,4,5,2.48,true,1,true,8,shared
PRJ-0067612,E-0454,Project PRJ-0067612,contributor,"[""execution""]",2026-09-20T00:00:00.000Z,2026-11-11T00:00:00.000Z,4,2,1.53,false,1,true,5,shared
PRJ-0067737,E-0455,Project PRJ-0067737,owner,"[""collaboration"",""execution"",""problem_solving""]",2025-09-07T00:00:00.000Z,2025-10-08T00:00:00.000Z,5,3,2.26,true,4,true,6,individual
PRJ-0067741,E-0455,Project PRJ-0067741,contributor,"[""problem_solving"",""communication""]",2026-01-31T00:00:00.000Z,2026-04-08T00:00:00.000Z,4,1,3.08,true,4,true,2,shared
PRJ-0067744,E-0455,Project PRJ-0067744,owner,"[""problem_solving""]",2025-06-26T00:00:00.000Z,2025-07-31T00:00:00.000Z,2,5,3.64,false,2,false,2,individual
PRJ-0067873,E-0456,Project PRJ-0067873,contributor,"[""collaboration"",""customer_resolution""]",2026-09-25T00:00:00.000Z,2026-11-18T00:00:00.000Z,5,3,1.67,false,0,true,5,shared
PRJ-0067876,E-0456,Project PRJ-0067876,owner,"[""execution"",""problem_solving"",""customer_resolution""]",2026-05-28T00:00:00.000Z,2026-07-31T00:00:00.000Z,2,2,1.66,false,1,false,2,team
PRJ-0067880,E-0456,Project PRJ-0067880,contributor,"[""customer_resolution"",""communication"",""problem_solving""]",2026-02-25T00:00:00.000Z,2026-04-28T00:00:00.000Z,1,2,2.56,true,2,false,4,team
PRJ-0067884,E-0456,Project PRJ-0067884,lead,"[""collaboration"",""problem_solving""]",2025-11-10T00:00:00.000Z,2026-01-05T00:00:00.000Z,1,1,1.73,true,3,false,2,shared
PRJ-0068031,E-0457,Project PRJ-0068031,contributor,"[""code_quality"",""execution""]",2025-06-10T00:00:00.000Z,2025-08-08T00:00:00.000Z,1,2,1,true,0,false,2,individual
PRJ-0068034,E-0457,Project PRJ-0068034,owner,"[""problem_solving"",""code_quality""]",2026-05-30T00:00:00.000Z,2026-07-25T00:00:00.000Z,3,2,1.14,false,0,false,7,shared
PRJ-0068037,E-0457,Project PRJ-0068037,lead,"[""communication"",""system_design""]",2025-05-25T00:00:00.000Z,2025-07-06T00:00:00.000Z,4,5,1.74,true,4,true,4,individual
PRJ-0068166,E-0458,Project PRJ-0068166,owner,"[""execution"",""communication""]",2026-07-03T00:00:00.000Z,2026-08-12T00:00:00.000Z,1,4,2.87,false,2,false,8,shared
PRJ-0068169,E-0458,Project PRJ-0068169,lead,"[""pipeline_mgmt"",""problem_solving"",""execution""]",2026-05-16T00:00:00.000Z,2026-07-13T00:00:00.000Z,5,2,3.02,true,0,true,5,individual
PRJ-0068333,E-0459,Project PRJ-0068333,lead,"[""content_quality""]",2026-05-15T00:00:00.000Z,2026-07-03T00:00:00.000Z,2,5,2.13,false,0,false,5,individual
PRJ-0068335,E-0459,Project PRJ-0068335,contributor,"[""problem_solving"",""execution"",""content_quality""]",2025-09-06T00:00:00.000Z,2025-10-10T00:00:00.000Z,5,2,2.61,true,3,true,3,shared
PRJ-0068339,E-0459,Project PRJ-0068339,contributor,"[""communication""]",2024-11-14T00:00:00.000Z,2025-01-05T00:00:00.000Z,2,5,1,true,3,false,7,individual
PRJ-0068491,E-0460,Project PRJ-0068491,owner,"[""collaboration"",""execution"",""problem_solving""]",2025-03-12T00:00:00.000Z,2025-05-16T00:00:00.000Z,2,5,1.64,true,0,false,7,team
PRJ-0068495,E-0460,Project PRJ-0068495,owner,"[""collaboration"",""problem_solving""]",2024-12-21T00:00:00.000Z,2025-02-10T00:00:00.000Z,3,3,1.59,true,0,false,7,individual
PRJ-0068607,E-0461,Project PRJ-0068607,lead,"[""communication"",""collaboration""]",2026-08-18T00:00:00.000Z,2026-10-02T00:00:00.000Z,2,2,3.38,true,2,false,3,individual
PRJ-0068610,E-0461,Project PRJ-0068610,lead,"[""visual_craft""]",2026-09-10T00:00:00.000Z,2026-10-13T00:00:00.000Z,2,5,3.09,true,3,false,3,team
PRJ-0068612,E-0461,Project PRJ-0068612,owner,"[""visual_craft""]",2025-11-04T00:00:00.000Z,2025-12-22T00:00:00.000Z,4,4,2.65,true,2,true,3,individual
PRJ-0068763,E-0462,Project PRJ-0068763,lead,"[""compliance_rigor""]",2025-12-02T00:00:00.000Z,2026-01-28T00:00:00.000Z,5,5,2.04,true,2,true,3,shared
PRJ-0068765,E-0462,Project PRJ-0068765,lead,"[""problem_solving""]",2026-04-13T00:00:00.000Z,2026-05-29T00:00:00.000Z,4,2,2.51,false,0,true,5,individual
PRJ-0068767,E-0462,Project PRJ-0068767,contributor,"[""financial_modeling"",""collaboration""]",2025-07-27T00:00:00.000Z,2025-09-28T00:00:00.000Z,4,3,1,true,0,true,7,shared
PRJ-0068919,E-0463,Project PRJ-0068919,lead,"[""policy_navigation"",""talent_assessment"",""problem_solving""]",2026-07-29T00:00:00.000Z,2026-09-20T00:00:00.000Z,3,1,2.26,true,4,false,2,shared
PRJ-0068923,E-0463,Project PRJ-0068923,owner,"[""problem_solving"",""execution""]",2025-02-05T00:00:00.000Z,2025-04-14T00:00:00.000Z,1,4,1.91,true,1,false,5,team
PRJ-0069085,E-0464,Project PRJ-0069085,lead,"[""customer_resolution"",""execution"",""problem_solving""]",2025-09-30T00:00:00.000Z,2025-12-06T00:00:00.000Z,2,4,2.62,false,4,false,5,shared
PRJ-0069089,E-0464,Project PRJ-0069089,lead,"[""customer_resolution"",""collaboration""]",2025-05-12T00:00:00.000Z,2025-06-17T00:00:00.000Z,2,4,1.47,true,1,false,5,team
PRJ-0069092,E-0464,Project PRJ-0069092,lead,"[""communication"",""customer_resolution"",""troubleshooting""]",2026-05-29T00:00:00.000Z,2026-07-18T00:00:00.000Z,5,4,1.95,true,2,true,4,team
PRJ-0069096,E-0464,Project PRJ-0069096,contributor,"[""collaboration""]",2026-06-24T00:00:00.000Z,2026-08-21T00:00:00.000Z,5,2,1.84,true,3,true,4,team
PRJ-0069253,E-0465,Project PRJ-0069253,contributor,"[""execution"",""communication"",""code_quality""]",2025-10-27T00:00:00.000Z,2025-12-04T00:00:00.000Z,2,1,2.62,true,0,false,6,individual
PRJ-0069257,E-0465,Project PRJ-0069257,owner,"[""problem_solving"",""code_quality""]",2025-04-18T00:00:00.000Z,2025-06-26T00:00:00.000Z,4,4,2.79,true,3,true,5,shared
PRJ-0069260,E-0465,Project PRJ-0069260,lead,"[""system_design"",""communication""]",2024-11-19T00:00:00.000Z,2025-01-22T00:00:00.000Z,4,3,1.3,true,3,true,3,team
PRJ-0069410,E-0466,Project PRJ-0069410,owner,"[""communication"",""collaboration""]",2024-12-31T00:00:00.000Z,2025-02-11T00:00:00.000Z,5,3,1.56,false,0,true,5,individual
PRJ-0069413,E-0466,Project PRJ-0069413,lead,"[""collaboration"",""problem_solving""]",2024-12-10T00:00:00.000Z,2025-01-24T00:00:00.000Z,1,4,2.85,true,3,false,5,shared
PRJ-0069551,E-0467,Project PRJ-0069551,lead,"[""execution"",""campaign_strategy""]",2026-09-03T00:00:00.000Z,2026-11-04T00:00:00.000Z,3,4,1,true,0,false,7,individual
PRJ-0069554,E-0467,Project PRJ-0069554,owner,"[""problem_solving""]",2025-02-18T00:00:00.000Z,2025-04-25T00:00:00.000Z,1,5,1,false,4,false,2,team
PRJ-0069556,E-0467,Project PRJ-0069556,contributor,"[""communication"",""campaign_strategy""]",2025-01-08T00:00:00.000Z,2025-03-15T00:00:00.000Z,4,4,2.32,true,0,true,7,individual
PRJ-0069708,E-0468,Project PRJ-0069708,owner,"[""problem_solving""]",2025-01-02T00:00:00.000Z,2025-02-27T00:00:00.000Z,3,4,2.81,true,4,false,8,team
PRJ-0069710,E-0468,Project PRJ-0069710,owner,"[""stakeholder_alignment"",""problem_solving""]",2025-03-15T00:00:00.000Z,2025-05-21T00:00:00.000Z,4,5,2.18,true,4,true,8,shared
PRJ-0069713,E-0468,Project PRJ-0069713,owner,"[""collaboration""]",2025-11-22T00:00:00.000Z,2025-12-22T00:00:00.000Z,3,1,1.82,true,2,false,2,team
PRJ-0069852,E-0469,Project PRJ-0069852,owner,"[""execution"",""ux_research"",""problem_solving""]",2024-11-15T00:00:00.000Z,2025-01-10T00:00:00.000Z,4,4,1.17,false,1,true,6,individual
PRJ-0069856,E-0469,Project PRJ-0069856,owner,"[""collaboration"",""problem_solving""]",2024-12-24T00:00:00.000Z,2025-02-06T00:00:00.000Z,3,2,1.67,true,3,false,3,team
PRJ-0070002,E-0470,Project PRJ-0070002,contributor,"[""execution"",""financial_modeling"",""problem_solving""]",2026-02-15T00:00:00.000Z,2026-03-20T00:00:00.000Z,3,3,2.32,true,3,false,4,shared
PRJ-0070006,E-0470,Project PRJ-0070006,owner,"[""communication""]",2026-07-19T00:00:00.000Z,2026-09-20T00:00:00.000Z,5,4,1.32,false,1,true,7,shared
PRJ-0070008,E-0470,Project PRJ-0070008,contributor,"[""problem_solving""]",2026-09-22T00:00:00.000Z,2026-11-30T00:00:00.000Z,5,4,2.68,true,3,true,7,team
PRJ-0070010,E-0470,Project PRJ-0070010,contributor,"[""financial_modeling"",""compliance_rigor""]",2025-05-02T00:00:00.000Z,2025-06-11T00:00:00.000Z,3,4,1.36,true,4,false,3,shared
PRJ-0070175,E-0471,Project PRJ-0070175,contributor,"[""execution"",""problem_solving""]",2026-09-29T00:00:00.000Z,2026-11-23T00:00:00.000Z,5,2,3.25,true,3,true,4,individual
PRJ-0070178,E-0471,Project PRJ-0070178,contributor,"[""policy_navigation"",""problem_solving"",""collaboration""]",2024-10-27T00:00:00.000Z,2024-12-15T00:00:00.000Z,2,5,1.98,false,0,false,5,team
PRJ-0070342,E-0472,Project PRJ-0070342,contributor,"[""troubleshooting"",""communication"",""execution""]",2025-02-07T00:00:00.000Z,2025-04-17T00:00:00.000Z,2,4,2.44,true,2,false,5,shared
PRJ-0070346,E-0472,Project PRJ-0070346,lead,"[""troubleshooting"",""execution"",""problem_solving""]",2025-04-10T00:00:00.000Z,2025-05-11T00:00:00.000Z,4,2,2.51,false,2,true,7,individual
PRJ-0070494,E-0473,Project PRJ-0070494,contributor,"[""system_design"",""problem_solving""]",2025-05-30T00:00:00.000Z,2025-07-31T00:00:00.000Z,5,5,2.05,false,3,true,3,shared
PRJ-0070497,E-0473,Project PRJ-0070497,contributor,"[""execution""]",2026-06-04T00:00:00.000Z,2026-07-09T00:00:00.000Z,2,5,1.97,true,2,false,6,team
PRJ-0070676,E-0474,Project PRJ-0070676,lead,"[""collaboration""]",2026-07-15T00:00:00.000Z,2026-08-29T00:00:00.000Z,2,3,1.61,true,1,false,5,shared
PRJ-0070678,E-0474,Project PRJ-0070678,contributor,"[""problem_solving"",""negotiation""]",2025-09-23T00:00:00.000Z,2025-11-02T00:00:00.000Z,1,2,4.23,false,0,false,4,individual
PRJ-0070681,E-0474,Project PRJ-0070681,contributor,"[""execution""]",2025-12-17T00:00:00.000Z,2026-02-23T00:00:00.000Z,3,4,2.46,false,3,false,4,individual
PRJ-0070788,E-0475,Project PRJ-0070788,lead,"[""communication""]",2026-05-22T00:00:00.000Z,2026-07-01T00:00:00.000Z,2,3,3.73,true,1,false,5,individual
PRJ-0070790,E-0475,Project PRJ-0070790,owner,"[""problem_solving"",""execution""]",2026-01-17T00:00:00.000Z,2026-02-22T00:00:00.000Z,1,1,3.22,true,3,false,3,team
PRJ-0070793,E-0475,Project PRJ-0070793,contributor,"[""content_quality""]",2025-11-30T00:00:00.000Z,2026-01-27T00:00:00.000Z,1,3,3.55,true,2,false,4,individual
PRJ-0070795,E-0475,Project PRJ-0070795,owner,"[""communication"",""content_quality""]",2025-03-29T00:00:00.000Z,2025-05-19T00:00:00.000Z,4,5,3.94,true,2,true,4,shared
PRJ-0070954,E-0476,Project PRJ-0070954,contributor,"[""collaboration""]",2025-11-19T00:00:00.000Z,2026-01-06T00:00:00.000Z,1,5,1,true,2,false,6,individual
PRJ-0070956,E-0476,Project PRJ-0070956,lead,"[""stakeholder_alignment"",""communication""]",2025-12-03T00:00:00.000Z,2026-02-06T00:00:00.000Z,3,1,2.68,true,2,false,6,shared
PRJ-0071086,E-0477,Project PRJ-0071086,owner,"[""execution""]",2025-11-26T00:00:00.000Z,2026-01-28T00:00:00.000Z,4,3,1.33,true,1,true,4,shared
PRJ-0071088,E-0477,Project PRJ-0071088,contributor,"[""communication""]",2025-10-22T00:00:00.000Z,2025-12-23T00:00:00.000Z,4,5,1.91,false,0,true,7,individual
PRJ-0071090,E-0477,Project PRJ-0071090,owner,"[""collaboration""]",2026-08-17T00:00:00.000Z,2026-09-26T00:00:00.000Z,5,1,1.99,true,2,true,8,individual
PRJ-0071238,E-0478,Project PRJ-0071238,lead,"[""execution""]",2025-03-06T00:00:00.000Z,2025-04-29T00:00:00.000Z,2,3,1.38,true,4,false,6,individual
PRJ-0071240,E-0478,Project PRJ-0071240,owner,"[""execution""]",2025-07-26T00:00:00.000Z,2025-08-25T00:00:00.000Z,1,2,2.28,false,1,false,3,individual
PRJ-0071242,E-0478,Project PRJ-0071242,contributor,"[""execution""]",2025-04-25T00:00:00.000Z,2025-05-26T00:00:00.000Z,1,5,1.56,true,1,false,4,team
PRJ-0071244,E-0478,Project PRJ-0071244,lead,"[""problem_solving"",""financial_modeling"",""execution""]",2025-09-05T00:00:00.000Z,2025-11-07T00:00:00.000Z,5,4,3.34,true,4,true,6,individual
PRJ-0071405,E-0479,Project PRJ-0071405,lead,"[""execution""]",2024-12-17T00:00:00.000Z,2025-02-05T00:00:00.000Z,5,1,1.66,true,3,true,2,individual
PRJ-0071407,E-0479,Project PRJ-0071407,contributor,"[""talent_assessment""]",2024-11-17T00:00:00.000Z,2025-01-06T00:00:00.000Z,2,5,1.41,true,1,false,4,individual
PRJ-0071409,E-0479,Project PRJ-0071409,lead,"[""talent_assessment"",""communication""]",2024-11-14T00:00:00.000Z,2025-01-09T00:00:00.000Z,2,4,1.9,false,1,false,6,shared
PRJ-0071554,E-0480,Project PRJ-0071554,contributor,"[""collaboration"",""execution"",""troubleshooting""]",2025-01-03T00:00:00.000Z,2025-02-26T00:00:00.000Z,3,3,1.85,true,3,false,5,team
PRJ-0071558,E-0480,Project PRJ-0071558,contributor,"[""communication"",""troubleshooting""]",2024-12-16T00:00:00.000Z,2025-02-06T00:00:00.000Z,1,4,1.63,true,3,false,2,shared
PRJ-0071561,E-0480,Project PRJ-0071561,contributor,"[""collaboration"",""execution"",""communication""]",2025-11-12T00:00:00.000Z,2025-12-30T00:00:00.000Z,4,5,2.39,true,3,true,6,shared
PRJ-0071713,E-0481,Project PRJ-0071713,lead,"[""system_design"",""code_quality"",""problem_solving""]",2025-12-12T00:00:00.000Z,2026-02-17T00:00:00.000Z,3,3,1.22,true,1,false,6,shared
PRJ-0071717,E-0481,Project PRJ-0071717,contributor,"[""communication""]",2025-07-19T00:00:00.000Z,2025-09-21T00:00:00.000Z,2,2,1.87,false,4,false,8,shared
PRJ-0071719,E-0481,Project PRJ-0071719,owner,"[""execution"",""collaboration"",""problem_solving""]",2025-10-13T00:00:00.000Z,2025-12-05T00:00:00.000Z,4,1,1.55,true,2,true,6,individual
PRJ-0071723,E-0481,Project PRJ-0071723,owner,"[""problem_solving"",""execution"",""code_quality""]",2024-10-04T00:00:00.000Z,2024-11-12T00:00:00.000Z,4,3,2.28,true,0,true,7,shared
PRJ-0071869,E-0482,Project PRJ-0071869,owner,"[""execution"",""communication""]",2025-12-17T00:00:00.000Z,2026-02-12T00:00:00.000Z,5,5,2.67,true,1,true,7,individual
PRJ-0071872,E-0482,Project PRJ-0071872,lead,"[""problem_solving""]",2026-03-12T00:00:00.000Z,2026-04-20T00:00:00.000Z,1,5,1.48,false,2,false,8,team
PRJ-0071874,E-0482,Project PRJ-0071874,owner,"[""execution"",""collaboration"",""pipeline_mgmt""]",2026-07-31T00:00:00.000Z,2026-09-09T00:00:00.000Z,2,2,1.88,true,2,false,8,shared
PRJ-0072004,E-0483,Project PRJ-0072004,lead,"[""problem_solving""]",2026-04-25T00:00:00.000Z,2026-06-14T00:00:00.000Z,3,2,3.66,true,4,false,5,team
PRJ-0072006,E-0483,Project PRJ-0072006,owner,"[""execution""]",2025-03-30T00:00:00.000Z,2025-05-30T00:00:00.000Z,5,3,1.32,true,0,true,6,team
PRJ-0072008,E-0483,Project PRJ-0072008,contributor,"[""communication"",""campaign_strategy"",""content_quality""]",2025-11-17T00:00:00.000Z,2026-01-21T00:00:00.000Z,3,4,2.82,false,3,false,8,shared
PRJ-0072143,E-0484,Project PRJ-0072143,owner,"[""communication"",""problem_solving"",""collaboration""]",2026-05-18T00:00:00.000Z,2026-07-21T00:00:00.000Z,4,4,1.95,false,4,true,8,shared
PRJ-0072147,E-0484,Project PRJ-0072147,owner,"[""execution""]",2026-05-28T00:00:00.000Z,2026-07-07T00:00:00.000Z,4,1,3.09,true,3,true,7,team
PRJ-0072309,E-0485,Project PRJ-0072309,lead,"[""execution""]",2026-03-26T00:00:00.000Z,2026-05-24T00:00:00.000Z,4,3,1.83,false,0,true,2,individual
PRJ-0072311,E-0485,Project PRJ-0072311,owner,"[""ux_research""]",2026-09-21T00:00:00.000Z,2026-11-06T00:00:00.000Z,5,1,3.07,true,1,true,6,individual
PRJ-0072430,E-0486,Project PRJ-0072430,owner,"[""collaboration"",""execution"",""financial_modeling""]",2026-08-08T00:00:00.000Z,2026-09-12T00:00:00.000Z,1,3,3.41,false,0,false,7,individual
PRJ-0072434,E-0486,Project PRJ-0072434,owner,"[""communication""]",2026-09-19T00:00:00.000Z,2026-11-20T00:00:00.000Z,4,4,2.04,false,3,true,6,individual
PRJ-0072570,E-0487,Project PRJ-0072570,owner,"[""policy_navigation"",""talent_assessment""]",2026-02-19T00:00:00.000Z,2026-03-31T00:00:00.000Z,2,2,3.53,true,0,false,6,shared
PRJ-0072573,E-0487,Project PRJ-0072573,lead,"[""problem_solving"",""execution""]",2026-07-15T00:00:00.000Z,2026-08-27T00:00:00.000Z,1,2,2.18,true,4,false,5,team
PRJ-0072576,E-0487,Project PRJ-0072576,owner,"[""execution"",""communication""]",2025-07-31T00:00:00.000Z,2025-09-09T00:00:00.000Z,4,4,2.5,true,0,true,2,individual
PRJ-0072733,E-0488,Project PRJ-0072733,lead,"[""execution"",""collaboration""]",2026-01-05T00:00:00.000Z,2026-03-04T00:00:00.000Z,1,2,1.67,true,3,false,3,shared
PRJ-0072736,E-0488,Project PRJ-0072736,owner,"[""collaboration""]",2025-01-22T00:00:00.000Z,2025-03-20T00:00:00.000Z,2,1,1.02,true,3,false,8,team
PRJ-0072908,E-0489,Project PRJ-0072908,lead,"[""problem_solving""]",2026-07-03T00:00:00.000Z,2026-09-01T00:00:00.000Z,2,5,4.25,true,2,false,2,shared
PRJ-0072910,E-0489,Project PRJ-0072910,contributor,"[""execution"",""communication""]",2025-09-20T00:00:00.000Z,2025-11-20T00:00:00.000Z,4,5,1.19,true,0,true,3,individual
PRJ-0073051,E-0490,Project PRJ-0073051,contributor,"[""pipeline_mgmt""]",2024-11-12T00:00:00.000Z,2024-12-22T00:00:00.000Z,3,3,1.56,true,0,false,2,individual
PRJ-0073053,E-0490,Project PRJ-0073053,lead,"[""collaboration"",""negotiation""]",2025-02-09T00:00:00.000Z,2025-03-27T00:00:00.000Z,2,2,1.57,true,2,false,4,team
PRJ-0073056,E-0490,Project PRJ-0073056,lead,"[""problem_solving"",""execution"",""communication""]",2026-06-13T00:00:00.000Z,2026-07-31T00:00:00.000Z,3,4,2,true,3,false,4,shared
PRJ-0073060,E-0490,Project PRJ-0073060,owner,"[""execution"",""pipeline_mgmt"",""problem_solving""]",2025-06-14T00:00:00.000Z,2025-07-30T00:00:00.000Z,3,5,2.41,true,3,false,8,shared
PRJ-0073211,E-0491,Project PRJ-0073211,lead,"[""collaboration"",""content_quality""]",2025-05-18T00:00:00.000Z,2025-07-12T00:00:00.000Z,3,3,2.01,true,3,false,3,shared
PRJ-0073214,E-0491,Project PRJ-0073214,lead,"[""problem_solving""]",2024-11-26T00:00:00.000Z,2025-01-24T00:00:00.000Z,5,5,1.93,true,2,true,3,shared
PRJ-0073216,E-0491,Project PRJ-0073216,owner,"[""communication"",""collaboration""]",2026-03-31T00:00:00.000Z,2026-05-19T00:00:00.000Z,1,4,1.02,false,4,false,4,team
PRJ-0073219,E-0491,Project PRJ-0073219,owner,"[""problem_solving"",""communication""]",2025-06-17T00:00:00.000Z,2025-08-01T00:00:00.000Z,1,5,1.86,true,4,false,6,shared
PRJ-0073386,E-0492,Project PRJ-0073386,lead,"[""problem_solving""]",2024-11-08T00:00:00.000Z,2024-12-18T00:00:00.000Z,4,4,5,true,4,true,7,individual
PRJ-0073388,E-0492,Project PRJ-0073388,contributor,"[""roadmap_prioritization"",""problem_solving"",""stakeholder_alignment""]",2025-06-18T00:00:00.000Z,2025-08-05T00:00:00.000Z,2,5,3.46,true,1,false,6,individual
PRJ-0073392,E-0492,Project PRJ-0073392,contributor,"[""collaboration""]",2025-05-19T00:00:00.000Z,2025-07-05T00:00:00.000Z,5,2,1.99,false,0,true,5,individual
PRJ-0073519,E-0493,Project PRJ-0073519,contributor,"[""communication"",""visual_craft"",""problem_solving""]",2025-05-23T00:00:00.000Z,2025-06-24T00:00:00.000Z,2,2,1,true,3,false,3,team
PRJ-0073523,E-0493,Project PRJ-0073523,lead,"[""execution""]",2026-08-21T00:00:00.000Z,2026-09-20T00:00:00.000Z,1,1,2.14,true,1,false,2,individual
PRJ-0073525,E-0493,Project PRJ-0073525,lead,"[""execution"",""communication""]",2025-10-25T00:00:00.000Z,2025-12-01T00:00:00.000Z,4,5,2.63,false,0,true,3,shared
PRJ-0073528,E-0493,Project PRJ-0073528,lead,"[""communication""]",2026-02-11T00:00:00.000Z,2026-04-14T00:00:00.000Z,5,1,1.6,true,0,true,4,shared
PRJ-0073672,E-0494,Project PRJ-0073672,lead,"[""problem_solving"",""compliance_rigor""]",2025-08-06T00:00:00.000Z,2025-09-17T00:00:00.000Z,1,1,1,false,0,false,8,individual
PRJ-0073675,E-0494,Project PRJ-0073675,contributor,"[""financial_modeling""]",2025-09-30T00:00:00.000Z,2025-11-08T00:00:00.000Z,1,1,2.34,true,1,false,4,shared
PRJ-0073677,E-0494,Project PRJ-0073677,lead,"[""compliance_rigor""]",2024-10-16T00:00:00.000Z,2024-11-19T00:00:00.000Z,4,4,2.27,true,4,true,5,team
PRJ-0073679,E-0494,Project PRJ-0073679,lead,"[""compliance_rigor"",""collaboration"",""communication""]",2026-09-03T00:00:00.000Z,2026-11-11T00:00:00.000Z,3,3,2.73,false,2,false,6,shared
PRJ-0073836,E-0495,Project PRJ-0073836,contributor,"[""problem_solving""]",2026-05-20T00:00:00.000Z,2026-07-03T00:00:00.000Z,3,2,3.36,true,3,false,8,shared
PRJ-0073838,E-0495,Project PRJ-0073838,lead,"[""talent_assessment"",""problem_solving""]",2025-08-17T00:00:00.000Z,2025-10-09T00:00:00.000Z,5,3,2.38,true,1,true,2,shared
PRJ-0073841,E-0495,Project PRJ-0073841,owner,"[""collaboration""]",2026-06-13T00:00:00.000Z,2026-07-25T00:00:00.000Z,2,5,2.93,true,2,false,5,individual
PRJ-0073986,E-0496,Project PRJ-0073986,lead,"[""communication"",""troubleshooting"",""problem_solving""]",2025-11-11T00:00:00.000Z,2026-01-11T00:00:00.000Z,4,3,2.33,true,0,true,4,team
PRJ-0073990,E-0496,Project PRJ-0073990,owner,"[""communication""]",2025-08-27T00:00:00.000Z,2025-11-01T00:00:00.000Z,5,5,4.47,false,1,true,2,shared
PRJ-0073992,E-0496,Project PRJ-0073992,lead,"[""execution"",""communication""]",2025-09-09T00:00:00.000Z,2025-10-12T00:00:00.000Z,1,5,3.67,false,2,false,2,shared
PRJ-0074131,E-0497,Project PRJ-0074131,contributor,"[""system_design"",""problem_solving"",""code_quality""]",2025-08-08T00:00:00.000Z,2025-09-09T00:00:00.000Z,4,5,1.6,false,0,true,7,individual
PRJ-0074135,E-0497,Project PRJ-0074135,owner,"[""problem_solving""]",2024-10-14T00:00:00.000Z,2024-12-11T00:00:00.000Z,4,4,1.57,true,2,true,5,individual
PRJ-0074137,E-0497,Project PRJ-0074137,owner,"[""system_design"",""collaboration""]",2024-11-20T00:00:00.000Z,2025-01-15T00:00:00.000Z,5,5,1,true,4,true,6,team
PRJ-0074140,E-0497,Project PRJ-0074140,lead,"[""code_quality"",""problem_solving""]",2025-04-06T00:00:00.000Z,2025-06-07T00:00:00.000Z,2,2,1.58,true,0,false,4,team
PRJ-0074282,E-0498,Project PRJ-0074282,contributor,"[""negotiation"",""pipeline_mgmt"",""execution""]",2025-06-25T00:00:00.000Z,2025-08-16T00:00:00.000Z,5,3,2.8,true,3,true,2,individual
PRJ-0074286,E-0498,Project PRJ-0074286,contributor,"[""pipeline_mgmt""]",2026-06-01T00:00:00.000Z,2026-07-05T00:00:00.000Z,2,1,2.28,false,2,false,6,individual
PRJ-0074288,E-0498,Project PRJ-0074288,lead,"[""problem_solving"",""execution""]",2026-07-17T00:00:00.000Z,2026-08-23T00:00:00.000Z,2,5,2.53,false,4,false,5,individual
PRJ-0074291,E-0498,Project PRJ-0074291,owner,"[""negotiation"",""collaboration""]",2025-01-17T00:00:00.000Z,2025-02-25T00:00:00.000Z,3,1,3.6,true,4,false,7,shared
PRJ-0074464,E-0499,Project PRJ-0074464,owner,"[""execution""]",2026-02-10T00:00:00.000Z,2026-04-09T00:00:00.000Z,2,4,2.64,true,3,false,8,team
PRJ-0074466,E-0499,Project PRJ-0074466,owner,"[""problem_solving"",""execution"",""communication""]",2025-05-19T00:00:00.000Z,2025-06-26T00:00:00.000Z,2,5,1,true,4,false,6,shared
PRJ-0074599,E-0500,Project PRJ-0074599,owner,"[""execution"",""problem_solving"",""stakeholder_alignment""]",2025-09-16T00:00:00.000Z,2025-11-05T00:00:00.000Z,4,5,1.44,true,3,true,2,team
PRJ-0074603,E-0500,Project PRJ-0074603,contributor,"[""problem_solving"",""execution"",""collaboration""]",2025-06-25T00:00:00.000Z,2025-09-01T00:00:00.000Z,2,2,1.84,true,3,false,8,shared
PRJ-0074607,E-0500,Project PRJ-0074607,lead,"[""communication"",""execution"",""collaboration""]",2026-02-04T00:00:00.000Z,2026-03-20T00:00:00.000Z,1,1,2.04,false,2,false,8,team