rec_id,employee_id,competency_id,issued_at,verdict,root_cause_tag,gap,priority,action_id,action_name,expected_uplift,expected_time_to_effect_days,top_evidence,evidence_request
REC-E-0001-collaboration,E-0001,collaboration,2026-09-29T00:00:00.000Z,stagnating,practice_gap,0.31,0.169,ACT-0007,mentor: collaboration #1,0.62,170,"[{""eventId"":""EV-0000066"",""sourceType"":""self_assessment"",""influence"":0.494},{""eventId"":""EV-0000041"",""sourceType"":""self_assessment"",""influence"":0.28},{""eventId"":""EV-0000082"",""sourceType"":""self_assessment"",""influence"":0.201}]",
REC-E-0001-code_quality,E-0001,code_quality,2026-09-29T00:00:00.000Z,insufficient_evidence,observation_gap,0.55,0.823,ACT-0017,mentor: code quality #2,0.37,90,"[{""eventId"":""EV-0000035"",""sourceType"":""peer_feedback"",""influence"":0.74},{""eventId"":""EV-0000033"",""sourceType"":""self_assessment"",""influence"":0.327}]",
REC-E-0002-communication,E-0002,communication,2026-09-29T00:00:00.000Z,stagnating,practice_gap,0.32,0.09,ACT-0001,stretch assignment: communication #1,0.52,81,"[{""eventId"":""EV-0000228"",""sourceType"":""manager_feedback"",""influence"":1.193},{""eventId"":""EV-0000262"",""sourceType"":""assessment"",""influence"":0.322},{""eventId"":""EV-0000280"",""sourceType"":""manager_feedback"",""influence"":0.315}]",
REC-E-0002-collaboration,E-0002,collaboration,2026-09-29T00:00:00.000Z,stagnating,practice_gap,0.74,0.458,ACT-0007,mentor: collaboration #1,0.62,170,"[{""eventId"":""EV-0000358"",""sourceType"":""certification"",""influence"":0.948},{""eventId"":""EV-0000226"",""sourceType"":""manager_feedback"",""influence"":0.395},{""eventId"":""EV-0000234"",""sourceType"":""assessment"",""influence"":0.336}]",
REC-E-0002-problem_solving,E-0002,problem_solving,2026-09-29T00:00:00.000Z,declining,knowledge_gap,1.53,1.529,ACT-0010,stretch assignment: problem solving #1,0.75,103,"[{""eventId"":""EV-0000303"",""sourceType"":""assessment"",""influence"":0.946},{""eventId"":""EV-0000327"",""sourceType"":""assessment"",""influence"":0.566},{""eventId"":""EV-0000223"",""sourceType"":""self_assessment"",""influence"":0.27}]",
REC-E-0002-pipeline_mgmt,E-0002,pipeline_mgmt,2026-09-29T00:00:00.000Z,insufficient_evidence,observation_gap,0.51,0.523,ACT-0022,stretch assignment: pipeline mgmt #1,0.75,154,"[{""eventId"":""EV-0000214"",""sourceType"":""self_assessment"",""influence"":0.299},{""eventId"":""EV-0000216"",""sourceType"":""peer_feedback"",""influence"":0.133}]",
REC-E-0003-execution,E-0003,execution,2026-09-29T00:00:00.000Z,stagnating,application_gap,0.63,0.269,ACT-0006,mentor: execution #3,0.72,113,"[{""eventId"":""EV-0000371"",""sourceType"":""assessment"",""influence"":0.601},{""eventId"":""EV-0000454"",""sourceType"":""assessment"",""influence"":0.307},{""eventId"":""EV-0000393"",""sourceType"":""manager_feedback"",""influence"":0.292}]",
REC-E-0003-collaboration,E-0003,collaboration,2026-09-29T00:00:00.000Z,insufficient_evidence,observation_gap,1.23,0.25,ACT-0009,stretch assignment: collaboration #3,0.37,140,"[{""eventId"":""EV-0000400"",""sourceType"":""peer_feedback"",""influence"":1.15},{""eventId"":""EV-0000514"",""sourceType"":""project"",""influence"":0.249},{""eventId"":""EV-0000509"",""sourceType"":""training"",""influence"":0.205}]",
REC-E-0003-campaign_strategy,E-0003,campaign_strategy,2026-09-29T00:00:00.000Z,stagnating,practice_gap,0.57,0.484,ACT-0027,coaching: campaign strategy #3,0.71,65,"[{""eventId"":""EV-0000362"",""sourceType"":""manager_feedback"",""influence"":0.402},{""eventId"":""EV-0000515"",""sourceType"":""project"",""influence"":0.236},{""eventId"":""EV-0000492"",""sourceType"":""kpi"",""influence"":0.223}]",
REC-E-0004-communication,E-0004,communication,2026-09-29T00:00:00.000Z,declining,practice_gap,0.72,0.661,ACT-0001,stretch assignment: communication #1,0.52,81,"[{""eventId"":""EV-0000544"",""sourceType"":""self_assessment"",""influence"":0.865},{""eventId"":""EV-0000532"",""sourceType"":""assessment"",""influence"":0.559},{""eventId"":""EV-0000551"",""sourceType"":""manager_feedback"",""influence"":0.376}]",
REC-E-0004-collaboration,E-0004,collaboration,2026-09-29T00:00:00.000Z,declining,knowledge_gap,0.59,0.593,ACT-0007,mentor: collaboration #1,0.62,170,"[{""eventId"":""EV-0000546"",""sourceType"":""self_assessment"",""influence"":0.858},{""eventId"":""EV-0000584"",""sourceType"":""peer_feedback"",""influence"":0.68},{""eventId"":""EV-0000536"",""sourceType"":""assessment"",""influence"":0.388}]",
REC-E-0004-problem_solving,E-0004,problem_solving,2026-09-29T00:00:00.000Z,stagnating,knowledge_gap,0.97,0.491,ACT-0010,stretch assignment: problem solving #1,0.75,103,"[{""eventId"":""EV-0000525"",""sourceType"":""manager_feedback"",""influence"":0.739},{""eventId"":""EV-0000602"",""sourceType"":""assessment"",""influence"":0.434},{""eventId"":""EV-0000553"",""sourceType"":""manager_feedback"",""influence"":0.354}]",
REC-E-0004-roadmap_prioritization,E-0004,roadmap_prioritization,2026-09-29T00:00:00.000Z,stagnating,application_gap,1.62,2.072,ACT-0032,stretch assignment: roadmap prioritization #2,0.77,54,"[{""eventId"":""EV-0000668"",""sourceType"":""training"",""influence"":0.412},{""eventId"":""EV-0000526"",""sourceType"":""manager_feedback"",""influence"":0.403},{""eventId"":""EV-0000604"",""sourceType"":""assessment"",""influence"":0.39}]",
REC-E-0005-execution,E-0005,execution,2026-09-29T00:00:00.000Z,insufficient_evidence,observation_gap,-0.36,0,ACT-0005,project: execution #2,0.23,120,"[{""eventId"":""EV-0000714"",""sourceType"":""self_assessment"",""influence"":0.673},{""eventId"":""EV-0000677"",""sourceType"":""kpi"",""influence"":0.512},{""eventId"":""EV-0000688"",""sourceType"":""manager_feedback"",""influence"":0.381}]",
REC-E-0006-communication,E-0006,communication,2026-09-29T00:00:00.000Z,stagnating,practice_gap,0.42,0.155,ACT-0001,stretch assignment: communication #1,0.52,81,"[{""eventId"":""EV-0000801"",""sourceType"":""manager_feedback"",""influence"":1.182},{""eventId"":""EV-0000844"",""sourceType"":""peer_feedback"",""influence"":0.261},{""eventId"":""EV-0000872"",""sourceType"":""manager_feedback"",""influence"":0.255}]",
REC-E-0006-collaboration,E-0006,collaboration,2026-09-29T00:00:00.000Z,stagnating,practice_gap,1.65,1.116,ACT-0007,mentor: collaboration #1,0.62,170,"[{""eventId"":""EV-0000804"",""sourceType"":""peer_feedback"",""influence"":1.054},{""eventId"":""EV-0000827"",""sourceType"":""manager_feedback"",""influence"":0.429},{""eventId"":""EV-0000840"",""sourceType"":""manager_feedback"",""influence"":0.389}]",
REC-E-0006-financial_modeling,E-0006,financial_modeling,2026-09-29T00:00:00.000Z,stagnating,practice_gap,0.75,0.84,ACT-0045,community: financial modeling #3,0.62,81,"[{""eventId"":""EV-0000953"",""sourceType"":""certification"",""influence"":0.878},{""eventId"":""EV-0000855"",""sourceType"":""assessment"",""influence"":0.762},{""eventId"":""EV-0000831"",""sourceType"":""kpi"",""influence"":0.284}]",
REC-E-0007-communication,E-0007,communication,2026-09-29T00:00:00.000Z,insufficient_evidence,observation_gap,0.64,0.482,ACT-0001,stretch assignment: communication #1,0.52,81,"[{""eventId"":""EV-0000983"",""sourceType"":""peer_feedback"",""influence"":1.222},{""eventId"":""EV-0001076"",""sourceType"":""training"",""influence"":0.691},{""eventId"":""EV-0001005"",""sourceType"":""manager_feedback"",""influence"":0.389}]",
REC-E-0007-policy_navigation,E-0007,policy_navigation,2026-09-29T00:00:00.000Z,insufficient_evidence,observation_gap,-0.48,0,ACT-0052,mentor: policy navigation #1,0.56,119,"[{""eventId"":""EV-0000973"",""sourceType"":""assessment"",""influence"":0.314},{""eventId"":""EV-0000979"",""sourceType"":""manager_feedback"",""influence"":0.067}]","{""lever"":""independent_ratings"",""description"":""1 more rating from rater not already represented in this competency's evidence"",""n_needed"":1,""projected_score"":0.308,""current_score"":0.262}"
REC-E-0008-communication,E-0008,communication,2026-09-29T00:00:00.000Z,insufficient_evidence,observation_gap,0.07,0.011,ACT-0001,stretch assignment: communication #1,0.52,81,"[{""eventId"":""EV-0001085"",""sourceType"":""self_assessment"",""influence"":0.866},{""eventId"":""EV-0001147"",""sourceType"":""peer_feedback"",""influence"":0.796},{""eventId"":""EV-0001140"",""sourceType"":""self_assessment"",""influence"":0.399}]",
REC-E-0008-execution,E-0008,execution,2026-09-29T00:00:00.000Z,stagnating,knowledge_gap,1.17,0.838,ACT-0006,mentor: execution #3,0.72,113,"[{""eventId"":""EV-0001223"",""sourceType"":""certification"",""influence"":0.866},{""eventId"":""EV-0001083"",""sourceType"":""kpi"",""influence"":0.597},{""eventId"":""EV-0001094"",""sourceType"":""assessment"",""influence"":0.502}]",
REC-E-0008-collaboration,E-0008,collaboration,2026-09-29T00:00:00.000Z,insufficient_evidence,observation_gap,-0.95,0,ACT-0009,stretch assignment: collaboration #3,0.37,140,"[{""eventId"":""EV-0001173"",""sourceType"":""self_assessment"",""influence"":1.162},{""eventId"":""EV-0001180"",""sourceType"":""manager_feedback"",""influence"":0.442},{""eventId"":""EV-0001096"",""sourceType"":""assessment"",""influence"":0.423}]",
REC-E-0008-customer_resolution,E-0008,customer_resolution,2026-09-29T00:00:00.000Z,stagnating,practice_gap,1.26,1.249,ACT-0055,stretch assignment: customer resolution #1,0.8,73,"[{""eventId"":""EV-0001089"",""sourceType"":""self_assessment"",""influence"":0.853},{""eventId"":""EV-0001100"",""sourceType"":""assessment"",""influence"":0.252},{""eventId"":""EV-0001189"",""sourceType"":""peer_feedback"",""influence"":0.24}]",
REC-E-0008-troubleshooting,E-0008,troubleshooting,2026-09-29T00:00:00.000Z,stagnating,practice_gap,0.59,0.435,ACT-0060,stretch assignment: troubleshooting #3,0.62,45,"[{""eventId"":""EV-0001134"",""sourceType"":""assessment"",""influence"":1.254},{""eventId"":""EV-0001155"",""sourceType"":""manager_feedback"",""influence"":0.735},{""eventId"":""EV-0001117"",""sourceType"":""manager_feedback"",""influence"":0.641}]",
REC-E-0009-communication,E-0009,communication,2026-09-29T00:00:00.000Z,insufficient_evidence,observation_gap,-0.39,0,ACT-0001,stretch assignment: communication #1,0.52,81,"[{""eventId"":""EV-0001225"",""sourceType"":""self_assessment"",""influence"":0.281},{""eventId"":""EV-0001227"",""sourceType"":""peer_feedback"",""influence"":0.086}]",
REC-E-0009-problem_solving,E-0009,problem_solving,2026-09-29T00:00:00.000Z,stagnating,practice_gap,0.31,0.19,ACT-0010,stretch assignment: problem solving #1,0.75,103,"[{""eventId"":""EV-0001249"",""sourceType"":""assessment"",""influence"":0.624},{""eventId"":""EV-0001305"",""sourceType"":""assessment"",""influence"":0.341},{""eventId"":""EV-0001259"",""sourceType"":""manager_feedback"",""influence"":0.309}]",
REC-E-0009-system_design,E-0009,system_design,2026-09-29T00:00:00.000Z,stagnating,practice_gap,0.36,0.359,ACT-0014,coaching: system design #2,0.59,90,"[{""eventId"":""EV-0001236"",""sourceType"":""self_assessment"",""influence"":0.772},{""eventId"":""EV-0001231"",""sourceType"":""kpi"",""influence"":0.521},{""eventId"":""EV-0001350"",""sourceType"":""training"",""influence"":0.508}]",
REC-E-0010-execution,E-0010,execution,2026-09-29T00:00:00.000Z,stagnating,practice_gap,0.68,0.356,ACT-0006,mentor: execution #3,0.72,113,"[{""eventId"":""EV-0001452"",""sourceType"":""assessment"",""influence"":0.395},{""eventId"":""EV-0001503"",""sourceType"":""project"",""influence"":0.339},{""eventId"":""EV-0001370"",""sourceType"":""peer_feedback"",""influence"":0.336}]",
REC-E-0010-collaboration,E-0010,collaboration,2026-09-29T00:00:00.000Z,stagnating,practice_gap,0.35,0.177,ACT-0007,mentor: collaboration #1,0.62,170,"[{""eventId"":""EV-0001448"",""sourceType"":""manager_feedback"",""influence"":0.628},{""eventId"":""EV-0001391"",""sourceType"":""self_assessment"",""influence"":0.447},{""eventId"":""EV-0001377"",""sourceType"":""assessment"",""influence"":0.387}]",
REC-E-0010-problem_solving,E-0010,problem_solving,2026-09-29T00:00:00.000Z,insufficient_evidence,observation_gap,0.37,0.091,ACT-0010,stretch assignment: problem solving #1,0.75,103,"[{""eventId"":""EV-0001496"",""sourceType"":""training"",""influence"":1.379},{""eventId"":""EV-0001368"",""sourceType"":""peer_feedback"",""influence"":1.007},{""eventId"":""EV-0001414"",""sourceType"":""assessment"",""influence"":0.678}]",
REC-E-0010-pipeline_mgmt,E-0010,pipeline_mgmt,2026-09-29T00:00:00.000Z,stagnating,practice_gap,0.55,0.517,ACT-0022,stretch assignment: pipeline mgmt #1,0.75,154,"[{""eventId"":""EV-0001383"",""sourceType"":""assessment"",""influence"":0.405},{""eventId"":""EV-0001504"",""sourceType"":""project"",""influence"":0.339},{""eventId"":""EV-0001495"",""sourceType"":""training"",""influence"":0.323}]",
REC-E-0011-execution,E-0011,execution,2026-09-29T00:00:00.000Z,stagnating,practice_gap,1.73,1.258,ACT-0006,mentor: execution #3,0.72,113,"[{""eventId"":""EV-0001535"",""sourceType"":""assessment"",""influence"":0.445},{""eventId"":""EV-0001525"",""sourceType"":""manager_feedback"",""influence"":0.39},{""eventId"":""EV-0001609"",""sourceType"":""assessment"",""influence"":0.323}]",
REC-E-0011-problem_solving,E-0011,problem_solving,2026-09-29T00:00:00.000Z,improving,knowledge_gap,0.83,0.012,ACT-0010,stretch assignment: problem solving #1,0.75,103,"[{""eventId"":""EV-0001604"",""sourceType"":""peer_feedback"",""influence"":0.75},{""eventId"":""EV-0001671"",""sourceType"":""manager_feedback"",""influence"":0.163},{""eventId"":""EV-0001611"",""sourceType"":""assessment"",""influence"":0.146}]",
REC-E-0011-campaign_strategy,E-0011,campaign_strategy,2026-09-29T00:00:00.000Z,improving,practice_gap,0.47,0,ACT-0027,coaching: campaign strategy #3,0.71,65,"[{""eventId"":""EV-0001524"",""sourceType"":""manager_feedback"",""influence"":1.133},{""eventId"":""EV-0001656"",""sourceType"":""assessment"",""influence"":0.26},{""eventId"":""EV-0001643"",""sourceType"":""manager_feedback"",""influence"":0.225}]",
REC-E-0012-communication,E-0012,communication,2026-09-29T00:00:00.000Z,insufficient_evidence,observation_gap,2.28,1.809,ACT-0001,stretch assignment: communication #1,0.52,81,"[{""eventId"":""EV-0001725"",""sourceType"":""assessment"",""influence"":1.031},{""eventId"":""EV-0001757"",""sourceType"":""assessment"",""influence"":1.027},{""eventId"":""EV-0001696"",""sourceType"":""self_assessment"",""influence"":0.818}]",
REC-E-0012-collaboration,E-0012,collaboration,2026-09-29T00:00:00.000Z,stagnating,knowledge_gap,0.53,0.239,ACT-0007,mentor: collaboration #1,0.62,170,"[{""eventId"":""EV-0001737"",""sourceType"":""self_assessment"",""influence"":0.678},{""eventId"":""EV-0001754"",""sourceType"":""peer_feedback"",""influence"":0.62},{""eventId"":""EV-0001709"",""sourceType"":""assessment"",""influence"":0.523}]",
REC-E-0012-problem_solving,E-0012,problem_solving,2026-09-29T00:00:00.000Z,insufficient_evidence,observation_gap,1.29,0.547,ACT-0010,stretch assignment: problem solving #1,0.75,103,"[{""eventId"":""EV-0001688"",""sourceType"":""self_assessment"",""influence"":0.321},{""eventId"":""EV-0001690"",""sourceType"":""peer_feedback"",""influence"":0.213}]",
REC-E-0012-roadmap_prioritization,E-0012,roadmap_prioritization,2026-09-29T00:00:00.000Z,stagnating,knowledge_gap,0.79,0.751,ACT-0032,stretch assignment: roadmap prioritization #2,0.77,54,"[{""eventId"":""EV-0001699"",""sourceType"":""self_assessment"",""influence"":0.731},{""eventId"":""EV-0001723"",""sourceType"":""kpi"",""influence"":0.524},{""eventId"":""EV-0001727"",""sourceType"":""assessment"",""influence"":0.276}]",
REC-E-0012-stakeholder_alignment,E-0012,stakeholder_alignment,2026-09-29T00:00:00.000Z,insufficient_evidence,observation_gap,1.7,2.597,ACT-0034,stretch assignment: stakeholder alignment #1,0.68,119,"[{""eventId"":""EV-0001741"",""sourceType"":""peer_feedback"",""influence"":1.042},{""eventId"":""EV-0001700"",""sourceType"":""self_assessment"",""influence"":0.825},{""eventId"":""EV-0001713"",""sourceType"":""assessment"",""influence"":0.732}]",
REC-E-0013-communication,E-0013,communication,2026-09-29T00:00:00.000Z,stagnating,practice_gap,2.13,1.481,ACT-0001,stretch assignment: communication #1,0.52,81,"[{""eventId"":""EV-0001922"",""sourceType"":""assessment"",""influence"":0.563},{""eventId"":""EV-0001819"",""sourceType"":""assessment"",""influence"":0.434},{""eventId"":""EV-0001891"",""sourceType"":""manager_feedback"",""influence"":0.382}]",
REC-E-0013-problem_solving,E-0013,problem_solving,2026-09-29T00:00:00.000Z,insufficient_evidence,observation_gap,1.28,1.115,ACT-0010,stretch assignment: problem solving #1,0.75,103,"[{""eventId"":""EV-0001815"",""sourceType"":""manager_feedback"",""influence"":1.195},{""eventId"":""EV-0001867"",""sourceType"":""assessment"",""influence"":0.528},{""eventId"":""EV-0001825"",""sourceType"":""assessment"",""influence"":0.432}]",
REC-E-0013-visual_craft,E-0013,visual_craft,2026-09-29T00:00:00.000Z,stagnating,knowledge_gap,0.53,0.392,ACT-0037,mentor: visual craft #1,0.72,171,"[{""eventId"":""EV-0001843"",""sourceType"":""manager_feedback"",""influence"":0.616},{""eventId"":""EV-0001817"",""sourceType"":""manager_feedback"",""influence"":0.399},{""eventId"":""EV-0001827"",""sourceType"":""assessment"",""influence"":0.221}]",
REC-E-0013-ux_research,E-0013,ux_research,2026-09-29T00:00:00.000Z,stagnating,knowledge_gap,1.54,1.827,ACT-0041,stretch assignment: ux research #2,0.78,110,"[{""eventId"":""EV-0001842"",""sourceType"":""manager_feedback"",""influence"":0.566},{""eventId"":""EV-0001816"",""sourceType"":""manager_feedback"",""influence"":0.389},{""eventId"":""EV-0001930"",""sourceType"":""assessment"",""influence"":0.291}]",
REC-E-0014-collaboration,E-0014,collaboration,2026-09-29T00:00:00.000Z,stagnating,practice_gap,0.96,0.598,ACT-0007,mentor: collaboration #1,0.62,170,"[{""eventId"":""EV-0001967"",""sourceType"":""assessment"",""influence"":0.889},{""eventId"":""EV-0002059"",""sourceType"":""project"",""influence"":0.195},{""eventId"":""EV-0002052"",""sourceType"":""manager_feedback"",""influence"":0.154}]",
REC-E-0014-compliance_rigor,E-0014,compliance_rigor,2026-09-29T00:00:00.000Z,insufficient_evidence,observation_gap,-0.45,0,ACT-0046,stretch assignment: compliance rigor #1,0.58,77,"[{""eventId"":""EV-0001950"",""sourceType"":""peer_feedback"",""influence"":1.065},{""eventId"":""EV-0001948"",""sourceType"":""self_assessment"",""influence"":0.284}]",
REC-E-0016-communication,E-0016,communication,2026-09-29T00:00:00.000Z,stagnating,practice_gap,0.93,0.43,ACT-0001,stretch assignment: communication #1,0.52,81,"[{""eventId"":""EV-0002240"",""sourceType"":""manager_feedback"",""influence"":1.157},{""eventId"":""EV-0002270"",""sourceType"":""manager_feedback"",""influence"":0.472},{""eventId"":""EV-0002275"",""sourceType"":""peer_feedback"",""influence"":0.178}]",
REC-E-0016-collaboration,E-0016,collaboration,2026-09-29T00:00:00.000Z,stagnating,practice_gap,1.18,0.71,ACT-0007,mentor: collaboration #1,0.62,170,"[{""eventId"":""EV-0002265"",""sourceType"":""self_assessment"",""influence"":0.966},{""eventId"":""EV-0002292"",""sourceType"":""assessment"",""influence"":0.697},{""eventId"":""EV-0002330"",""sourceType"":""assessment"",""influence"":0.579}]",
REC-E-0016-problem_solving,E-0016,problem_solving,2026-09-29T00:00:00.000Z,improving,practice_gap,0.68,0,ACT-0010,stretch assignment: problem solving #1,0.75,103,"[{""eventId"":""EV-0002353"",""sourceType"":""peer_feedback"",""influence"":0.375},{""eventId"":""EV-0002345"",""sourceType"":""self_assessment"",""influence"":0.317},{""eventId"":""EV-0002360"",""sourceType"":""project"",""influence"":0.171}]",
REC-E-0016-troubleshooting,E-0016,troubleshooting,2026-09-29T00:00:00.000Z,stagnating,practice_gap,1.03,1.016,ACT-0060,stretch assignment: troubleshooting #3,0.62,45,"[{""eventId"":""EV-0002246"",""sourceType"":""peer_feedback"",""influence"":0.928},{""eventId"":""EV-0002298"",""sourceType"":""assessment"",""influence"":0.468},{""eventId"":""EV-0002257"",""sourceType"":""assessment"",""influence"":0.367}]",
REC-E-0017-communication,E-0017,communication,2026-09-29T00:00:00.000Z,stagnating,knowledge_gap,0.71,0.314,ACT-0001,stretch assignment: communication #1,0.52,81,"[{""eventId"":""EV-0002378"",""sourceType"":""manager_feedback"",""influence"":1.216},{""eventId"":""EV-0002395"",""sourceType"":""peer_feedback"",""influence"":0.536},{""eventId"":""EV-0002408"",""sourceType"":""manager_feedback"",""influence"":0.192}]",
REC-E-0017-execution,E-0017,execution,2026-09-29T00:00:00.000Z,insufficient_evidence,observation_gap,-0.03,0,ACT-0005,project: execution #2,0.23,120,"[{""eventId"":""EV-0002364"",""sourceType"":""kpi"",""influence"":0.35},{""eventId"":""EV-0002368"",""sourceType"":""assessment"",""influence"":0.322},{""eventId"":""EV-0002392"",""sourceType"":""peer_feedback"",""influence"":0.211}]",
REC-E-0017-collaboration,E-0017,collaboration,2026-09-29T00:00:00.000Z,insufficient_evidence,observation_gap,-0.12,0,ACT-0009,stretch assignment: collaboration #3,0.37,140,"[{""eventId"":""EV-0002380"",""sourceType"":""manager_feedback"",""influence"":1.267},{""eventId"":""EV-0002409"",""sourceType"":""manager_feedback"",""influence"":1.199},{""eventId"":""EV-0002419"",""sourceType"":""assessment"",""influence"":0.297}]",
REC-E-0017-problem_solving,E-0017,problem_solving,2026-09-29T00:00:00.000Z,insufficient_evidence,observation_gap,1.94,1.492,ACT-0010,stretch assignment: problem solving #1,0.75,103,"[{""eventId"":""EV-0002370"",""sourceType"":""assessment"",""influence"":1.092},{""eventId"":""EV-0002396"",""sourceType"":""peer_feedback"",""influence"":0.331},{""eventId"":""EV-0002464"",""sourceType"":""assessment"",""influence"":0.315}]",
REC-E-0017-code_quality,E-0017,code_quality,2026-09-29T00:00:00.000Z,declining,practice_gap,1.3,2.335,ACT-0017,mentor: code quality #2,0.37,90,"[{""eventId"":""EV-0002374"",""sourceType"":""assessment"",""influence"":1.41},{""eventId"":""EV-0002404"",""sourceType"":""assessment"",""influence"":1.395},{""eventId"":""EV-0002393"",""sourceType"":""peer_feedback"",""influence"":0.485}]",
REC-E-0018-communication,E-0018,communication,2026-09-29T00:00:00.000Z,insufficient_evidence,observation_gap,0.85,0.107,ACT-0001,stretch assignment: communication #1,0.52,81,"[{""eventId"":""EV-0002615"",""sourceType"":""training"",""influence"":0.829},{""eventId"":""EV-0002495"",""sourceType"":""self_assessment"",""influence"":0.744},{""eventId"":""EV-0002540"",""sourceType"":""assessment"",""influence"":0.309}]",
REC-E-0018-execution,E-0018,execution,2026-09-29T00:00:00.000Z,stagnating,practice_gap,1.24,0.469,ACT-0006,mentor: execution #3,0.72,113,"[{""eventId"":""EV-0002505"",""sourceType"":""peer_feedback"",""influence"":0.344},{""eventId"":""EV-0002542"",""sourceType"":""assessment"",""influence"":0.277},{""eventId"":""EV-0002496"",""sourceType"":""self_assessment"",""influence"":0.231}]",
REC-E-0018-collaboration,E-0018,collaboration,2026-09-29T00:00:00.000Z,insufficient_evidence,observation_gap,0.25,0.051,ACT-0009,stretch assignment: collaboration #3,0.37,140,"[{""eventId"":""EV-0002497"",""sourceType"":""self_assessment"",""influence"":0.77},{""eventId"":""EV-0002532"",""sourceType"":""self_assessment"",""influence"":0.2},{""eventId"":""EV-0002554"",""sourceType"":""self_assessment"",""influence"":0.181}]",
REC-E-0018-problem_solving,E-0018,problem_solving,2026-09-29T00:00:00.000Z,improving,knowledge_gap,1.14,0,ACT-0010,stretch assignment: problem solving #1,0.75,103,"[{""eventId"":""EV-0002581"",""sourceType"":""self_assessment"",""influence"":0.907},{""eventId"":""EV-0002498"",""sourceType"":""self_assessment"",""influence"":0.801},{""eventId"":""EV-0002606"",""sourceType"":""assessment"",""influence"":0.784}]",
REC-E-0018-negotiation,E-0018,negotiation,2026-09-29T00:00:00.000Z,improving,practice_gap,1.26,0.022,ACT-0019,project: negotiation #1,0.4,165,"[{""eventId"":""EV-0002582"",""sourceType"":""self_assessment"",""influence"":0.407},{""eventId"":""EV-0002563"",""sourceType"":""peer_feedback"",""influence"":0.405},{""eventId"":""EV-0002585"",""sourceType"":""peer_feedback"",""influence"":0.336}]",
REC-E-0018-pipeline_mgmt,E-0018,pipeline_mgmt,2026-09-29T00:00:00.000Z,improving,knowledge_gap,1.09,0.08,ACT-0022,stretch assignment: pipeline mgmt #1,0.75,154,"[{""eventId"":""EV-0002608"",""sourceType"":""assessment"",""influence"":0.493},{""eventId"":""EV-0002561"",""sourceType"":""kpi"",""influence"":0.363},{""eventId"":""EV-0002506"",""sourceType"":""peer_feedback"",""influence"":0.351}]",
REC-E-0019-communication,E-0019,communication,2026-09-29T00:00:00.000Z,insufficient_evidence,observation_gap,-1.04,0,ACT-0001,stretch assignment: communication #1,0.52,81,"[{""eventId"":""EV-0002738"",""sourceType"":""training"",""influence"":0.463},{""eventId"":""EV-0002626"",""sourceType"":""manager_feedback"",""influence"":0.384},{""eventId"":""EV-0002634"",""sourceType"":""assessment"",""influence"":0.191}]",
REC-E-0019-collaboration,E-0019,collaboration,2026-09-29T00:00:00.000Z,stagnating,practice_gap,0.37,0.135,ACT-0007,mentor: collaboration #1,0.62,170,"[{""eventId"":""EV-0002624"",""sourceType"":""manager_feedback"",""influence"":1.154},{""eventId"":""EV-0002744"",""sourceType"":""project"",""influence"":0.381},{""eventId"":""EV-0002638"",""sourceType"":""assessment"",""influence"":0.291}]",
REC-E-0019-problem_solving,E-0019,problem_solving,2026-09-29T00:00:00.000Z,stagnating,application_gap,1.41,0.935,ACT-0010,stretch assignment: problem solving #1,0.75,103,"[{""eventId"":""EV-0002739"",""sourceType"":""training"",""influence"":0.872},{""eventId"":""EV-0002680"",""sourceType"":""peer_feedback"",""influence"":0.704},{""eventId"":""EV-0002687"",""sourceType"":""manager_feedback"",""influence"":0.631}]",
REC-E-0019-campaign_strategy,E-0019,campaign_strategy,2026-09-29T00:00:00.000Z,insufficient_evidence,observation_gap,0,0,ACT-0027,coaching: campaign strategy #3,0.71,65,"[{""eventId"":""EV-0002667"",""sourceType"":""assessment"",""influence"":0.436},{""eventId"":""EV-0002702"",""sourceType"":""assessment"",""influence"":0.434},{""eventId"":""EV-0002663"",""sourceType"":""peer_feedback"",""influence"":0.416}]",
REC-E-0020-communication,E-0020,communication,2026-09-29T00:00:00.000Z,stagnating,knowledge_gap,0.57,0.215,ACT-0001,stretch assignment: communication #1,0.52,81,"[{""eventId"":""EV-0002760"",""sourceType"":""peer_feedback"",""influence"":1.005},{""eventId"":""EV-0002790"",""sourceType"":""assessment"",""influence"":0.384},{""eventId"":""EV-0002776"",""sourceType"":""manager_feedback"",""influence"":0.363}]",
REC-E-0020-execution,E-0020,execution,2026-09-29T00:00:00.000Z,stagnating,practice_gap,0.65,0.302,ACT-0006,mentor: execution #3,0.72,113,"[{""eventId"":""EV-0002792"",""sourceType"":""assessment"",""influence"":0.442},{""eventId"":""EV-0002756"",""sourceType"":""manager_feedback"",""influence"":0.368},{""eventId"":""EV-0002908"",""sourceType"":""project"",""influence"":0.316}]",
REC-E-0020-problem_solving,E-0020,problem_solving,2026-09-29T00:00:00.000Z,stagnating,knowledge_gap,1.4,0.856,ACT-0010,stretch assignment: problem solving #1,0.75,103,"[{""eventId"":""EV-0002766"",""sourceType"":""assessment"",""influence"":0.534},{""eventId"":""EV-0002796"",""sourceType"":""assessment"",""influence"":0.527},{""eventId"":""EV-0002751"",""sourceType"":""self_assessment"",""influence"":0.263}]",
REC-E-0020-stakeholder_alignment,E-0020,stakeholder_alignment,2026-09-29T00:00:00.000Z,stagnating,practice_gap,0.32,0.244,ACT-0034,stretch assignment: stakeholder alignment #1,0.68,119,"[{""eventId"":""EV-0002896"",""sourceType"":""training"",""influence"":0.422},{""eventId"":""EV-0002755"",""sourceType"":""manager_feedback"",""influence"":0.385},{""eventId"":""EV-0002882"",""sourceType"":""assessment"",""influence"":0.276}]",
REC-E-0021-problem_solving,E-0021,problem_solving,2026-09-29T00:00:00.000Z,insufficient_evidence,observation_gap,-2.45,0,ACT-0010,stretch assignment: problem solving #1,0.75,103,"[{""eventId"":""EV-0002964"",""sourceType"":""peer_feedback"",""influence"":0.516},{""eventId"":""EV-0002917"",""sourceType"":""self_assessment"",""influence"":0.266},{""eventId"":""EV-0003065"",""sourceType"":""project"",""influence"":0.256}]",
REC-E-0021-ux_research,E-0021,ux_research,2026-09-29T00:00:00.000Z,insufficient_evidence,observation_gap,0.66,0.912,ACT-0041,stretch assignment: ux research #2,0.78,110,"[{""eventId"":""EV-0002922"",""sourceType"":""manager_feedback"",""influence"":0.395},{""eventId"":""EV-0002976"",""sourceType"":""assessment"",""influence"":0.253},{""eventId"":""EV-0003023"",""sourceType"":""manager_feedback"",""influence"":0.23}]",
REC-E-0022-collaboration,E-0022,collaboration,2026-09-29T00:00:00.000Z,insufficient_evidence,observation_gap,0.56,0.426,ACT-0009,stretch assignment: collaboration #3,0.37,140,"[{""eventId"":""EV-0003086"",""sourceType"":""assessment"",""influence"":0.604},{""eventId"":""EV-0003215"",""sourceType"":""training"",""influence"":0.575},{""eventId"":""EV-0003124"",""sourceType"":""assessment"",""influence"":0.501}]",
REC-E-0023-communication,E-0023,communication,2026-09-29T00:00:00.000Z,declining,practice_gap,0.64,0.639,ACT-0001,stretch assignment: communication #1,0.52,81,"[{""eventId"":""EV-0003245"",""sourceType"":""manager_feedback"",""influence"":1.123},{""eventId"":""EV-0003285"",""sourceType"":""manager_feedback"",""influence"":0.709},{""eventId"":""EV-0003339"",""sourceType"":""manager_feedback"",""influence"":0.461}]",
REC-E-0023-execution,E-0023,execution,2026-09-29T00:00:00.000Z,insufficient_evidence,observation_gap,-0.38,0,ACT-0005,project: execution #2,0.23,120,"[{""eventId"":""EV-0003238"",""sourceType"":""self_assessment"",""influence"":0.836},{""eventId"":""EV-0003274"",""sourceType"":""kpi"",""influence"":0.291},{""eventId"":""EV-0003354"",""sourceType"":""assessment"",""influence"":0.204}]",
REC-E-0023-collaboration,E-0023,collaboration,2026-09-29T00:00:00.000Z,declining,application_gap,0.65,0.65,ACT-0007,mentor: collaboration #1,0.62,170,"[{""eventId"":""EV-0003246"",""sourceType"":""manager_feedback"",""influence"":1.199},{""eventId"":""EV-0003280"",""sourceType"":""self_assessment"",""influence"":0.589},{""eventId"":""EV-0003329"",""sourceType"":""assessment"",""influence"":0.562}]",
REC-E-0023-problem_solving,E-0023,problem_solving,2026-09-29T00:00:00.000Z,stagnating,knowledge_gap,0.64,0.323,ACT-0010,stretch assignment: problem solving #1,0.75,103,"[{""eventId"":""EV-0003306"",""sourceType"":""manager_feedback"",""influence"":0.327},{""eventId"":""EV-0003240"",""sourceType"":""self_assessment"",""influence"":0.281},{""eventId"":""EV-0003257"",""sourceType"":""assessment"",""influence"":0.26}]",
REC-E-0023-policy_navigation,E-0023,policy_navigation,2026-09-29T00:00:00.000Z,stagnating,application_gap,1.57,2.048,ACT-0052,mentor: policy navigation #1,0.56,119,"[{""eventId"":""EV-0003300"",""sourceType"":""assessment"",""influence"":0.5},{""eventId"":""EV-0003379"",""sourceType"":""training"",""influence"":0.437},{""eventId"":""EV-0003244"",""sourceType"":""manager_feedback"",""influence"":0.397}]",
REC-E-0024-customer_resolution,E-0024,customer_resolution,2026-09-29T00:00:00.000Z,stagnating,practice_gap,0.87,1.142,ACT-0055,stretch assignment: customer resolution #1,0.8,73,"[{""eventId"":""EV-0003388"",""sourceType"":""kpi"",""influence"":0.353},{""eventId"":""EV-0003447"",""sourceType"":""assessment"",""influence"":0.308},{""eventId"":""EV-0003394"",""sourceType"":""self_assessment"",""influence"":0.263}]",
REC-E-0025-communication,E-0025,communication,2026-09-29T00:00:00.000Z,insufficient_evidence,observation_gap,-1.21,0,ACT-0001,stretch assignment: communication #1,0.52,81,"[{""eventId"":""EV-0003581"",""sourceType"":""assessment"",""influence"":0.901},{""eventId"":""EV-0003722"",""sourceType"":""project"",""influence"":0.818},{""eventId"":""EV-0003631"",""sourceType"":""peer_feedback"",""influence"":0.426}]",
REC-E-0025-execution,E-0025,execution,2026-09-29T00:00:00.000Z,stagnating,knowledge_gap,1.17,0.611,ACT-0006,mentor: execution #3,0.72,113,"[{""eventId"":""EV-0003583"",""sourceType"":""assessment"",""influence"":0.621},{""eventId"":""EV-0003563"",""sourceType"":""kpi"",""influence"":0.461},{""eventId"":""EV-0003593"",""sourceType"":""kpi"",""influence"":0.451}]",
REC-E-0025-collaboration,E-0025,collaboration,2026-09-29T00:00:00.000Z,stagnating,practice_gap,0.6,0.244,ACT-0007,mentor: collaboration #1,0.62,170,"[{""eventId"":""EV-0003569"",""sourceType"":""self_assessment"",""influence"":0.772},{""eventId"":""EV-0003646"",""sourceType"":""peer_feedback"",""influence"":0.3},{""eventId"":""EV-0003692"",""sourceType"":""assessment"",""influence"":0.272}]",
REC-E-0025-problem_solving,E-0025,problem_solving,2026-09-29T00:00:00.000Z,stagnating,knowledge_gap,1.37,0.804,ACT-0010,stretch assignment: problem solving #1,0.75,103,"[{""eventId"":""EV-0003575"",""sourceType"":""manager_feedback"",""influence"":0.646},{""eventId"":""EV-0003578"",""sourceType"":""peer_feedback"",""influence"":0.346},{""eventId"":""EV-0003630"",""sourceType"":""peer_feedback"",""influence"":0.311}]",
REC-E-0026-communication,E-0026,communication,2026-09-29T00:00:00.000Z,insufficient_evidence,observation_gap,0.51,0.29,ACT-0001,stretch assignment: communication #1,0.52,81,"[{""eventId"":""EV-0003724"",""sourceType"":""self_assessment"",""influence"":0.31},{""eventId"":""EV-0003726"",""sourceType"":""peer_feedback"",""influence"":0.189}]",
REC-E-0026-collaboration,E-0026,collaboration,2026-09-29T00:00:00.000Z,stagnating,practice_gap,0.71,0.317,ACT-0007,mentor: collaboration #1,0.62,170,"[{""eventId"":""EV-0003776"",""sourceType"":""assessment"",""influence"":0.863},{""eventId"":""EV-0003734"",""sourceType"":""assessment"",""influence"":0.75},{""eventId"":""EV-0003745"",""sourceType"":""self_assessment"",""influence"":0.296}]",
REC-E-0026-negotiation,E-0026,negotiation,2026-09-29T00:00:00.000Z,insufficient_evidence,observation_gap,0.13,0.208,ACT-0019,project: negotiation #1,0.4,165,"[{""eventId"":""EV-0003755"",""sourceType"":""peer_feedback"",""influence"":1.164},{""eventId"":""EV-0003767"",""sourceType"":""manager_feedback"",""influence"":0.7},{""eventId"":""EV-0003747"",""sourceType"":""self_assessment"",""influence"":0.358}]",
REC-E-0026-pipeline_mgmt,E-0026,pipeline_mgmt,2026-09-29T00:00:00.000Z,stagnating,knowledge_gap,1.16,1.044,ACT-0022,stretch assignment: pipeline mgmt #1,0.75,154,"[{""eventId"":""EV-0003759"",""sourceType"":""kpi"",""influence"":0.748},{""eventId"":""EV-0003730"",""sourceType"":""kpi"",""influence"":0.725},{""eventId"":""EV-0003738"",""sourceType"":""assessment"",""influence"":0.271}]",
REC-E-0027-communication,E-0027,communication,2026-09-29T00:00:00.000Z,stagnating,application_gap,1.46,0.781,ACT-0001,stretch assignment: communication #1,0.52,81,"[{""eventId"":""EV-0004011"",""sourceType"":""assessment"",""influence"":0.484},{""eventId"":""EV-0003889"",""sourceType"":""assessment"",""influence"":0.39},{""eventId"":""EV-0003953"",""sourceType"":""manager_feedback"",""influence"":0.358}]",
REC-E-0027-execution,E-0027,execution,2026-09-29T00:00:00.000Z,improving,practice_gap,0.63,0.023,ACT-0006,mentor: execution #3,0.72,113,"[{""eventId"":""EV-0003873"",""sourceType"":""kpi"",""influence"":0.51},{""eventId"":""EV-0003876"",""sourceType"":""self_assessment"",""influence"":0.355},{""eventId"":""EV-0003886"",""sourceType"":""peer_feedback"",""influence"":0.328}]",
REC-E-0027-collaboration,E-0027,collaboration,2026-09-29T00:00:00.000Z,stagnating,practice_gap,1.18,0.365,ACT-0007,mentor: collaboration #1,0.62,170,"[{""eventId"":""EV-0003995"",""sourceType"":""manager_feedback"",""influence"":0.408},{""eventId"":""EV-0003893"",""sourceType"":""assessment"",""influence"":0.35},{""eventId"":""EV-0003934"",""sourceType"":""assessment"",""influence"":0.313}]",
REC-E-0027-content_quality,E-0027,content_quality,2026-09-29T00:00:00.000Z,stagnating,practice_gap,0.61,0.598,ACT-0028,course: content quality #1,0.73,107,"[{""eventId"":""EV-0003940"",""sourceType"":""assessment"",""influence"":0.461},{""eventId"":""EV-0004044"",""sourceType"":""project"",""influence"":0.288},{""eventId"":""EV-0003880"",""sourceType"":""self_assessment"",""influence"":0.269}]",
REC-E-0028-communication,E-0028,communication,2026-09-29T00:00:00.000Z,insufficient_evidence,observation_gap,-0.39,0,ACT-0001,stretch assignment: communication #1,0.52,81,"[{""eventId"":""EV-0004053"",""sourceType"":""self_assessment"",""influence"":0.307},{""eventId"":""EV-0004055"",""sourceType"":""peer_feedback"",""influence"":0.133}]",
REC-E-0028-collaboration,E-0028,collaboration,2026-09-29T00:00:00.000Z,insufficient_evidence,observation_gap,0.36,0.282,ACT-0009,stretch assignment: collaboration #3,0.37,140,"[{""eventId"":""EV-0004062"",""sourceType"":""self_assessment"",""influence"":0.877},{""eventId"":""EV-0004071"",""sourceType"":""assessment"",""influence"":0.482},{""eventId"":""EV-0004085"",""sourceType"":""manager_feedback"",""influence"":0.323}]",
REC-E-0029-execution,E-0029,execution,2026-09-29T00:00:00.000Z,stagnating,knowledge_gap,0.95,0.494,ACT-0006,mentor: execution #3,0.72,113,"[{""eventId"":""EV-0004174"",""sourceType"":""kpi"",""influence"":0.575},{""eventId"":""EV-0004186"",""sourceType"":""assessment"",""influence"":0.57},{""eventId"":""EV-0004309"",""sourceType"":""assessment"",""influence"":0.291}]",
REC-E-0029-ux_research,E-0029,ux_research,2026-09-29T00:00:00.000Z,stagnating,practice_gap,1.3,1.614,ACT-0041,stretch assignment: ux research #2,0.78,110,"[{""eventId"":""EV-0004201"",""sourceType"":""manager_feedback"",""influence"":0.425},{""eventId"":""EV-0004179"",""sourceType"":""peer_feedback"",""influence"":0.357},{""eventId"":""EV-0004313"",""sourceType"":""assessment"",""influence"":0.247}]",
REC-E-0030-communication,E-0030,communication,2026-09-29T00:00:00.000Z,stagnating,practice_gap,1.15,0.75,ACT-0001,stretch assignment: communication #1,0.52,81,"[{""eventId"":""EV-0004344"",""sourceType"":""assessment"",""influence"":1.275},{""eventId"":""EV-0004382"",""sourceType"":""assessment"",""influence"":0.418},{""eventId"":""EV-0004402"",""sourceType"":""peer_feedback"",""influence"":0.217}]",
REC-E-0030-execution,E-0030,execution,2026-09-29T00:00:00.000Z,stagnating,practice_gap,1.25,0.641,ACT-0006,mentor: execution #3,0.72,113,"[{""eventId"":""EV-0004337"",""sourceType"":""kpi"",""influence"":0.508},{""eventId"":""EV-0004384"",""sourceType"":""assessment"",""influence"":0.403},{""eventId"":""EV-0004444"",""sourceType"":""peer_feedback"",""influence"":0.254}]",
REC-E-0030-collaboration,E-0030,collaboration,2026-09-29T00:00:00.000Z,improving,consistency_gap,0.91,0,ACT-0007,mentor: collaboration #1,0.62,170,"[{""eventId"":""EV-0004341"",""sourceType"":""peer_feedback"",""influence"":1.117},{""eventId"":""EV-0004408"",""sourceType"":""assessment"",""influence"":0.565},{""eventId"":""EV-0004374"",""sourceType"":""self_assessment"",""influence"":0.322}]",
REC-E-0030-problem_solving,E-0030,problem_solving,2026-09-29T00:00:00.000Z,stagnating,practice_gap,1.04,0.483,ACT-0010,stretch assignment: problem solving #1,0.75,103,"[{""eventId"":""EV-0004388"",""sourceType"":""assessment"",""influence"":0.546},{""eventId"":""EV-0004399"",""sourceType"":""peer_feedback"",""influence"":0.462},{""eventId"":""EV-0004361"",""sourceType"":""self_assessment"",""influence"":0.343}]",
REC-E-0030-financial_modeling,E-0030,financial_modeling,2026-09-29T00:00:00.000Z,stagnating,practice_gap,1.41,1.323,ACT-0045,community: financial modeling #3,0.62,81,"[{""eventId"":""EV-0004342"",""sourceType"":""peer_feedback"",""influence"":1.06},{""eventId"":""EV-0004339"",""sourceType"":""kpi"",""influence"":0.443},{""eventId"":""EV-0004350"",""sourceType"":""assessment"",""influence"":0.377}]",
REC-E-0030-compliance_rigor,E-0030,compliance_rigor,2026-09-29T00:00:00.000Z,stagnating,knowledge_gap,1.15,0.937,ACT-0046,stretch assignment: compliance rigor #1,0.58,77,"[{""eventId"":""EV-0004352"",""sourceType"":""assessment"",""influence"":0.338},{""eventId"":""EV-0004410"",""sourceType"":""assessment"",""influence"":0.3},{""eventId"":""EV-0004363"",""sourceType"":""self_assessment"",""influence"":0.253}]",
REC-E-0031-communication,E-0031,communication,2026-09-29T00:00:00.000Z,stagnating,application_gap,0.4,0.122,ACT-0001,stretch assignment: communication #1,0.52,81,"[{""eventId"":""EV-0004516"",""sourceType"":""peer_feedback"",""influence"":0.389},{""eventId"":""EV-0004562"",""sourceType"":""peer_feedback"",""influence"":0.328},{""eventId"":""EV-0004505"",""sourceType"":""self_assessment"",""influence"":0.245}]",
REC-E-0031-execution,E-0031,execution,2026-09-29T00:00:00.000Z,stagnating,practice_gap,1.54,0.713,ACT-0006,mentor: execution #3,0.72,113,"[{""eventId"":""EV-0004487"",""sourceType"":""peer_feedback"",""influence"":1.09},{""eventId"":""EV-0004491"",""sourceType"":""assessment"",""influence"":0.274},{""eventId"":""EV-0004592"",""sourceType"":""kpi"",""influence"":0.218}]",
REC-E-0031-collaboration,E-0031,collaboration,2026-09-29T00:00:00.000Z,insufficient_evidence,observation_gap,0.8,0.103,ACT-0009,stretch assignment: collaboration #3,0.37,140,"[{""eventId"":""EV-0004483"",""sourceType"":""peer_feedback"",""influence"":1.129},{""eventId"":""EV-0004528"",""sourceType"":""manager_feedback"",""influence"":0.723},{""eventId"":""EV-0004557"",""sourceType"":""manager_feedback"",""influence"":0.352}]",
REC-E-0031-problem_solving,E-0031,problem_solving,2026-09-29T00:00:00.000Z,stagnating,application_gap,1.53,1.067,ACT-0010,stretch assignment: problem solving #1,0.75,103,"[{""eventId"":""EV-0004526"",""sourceType"":""manager_feedback"",""influence"":0.523},{""eventId"":""EV-0004599"",""sourceType"":""self_assessment"",""influence"":0.454},{""eventId"":""EV-0004644"",""sourceType"":""training"",""influence"":0.265}]",
REC-E-0031-policy_navigation,E-0031,policy_navigation,2026-09-29T00:00:00.000Z,stagnating,practice_gap,0.73,0.691,ACT-0052,mentor: policy navigation #1,0.56,119,"[{""eventId"":""EV-0004513"",""sourceType"":""manager_feedback"",""influence"":0.518},{""eventId"":""EV-0004531"",""sourceType"":""peer_feedback"",""influence"":0.395},{""eventId"":""EV-0004486"",""sourceType"":""peer_feedback"",""influence"":0.347}]",
REC-E-0032-communication,E-0032,communication,2026-09-29T00:00:00.000Z,insufficient_evidence,observation_gap,-0.24,0,ACT-0001,stretch assignment: communication #1,0.52,81,"[{""eventId"":""EV-0004680"",""sourceType"":""peer_feedback"",""influence"":0.39},{""eventId"":""EV-0004794"",""sourceType"":""training"",""influence"":0.323},{""eventId"":""EV-0004662"",""sourceType"":""assessment"",""influence"":0.281}]",
REC-E-0032-execution,E-0032,execution,2026-09-29T00:00:00.000Z,improving,practice_gap,0.55,0,ACT-0006,mentor: execution #3,0.72,113,"[{""eventId"":""EV-0004790"",""sourceType"":""kpi"",""influence"":0.307},{""eventId"":""EV-0004749"",""sourceType"":""assessment"",""influence"":0.241},{""eventId"":""EV-0004782"",""sourceType"":""assessment"",""influence"":0.107}]",
REC-E-0032-collaboration,E-0032,collaboration,2026-09-29T00:00:00.000Z,stagnating,practice_gap,0.9,0.48,ACT-0007,mentor: collaboration #1,0.62,170,"[{""eventId"":""EV-0004706"",""sourceType"":""assessment"",""influence"":0.872},{""eventId"":""EV-0004666"",""sourceType"":""assessment"",""influence"":0.488},{""eventId"":""EV-0004676"",""sourceType"":""manager_feedback"",""influence"":0.404}]",
REC-E-0032-problem_solving,E-0032,problem_solving,2026-09-29T00:00:00.000Z,stagnating,knowledge_gap,0.74,0.4,ACT-0010,stretch assignment: problem solving #1,0.75,103,"[{""eventId"":""EV-0004708"",""sourceType"":""assessment"",""influence"":0.608},{""eventId"":""EV-0004677"",""sourceType"":""manager_feedback"",""influence"":0.399},{""eventId"":""EV-0004744"",""sourceType"":""peer_feedback"",""influence"":0.243}]",
REC-E-0032-customer_resolution,E-0032,customer_resolution,2026-09-29T00:00:00.000Z,declining,knowledge_gap,1.46,2.55,ACT-0055,stretch assignment: customer resolution #1,0.8,73,"[{""eventId"":""EV-0004657"",""sourceType"":""kpi"",""influence"":1.617},{""eventId"":""EV-0004698"",""sourceType"":""peer_feedback"",""influence"":0.342},{""eventId"":""EV-0004710"",""sourceType"":""assessment"",""influence"":0.247}]",
REC-E-0033-collaboration,E-0033,collaboration,2026-09-29T00:00:00.000Z,stagnating,practice_gap,0.35,0.22,ACT-0007,mentor: collaboration #1,0.62,170,"[{""eventId"":""EV-0004889"",""sourceType"":""assessment"",""influence"":0.603},{""eventId"":""EV-0004842"",""sourceType"":""manager_feedback"",""influence"":0.585},{""eventId"":""EV-0004813"",""sourceType"":""manager_feedback"",""influence"":0.506}]",
REC-E-0034-communication,E-0034,communication,2026-09-29T00:00:00.000Z,insufficient_evidence,observation_gap,1.27,1.052,ACT-0003,coaching: communication #3,0.23,124,"[{""eventId"":""EV-0005075"",""sourceType"":""training"",""influence"":0.663},{""eventId"":""EV-0004961"",""sourceType"":""manager_feedback"",""influence"":0.389},{""eventId"":""EV-0005020"",""sourceType"":""assessment"",""influence"":0.288}]",
REC-E-0034-execution,E-0034,execution,2026-09-29T00:00:00.000Z,declining,practice_gap,0.42,0.422,ACT-0006,mentor: execution #3,0.72,113,"[{""eventId"":""EV-0005022"",""sourceType"":""assessment"",""influence"":0.896},{""eventId"":""EV-0004966"",""sourceType"":""peer_feedback"",""influence"":0.628},{""eventId"":""EV-0004950"",""sourceType"":""kpi"",""influence"":0.304}]",
REC-E-0034-collaboration,E-0034,collaboration,2026-09-29T00:00:00.000Z,insufficient_evidence,observation_gap,-0.32,0,ACT-0009,stretch assignment: collaboration #3,0.37,140,"[{""eventId"":""EV-0004944"",""sourceType"":""peer_feedback"",""influence"":1.148},{""eventId"":""EV-0004942"",""sourceType"":""self_assessment"",""influence"":0.837}]",
REC-E-0034-problem_solving,E-0034,problem_solving,2026-09-29T00:00:00.000Z,stagnating,practice_gap,0.54,0.33,ACT-0010,stretch assignment: problem solving #1,0.75,103,"[{""eventId"":""EV-0004956"",""sourceType"":""self_assessment"",""influence"":0.775},{""eventId"":""EV-0004973"",""sourceType"":""assessment"",""influence"":0.645},{""eventId"":""EV-0005076"",""sourceType"":""training"",""influence"":0.617}]",
REC-E-0034-negotiation,E-0034,negotiation,2026-09-29T00:00:00.000Z,insufficient_evidence,observation_gap,0.55,0.831,ACT-0019,project: negotiation #1,0.4,165,"[{""eventId"":""EV-0004948"",""sourceType"":""peer_feedback"",""influence"":0.78},{""eventId"":""EV-0004946"",""sourceType"":""self_assessment"",""influence"":0.312}]",
REC-E-0035-communication,E-0035,communication,2026-09-29T00:00:00.000Z,stagnating,knowledge_gap,0.59,0.27,ACT-0001,stretch assignment: communication #1,0.52,81,"[{""eventId"":""EV-0005096"",""sourceType"":""assessment"",""influence"":0.478},{""eventId"":""EV-0005093"",""sourceType"":""peer_feedback"",""influence"":0.358},{""eventId"":""EV-0005139"",""sourceType"":""assessment"",""influence"":0.335}]",
REC-E-0035-execution,E-0035,execution,2026-09-29T00:00:00.000Z,improving,knowledge_gap,0.95,0.053,ACT-0006,mentor: execution #3,0.72,113,"[{""eventId"":""EV-0005085"",""sourceType"":""kpi"",""influence"":1.167},{""eventId"":""EV-0005137"",""sourceType"":""manager_feedback"",""influence"":0.448},{""eventId"":""EV-0005181"",""sourceType"":""assessment"",""influence"":0.409}]",
REC-E-0035-collaboration,E-0035,collaboration,2026-09-29T00:00:00.000Z,improving,application_gap,0.43,0.005,ACT-0007,mentor: collaboration #1,0.62,170,"[{""eventId"":""EV-0005112"",""sourceType"":""self_assessment"",""influence"":0.872},{""eventId"":""EV-0005183"",""sourceType"":""assessment"",""influence"":0.532},{""eventId"":""EV-0005203"",""sourceType"":""manager_feedback"",""influence"":0.394}]",
REC-E-0035-problem_solving,E-0035,problem_solving,2026-09-29T00:00:00.000Z,stagnating,knowledge_gap,0.4,0.19,ACT-0010,stretch assignment: problem solving #1,0.75,103,"[{""eventId"":""EV-0005136"",""sourceType"":""manager_feedback"",""influence"":0.57},{""eventId"":""EV-0005145"",""sourceType"":""assessment"",""influence"":0.435},{""eventId"":""EV-0005089"",""sourceType"":""manager_feedback"",""influence"":0.403}]",
REC-E-0035-campaign_strategy,E-0035,campaign_strategy,2026-09-29T00:00:00.000Z,stagnating,practice_gap,0.39,0.314,ACT-0027,coaching: campaign strategy #3,0.71,65,"[{""eventId"":""EV-0005147"",""sourceType"":""assessment"",""influence"":0.405},{""eventId"":""EV-0005090"",""sourceType"":""manager_feedback"",""influence"":0.404},{""eventId"":""EV-0005197"",""sourceType"":""manager_feedback"",""influence"":0.387}]",
REC-E-0035-content_quality,E-0035,content_quality,2026-09-29T00:00:00.000Z,declining,consistency_gap,1.2,2.111,ACT-0030,coaching: content quality #3,0.47,108,"[{""eventId"":""EV-0005091"",""sourceType"":""manager_feedback"",""influence"":2.005},{""eventId"":""EV-0005218"",""sourceType"":""assessment"",""influence"":0.307},{""eventId"":""EV-0005106"",""sourceType"":""assessment"",""influence"":0.287}]",
REC-E-0036-communication,E-0036,communication,2026-09-29T00:00:00.000Z,insufficient_evidence,observation_gap,0.77,0.202,ACT-0001,stretch assignment: communication #1,0.52,81,"[{""eventId"":""EV-0005381"",""sourceType"":""certification"",""influence"":1.223},{""eventId"":""EV-0005292"",""sourceType"":""assessment"",""influence"":0.888},{""eventId"":""EV-0005253"",""sourceType"":""self_assessment"",""influence"":0.841}]",
REC-E-0036-execution,E-0036,execution,2026-09-29T00:00:00.000Z,improving,practice_gap,0.93,0.054,ACT-0006,mentor: execution #3,0.72,113,"[{""eventId"":""EV-0005254"",""sourceType"":""self_assessment"",""influence"":0.855},{""eventId"":""EV-0005294"",""sourceType"":""assessment"",""influence"":0.432},{""eventId"":""EV-0005370"",""sourceType"":""training"",""influence"":0.342}]",
REC-E-0036-collaboration,E-0036,collaboration,2026-09-29T00:00:00.000Z,stagnating,practice_gap,1.4,0.919,ACT-0007,mentor: collaboration #1,0.62,170,"[{""eventId"":""EV-0005275"",""sourceType"":""self_assessment"",""influence"":0.52},{""eventId"":""EV-0005351"",""sourceType"":""peer_feedback"",""influence"":0.374},{""eventId"":""EV-0005360"",""sourceType"":""assessment"",""influence"":0.302}]",
REC-E-0036-problem_solving,E-0036,problem_solving,2026-09-29T00:00:00.000Z,insufficient_evidence,observation_gap,1.29,0.558,ACT-0010,stretch assignment: problem solving #1,0.75,103,"[{""eventId"":""EV-0005245"",""sourceType"":""self_assessment"",""influence"":0.286},{""eventId"":""EV-0005247"",""sourceType"":""peer_feedback"",""influence"":0.12}]",
REC-E-0036-roadmap_prioritization,E-0036,roadmap_prioritization,2026-09-29T00:00:00.000Z,improving,practice_gap,0.82,0,ACT-0032,stretch assignment: roadmap prioritization #2,0.77,54,"[{""eventId"":""EV-0005256"",""sourceType"":""self_assessment"",""influence"":0.849},{""eventId"":""EV-0005251"",""sourceType"":""kpi"",""influence"":0.464},{""eventId"":""EV-0005271"",""sourceType"":""kpi"",""influence"":0.305}]",
REC-E-0036-stakeholder_alignment,E-0036,stakeholder_alignment,2026-09-29T00:00:00.000Z,improving,practice_gap,1.07,0.016,ACT-0034,stretch assignment: stakeholder alignment #1,0.68,119,"[{""eventId"":""EV-0005257"",""sourceType"":""self_assessment"",""influence"":0.742},{""eventId"":""EV-0005300"",""sourceType"":""assessment"",""influence"":0.587},{""eventId"":""EV-0005267"",""sourceType"":""assessment"",""influence"":0.486}]",
REC-E-0037-communication,E-0037,communication,2026-09-29T00:00:00.000Z,declining,practice_gap,1.96,1.961,ACT-0001,stretch assignment: communication #1,0.52,81,"[{""eventId"":""EV-0005522"",""sourceType"":""assessment"",""influence"":0.376},{""eventId"":""EV-0005475"",""sourceType"":""manager_feedback"",""influence"":0.369},{""eventId"":""EV-0005482"",""sourceType"":""assessment"",""influence"":0.25}]",
REC-E-0037-collaboration,E-0037,collaboration,2026-09-29T00:00:00.000Z,stagnating,practice_gap,0.71,0.401,ACT-0007,mentor: collaboration #1,0.62,170,"[{""eventId"":""EV-0005402"",""sourceType"":""assessment"",""influence"":0.336},{""eventId"":""EV-0005480"",""sourceType"":""peer_feedback"",""influence"":0.302},{""eventId"":""EV-0005389"",""sourceType"":""self_assessment"",""influence"":0.258}]",
REC-E-0037-problem_solving,E-0037,problem_solving,2026-09-29T00:00:00.000Z,insufficient_evidence,observation_gap,0.62,0.457,ACT-0010,stretch assignment: problem solving #1,0.75,103,"[{""eventId"":""EV-0005436"",""sourceType"":""peer_feedback"",""influence"":0.587},{""eventId"":""EV-0005542"",""sourceType"":""training"",""influence"":0.448},{""eventId"":""EV-0005394"",""sourceType"":""manager_feedback"",""influence"":0.373}]",
REC-E-0038-communication,E-0038,communication,2026-09-29T00:00:00.000Z,insufficient_evidence,observation_gap,0.12,0.031,ACT-0001,stretch assignment: communication #1,0.52,81,"[{""eventId"":""EV-0005643"",""sourceType"":""assessment"",""influence"":0.405},{""eventId"":""EV-0005599"",""sourceType"":""manager_feedback"",""influence"":0.393},{""eventId"":""EV-0005564"",""sourceType"":""peer_feedback"",""influence"":0.362}]",
REC-E-0038-collaboration,E-0038,collaboration,2026-09-29T00:00:00.000Z,insufficient_evidence,observation_gap,1.18,0.911,ACT-0009,stretch assignment: collaboration #3,0.37,140,"[{""eventId"":""EV-0005613"",""sourceType"":""assessment"",""influence"":0.796},{""eventId"":""EV-0005588"",""sourceType"":""manager_feedback"",""influence"":0.475},{""eventId"":""EV-0005665"",""sourceType"":""manager_feedback"",""influence"":0.36}]",
REC-E-0038-compliance_rigor,E-0038,compliance_rigor,2026-09-29T00:00:00.000Z,stagnating,knowledge_gap,0.58,0.634,ACT-0046,stretch assignment: compliance rigor #1,0.58,77,"[{""eventId"":""EV-0005695"",""sourceType"":""assessment"",""influence"":0.525},{""eventId"":""EV-0005585"",""sourceType"":""self_assessment"",""influence"":0.423},{""eventId"":""EV-0005561"",""sourceType"":""self_assessment"",""influence"":0.301}]",
REC-E-0039-communication,E-0039,communication,2026-09-29T00:00:00.000Z,insufficient_evidence,observation_gap,-1.45,0,ACT-0001,stretch assignment: communication #1,0.52,81,"[{""eventId"":""EV-0005746"",""sourceType"":""peer_feedback"",""influence"":1.157},{""eventId"":""EV-0005752"",""sourceType"":""self_assessment"",""influence"":0.485},{""eventId"":""EV-0005761"",""sourceType"":""assessment"",""influence"":0.411}]",
REC-E-0039-execution,E-0039,execution,2026-09-29T00:00:00.000Z,stagnating,practice_gap,0.38,0.236,ACT-0006,mentor: execution #3,0.72,113,"[{""eventId"":""EV-0005719"",""sourceType"":""kpi"",""influence"":1.092},{""eventId"":""EV-0005763"",""sourceType"":""assessment"",""influence"":0.38},{""eventId"":""EV-0005788"",""sourceType"":""kpi"",""influence"":0.226}]",
REC-E-0039-collaboration,E-0039,collaboration,2026-09-29T00:00:00.000Z,insufficient_evidence,observation_gap,-1.23,0,ACT-0009,stretch assignment: collaboration #3,0.37,140,"[{""eventId"":""EV-0005717"",""sourceType"":""peer_feedback"",""influence"":2.478},{""eventId"":""EV-0005715"",""sourceType"":""self_assessment"",""influence"":0.967}]",
REC-E-0039-problem_solving,E-0039,problem_solving,2026-09-29T00:00:00.000Z,stagnating,practice_gap,0.45,0.311,ACT-0010,stretch assignment: problem solving #1,0.75,103,"[{""eventId"":""EV-0005758"",""sourceType"":""peer_feedback"",""influence"":0.511},{""eventId"":""EV-0005829"",""sourceType"":""assessment"",""influence"":0.325},{""eventId"":""EV-0005783"",""sourceType"":""manager_feedback"",""influence"":0.317}]",
REC-E-0039-policy_navigation,E-0039,policy_navigation,2026-09-29T00:00:00.000Z,declining,knowledge_gap,0.32,0.577,ACT-0052,mentor: policy navigation #1,0.56,119,"[{""eventId"":""EV-0005729"",""sourceType"":""assessment"",""influence"":1.167},{""eventId"":""EV-0005785"",""sourceType"":""peer_feedback"",""influence"":0.685},{""eventId"":""EV-0005739"",""sourceType"":""self_assessment"",""influence"":0.306}]",
REC-E-0040-collaboration,E-0040,collaboration,2026-09-29T00:00:00.000Z,declining,practice_gap,0.61,0.588,ACT-0007,mentor: collaboration #1,0.62,170,"[{""eventId"":""EV-0005876"",""sourceType"":""peer_feedback"",""influence"":1.09},{""eventId"":""EV-0005883"",""sourceType"":""assessment"",""influence"":0.562},{""eventId"":""EV-0006020"",""sourceType"":""project"",""influence"":0.364}]",
REC-E-0040-troubleshooting,E-0040,troubleshooting,2026-09-29T00:00:00.000Z,stagnating,knowledge_gap,0.57,0.376,ACT-0060,stretch assignment: troubleshooting #3,0.62,45,"[{""eventId"":""EV-0005871"",""sourceType"":""manager_feedback"",""influence"":1.22},{""eventId"":""EV-0005959"",""sourceType"":""assessment"",""influence"":0.498},{""eventId"":""EV-0005925"",""sourceType"":""self_assessment"",""influence"":0.426}]",
REC-E-0041-problem_solving,E-0041,problem_solving,2026-09-29T00:00:00.000Z,stagnating,practice_gap,0.61,0.38,ACT-0010,stretch assignment: problem solving #1,0.75,103,"[{""eventId"":""EV-0006031"",""sourceType"":""self_assessment"",""influence"":0.754},{""eventId"":""EV-0006120"",""sourceType"":""assessment"",""influence"":0.348},{""eventId"":""EV-0006079"",""sourceType"":""peer_feedback"",""influence"":0.336}]",
REC-E-0041-code_quality,E-0041,code_quality,2026-09-29T00:00:00.000Z,stagnating,practice_gap,0.37,0.294,ACT-0017,mentor: code quality #2,0.37,90,"[{""eventId"":""EV-0006076"",""sourceType"":""self_assessment"",""influence"":0.788},{""eventId"":""EV-0006058"",""sourceType"":""self_assessment"",""influence"":0.589},{""eventId"":""EV-0006144"",""sourceType"":""manager_feedback"",""influence"":0.37}]",
REC-E-0042-collaboration,E-0042,collaboration,2026-09-29T00:00:00.000Z,insufficient_evidence,observation_gap,-1.73,0,ACT-0009,stretch assignment: collaboration #3,0.37,140,"[{""eventId"":""EV-0006197"",""sourceType"":""assessment"",""influence"":1.095},{""eventId"":""EV-0006232"",""sourceType"":""assessment"",""influence"":0.735},{""eventId"":""EV-0006322"",""sourceType"":""project"",""influence"":0.456}]",
REC-E-0042-negotiation,E-0042,negotiation,2026-09-29T00:00:00.000Z,stagnating,practice_gap,0.3,0.318,ACT-0019,project: negotiation #1,0.4,165,"[{""eventId"":""EV-0006201"",""sourceType"":""assessment"",""influence"":1.21},{""eventId"":""EV-0006257"",""sourceType"":""manager_feedback"",""influence"":0.322},{""eventId"":""EV-0006211"",""sourceType"":""manager_feedback"",""influence"":0.25}]",
REC-E-0043-problem_solving,E-0043,problem_solving,2026-09-29T00:00:00.000Z,insufficient_evidence,observation_gap,0.61,0.297,ACT-0010,stretch assignment: problem solving #1,0.75,103,"[{""eventId"":""EV-0006326"",""sourceType"":""peer_feedback"",""influence"":1.528},{""eventId"":""EV-0006324"",""sourceType"":""self_assessment"",""influence"":1.007}]",
REC-E-0043-campaign_strategy,E-0043,campaign_strategy,2026-09-29T00:00:00.000Z,stagnating,practice_gap,0.83,0.679,ACT-0027,coaching: campaign strategy #3,0.71,65,"[{""eventId"":""EV-0006332"",""sourceType"":""peer_feedback"",""influence"":0.929},{""eventId"":""EV-0006446"",""sourceType"":""project"",""influence"":0.401},{""eventId"":""EV-0006374"",""sourceType"":""kpi"",""influence"":0.373}]",
REC-E-0045-communication,E-0045,communication,2026-09-29T00:00:00.000Z,improving,practice_gap,0.77,0,ACT-0001,stretch assignment: communication #1,0.52,81,"[{""eventId"":""EV-0006742"",""sourceType"":""self_assessment"",""influence"":0.48},{""eventId"":""EV-0006730"",""sourceType"":""assessment"",""influence"":0.377},{""eventId"":""EV-0006697"",""sourceType"":""assessment"",""influence"":0.182}]",
REC-E-0045-execution,E-0045,execution,2026-09-29T00:00:00.000Z,stagnating,application_gap,0.37,0.15,ACT-0006,mentor: execution #3,0.72,113,"[{""eventId"":""EV-0006624"",""sourceType"":""self_assessment"",""influence"":0.817},{""eventId"":""EV-0006699"",""sourceType"":""assessment"",""influence"":0.414},{""eventId"":""EV-0006759"",""sourceType"":""training"",""influence"":0.323}]",
REC-E-0045-collaboration,E-0045,collaboration,2026-09-29T00:00:00.000Z,stagnating,practice_gap,0.54,0.206,ACT-0007,mentor: collaboration #1,0.62,170,"[{""eventId"":""EV-0006701"",""sourceType"":""assessment"",""influence"":0.341},{""eventId"":""EV-0006625"",""sourceType"":""self_assessment"",""influence"":0.247},{""eventId"":""EV-0006682"",""sourceType"":""peer_feedback"",""influence"":0.226}]",
REC-E-0045-problem_solving,E-0045,problem_solving,2026-09-29T00:00:00.000Z,insufficient_evidence,observation_gap,1.13,0.272,ACT-0010,stretch assignment: problem solving #1,0.75,103,"[{""eventId"":""EV-0006636"",""sourceType"":""assessment"",""influence"":1.146},{""eventId"":""EV-0006758"",""sourceType"":""training"",""influence"":0.965},{""eventId"":""EV-0006755"",""sourceType"":""training"",""influence"":0.864}]",
REC-E-0045-visual_craft,E-0045,visual_craft,2026-09-29T00:00:00.000Z,stagnating,practice_gap,1.43,1.542,ACT-0037,mentor: visual craft #1,0.72,171,"[{""eventId"":""EV-0006627"",""sourceType"":""self_assessment"",""influence"":0.766},{""eventId"":""EV-0006769"",""sourceType"":""project"",""influence"":0.162},{""eventId"":""EV-0006736"",""sourceType"":""assessment"",""influence"":0.139}]",
REC-E-0045-ux_research,E-0045,ux_research,2026-09-29T00:00:00.000Z,improving,practice_gap,0.32,0,ACT-0041,stretch assignment: ux research #2,0.78,110,"[{""eventId"":""EV-0006628"",""sourceType"":""self_assessment"",""influence"":0.784},{""eventId"":""EV-0006640"",""sourceType"":""assessment"",""influence"":0.453},{""eventId"":""EV-0006774"",""sourceType"":""project"",""influence"":0.386}]",
REC-E-0047-collaboration,E-0047,collaboration,2026-09-29T00:00:00.000Z,insufficient_evidence,observation_gap,-0.73,0,ACT-0009,stretch assignment: collaboration #3,0.37,140,"[{""eventId"":""EV-0006951"",""sourceType"":""manager_feedback"",""influence"":0.4},{""eventId"":""EV-0006984"",""sourceType"":""peer_feedback"",""influence"":0.319},{""eventId"":""EV-0007023"",""sourceType"":""peer_feedback"",""influence"":0.275}]",
REC-E-0048-communication,E-0048,communication,2026-09-29T00:00:00.000Z,declining,knowledge_gap,0.91,0.906,ACT-0001,stretch assignment: communication #1,0.52,81,"[{""eventId"":""EV-0007090"",""sourceType"":""peer_feedback"",""influence"":1.704},{""eventId"":""EV-0007130"",""sourceType"":""manager_feedback"",""influence"":0.894},{""eventId"":""EV-0007161"",""sourceType"":""manager_feedback"",""influence"":0.427}]",
REC-E-0048-execution,E-0048,execution,2026-09-29T00:00:00.000Z,insufficient_evidence,observation_gap,-0.38,0,ACT-0005,project: execution #2,0.23,120,"[{""eventId"":""EV-0007101"",""sourceType"":""kpi"",""influence"":1.09},{""eventId"":""EV-0007120"",""sourceType"":""assessment"",""influence"":0.87},{""eventId"":""EV-0007116"",""sourceType"":""kpi"",""influence"":0.45}]",
REC-E-0048-collaboration,E-0048,collaboration,2026-09-29T00:00:00.000Z,declining,practice_gap,0.52,0.517,ACT-0007,mentor: collaboration #1,0.62,170,"[{""eventId"":""EV-0007187"",""sourceType"":""self_assessment"",""influence"":1.28},{""eventId"":""EV-0007175"",""sourceType"":""assessment"",""influence"":0.216},{""eventId"":""EV-0007203"",""sourceType"":""project"",""influence"":0.07}]",
REC-E-0048-problem_solving,E-0048,problem_solving,2026-09-29T00:00:00.000Z,declining,practice_gap,0.96,0.964,ACT-0010,stretch assignment: problem solving #1,0.75,103,"[{""eventId"":""EV-0007087"",""sourceType"":""peer_feedback"",""influence"":1.068},{""eventId"":""EV-0007131"",""sourceType"":""manager_feedback"",""influence"":0.754},{""eventId"":""EV-0007177"",""sourceType"":""assessment"",""influence"":0.434}]",
REC-E-0048-customer_resolution,E-0048,customer_resolution,2026-09-29T00:00:00.000Z,insufficient_evidence,observation_gap,1.31,1.764,ACT-0055,stretch assignment: customer resolution #1,0.8,73,"[{""eventId"":""EV-0007085"",""sourceType"":""kpi"",""influence"":0.783},{""eventId"":""EV-0007198"",""sourceType"":""training"",""influence"":0.521},{""eventId"":""EV-0007128"",""sourceType"":""kpi"",""influence"":0.446}]",
REC-E-0048-troubleshooting,E-0048,troubleshooting,2026-09-29T00:00:00.000Z,stagnating,application_gap,1.23,1.55,ACT-0060,stretch assignment: troubleshooting #3,0.62,45,"[{""eventId"":""EV-0007126"",""sourceType"":""assessment"",""influence"":1.647},{""eventId"":""EV-0007199"",""sourceType"":""training"",""influence"":1.269},{""eventId"":""EV-0007088"",""sourceType"":""peer_feedback"",""influence"":0.341}]",
REC-E-0049-communication,E-0049,communication,2026-09-29T00:00:00.000Z,stagnating,application_gap,1.52,1.002,ACT-0001,stretch assignment: communication #1,0.52,81,"[{""eventId"":""EV-0007226"",""sourceType"":""assessment"",""influence"":0.698},{""eventId"":""EV-0007265"",""sourceType"":""assessment"",""influence"":0.56},{""eventId"":""EV-0007217"",""sourceType"":""manager_feedback"",""influence"":0.393}]",
REC-E-0049-execution,E-0049,execution,2026-09-29T00:00:00.000Z,declining,practice_gap,0.95,0.949,ACT-0006,mentor: execution #3,0.72,113,"[{""eventId"":""EV-0007267"",""sourceType"":""assessment"",""influence"":0.858},{""eventId"":""EV-0007210"",""sourceType"":""self_assessment"",""influence"":0.828},{""eventId"":""EV-0007254"",""sourceType"":""kpi"",""influence"":0.374}]",
REC-E-0049-collaboration,E-0049,collaboration,2026-09-29T00:00:00.000Z,insufficient_evidence,observation_gap,1.49,1.115,ACT-0009,stretch assignment: collaboration #3,0.37,140,"[{""eventId"":""EV-0007354"",""sourceType"":""training"",""influence"":0.407},{""eventId"":""EV-0007220"",""sourceType"":""peer_feedback"",""influence"":0.336},{""eventId"":""EV-0007294"",""sourceType"":""manager_feedback"",""influence"":0.291}]",
REC-E-0049-problem_solving,E-0049,problem_solving,2026-09-29T00:00:00.000Z,declining,application_gap,1.31,1.308,ACT-0010,stretch assignment: problem solving #1,0.75,103,"[{""eventId"":""EV-0007216"",""sourceType"":""manager_feedback"",""influence"":1.157},{""eventId"":""EV-0007271"",""sourceType"":""assessment"",""influence"":0.386},{""eventId"":""EV-0007230"",""sourceType"":""assessment"",""influence"":0.354}]",
REC-E-0049-system_design,E-0049,system_design,2026-09-29T00:00:00.000Z,insufficient_evidence,observation_gap,-0.37,0,ACT-0015,stretch assignment: system design #3,0.28,161,"[{""eventId"":""EV-0007207"",""sourceType"":""kpi"",""influence"":0.635},{""eventId"":""EV-0007213"",""sourceType"":""self_assessment"",""influence"":0.291},{""eventId"":""EV-0007359"",""sourceType"":""project"",""influence"":0.178}]",
REC-E-0050-communication,E-0050,communication,2026-09-29T00:00:00.000Z,stagnating,practice_gap,0.63,0.29,ACT-0001,stretch assignment: communication #1,0.52,81,"[{""eventId"":""EV-0007373"",""sourceType"":""manager_feedback"",""influence"":0.817},{""eventId"":""EV-0007442"",""sourceType"":""assessment"",""influence"":0.607},{""eventId"":""EV-0007396"",""sourceType"":""peer_feedback"",""influence"":0.389}]",
REC-E-0050-execution,E-0050,execution,2026-09-29T00:00:00.000Z,declining,knowledge_gap,0.95,0.945,ACT-0006,mentor: execution #3,0.72,113,"[{""eventId"":""EV-0007367"",""sourceType"":""self_assessment"",""influence"":0.798},{""eventId"":""EV-0007362"",""sourceType"":""kpi"",""influence"":0.645},{""eventId"":""EV-0007394"",""sourceType"":""peer_feedback"",""influence"":0.359}]",
REC-E-0050-collaboration,E-0050,collaboration,2026-09-29T00:00:00.000Z,stagnating,knowledge_gap,0.92,0.58,ACT-0007,mentor: collaboration #1,0.62,170,"[{""eventId"":""EV-0007465"",""sourceType"":""assessment"",""influence"":0.323},{""eventId"":""EV-0007440"",""sourceType"":""peer_feedback"",""influence"":0.248},{""eventId"":""EV-0007368"",""sourceType"":""self_assessment"",""influence"":0.24}]",
REC-E-0050-problem_solving,E-0050,problem_solving,2026-09-29T00:00:00.000Z,declining,practice_gap,0.31,0.297,ACT-0010,stretch assignment: problem solving #1,0.75,103,"[{""eventId"":""EV-0007369"",""sourceType"":""self_assessment"",""influence"":1.201},{""eventId"":""EV-0007496"",""sourceType"":""project"",""influence"":0.43},{""eventId"":""EV-0007467"",""sourceType"":""assessment"",""influence"":0.337}]",
REC-E-0050-negotiation,E-0050,negotiation,2026-09-29T00:00:00.000Z,stagnating,practice_gap,1.27,1.293,ACT-0019,project: negotiation #1,0.4,165,"[{""eventId"":""EV-0007390"",""sourceType"":""manager_feedback"",""influence"":0.436},{""eventId"":""EV-0007425"",""sourceType"":""self_assessment"",""influence"":0.404},{""eventId"":""EV-0007469"",""sourceType"":""assessment"",""influence"":0.347}]",
REC-E-0051-communication,E-0051,communication,2026-09-29T00:00:00.000Z,stagnating,practice_gap,1.15,0.581,ACT-0001,stretch assignment: communication #1,0.52,81,"[{""eventId"":""EV-0007576"",""sourceType"":""manager_feedback"",""influence"":0.519},{""eventId"":""EV-0007502"",""sourceType"":""manager_feedback"",""influence"":0.389},{""eventId"":""EV-0007518"",""sourceType"":""self_assessment"",""influence"":0.317}]",
REC-E-0051-execution,E-0051,execution,2026-09-29T00:00:00.000Z,stagnating,practice_gap,0.65,0.24,ACT-0006,mentor: execution #3,0.72,113,"[{""eventId"":""EV-0007526"",""sourceType"":""manager_feedback"",""influence"":0.277},{""eventId"":""EV-0007559"",""sourceType"":""manager_feedback"",""influence"":0.171},{""eventId"":""EV-0007553"",""sourceType"":""kpi"",""influence"":0.113}]",
REC-E-0051-collaboration,E-0051,collaboration,2026-09-29T00:00:00.000Z,insufficient_evidence,observation_gap,0,0,ACT-0009,stretch assignment: collaboration #3,0.37,140,"[{""eventId"":""EV-0007624"",""sourceType"":""certification"",""influence"":1.492},{""eventId"":""EV-0007508"",""sourceType"":""assessment"",""influence"":1.064},{""eventId"":""EV-0007543"",""sourceType"":""assessment"",""influence"":0.659}]",
REC-E-0051-problem_solving,E-0051,problem_solving,2026-09-29T00:00:00.000Z,stagnating,practice_gap,1.39,0.844,ACT-0010,stretch assignment: problem solving #1,0.75,103,"[{""eventId"":""EV-0007504"",""sourceType"":""manager_feedback"",""influence"":0.395},{""eventId"":""EV-0007567"",""sourceType"":""assessment"",""influence"":0.338},{""eventId"":""EV-0007521"",""sourceType"":""self_assessment"",""influence"":0.301}]",
REC-E-0051-content_quality,E-0051,content_quality,2026-09-29T00:00:00.000Z,improving,practice_gap,0.88,0,ACT-0028,course: content quality #1,0.73,107,"[{""eventId"":""EV-0007557"",""sourceType"":""manager_feedback"",""influence"":0.245},{""eventId"":""EV-0007577"",""sourceType"":""manager_feedback"",""influence"":0.207},{""eventId"":""EV-0007571"",""sourceType"":""assessment"",""influence"":0.173}]",
REC-E-0052-communication,E-0052,communication,2026-09-29T00:00:00.000Z,improving,consistency_gap,0.38,0,ACT-0003,coaching: communication #3,0.23,124,"[{""eventId"":""EV-0007630"",""sourceType"":""self_assessment"",""influence"":0.821},{""eventId"":""EV-0007736"",""sourceType"":""manager_feedback"",""influence"":0.749},{""eventId"":""EV-0007640"",""sourceType"":""assessment"",""influence"":0.507}]",
REC-E-0053-communication,E-0053,communication,2026-09-29T00:00:00.000Z,stagnating,practice_gap,0.96,0.549,ACT-0001,stretch assignment: communication #1,0.52,81,"[{""eventId"":""EV-0007784"",""sourceType"":""peer_feedback"",""influence"":0.413},{""eventId"":""EV-0007846"",""sourceType"":""peer_feedback"",""influence"":0.327},{""eventId"":""EV-0007788"",""sourceType"":""peer_feedback"",""influence"":0.301}]",
REC-E-0054-communication,E-0054,communication,2026-09-29T00:00:00.000Z,stagnating,application_gap,1.34,0.791,ACT-0001,stretch assignment: communication #1,0.52,81,"[{""eventId"":""EV-0007969"",""sourceType"":""assessment"",""influence"":0.886},{""eventId"":""EV-0007930"",""sourceType"":""manager_feedback"",""influence"":0.808},{""eventId"":""EV-0008073"",""sourceType"":""training"",""influence"":0.771}]",
REC-E-0054-collaboration,E-0054,collaboration,2026-09-29T00:00:00.000Z,stagnating,practice_gap,0.66,0.382,ACT-0007,mentor: collaboration #1,0.62,170,"[{""eventId"":""EV-0007944"",""sourceType"":""self_assessment"",""influence"":0.279},{""eventId"":""EV-0007923"",""sourceType"":""self_assessment"",""influence"":0.276},{""eventId"":""EV-0007973"",""sourceType"":""assessment"",""influence"":0.182}]",
REC-E-0054-problem_solving,E-0054,problem_solving,2026-09-29T00:00:00.000Z,stagnating,practice_gap,0.96,0.633,ACT-0010,stretch assignment: problem solving #1,0.75,103,"[{""eventId"":""EV-0007975"",""sourceType"":""assessment"",""influence"":0.41},{""eventId"":""EV-0008080"",""sourceType"":""project"",""influence"":0.366},{""eventId"":""EV-0007958"",""sourceType"":""self_assessment"",""influence"":0.276}]",
REC-E-0054-financial_modeling,E-0054,financial_modeling,2026-09-29T00:00:00.000Z,stagnating,knowledge_gap,0.41,0.393,ACT-0045,community: financial modeling #3,0.62,81,"[{""eventId"":""EV-0007919"",""sourceType"":""kpi"",""influence"":0.607},{""eventId"":""EV-0007967"",""sourceType"":""peer_feedback"",""influence"":0.286},{""eventId"":""EV-0007925"",""sourceType"":""self_assessment"",""influence"":0.283}]",
REC-E-0054-compliance_rigor,E-0054,compliance_rigor,2026-09-29T00:00:00.000Z,stagnating,application_gap,0.79,0.704,ACT-0046,stretch assignment: compliance rigor #1,0.58,77,"[{""eventId"":""EV-0007926"",""sourceType"":""self_assessment"",""influence"":0.821},{""eventId"":""EV-0007940"",""sourceType"":""assessment"",""influence"":0.593},{""eventId"":""EV-0008074"",""sourceType"":""training"",""influence"":0.48}]",
REC-E-0055-execution,E-0055,execution,2026-09-29T00:00:00.000Z,stagnating,practice_gap,0.43,0.251,ACT-0006,mentor: execution #3,0.72,113,"[{""eventId"":""EV-0008097"",""sourceType"":""manager_feedback"",""influence"":1.155},{""eventId"":""EV-0008154"",""sourceType"":""kpi"",""influence"":0.327},{""eventId"":""EV-0008211"",""sourceType"":""assessment"",""influence"":0.304}]",
REC-E-0056-problem_solving,E-0056,problem_solving,2026-09-29T00:00:00.000Z,stagnating,practice_gap,0.54,0.299,ACT-0010,stretch assignment: problem solving #1,0.75,103,"[{""eventId"":""EV-0008262"",""sourceType"":""peer_feedback"",""influence"":1.095},{""eventId"":""EV-0008304"",""sourceType"":""assessment"",""influence"":0.665},{""eventId"":""EV-0008290"",""sourceType"":""self_assessment"",""influence"":0.276}]",
REC-E-0056-customer_resolution,E-0056,customer_resolution,2026-09-29T00:00:00.000Z,insufficient_evidence,observation_gap,-1.05,0,ACT-0055,stretch assignment: customer resolution #1,0.8,73,"[{""eventId"":""EV-0008306"",""sourceType"":""assessment"",""influence"":0.686},{""eventId"":""EV-0008258"",""sourceType"":""manager_feedback"",""influence"":0.408},{""eventId"":""EV-0008255"",""sourceType"":""kpi"",""influence"":0.351}]",
REC-E-0058-communication,E-0058,communication,2026-09-29T00:00:00.000Z,stagnating,practice_gap,1.19,0.611,ACT-0001,stretch assignment: communication #1,0.52,81,"[{""eventId"":""EV-0008584"",""sourceType"":""self_assessment"",""influence"":0.495},{""eventId"":""EV-0008548"",""sourceType"":""assessment"",""influence"":0.489},{""eventId"":""EV-0008591"",""sourceType"":""peer_feedback"",""influence"":0.286}]",
REC-E-0058-execution,E-0058,execution,2026-09-29T00:00:00.000Z,insufficient_evidence,observation_gap,0.06,0.015,ACT-0005,project: execution #2,0.23,120,"[{""eventId"":""EV-0008531"",""sourceType"":""kpi"",""influence"":1.142},{""eventId"":""EV-0008554"",""sourceType"":""kpi"",""influence"":0.728},{""eventId"":""EV-0008604"",""sourceType"":""assessment"",""influence"":0.499}]",
REC-E-0058-collaboration,E-0058,collaboration,2026-09-29T00:00:00.000Z,stagnating,practice_gap,0.85,0.377,ACT-0007,mentor: collaboration #1,0.62,170,"[{""eventId"":""EV-0008537"",""sourceType"":""self_assessment"",""influence"":0.473},{""eventId"":""EV-0008576"",""sourceType"":""assessment"",""influence"":0.464},{""eventId"":""EV-0008566"",""sourceType"":""peer_feedback"",""influence"":0.33}]",
REC-E-0058-problem_solving,E-0058,problem_solving,2026-09-29T00:00:00.000Z,stagnating,practice_gap,0.74,0.337,ACT-0010,stretch assignment: problem solving #1,0.75,103,"[{""eventId"":""EV-0008550"",""sourceType"":""assessment"",""influence"":0.704},{""eventId"":""EV-0008570"",""sourceType"":""peer_feedback"",""influence"":0.468},{""eventId"":""EV-0008538"",""sourceType"":""self_assessment"",""influence"":0.3}]",
REC-E-0058-negotiation,E-0058,negotiation,2026-09-29T00:00:00.000Z,declining,consistency_gap,2.76,4.772,ACT-0021,coaching: negotiation #3,0.27,87,"[{""eventId"":""EV-0008546"",""sourceType"":""peer_feedback"",""influence"":1.01},{""eventId"":""EV-0008567"",""sourceType"":""peer_feedback"",""influence"":0.623},{""eventId"":""EV-0008580"",""sourceType"":""assessment"",""influence"":0.235}]",
REC-E-0058-pipeline_mgmt,E-0058,pipeline_mgmt,2026-09-29T00:00:00.000Z,insufficient_evidence,observation_gap,1.21,0.312,ACT-0022,stretch assignment: pipeline mgmt #1,0.75,154,"[{""eventId"":""EV-0008552"",""sourceType"":""assessment"",""influence"":0.42},{""eventId"":""EV-0008542"",""sourceType"":""peer_feedback"",""influence"":0.244},{""eventId"":""EV-0008533"",""sourceType"":""kpi"",""influence"":0.185}]",
REC-E-0059-communication,E-0059,communication,2026-09-29T00:00:00.000Z,stagnating,practice_gap,0.94,0.471,ACT-0001,stretch assignment: communication #1,0.52,81,"[{""eventId"":""EV-0008661"",""sourceType"":""self_assessment"",""influence"":0.767},{""eventId"":""EV-0008761"",""sourceType"":""assessment"",""influence"":0.474},{""eventId"":""EV-0008718"",""sourceType"":""assessment"",""influence"":0.426}]",
REC-E-0059-problem_solving,E-0059,problem_solving,2026-09-29T00:00:00.000Z,stagnating,knowledge_gap,1.12,0.748,ACT-0010,stretch assignment: problem solving #1,0.75,103,"[{""eventId"":""EV-0008699"",""sourceType"":""peer_feedback"",""influence"":0.457},{""eventId"":""EV-0008767"",""sourceType"":""assessment"",""influence"":0.408},{""eventId"":""EV-0008756"",""sourceType"":""peer_feedback"",""influence"":0.396}]",
REC-E-0059-campaign_strategy,E-0059,campaign_strategy,2026-09-29T00:00:00.000Z,stagnating,knowledge_gap,0.39,0.358,ACT-0027,coaching: campaign strategy #3,0.71,65,"[{""eventId"":""EV-0008672"",""sourceType"":""peer_feedback"",""influence"":0.346},{""eventId"":""EV-0008811"",""sourceType"":""assessment"",""influence"":0.33},{""eventId"":""EV-0008724"",""sourceType"":""assessment"",""influence"":0.275}]",
REC-E-0060-execution,E-0060,execution,2026-09-29T00:00:00.000Z,declining,knowledge_gap,0.58,0.578,ACT-0006,mentor: execution #3,0.72,113,"[{""eventId"":""EV-0008835"",""sourceType"":""kpi"",""influence"":1.35},{""eventId"":""EV-0008866"",""sourceType"":""manager_feedback"",""influence"":0.538},{""eventId"":""EV-0008894"",""sourceType"":""assessment"",""influence"":0.424}]",
REC-E-0060-collaboration,E-0060,collaboration,2026-09-29T00:00:00.000Z,declining,practice_gap,0.68,0.68,ACT-0007,mentor: collaboration #1,0.62,170,"[{""eventId"":""EV-0008841"",""sourceType"":""self_assessment"",""influence"":0.896},{""eventId"":""EV-0008853"",""sourceType"":""assessment"",""influence"":0.5},{""eventId"":""EV-0008927"",""sourceType"":""manager_feedback"",""influence"":0.401}]",
REC-E-0061-communication,E-0061,communication,2026-09-29T00:00:00.000Z,declining,practice_gap,1.96,1.86,ACT-0001,stretch assignment: communication #1,0.52,81,"[{""eventId"":""EV-0009001"",""sourceType"":""self_assessment"",""influence"":0.767},{""eventId"":""EV-0009028"",""sourceType"":""self_assessment"",""influence"":0.449},{""eventId"":""EV-0009011"",""sourceType"":""assessment"",""influence"":0.438}]",
REC-E-0061-execution,E-0061,execution,2026-09-29T00:00:00.000Z,improving,practice_gap,1.1,0,ACT-0006,mentor: execution #3,0.72,113,"[{""eventId"":""EV-0009076"",""sourceType"":""kpi"",""influence"":0.443},{""eventId"":""EV-0009088"",""sourceType"":""kpi"",""influence"":0.374},{""eventId"":""EV-0009108"",""sourceType"":""self_assessment"",""influence"":0.155}]",
REC-E-0061-collaboration,E-0061,collaboration,2026-09-29T00:00:00.000Z,improving,practice_gap,1.04,0.087,ACT-0007,mentor: collaboration #1,0.62,170,"[{""eventId"":""EV-0009003"",""sourceType"":""self_assessment"",""influence"":0.718},{""eventId"":""EV-0009072"",""sourceType"":""assessment"",""influence"":0.704},{""eventId"":""EV-0009015"",""sourceType"":""assessment"",""influence"":0.616}]",
REC-E-0061-problem_solving,E-0061,problem_solving,2026-09-29T00:00:00.000Z,stagnating,knowledge_gap,1.04,0.609,ACT-0010,stretch assignment: problem solving #1,0.75,103,"[{""eventId"":""EV-0009059"",""sourceType"":""manager_feedback"",""influence"":0.522},{""eventId"":""EV-0009103"",""sourceType"":""assessment"",""influence"":0.427},{""eventId"":""EV-0009046"",""sourceType"":""manager_feedback"",""influence"":0.371}]",
REC-E-0061-visual_craft,E-0061,visual_craft,2026-09-29T00:00:00.000Z,insufficient_evidence,observation_gap,-0.49,0,ACT-0039,stretch assignment: visual craft #3,0.58,135,"[{""eventId"":""EV-0008997"",""sourceType"":""peer_feedback"",""influence"":2.063},{""eventId"":""EV-0008995"",""sourceType"":""self_assessment"",""influence"":0.3}]",
REC-E-0061-ux_research,E-0061,ux_research,2026-09-29T00:00:00.000Z,insufficient_evidence,observation_gap,1.12,1.5,ACT-0041,stretch assignment: ux research #2,0.78,110,"[{""eventId"":""EV-0009048"",""sourceType"":""manager_feedback"",""influence"":0.48},{""eventId"":""EV-0009007"",""sourceType"":""manager_feedback"",""influence"":0.47},{""eventId"":""EV-0009005"",""sourceType"":""self_assessment"",""influence"":0.268}]",
REC-E-0062-communication,E-0062,communication,2026-09-29T00:00:00.000Z,insufficient_evidence,observation_gap,-1.4,0,ACT-0001,stretch assignment: communication #1,0.52,81,"[{""eventId"":""EV-0009167"",""sourceType"":""assessment"",""influence"":0.913},{""eventId"":""EV-0009128"",""sourceType"":""assessment"",""influence"":0.527},{""eventId"":""EV-0009140"",""sourceType"":""manager_feedback"",""influence"":0.385}]",
REC-E-0062-collaboration,E-0062,collaboration,2026-09-29T00:00:00.000Z,insufficient_evidence,observation_gap,-0.28,0,ACT-0009,stretch assignment: collaboration #3,0.37,140,"[{""eventId"":""EV-0009122"",""sourceType"":""peer_feedback"",""influence"":1.476},{""eventId"":""EV-0009120"",""sourceType"":""self_assessment"",""influence"":0.996}]",
REC-E-0062-problem_solving,E-0062,problem_solving,2026-09-29T00:00:00.000Z,insufficient_evidence,observation_gap,-0.11,0,ACT-0010,stretch assignment: problem solving #1,0.75,103,"[{""eventId"":""EV-0009141"",""sourceType"":""manager_feedback"",""influence"":1.164},{""eventId"":""EV-0009171"",""sourceType"":""assessment"",""influence"":0.555},{""eventId"":""EV-0009132"",""sourceType"":""assessment"",""influence"":0.297}]",
REC-E-0064-execution,E-0064,execution,2026-09-29T00:00:00.000Z,stagnating,knowledge_gap,1.06,0.586,ACT-0006,mentor: execution #3,0.72,113,"[{""eventId"":""EV-0009416"",""sourceType"":""manager_feedback"",""influence"":0.399},{""eventId"":""EV-0009530"",""sourceType"":""assessment"",""influence"":0.296},{""eventId"":""EV-0009411"",""sourceType"":""kpi"",""influence"":0.254}]",
REC-E-0064-collaboration,E-0064,collaboration,2026-09-29T00:00:00.000Z,stagnating,knowledge_gap,0.5,0.312,ACT-0007,mentor: collaboration #1,0.62,170,"[{""eventId"":""EV-0009420"",""sourceType"":""peer_feedback"",""influence"":1.128},{""eventId"":""EV-0009424"",""sourceType"":""assessment"",""influence"":0.856},{""eventId"":""EV-0009436"",""sourceType"":""self_assessment"",""influence"":0.385}]",
REC-E-0064-problem_solving,E-0064,problem_solving,2026-09-29T00:00:00.000Z,improving,knowledge_gap,0.41,0.024,ACT-0010,stretch assignment: problem solving #1,0.75,103,"[{""eventId"":""EV-0009417"",""sourceType"":""manager_feedback"",""influence"":1.175},{""eventId"":""EV-0009465"",""sourceType"":""assessment"",""influence"":0.499},{""eventId"":""EV-0009456"",""sourceType"":""peer_feedback"",""influence"":0.359}]",
REC-E-0064-troubleshooting,E-0064,troubleshooting,2026-09-29T00:00:00.000Z,insufficient_evidence,observation_gap,0.34,0.112,ACT-0060,stretch assignment: troubleshooting #3,0.62,45,"[{""eventId"":""EV-0009518"",""sourceType"":""peer_feedback"",""influence"":0.956},{""eventId"":""EV-0009507"",""sourceType"":""assessment"",""influence"":0.619},{""eventId"":""EV-0009469"",""sourceType"":""assessment"",""influence"":0.415}]",
REC-E-0065-communication,E-0065,communication,2026-09-29T00:00:00.000Z,improving,practice_gap,0.9,0,ACT-0001,stretch assignment: communication #1,0.52,81,"[{""eventId"":""EV-0009565"",""sourceType"":""assessment"",""influence"":1.483},{""eventId"":""EV-0009598"",""sourceType"":""assessment"",""influence"":0.869},{""eventId"":""EV-0009662"",""sourceType"":""assessment"",""influence"":0.839}]",
REC-E-0065-execution,E-0065,execution,2026-09-29T00:00:00.000Z,improving,practice_gap,0.94,0.002,ACT-0006,mentor: execution #3,0.72,113,"[{""eventId"":""EV-0009562"",""sourceType"":""peer_feedback"",""influence"":1.085},{""eventId"":""EV-0009634"",""sourceType"":""assessment"",""influence"":0.529},{""eventId"":""EV-0009581"",""sourceType"":""peer_feedback"",""influence"":0.274}]",
REC-E-0065-collaboration,E-0065,collaboration,2026-09-29T00:00:00.000Z,improving,practice_gap,1.12,0.054,ACT-0007,mentor: collaboration #1,0.62,170,"[{""eventId"":""EV-0009560"",""sourceType"":""peer_feedback"",""influence"":1.011},{""eventId"":""EV-0009636"",""sourceType"":""assessment"",""influence"":0.475},{""eventId"":""EV-0009620"",""sourceType"":""peer_feedback"",""influence"":0.292}]",
REC-E-0065-system_design,E-0065,system_design,2026-09-29T00:00:00.000Z,stagnating,application_gap,0.98,1.067,ACT-0015,stretch assignment: system design #3,0.28,161,"[{""eventId"":""EV-0009559"",""sourceType"":""peer_feedback"",""influence"":1.046},{""eventId"":""EV-0009573"",""sourceType"":""assessment"",""influence"":0.473},{""eventId"":""EV-0009579"",""sourceType"":""kpi"",""influence"":0.41}]",
REC-E-0065-code_quality,E-0065,code_quality,2026-09-29T00:00:00.000Z,stagnating,knowledge_gap,0.46,0.358,ACT-0017,mentor: code quality #2,0.37,90,"[{""eventId"":""EV-0009575"",""sourceType"":""assessment"",""influence"":1.072},{""eventId"":""EV-0009606"",""sourceType"":""assessment"",""influence"":0.57},{""eventId"":""EV-0009623"",""sourceType"":""peer_feedback"",""influence"":0.19}]",
REC-E-0066-communication,E-0066,communication,2026-09-29T00:00:00.000Z,improving,practice_gap,1.48,0.08,ACT-0001,stretch assignment: communication #1,0.52,81,"[{""eventId"":""EV-0009700"",""sourceType"":""self_assessment"",""influence"":0.797},{""eventId"":""EV-0009745"",""sourceType"":""self_assessment"",""influence"":0.773},{""eventId"":""EV-0009707"",""sourceType"":""assessment"",""influence"":0.629}]",
REC-E-0066-execution,E-0066,execution,2026-09-29T00:00:00.000Z,declining,practice_gap,3.11,3.108,ACT-0006,mentor: execution #3,0.72,113,"[{""eventId"":""EV-0009701"",""sourceType"":""self_assessment"",""influence"":0.863},{""eventId"":""EV-0009709"",""sourceType"":""assessment"",""influence"":0.529},{""eventId"":""EV-0009696"",""sourceType"":""kpi"",""influence"":0.427}]",
REC-E-0066-collaboration,E-0066,collaboration,2026-09-29T00:00:00.000Z,improving,knowledge_gap,0.56,0,ACT-0007,mentor: collaboration #1,0.62,170,"[{""eventId"":""EV-0009702"",""sourceType"":""self_assessment"",""influence"":0.793},{""eventId"":""EV-0009773"",""sourceType"":""assessment"",""influence"":0.781},{""eventId"":""EV-0009735"",""sourceType"":""assessment"",""influence"":0.463}]",
REC-E-0066-problem_solving,E-0066,problem_solving,2026-09-29T00:00:00.000Z,stagnating,knowledge_gap,0.82,0.332,ACT-0010,stretch assignment: problem solving #1,0.75,103,"[{""eventId"":""EV-0009713"",""sourceType"":""assessment"",""influence"":0.281},{""eventId"":""EV-0009703"",""sourceType"":""self_assessment"",""influence"":0.256},{""eventId"":""EV-0009759"",""sourceType"":""self_assessment"",""influence"":0.179}]",
REC-E-0066-negotiation,E-0066,negotiation,2026-09-29T00:00:00.000Z,declining,practice_gap,3.23,5.81,ACT-0019,project: negotiation #1,0.4,165,"[{""eventId"":""EV-0009704"",""sourceType"":""self_assessment"",""influence"":0.814},{""eventId"":""EV-0009777"",""sourceType"":""assessment"",""influence"":0.489},{""eventId"":""EV-0009749"",""sourceType"":""self_assessment"",""influence"":0.434}]",
REC-E-0066-pipeline_mgmt,E-0066,pipeline_mgmt,2026-09-29T00:00:00.000Z,stagnating,practice_gap,0.55,0.564,ACT-0022,stretch assignment: pipeline mgmt #1,0.75,154,"[{""eventId"":""EV-0009705"",""sourceType"":""self_assessment"",""influence"":0.74},{""eventId"":""EV-0009754"",""sourceType"":""kpi"",""influence"":0.406},{""eventId"":""EV-0009698"",""sourceType"":""kpi"",""influence"":0.339}]",
REC-E-0067-communication,E-0067,communication,2026-09-29T00:00:00.000Z,stagnating,practice_gap,0.89,0.453,ACT-0001,stretch assignment: communication #1,0.52,81,"[{""eventId"":""EV-0009974"",""sourceType"":""project"",""influence"":0.624},{""eventId"":""EV-0009887"",""sourceType"":""manager_feedback"",""influence"":0.426},{""eventId"":""EV-0009922"",""sourceType"":""assessment"",""influence"":0.344}]",
REC-E-0067-execution,E-0067,execution,2026-09-29T00:00:00.000Z,declining,consistency_gap,0.43,0.428,ACT-0006,mentor: execution #3,0.72,113,"[{""eventId"":""EV-0009864"",""sourceType"":""peer_feedback"",""influence"":1.033},{""eventId"":""EV-0009975"",""sourceType"":""project"",""influence"":0.893},{""eventId"":""EV-0009870"",""sourceType"":""assessment"",""influence"":0.414}]",
REC-E-0067-collaboration,E-0067,collaboration,2026-09-29T00:00:00.000Z,insufficient_evidence,observation_gap,0.62,0.3,ACT-0009,stretch assignment: collaboration #3,0.37,140,"[{""eventId"":""EV-0009854"",""sourceType"":""peer_feedback"",""influence"":1.556},{""eventId"":""EV-0009852"",""sourceType"":""self_assessment"",""influence"":0.971}]",
REC-E-0067-problem_solving,E-0067,problem_solving,2026-09-29T00:00:00.000Z,stagnating,practice_gap,0.84,0.457,ACT-0010,stretch assignment: problem solving #1,0.75,103,"[{""eventId"":""EV-0009978"",""sourceType"":""project"",""influence"":0.879},{""eventId"":""EV-0009893"",""sourceType"":""peer_feedback"",""influence"":0.324},{""eventId"":""EV-0009981"",""sourceType"":""project"",""influence"":0.317}]",
REC-E-0067-campaign_strategy,E-0067,campaign_strategy,2026-09-29T00:00:00.000Z,stagnating,practice_gap,0.7,0.524,ACT-0027,coaching: campaign strategy #3,0.71,65,"[{""eventId"":""EV-0009976"",""sourceType"":""project"",""influence"":0.578},{""eventId"":""EV-0009880"",""sourceType"":""kpi"",""influence"":0.47},{""eventId"":""EV-0009888"",""sourceType"":""manager_feedback"",""influence"":0.228}]",
REC-E-0068-communication,E-0068,communication,2026-09-29T00:00:00.000Z,stagnating,knowledge_gap,1.63,0.916,ACT-0001,stretch assignment: communication #1,0.52,81,"[{""eventId"":""EV-0010067"",""sourceType"":""manager_feedback"",""influence"":0.487},{""eventId"":""EV-0010029"",""sourceType"":""assessment"",""influence"":0.274},{""eventId"":""EV-0009987"",""sourceType"":""self_assessment"",""influence"":0.262}]",
REC-E-0068-execution,E-0068,execution,2026-09-29T00:00:00.000Z,stagnating,practice_gap,0.88,0.368,ACT-0006,mentor: execution #3,0.72,113,"[{""eventId"":""EV-0010039"",""sourceType"":""kpi"",""influence"":0.445},{""eventId"":""EV-0010069"",""sourceType"":""manager_feedback"",""influence"":0.36},{""eventId"":""EV-0009999"",""sourceType"":""assessment"",""influence"":0.278}]",
REC-E-0068-collaboration,E-0068,collaboration,2026-09-29T00:00:00.000Z,stagnating,knowledge_gap,0.5,0.188,ACT-0007,mentor: collaboration #1,0.62,170,"[{""eventId"":""EV-0010068"",""sourceType"":""manager_feedback"",""influence"":1.445},{""eventId"":""EV-0010001"",""sourceType"":""assessment"",""influence"":0.63},{""eventId"":""EV-0009989"",""sourceType"":""self_assessment"",""influence"":0.257}]",
REC-E-0069-communication,E-0069,communication,2026-09-29T00:00:00.000Z,stagnating,practice_gap,1.1,0.507,ACT-0001,stretch assignment: communication #1,0.52,81,"[{""eventId"":""EV-0010130"",""sourceType"":""manager_feedback"",""influence"":0.38},{""eventId"":""EV-0010133"",""sourceType"":""assessment"",""influence"":0.284},{""eventId"":""EV-0010147"",""sourceType"":""self_assessment"",""influence"":0.258}]",
REC-E-0069-execution,E-0069,execution,2026-09-29T00:00:00.000Z,stagnating,knowledge_gap,1.52,0.38,ACT-0006,mentor: execution #3,0.72,113,"[{""eventId"":""EV-0010131"",""sourceType"":""manager_feedback"",""influence"":1.159},{""eventId"":""EV-0010221"",""sourceType"":""assessment"",""influence"":0.269},{""eventId"":""EV-0010236"",""sourceType"":""kpi"",""influence"":0.25}]",
REC-E-0069-collaboration,E-0069,collaboration,2026-09-29T00:00:00.000Z,declining,practice_gap,2.19,2.192,ACT-0007,mentor: collaboration #1,0.62,170,"[{""eventId"":""EV-0010205"",""sourceType"":""peer_feedback"",""influence"":0.716},{""eventId"":""EV-0010273"",""sourceType"":""project"",""influence"":0.473},{""eventId"":""EV-0010213"",""sourceType"":""self_assessment"",""influence"":0.171}]",
REC-E-0069-problem_solving,E-0069,problem_solving,2026-09-29T00:00:00.000Z,stagnating,practice_gap,1.12,0.777,ACT-0010,stretch assignment: problem solving #1,0.75,103,"[{""eventId"":""EV-0010139"",""sourceType"":""assessment"",""influence"":0.71},{""eventId"":""EV-0010278"",""sourceType"":""project"",""influence"":0.36},{""eventId"":""EV-0010234"",""sourceType"":""peer_feedback"",""influence"":0.195}]",
REC-E-0069-visual_craft,E-0069,visual_craft,2026-09-29T00:00:00.000Z,declining,practice_gap,1.59,2.734,ACT-0037,mentor: visual craft #1,0.72,171,"[{""eventId"":""EV-0010127"",""sourceType"":""kpi"",""influence"":1.233},{""eventId"":""EV-0010184"",""sourceType"":""assessment"",""influence"":0.434},{""eventId"":""EV-0010151"",""sourceType"":""self_assessment"",""influence"":0.252}]",
REC-E-0070-problem_solving,E-0070,problem_solving,2026-09-29T00:00:00.000Z,insufficient_evidence,observation_gap,-0.56,0,ACT-0010,stretch assignment: problem solving #1,0.75,103,"[{""eventId"":""EV-0010287"",""sourceType"":""self_assessment"",""influence"":0.817},{""eventId"":""EV-0010392"",""sourceType"":""peer_feedback"",""influence"":0.496},{""eventId"":""EV-0010324"",""sourceType"":""manager_feedback"",""influence"":0.477}]",
REC-E-0070-financial_modeling,E-0070,financial_modeling,2026-09-29T00:00:00.000Z,stagnating,practice_gap,0.75,0.368,ACT-0045,community: financial modeling #3,0.62,81,"[{""eventId"":""EV-0010294"",""sourceType"":""peer_feedback"",""influence"":1.079},{""eventId"":""EV-0010372"",""sourceType"":""assessment"",""influence"":0.373},{""eventId"":""EV-0010307"",""sourceType"":""kpi"",""influence"":0.257}]",
REC-E-0071-communication,E-0071,communication,2026-09-29T00:00:00.000Z,declining,application_gap,0.84,0.843,ACT-0001,stretch assignment: communication #1,0.52,81,"[{""eventId"":""EV-0010487"",""sourceType"":""manager_feedback"",""influence"":0.514},{""eventId"":""EV-0010578"",""sourceType"":""training"",""influence"":0.414},{""eventId"":""EV-0010514"",""sourceType"":""peer_feedback"",""influence"":0.381}]",
REC-E-0071-execution,E-0071,execution,2026-09-29T00:00:00.000Z,stagnating,practice_gap,1.51,1.083,ACT-0006,mentor: execution #3,0.72,113,"[{""eventId"":""EV-0010439"",""sourceType"":""manager_feedback"",""influence"":0.475},{""eventId"":""EV-0010447"",""sourceType"":""peer_feedback"",""influence"":0.338},{""eventId"":""EV-0010480"",""sourceType"":""self_assessment"",""influence"":0.269}]",
REC-E-0071-collaboration,E-0071,collaboration,2026-09-29T00:00:00.000Z,insufficient_evidence,observation_gap,0.27,0.03,ACT-0009,stretch assignment: collaboration #3,0.37,140,"[{""eventId"":""EV-0010434"",""sourceType"":""self_assessment"",""influence"":0.822},{""eventId"":""EV-0010577"",""sourceType"":""training"",""influence"":0.809},{""eventId"":""EV-0010453"",""sourceType"":""assessment"",""influence"":0.676}]",
REC-E-0071-talent_assessment,E-0071,talent_assessment,2026-09-29T00:00:00.000Z,declining,practice_gap,1.21,2.153,ACT-0051,community: talent assessment #3,0.29,119,"[{""eventId"":""EV-0010440"",""sourceType"":""manager_feedback"",""influence"":1.199},{""eventId"":""EV-0010477"",""sourceType"":""kpi"",""influence"":0.483},{""eventId"":""EV-0010430"",""sourceType"":""kpi"",""influence"":0.381}]",
REC-E-0072-execution,E-0072,execution,2026-09-29T00:00:00.000Z,insufficient_evidence,observation_gap,0.56,0.481,ACT-0005,project: execution #2,0.23,120,"[{""eventId"":""EV-0010589"",""sourceType"":""kpi"",""influence"":0.406},{""eventId"":""EV-0010594"",""sourceType"":""manager_feedback"",""influence"":0.401},{""eventId"":""EV-0010638"",""sourceType"":""kpi"",""influence"":0.259}]",
REC-E-0072-problem_solving,E-0072,problem_solving,2026-09-29T00:00:00.000Z,stagnating,practice_gap,0.88,0.472,ACT-0010,stretch assignment: problem solving #1,0.75,103,"[{""eventId"":""EV-0010614"",""sourceType"":""peer_feedback"",""influence"":1.138},{""eventId"":""EV-0010601"",""sourceType"":""assessment"",""influence"":0.272},{""eventId"":""EV-0010734"",""sourceType"":""training"",""influence"":0.258}]",
REC-E-0072-troubleshooting,E-0072,troubleshooting,2026-09-29T00:00:00.000Z,stagnating,practice_gap,0.82,0.903,ACT-0060,stretch assignment: troubleshooting #3,0.62,45,"[{""eventId"":""EV-0010605"",""sourceType"":""assessment"",""influence"":0.3},{""eventId"":""EV-0010636"",""sourceType"":""assessment"",""influence"":0.277},{""eventId"":""EV-0010715"",""sourceType"":""assessment"",""influence"":0.152}]",
REC-E-0073-communication,E-0073,communication,2026-09-29T00:00:00.000Z,declining,practice_gap,0.36,0.363,ACT-0001,stretch assignment: communication #1,0.52,81,"[{""eventId"":""EV-0010749"",""sourceType"":""self_assessment"",""influence"":0.723},{""eventId"":""EV-0010763"",""sourceType"":""assessment"",""influence"":0.378},{""eventId"":""EV-0010796"",""sourceType"":""assessment"",""influence"":0.321}]",
REC-E-0073-problem_solving,E-0073,problem_solving,2026-09-29T00:00:00.000Z,declining,knowledge_gap,0.49,0.49,ACT-0010,stretch assignment: problem solving #1,0.75,103,"[{""eventId"":""EV-0010752"",""sourceType"":""self_assessment"",""influence"":0.751},{""eventId"":""EV-0010837"",""sourceType"":""assessment"",""influence"":0.587},{""eventId"":""EV-0010758"",""sourceType"":""manager_feedback"",""influence"":0.508}]",
REC-E-0074-communication,E-0074,communication,2026-09-29T00:00:00.000Z,declining,application_gap,2.19,2.195,ACT-0003,coaching: communication #3,0.23,124,"[{""eventId"":""EV-0010983"",""sourceType"":""assessment"",""influence"":0.625},{""eventId"":""EV-0011029"",""sourceType"":""assessment"",""influence"":0.486},{""eventId"":""EV-0011024"",""sourceType"":""peer_feedback"",""influence"":0.054}]",
REC-E-0074-execution,E-0074,execution,2026-09-29T00:00:00.000Z,stagnating,practice_gap,1.33,0.855,ACT-0006,mentor: execution #3,0.72,113,"[{""eventId"":""EV-0010922"",""sourceType"":""assessment"",""influence"":0.895},{""eventId"":""EV-0010947"",""sourceType"":""kpi"",""influence"":0.556},{""eventId"":""EV-0010985"",""sourceType"":""assessment"",""influence"":0.369}]",
REC-E-0074-collaboration,E-0074,collaboration,2026-09-29T00:00:00.000Z,declining,practice_gap,0.97,0.864,ACT-0007,mentor: collaboration #1,0.62,170,"[{""eventId"":""EV-0010961"",""sourceType"":""self_assessment"",""influence"":1.114},{""eventId"":""EV-0010924"",""sourceType"":""assessment"",""influence"":0.71},{""eventId"":""EV-0010987"",""sourceType"":""assessment"",""influence"":0.342}]",
REC-E-0074-problem_solving,E-0074,problem_solving,2026-09-29T00:00:00.000Z,stagnating,knowledge_gap,0.75,0.402,ACT-0010,stretch assignment: problem solving #1,0.75,103,"[{""eventId"":""EV-0010916"",""sourceType"":""self_assessment"",""influence"":0.267},{""eventId"":""EV-0010953"",""sourceType"":""assessment"",""influence"":0.264},{""eventId"":""EV-0010978"",""sourceType"":""peer_feedback"",""influence"":0.193}]",
REC-E-0075-communication,E-0075,communication,2026-09-29T00:00:00.000Z,declining,practice_gap,2.38,2.378,ACT-0001,stretch assignment: communication #1,0.52,81,"[{""eventId"":""EV-0011064"",""sourceType"":""self_assessment"",""influence"":0.771},{""eventId"":""EV-0011143"",""sourceType"":""assessment"",""influence"":0.296},{""eventId"":""EV-0011133"",""sourceType"":""manager_feedback"",""influence"":0.206}]",
REC-E-0075-collaboration,E-0075,collaboration,2026-09-29T00:00:00.000Z,stagnating,practice_gap,0.71,0.26,ACT-0007,mentor: collaboration #1,0.62,170,"[{""eventId"":""EV-0011072"",""sourceType"":""manager_feedback"",""influence"":0.373},{""eventId"":""EV-0011147"",""sourceType"":""assessment"",""influence"":0.344},{""eventId"":""EV-0011131"",""sourceType"":""peer_feedback"",""influence"":0.342}]",
REC-E-0075-problem_solving,E-0075,problem_solving,2026-09-29T00:00:00.000Z,declining,practice_gap,0.84,0.838,ACT-0010,stretch assignment: problem solving #1,0.75,103,"[{""eventId"":""EV-0011073"",""sourceType"":""manager_feedback"",""influence"":1.975},{""eventId"":""EV-0011149"",""sourceType"":""assessment"",""influence"":0.409},{""eventId"":""EV-0011199"",""sourceType"":""project"",""influence"":0.178}]",
REC-E-0075-campaign_strategy,E-0075,campaign_strategy,2026-09-29T00:00:00.000Z,insufficient_evidence,observation_gap,0.37,0.092,ACT-0027,coaching: campaign strategy #3,0.71,65,"[{""eventId"":""EV-0011192"",""sourceType"":""project"",""influence"":0.519},{""eventId"":""EV-0011071"",""sourceType"":""manager_feedback"",""influence"":0.402},{""eventId"":""EV-0011083"",""sourceType"":""assessment"",""influence"":0.286}]",
REC-E-0075-content_quality,E-0075,content_quality,2026-09-29T00:00:00.000Z,stagnating,knowledge_gap,0.57,0.534,ACT-0028,course: content quality #1,0.73,107,"[{""eventId"":""EV-0011085"",""sourceType"":""assessment"",""influence"":0.434},{""eventId"":""EV-0011186"",""sourceType"":""manager_feedback"",""influence"":0.418},{""eventId"":""EV-0011096"",""sourceType"":""self_assessment"",""influence"":0.398}]",
REC-E-0076-communication,E-0076,communication,2026-09-29T00:00:00.000Z,declining,practice_gap,1.29,1.289,ACT-0001,stretch assignment: communication #1,0.52,81,"[{""eventId"":""EV-0011347"",""sourceType"":""project"",""influence"":1.123},{""eventId"":""EV-0011234"",""sourceType"":""manager_feedback"",""influence"":0.806},{""eventId"":""EV-0011228"",""sourceType"":""manager_feedback"",""influence"":0.333}]",
REC-E-0076-execution,E-0076,execution,2026-09-29T00:00:00.000Z,declining,practice_gap,1.13,1.129,ACT-0006,mentor: execution #3,0.72,113,"[{""eventId"":""EV-0011212"",""sourceType"":""peer_feedback"",""influence"":1.089},{""eventId"":""EV-0011342"",""sourceType"":""training"",""influence"":0.422},{""eventId"":""EV-0011322"",""sourceType"":""assessment"",""influence"":0.381}]",
REC-E-0076-collaboration,E-0076,collaboration,2026-09-29T00:00:00.000Z,stagnating,knowledge_gap,0.95,0.569,ACT-0007,mentor: collaboration #1,0.62,170,"[{""eventId"":""EV-0011275"",""sourceType"":""assessment"",""influence"":1.38},{""eventId"":""EV-0011236"",""sourceType"":""manager_feedback"",""influence"":0.411},{""eventId"":""EV-0011207"",""sourceType"":""manager_feedback"",""influence"":0.386}]",
REC-E-0076-problem_solving,E-0076,problem_solving,2026-09-29T00:00:00.000Z,declining,knowledge_gap,1.02,0.979,ACT-0010,stretch assignment: problem solving #1,0.75,103,"[{""eventId"":""EV-0011208"",""sourceType"":""manager_feedback"",""influence"":1.218},{""eventId"":""EV-0011218"",""sourceType"":""assessment"",""influence"":0.679},{""eventId"":""EV-0011277"",""sourceType"":""assessment"",""influence"":0.528}]",
REC-E-0076-roadmap_prioritization,E-0076,roadmap_prioritization,2026-09-29T00:00:00.000Z,stagnating,application_gap,0.63,0.505,ACT-0032,stretch assignment: roadmap prioritization #2,0.77,54,"[{""eventId"":""EV-0011209"",""sourceType"":""manager_feedback"",""influence"":1.174},{""eventId"":""EV-0011341"",""sourceType"":""training"",""influence"":0.373},{""eventId"":""EV-0011247"",""sourceType"":""assessment"",""influence"":0.211}]",
REC-E-0076-stakeholder_alignment,E-0076,stakeholder_alignment,2026-09-29T00:00:00.000Z,stagnating,practice_gap,0.38,0.217,ACT-0034,stretch assignment: stakeholder alignment #1,0.68,119,"[{""eventId"":""EV-0011249"",""sourceType"":""assessment"",""influence"":1.43},{""eventId"":""EV-0011346"",""sourceType"":""project"",""influence"":1.151},{""eventId"":""EV-0011310"",""sourceType"":""manager_feedback"",""influence"":0.383}]",
REC-E-0077-communication,E-0077,communication,2026-09-29T00:00:00.000Z,insufficient_evidence,observation_gap,-1.55,0,ACT-0001,stretch assignment: communication #1,0.52,81,"[{""eventId"":""EV-0011353"",""sourceType"":""manager_feedback"",""influence"":1.175},{""eventId"":""EV-0011445"",""sourceType"":""assessment"",""influence"":0.355},{""eventId"":""EV-0011360"",""sourceType"":""peer_feedback"",""influence"":0.311}]",
REC-E-0077-problem_solving,E-0077,problem_solving,2026-09-29T00:00:00.000Z,stagnating,practice_gap,0.37,0.233,ACT-0010,stretch assignment: problem solving #1,0.75,103,"[{""eventId"":""EV-0011366"",""sourceType"":""assessment"",""influence"":0.72},{""eventId"":""EV-0011451"",""sourceType"":""assessment"",""influence"":0.588},{""eventId"":""EV-0011476"",""sourceType"":""assessment"",""influence"":0.528}]",
REC-E-0079-communication,E-0079,communication,2026-09-29T00:00:00.000Z,stagnating,practice_gap,0.57,0.267,ACT-0001,stretch assignment: communication #1,0.52,81,"[{""eventId"":""EV-0011743"",""sourceType"":""manager_feedback"",""influence"":0.311},{""eventId"":""EV-0011689"",""sourceType"":""self_assessment"",""influence"":0.248},{""eventId"":""EV-0011761"",""sourceType"":""assessment"",""influence"":0.185}]",
REC-E-0079-collaboration,E-0079,collaboration,2026-09-29T00:00:00.000Z,insufficient_evidence,observation_gap,0.35,0.099,ACT-0009,stretch assignment: collaboration #3,0.37,140,"[{""eventId"":""EV-0011702"",""sourceType"":""assessment"",""influence"":1.15},{""eventId"":""EV-0011728"",""sourceType"":""assessment"",""influence"":0.506},{""eventId"":""EV-0011714"",""sourceType"":""peer_feedback"",""influence"":0.395}]",
REC-E-0079-talent_assessment,E-0079,talent_assessment,2026-09-29T00:00:00.000Z,insufficient_evidence,observation_gap,-0.42,0,ACT-0050,project: talent assessment #2,0.25,149,"[{""eventId"":""EV-0011685"",""sourceType"":""peer_feedback"",""influence"":1.154},{""eventId"":""EV-0011683"",""sourceType"":""self_assessment"",""influence"":0.327}]",
REC-E-0079-policy_navigation,E-0079,policy_navigation,2026-09-29T00:00:00.000Z,insufficient_evidence,observation_gap,-0.38,0,ACT-0052,mentor: policy navigation #1,0.56,119,"[{""eventId"":""EV-0011693"",""sourceType"":""self_assessment"",""influence"":0.726},{""eventId"":""EV-0011696"",""sourceType"":""peer_feedback"",""influence"":0.382},{""eventId"":""EV-0011721"",""sourceType"":""peer_feedback"",""influence"":0.345}]",
REC-E-0080-communication,E-0080,communication,2026-09-29T00:00:00.000Z,insufficient_evidence,observation_gap,-1.2,0,ACT-0001,stretch assignment: communication #1,0.52,81,"[{""eventId"":""EV-0011913"",""sourceType"":""assessment"",""influence"":0.758},{""eventId"":""EV-0011861"",""sourceType"":""manager_feedback"",""influence"":0.607},{""eventId"":""EV-0011815"",""sourceType"":""assessment"",""influence"":0.488}]",
REC-E-0080-collaboration,E-0080,collaboration,2026-09-29T00:00:00.000Z,stagnating,knowledge_gap,0.8,0.473,ACT-0007,mentor: collaboration #1,0.62,170,"[{""eventId"":""EV-0011812"",""sourceType"":""manager_feedback"",""influence"":1.182},{""eventId"":""EV-0011839"",""sourceType"":""manager_feedback"",""influence"":0.177},{""eventId"":""EV-0011880"",""sourceType"":""assessment"",""influence"":0.167}]",
REC-E-0080-customer_resolution,E-0080,customer_resolution,2026-09-29T00:00:00.000Z,insufficient_evidence,observation_gap,-0.28,0,ACT-0055,stretch assignment: customer resolution #1,0.8,73,"[{""eventId"":""EV-0011807"",""sourceType"":""peer_feedback"",""influence"":1.461},{""eventId"":""EV-0011805"",""sourceType"":""self_assessment"",""influence"":0.947}]",
REC-E-0081-communication,E-0081,communication,2026-09-29T00:00:00.000Z,stagnating,practice_gap,0.82,0.517,ACT-0001,stretch assignment: communication #1,0.52,81,"[{""eventId"":""EV-0012109"",""sourceType"":""certification"",""influence"":0.911},{""eventId"":""EV-0012103"",""sourceType"":""project"",""influence"":0.818},{""eventId"":""EV-0012036"",""sourceType"":""assessment"",""influence"":0.755}]",
REC-E-0081-execution,E-0081,execution,2026-09-29T00:00:00.000Z,stagnating,knowledge_gap,1.27,0.719,ACT-0006,mentor: execution #3,0.72,113,"[{""eventId"":""EV-0011962"",""sourceType"":""assessment"",""influence"":0.522},{""eventId"":""EV-0011960"",""sourceType"":""peer_feedback"",""influence"":0.335},{""eventId"":""EV-0011994"",""sourceType"":""assessment"",""influence"":0.325}]",
REC-E-0081-collaboration,E-0081,collaboration,2026-09-29T00:00:00.000Z,stagnating,practice_gap,0.76,0.4,ACT-0007,mentor: collaboration #1,0.62,170,"[{""eventId"":""EV-0012070"",""sourceType"":""assessment"",""influence"":0.325},{""eventId"":""EV-0011950"",""sourceType"":""self_assessment"",""influence"":0.258},{""eventId"":""EV-0011964"",""sourceType"":""assessment"",""influence"":0.244}]",
REC-E-0081-problem_solving,E-0081,problem_solving,2026-09-29T00:00:00.000Z,stagnating,practice_gap,0.71,0.286,ACT-0010,stretch assignment: problem solving #1,0.75,103,"[{""eventId"":""EV-0011956"",""sourceType"":""manager_feedback"",""influence"":0.885},{""eventId"":""EV-0011987"",""sourceType"":""self_assessment"",""influence"":0.432},{""eventId"":""EV-0011951"",""sourceType"":""self_assessment"",""influence"":0.254}]",
REC-E-0081-system_design,E-0081,system_design,2026-09-29T00:00:00.000Z,stagnating,practice_gap,1.41,1.572,ACT-0014,coaching: system design #2,0.59,90,"[{""eventId"":""EV-0011970"",""sourceType"":""kpi"",""influence"":0.485},{""eventId"":""EV-0012107"",""sourceType"":""project"",""influence"":0.359},{""eventId"":""EV-0012000"",""sourceType"":""assessment"",""influence"":0.336}]",
REC-E-0081-code_quality,E-0081,code_quality,2026-09-29T00:00:00.000Z,declining,practice_gap,0.68,1.122,ACT-0017,mentor: code quality #2,0.37,90,"[{""eventId"":""EV-0011953"",""sourceType"":""self_assessment"",""influence"":0.754},{""eventId"":""EV-0011989"",""sourceType"":""self_assessment"",""influence"":0.525},{""eventId"":""EV-0011980"",""sourceType"":""peer_feedback"",""influence"":0.428}]",
REC-E-0082-collaboration,E-0082,collaboration,2026-09-29T00:00:00.000Z,insufficient_evidence,observation_gap,-0.12,0,ACT-0009,stretch assignment: collaboration #3,0.37,140,"[{""eventId"":""EV-0012123"",""sourceType"":""manager_feedback"",""influence"":1.203},{""eventId"":""EV-0012182"",""sourceType"":""peer_feedback"",""influence"":0.481},{""eventId"":""EV-0012271"",""sourceType"":""assessment"",""influence"":0.407}]",
REC-E-0083-execution,E-0083,execution,2026-09-29T00:00:00.000Z,insufficient_evidence,observation_gap,2.22,1.78,ACT-0005,project: execution #2,0.23,120,"[{""eventId"":""EV-0012354"",""sourceType"":""assessment"",""influence"":0.397},{""eventId"":""EV-0012296"",""sourceType"":""kpi"",""influence"":0.291},{""eventId"":""EV-0012299"",""sourceType"":""self_assessment"",""influence"":0.259}]",
REC-E-0083-collaboration,E-0083,collaboration,2026-09-29T00:00:00.000Z,stagnating,practice_gap,1.35,0.921,ACT-0007,mentor: collaboration #1,0.62,170,"[{""eventId"":""EV-0012356"",""sourceType"":""assessment"",""influence"":1.186},{""eventId"":""EV-0012335"",""sourceType"":""manager_feedback"",""influence"":0.425},{""eventId"":""EV-0012316"",""sourceType"":""assessment"",""influence"":0.34}]",
REC-E-0083-problem_solving,E-0083,problem_solving,2026-09-29T00:00:00.000Z,stagnating,practice_gap,0.97,0.549,ACT-0010,stretch assignment: problem solving #1,0.75,103,"[{""eventId"":""EV-0012318"",""sourceType"":""assessment"",""influence"":0.332},{""eventId"":""EV-0012347"",""sourceType"":""peer_feedback"",""influence"":0.282},{""eventId"":""EV-0012397"",""sourceType"":""peer_feedback"",""influence"":0.264}]",
REC-E-0083-content_quality,E-0083,content_quality,2026-09-29T00:00:00.000Z,stagnating,practice_gap,0.37,0.297,ACT-0028,course: content quality #1,0.73,107,"[{""eventId"":""EV-0012322"",""sourceType"":""assessment"",""influence"":0.518},{""eventId"":""EV-0012306"",""sourceType"":""manager_feedback"",""influence"":0.442},{""eventId"":""EV-0012362"",""sourceType"":""assessment"",""influence"":0.407}]",
REC-E-0084-problem_solving,E-0084,problem_solving,2026-09-29T00:00:00.000Z,stagnating,practice_gap,1.26,0.828,ACT-0010,stretch assignment: problem solving #1,0.75,103,"[{""eventId"":""EV-0012582"",""sourceType"":""assessment"",""influence"":0.448},{""eventId"":""EV-0012556"",""sourceType"":""manager_feedback"",""influence"":0.322},{""eventId"":""EV-0012468"",""sourceType"":""self_assessment"",""influence"":0.284}]",
REC-E-0085-communication,E-0085,communication,2026-09-29T00:00:00.000Z,stagnating,knowledge_gap,0.6,0.371,ACT-0001,stretch assignment: communication #1,0.52,81,"[{""eventId"":""EV-0012629"",""sourceType"":""assessment"",""influence"":0.738},{""eventId"":""EV-0012663"",""sourceType"":""assessment"",""influence"":0.65},{""eventId"":""EV-0012617"",""sourceType"":""self_assessment"",""influence"":0.307}]",
REC-E-0085-problem_solving,E-0085,problem_solving,2026-09-29T00:00:00.000Z,insufficient_evidence,observation_gap,-0.33,0,ACT-0010,stretch assignment: problem solving #1,0.75,103,"[{""eventId"":""EV-0012613"",""sourceType"":""peer_feedback"",""influence"":1.125},{""eventId"":""EV-0012611"",""sourceType"":""self_assessment"",""influence"":0.83}]",
REC-E-0086-communication,E-0086,communication,2026-09-29T00:00:00.000Z,insufficient_evidence,observation_gap,0.93,0.164,ACT-0001,stretch assignment: communication #1,0.52,81,"[{""eventId"":""EV-0012728"",""sourceType"":""self_assessment"",""influence"":0.778},{""eventId"":""EV-0012735"",""sourceType"":""manager_feedback"",""influence"":0.479},{""eventId"":""EV-0012847"",""sourceType"":""manager_feedback"",""influence"":0.328}]",
REC-E-0086-execution,E-0086,execution,2026-09-29T00:00:00.000Z,stagnating,practice_gap,0.35,0.169,ACT-0006,mentor: execution #3,0.72,113,"[{""eventId"":""EV-0012782"",""sourceType"":""assessment"",""influence"":0.372},{""eventId"":""EV-0012882"",""sourceType"":""certification"",""influence"":0.284},{""eventId"":""EV-0012729"",""sourceType"":""self_assessment"",""influence"":0.281}]",
REC-E-0086-collaboration,E-0086,collaboration,2026-09-29T00:00:00.000Z,stagnating,practice_gap,0.69,0.313,ACT-0007,mentor: collaboration #1,0.62,170,"[{""eventId"":""EV-0012772"",""sourceType"":""manager_feedback"",""influence"":0.357},{""eventId"":""EV-0012810"",""sourceType"":""assessment"",""influence"":0.32},{""eventId"":""EV-0012774"",""sourceType"":""peer_feedback"",""influence"":0.282}]",
REC-E-0086-problem_solving,E-0086,problem_solving,2026-09-29T00:00:00.000Z,stagnating,practice_gap,0.77,0.409,ACT-0010,stretch assignment: problem solving #1,0.75,103,"[{""eventId"":""EV-0012866"",""sourceType"":""training"",""influence"":0.831},{""eventId"":""EV-0012827"",""sourceType"":""manager_feedback"",""influence"":0.443},{""eventId"":""EV-0012731"",""sourceType"":""self_assessment"",""influence"":0.24}]",
REC-E-0086-financial_modeling,E-0086,financial_modeling,2026-09-29T00:00:00.000Z,stagnating,practice_gap,0.33,0.189,ACT-0045,community: financial modeling #3,0.62,81,"[{""eventId"":""EV-0012737"",""sourceType"":""manager_feedback"",""influence"":0.379},{""eventId"":""EV-0012742"",""sourceType"":""peer_feedback"",""influence"":0.377},{""eventId"":""EV-0012803"",""sourceType"":""manager_feedback"",""influence"":0.261}]",
REC-E-0087-communication,E-0087,communication,2026-09-29T00:00:00.000Z,improving,practice_gap,0.45,0.003,ACT-0001,stretch assignment: communication #1,0.52,81,"[{""eventId"":""EV-0012889"",""sourceType"":""peer_feedback"",""influence"":1.087},{""eventId"":""EV-0012994"",""sourceType"":""assessment"",""influence"":0.444},{""eventId"":""EV-0013014"",""sourceType"":""project"",""influence"":0.238}]",
REC-E-0087-execution,E-0087,execution,2026-09-29T00:00:00.000Z,declining,practice_gap,1.56,1.431,ACT-0006,mentor: execution #3,0.72,113,"[{""eventId"":""EV-0012884"",""sourceType"":""kpi"",""influence"":0.967},{""eventId"":""EV-0012893"",""sourceType"":""assessment"",""influence"":0.442},{""eventId"":""EV-0012982"",""sourceType"":""peer_feedback"",""influence"":0.255}]",
REC-E-0087-collaboration,E-0087,collaboration,2026-09-29T00:00:00.000Z,stagnating,practice_gap,0.31,0.128,ACT-0007,mentor: collaboration #1,0.62,170,"[{""eventId"":""EV-0012888"",""sourceType"":""peer_feedback"",""influence"":1.03},{""eventId"":""EV-0012895"",""sourceType"":""assessment"",""influence"":0.733},{""eventId"":""EV-0012970"",""sourceType"":""assessment"",""influence"":0.36}]",
REC-E-0087-talent_assessment,E-0087,talent_assessment,2026-09-29T00:00:00.000Z,stagnating,knowledge_gap,1.11,0.926,ACT-0051,community: talent assessment #3,0.29,119,"[{""eventId"":""EV-0013008"",""sourceType"":""manager_feedback"",""influence"":0.473},{""eventId"":""EV-0012938"",""sourceType"":""peer_feedback"",""influence"":0.305},{""eventId"":""EV-0012983"",""sourceType"":""peer_feedback"",""influence"":0.269}]",
REC-E-0087-policy_navigation,E-0087,policy_navigation,2026-09-29T00:00:00.000Z,stagnating,practice_gap,1.49,1.722,ACT-0052,mentor: policy navigation #1,0.56,119,"[{""eventId"":""EV-0012912"",""sourceType"":""self_assessment"",""influence"":0.252},{""eventId"":""EV-0012956"",""sourceType"":""manager_feedback"",""influence"":0.211},{""eventId"":""EV-0012901"",""sourceType"":""assessment"",""influence"":0.199}]",
REC-E-0088-communication,E-0088,communication,2026-09-29T00:00:00.000Z,declining,practice_gap,0.69,0.627,ACT-0001,stretch assignment: communication #1,0.52,81,"[{""eventId"":""EV-0013029"",""sourceType"":""manager_feedback"",""influence"":1.189},{""eventId"":""EV-0013130"",""sourceType"":""assessment"",""influence"":0.779},{""eventId"":""EV-0013064"",""sourceType"":""assessment"",""influence"":0.409}]",
REC-E-0088-execution,E-0088,execution,2026-09-29T00:00:00.000Z,stagnating,practice_gap,1.44,0.883,ACT-0006,mentor: execution #3,0.72,113,"[{""eventId"":""EV-0013051"",""sourceType"":""peer_feedback"",""influence"":1.153},{""eventId"":""EV-0013148"",""sourceType"":""project"",""influence"":0.315},{""eventId"":""EV-0013062"",""sourceType"":""manager_feedback"",""influence"":0.305}]",
REC-E-0088-problem_solving,E-0088,problem_solving,2026-09-29T00:00:00.000Z,stagnating,practice_gap,0.78,0.472,ACT-0010,stretch assignment: problem solving #1,0.75,103,"[{""eventId"":""EV-0013030"",""sourceType"":""manager_feedback"",""influence"":0.385},{""eventId"":""EV-0013070"",""sourceType"":""assessment"",""influence"":0.221},{""eventId"":""EV-0013136"",""sourceType"":""assessment"",""influence"":0.215}]",
REC-E-0088-customer_resolution,E-0088,customer_resolution,2026-09-29T00:00:00.000Z,stagnating,practice_gap,1.43,1.596,ACT-0055,stretch assignment: customer resolution #1,0.8,73,"[{""eventId"":""EV-0013026"",""sourceType"":""kpi"",""influence"":0.767},{""eventId"":""EV-0013058"",""sourceType"":""kpi"",""influence"":0.498},{""eventId"":""EV-0013072"",""sourceType"":""assessment"",""influence"":0.157}]",
REC-E-0088-troubleshooting,E-0088,troubleshooting,2026-09-29T00:00:00.000Z,insufficient_evidence,observation_gap,0.19,0.197,ACT-0060,stretch assignment: troubleshooting #3,0.62,45,"[{""eventId"":""EV-0013158"",""sourceType"":""project"",""influence"":0.189}]","{""lever"":""new_source_type"",""description"":""1 observation from a source type not yet used for this competency (e.g. a project outcome or training result instead of another self-assessment)"",""n_needed"":1,""projected_score"":0.301,""current_score"":0}"
REC-E-0089-code_quality,E-0089,code_quality,2026-09-29T00:00:00.000Z,insufficient_evidence,observation_gap,-0.18,0,ACT-0017,mentor: code quality #2,0.37,90,"[{""eventId"":""EV-0013169"",""sourceType"":""self_assessment"",""influence"":0.726},{""eventId"":""EV-0013181"",""sourceType"":""assessment"",""influence"":0.296},{""eventId"":""EV-0013228"",""sourceType"":""self_assessment"",""influence"":0.286}]",
REC-E-0090-collaboration,E-0090,collaboration,2026-09-29T00:00:00.000Z,stagnating,practice_gap,1.32,0.914,ACT-0007,mentor: collaboration #1,0.62,170,"[{""eventId"":""EV-0013310"",""sourceType"":""assessment"",""influence"":0.567},{""eventId"":""EV-0013336"",""sourceType"":""assessment"",""influence"":0.296},{""eventId"":""EV-0013350"",""sourceType"":""self_assessment"",""influence"":0.178}]",
REC-E-0090-problem_solving,E-0090,problem_solving,2026-09-29T00:00:00.000Z,stagnating,knowledge_gap,0.75,0.379,ACT-0010,stretch assignment: problem solving #1,0.75,103,"[{""eventId"":""EV-0013312"",""sourceType"":""assessment"",""influence"":0.555},{""eventId"":""EV-0013338"",""sourceType"":""assessment"",""influence"":0.349},{""eventId"":""EV-0013305"",""sourceType"":""peer_feedback"",""influence"":0.322}]",
REC-E-0091-execution,E-0091,execution,2026-09-29T00:00:00.000Z,stagnating,practice_gap,0.34,0.182,ACT-0006,mentor: execution #3,0.72,113,"[{""eventId"":""EV-0013617"",""sourceType"":""project"",""influence"":0.636},{""eventId"":""EV-0013460"",""sourceType"":""kpi"",""influence"":0.361},{""eventId"":""EV-0013486"",""sourceType"":""kpi"",""influence"":0.347}]",
REC-E-0091-collaboration,E-0091,collaboration,2026-09-29T00:00:00.000Z,stagnating,practice_gap,0.37,0.192,ACT-0007,mentor: collaboration #1,0.62,170,"[{""eventId"":""EV-0013544"",""sourceType"":""assessment"",""influence"":0.529},{""eventId"":""EV-0013509"",""sourceType"":""assessment"",""influence"":0.454},{""eventId"":""EV-0013592"",""sourceType"":""assessment"",""influence"":0.403}]",
REC-E-0092-communication,E-0092,communication,2026-09-29T00:00:00.000Z,stagnating,practice_gap,1.2,0.703,ACT-0001,stretch assignment: communication #1,0.52,81,"[{""eventId"":""EV-0013734"",""sourceType"":""assessment"",""influence"":0.838},{""eventId"":""EV-0013627"",""sourceType"":""peer_feedback"",""influence"":0.367},{""eventId"":""EV-0013652"",""sourceType"":""manager_feedback"",""influence"":0.339}]",
REC-E-0092-problem_solving,E-0092,problem_solving,2026-09-29T00:00:00.000Z,stagnating,practice_gap,1.03,0.516,ACT-0010,stretch assignment: problem solving #1,0.75,103,"[{""eventId"":""EV-0013628"",""sourceType"":""peer_feedback"",""influence"":1.125},{""eventId"":""EV-0013636"",""sourceType"":""assessment"",""influence"":0.837},{""eventId"":""EV-0013651"",""sourceType"":""manager_feedback"",""influence"":0.535}]",
REC-E-0092-stakeholder_alignment,E-0092,stakeholder_alignment,2026-09-29T00:00:00.000Z,stagnating,knowledge_gap,0.52,0.583,ACT-0034,stretch assignment: stakeholder alignment #1,0.68,119,"[{""eventId"":""EV-0013644"",""sourceType"":""manager_feedback"",""influence"":0.678},{""eventId"":""EV-0013695"",""sourceType"":""manager_feedback"",""influence"":0.551},{""eventId"":""EV-0013624"",""sourceType"":""manager_feedback"",""influence"":0.391}]",
REC-E-0093-execution,E-0093,execution,2026-09-29T00:00:00.000Z,stagnating,application_gap,0.51,0.289,ACT-0006,mentor: execution #3,0.72,113,"[{""eventId"":""EV-0013836"",""sourceType"":""assessment"",""influence"":0.584},{""eventId"":""EV-0013784"",""sourceType"":""manager_feedback"",""influence"":0.462},{""eventId"":""EV-0013790"",""sourceType"":""peer_feedback"",""influence"":0.357}]",
REC-E-0093-collaboration,E-0093,collaboration,2026-09-29T00:00:00.000Z,stagnating,practice_gap,1.82,1.212,ACT-0007,mentor: collaboration #1,0.62,170,"[{""eventId"":""EV-0013796"",""sourceType"":""assessment"",""influence"":0.894},{""eventId"":""EV-0013923"",""sourceType"":""assessment"",""influence"":0.386},{""eventId"":""EV-0013828"",""sourceType"":""peer_feedback"",""influence"":0.23}]",
REC-E-0093-problem_solving,E-0093,problem_solving,2026-09-29T00:00:00.000Z,stagnating,knowledge_gap,0.65,0.289,ACT-0010,stretch assignment: problem solving #1,0.75,103,"[{""eventId"":""EV-0013882"",""sourceType"":""assessment"",""influence"":0.506},{""eventId"":""EV-0013831"",""sourceType"":""peer_feedback"",""influence"":0.447},{""eventId"":""EV-0013783"",""sourceType"":""manager_feedback"",""influence"":0.381}]",
REC-E-0093-visual_craft,E-0093,visual_craft,2026-09-29T00:00:00.000Z,insufficient_evidence,observation_gap,-0.14,0,ACT-0039,stretch assignment: visual craft #3,0.58,135,"[{""eventId"":""EV-0013789"",""sourceType"":""peer_feedback"",""influence"":1.048},{""eventId"":""EV-0013842"",""sourceType"":""assessment"",""influence"":0.644},{""eventId"":""EV-0013787"",""sourceType"":""peer_feedback"",""influence"":0.384}]",
REC-E-0093-ux_research,E-0093,ux_research,2026-09-29T00:00:00.000Z,stagnating,application_gap,0.92,0.877,ACT-0041,stretch assignment: ux research #2,0.78,110,"[{""eventId"":""EV-0013786"",""sourceType"":""peer_feedback"",""influence"":1.097},{""eventId"":""EV-0013946"",""sourceType"":""training"",""influence"":0.781},{""eventId"":""EV-0013802"",""sourceType"":""assessment"",""influence"":0.479}]",
REC-E-0094-communication,E-0094,communication,2026-09-29T00:00:00.000Z,insufficient_evidence,observation_gap,0.11,0.058,ACT-0001,stretch assignment: communication #1,0.52,81,"[{""eventId"":""EV-0014123"",""sourceType"":""project"",""influence"":0.662},{""eventId"":""EV-0014128"",""sourceType"":""project"",""influence"":0.513},{""eventId"":""EV-0013962"",""sourceType"":""self_assessment"",""influence"":0.255}]",
REC-E-0094-problem_solving,E-0094,problem_solving,2026-09-29T00:00:00.000Z,stagnating,practice_gap,0.39,0.188,ACT-0010,stretch assignment: problem solving #1,0.75,103,"[{""eventId"":""EV-0013970"",""sourceType"":""peer_feedback"",""influence"":0.708},{""eventId"":""EV-0014098"",""sourceType"":""assessment"",""influence"":0.304},{""eventId"":""EV-0013978"",""sourceType"":""assessment"",""influence"":0.293}]",
REC-E-0094-compliance_rigor,E-0094,compliance_rigor,2026-09-29T00:00:00.000Z,insufficient_evidence,observation_gap,-1.23,0,ACT-0046,stretch assignment: compliance rigor #1,0.58,77,"[{""eventId"":""EV-0013967"",""sourceType"":""self_assessment"",""influence"":0.778},{""eventId"":""EV-0014020"",""sourceType"":""manager_feedback"",""influence"":0.757},{""eventId"":""EV-0014102"",""sourceType"":""assessment"",""influence"":0.289}]",
REC-E-0095-communication,E-0095,communication,2026-09-29T00:00:00.000Z,improving,application_gap,0.9,0,ACT-0001,stretch assignment: communication #1,0.52,81,"[{""eventId"":""EV-0014207"",""sourceType"":""peer_feedback"",""influence"":0.883},{""eventId"":""EV-0014142"",""sourceType"":""assessment"",""influence"":0.795},{""eventId"":""EV-0014261"",""sourceType"":""training"",""influence"":0.722}]",
REC-E-0095-execution,E-0095,execution,2026-09-29T00:00:00.000Z,declining,practice_gap,2.18,2.161,ACT-0006,mentor: execution #3,0.72,113,"[{""eventId"":""EV-0014136"",""sourceType"":""self_assessment"",""influence"":1.517},{""eventId"":""EV-0014163"",""sourceType"":""kpi"",""influence"":0.467},{""eventId"":""EV-0014144"",""sourceType"":""assessment"",""influence"":0.393}]",
REC-E-0095-collaboration,E-0095,collaboration,2026-09-29T00:00:00.000Z,stagnating,practice_gap,0.54,0.288,ACT-0007,mentor: collaboration #1,0.62,170,"[{""eventId"":""EV-0014137"",""sourceType"":""self_assessment"",""influence"":0.847},{""eventId"":""EV-0014246"",""sourceType"":""assessment"",""influence"":0.368},{""eventId"":""EV-0014158"",""sourceType"":""self_assessment"",""influence"":0.255}]",
REC-E-0095-problem_solving,E-0095,problem_solving,2026-09-29T00:00:00.000Z,stagnating,practice_gap,0.89,0.391,ACT-0010,stretch assignment: problem solving #1,0.75,103,"[{""eventId"":""EV-0014264"",""sourceType"":""training"",""influence"":1.103},{""eventId"":""EV-0014248"",""sourceType"":""assessment"",""influence"":0.452},{""eventId"":""EV-0014260"",""sourceType"":""training"",""influence"":0.442}]",
REC-E-0095-talent_assessment,E-0095,talent_assessment,2026-09-29T00:00:00.000Z,stagnating,application_gap,0.88,1.002,ACT-0050,project: talent assessment #2,0.25,149,"[{""eventId"":""EV-0014263"",""sourceType"":""training"",""influence"":1.103},{""eventId"":""EV-0014197"",""sourceType"":""kpi"",""influence"":0.273},{""eventId"":""EV-0014220"",""sourceType"":""assessment"",""influence"":0.248}]",
REC-E-0095-policy_navigation,E-0095,policy_navigation,2026-09-29T00:00:00.000Z,stagnating,practice_gap,0.37,0.264,ACT-0052,mentor: policy navigation #1,0.56,119,"[{""eventId"":""EV-0014150"",""sourceType"":""assessment"",""influence"":0.584},{""eventId"":""EV-0014258"",""sourceType"":""peer_feedback"",""influence"":0.393},{""eventId"":""EV-0014222"",""sourceType"":""assessment"",""influence"":0.367}]",
REC-E-0096-collaboration,E-0096,collaboration,2026-09-29T00:00:00.000Z,insufficient_evidence,observation_gap,-0.76,0,ACT-0009,stretch assignment: collaboration #3,0.37,140,"[{""eventId"":""EV-0014293"",""sourceType"":""peer_feedback"",""influence"":1.03},{""eventId"":""EV-0014324"",""sourceType"":""self_assessment"",""influence"":0.377},{""eventId"":""EV-0014356"",""sourceType"":""peer_feedback"",""influence"":0.248}]",
REC-E-0096-problem_solving,E-0096,problem_solving,2026-09-29T00:00:00.000Z,insufficient_evidence,observation_gap,0.6,0.45,ACT-0010,stretch assignment: problem solving #1,0.75,103,"[{""eventId"":""EV-0014301"",""sourceType"":""assessment"",""influence"":0.599},{""eventId"":""EV-0014368"",""sourceType"":""assessment"",""influence"":0.317},{""eventId"":""EV-0014329"",""sourceType"":""manager_feedback"",""influence"":0.286}]",
REC-E-0096-troubleshooting,E-0096,troubleshooting,2026-09-29T00:00:00.000Z,insufficient_evidence,observation_gap,-0.52,0,ACT-0060,stretch assignment: troubleshooting #3,0.62,45,"[{""eventId"":""EV-0014372"",""sourceType"":""assessment"",""influence"":0.892},{""eventId"":""EV-0014283"",""sourceType"":""self_assessment"",""influence"":0.781},{""eventId"":""EV-0014408"",""sourceType"":""training"",""influence"":0.236}]",
REC-E-0097-communication,E-0097,communication,2026-09-29T00:00:00.000Z,declining,knowledge_gap,0.85,0.841,ACT-0001,stretch assignment: communication #1,0.52,81,"[{""eventId"":""EV-0014460"",""sourceType"":""assessment"",""influence"":1.25},{""eventId"":""EV-0014426"",""sourceType"":""assessment"",""influence"":0.667},{""eventId"":""EV-0014442"",""sourceType"":""self_assessment"",""influence"":0.407}]",
REC-E-0097-collaboration,E-0097,collaboration,2026-09-29T00:00:00.000Z,stagnating,practice_gap,0.56,0.286,ACT-0007,mentor: collaboration #1,0.62,170,"[{""eventId"":""EV-0014464"",""sourceType"":""assessment"",""influence"":0.467},{""eventId"":""EV-0014420"",""sourceType"":""manager_feedback"",""influence"":0.395},{""eventId"":""EV-0014430"",""sourceType"":""assessment"",""influence"":0.306}]",
REC-E-0098-communication,E-0098,communication,2026-09-29T00:00:00.000Z,stagnating,practice_gap,0.35,0.142,ACT-0001,stretch assignment: communication #1,0.52,81,"[{""eventId"":""EV-0014686"",""sourceType"":""assessment"",""influence"":0.51},{""eventId"":""EV-0014562"",""sourceType"":""peer_feedback"",""influence"":0.332},{""eventId"":""EV-0014608"",""sourceType"":""peer_feedback"",""influence"":0.267}]",
REC-E-0098-collaboration,E-0098,collaboration,2026-09-29T00:00:00.000Z,improving,knowledge_gap,0.58,0.041,ACT-0007,mentor: collaboration #1,0.62,170,"[{""eventId"":""EV-0014563"",""sourceType"":""peer_feedback"",""influence"":0.993},{""eventId"":""EV-0014633"",""sourceType"":""manager_feedback"",""influence"":0.49},{""eventId"":""EV-0014598"",""sourceType"":""self_assessment"",""influence"":0.434}]",
REC-E-0098-negotiation,E-0098,negotiation,2026-09-29T00:00:00.000Z,stagnating,practice_gap,0.51,0.386,ACT-0019,project: negotiation #1,0.4,165,"[{""eventId"":""EV-0014571"",""sourceType"":""assessment"",""influence"":0.7},{""eventId"":""EV-0014616"",""sourceType"":""assessment"",""influence"":0.657},{""eventId"":""EV-0014555"",""sourceType"":""manager_feedback"",""influence"":0.377}]",
REC-E-0098-pipeline_mgmt,E-0098,pipeline_mgmt,2026-09-29T00:00:00.000Z,stagnating,practice_gap,1.16,1.14,ACT-0022,stretch assignment: pipeline mgmt #1,0.75,154,"[{""eventId"":""EV-0014584"",""sourceType"":""self_assessment"",""influence"":0.318},{""eventId"":""EV-0014573"",""sourceType"":""assessment"",""influence"":0.22},{""eventId"":""EV-0014618"",""sourceType"":""assessment"",""influence"":0.203}]",
REC-E-0099-collaboration,E-0099,collaboration,2026-09-29T00:00:00.000Z,insufficient_evidence,observation_gap,0.66,0.531,ACT-0009,stretch assignment: collaboration #3,0.37,140,"[{""eventId"":""EV-0014751"",""sourceType"":""manager_feedback"",""influence"":0.788},{""eventId"":""EV-0014776"",""sourceType"":""assessment"",""influence"":0.451},{""eventId"":""EV-0014736"",""sourceType"":""assessment"",""influence"":0.359}]",
REC-E-0100-communication,E-0100,communication,2026-09-29T00:00:00.000Z,improving,practice_gap,0.32,0.008,ACT-0001,stretch assignment: communication #1,0.52,81,"[{""eventId"":""EV-0014926"",""sourceType"":""peer_feedback"",""influence"":0.845},{""eventId"":""EV-0014898"",""sourceType"":""self_assessment"",""influence"":0.764},{""eventId"":""EV-0014997"",""sourceType"":""project"",""influence"":0.335}]",
REC-E-0100-execution,E-0100,execution,2026-09-29T00:00:00.000Z,improving,practice_gap,0.8,0.022,ACT-0006,mentor: execution #3,0.72,113,"[{""eventId"":""EV-0014899"",""sourceType"":""self_assessment"",""influence"":0.805},{""eventId"":""EV-0014939"",""sourceType"":""kpi"",""influence"":0.555},{""eventId"":""EV-0014922"",""sourceType"":""kpi"",""influence"":0.415}]",
REC-E-0100-collaboration,E-0100,collaboration,2026-09-29T00:00:00.000Z,insufficient_evidence,observation_gap,1.33,0.309,ACT-0009,stretch assignment: collaboration #3,0.37,140,"[{""eventId"":""EV-0014900"",""sourceType"":""self_assessment"",""influence"":0.749},{""eventId"":""EV-0014931"",""sourceType"":""assessment"",""influence"":0.734},{""eventId"":""EV-0014982"",""sourceType"":""assessment"",""influence"":0.221}]",
REC-E-0100-problem_solving,E-0100,problem_solving,2026-09-29T00:00:00.000Z,stagnating,practice_gap,2.03,1.218,ACT-0010,stretch assignment: problem solving #1,0.75,103,"[{""eventId"":""EV-0014960"",""sourceType"":""assessment"",""influence"":1.644},{""eventId"":""EV-0014927"",""sourceType"":""peer_feedback"",""influence"":0.653},{""eventId"":""EV-0014933"",""sourceType"":""assessment"",""influence"":0.614}]",
REC-E-0100-roadmap_prioritization,E-0100,roadmap_prioritization,2026-09-29T00:00:00.000Z,stagnating,knowledge_gap,2.23,2.603,ACT-0032,stretch assignment: roadmap prioritization #2,0.77,54,"[{""eventId"":""EV-0014917"",""sourceType"":""kpi"",""influence"":0.29},{""eventId"":""EV-0014924"",""sourceType"":""kpi"",""influence"":0.282},{""eventId"":""EV-0014993"",""sourceType"":""peer_feedback"",""influence"":0.276}]",
REC-E-0100-stakeholder_alignment,E-0100,stakeholder_alignment,2026-09-29T00:00:00.000Z,improving,consistency_gap,0.96,0,ACT-0034,stretch assignment: stakeholder alignment #1,0.68,119,"[{""eventId"":""EV-0014913"",""sourceType"":""assessment"",""influence"":0.737},{""eventId"":""EV-0014951"",""sourceType"":""peer_feedback"",""influence"":0.583},{""eventId"":""EV-0014937"",""sourceType"":""assessment"",""influence"":0.502}]",
REC-E-0101-communication,E-0101,communication,2026-09-29T00:00:00.000Z,improving,application_gap,1.53,0,ACT-0001,stretch assignment: communication #1,0.52,81,"[{""eventId"":""EV-0015032"",""sourceType"":""peer_feedback"",""influence"":1.156},{""eventId"":""EV-0015117"",""sourceType"":""training"",""influence"":0.635},{""eventId"":""EV-0015073"",""sourceType"":""assessment"",""influence"":0.633}]",
REC-E-0101-execution,E-0101,execution,2026-09-29T00:00:00.000Z,improving,practice_gap,0.31,0,ACT-0006,mentor: execution #3,0.72,113,"[{""eventId"":""EV-0015015"",""sourceType"":""peer_feedback"",""influence"":1.128},{""eventId"":""EV-0015054"",""sourceType"":""kpi"",""influence"":0.547},{""eventId"":""EV-0015059"",""sourceType"":""self_assessment"",""influence"":0.515}]",
REC-E-0101-collaboration,E-0101,collaboration,2026-09-29T00:00:00.000Z,declining,application_gap,1.85,1.712,ACT-0007,mentor: collaboration #1,0.62,170,"[{""eventId"":""EV-0015012"",""sourceType"":""peer_feedback"",""influence"":1.879},{""eventId"":""EV-0015077"",""sourceType"":""assessment"",""influence"":0.713},{""eventId"":""EV-0015044"",""sourceType"":""peer_feedback"",""influence"":0.489}]",
REC-E-0101-problem_solving,E-0101,problem_solving,2026-09-29T00:00:00.000Z,insufficient_evidence,observation_gap,2.43,0.593,ACT-0010,stretch assignment: problem solving #1,0.75,103,"[{""eventId"":""EV-0015028"",""sourceType"":""peer_feedback"",""influence"":1.169},{""eventId"":""EV-0015070"",""sourceType"":""peer_feedback"",""influence"":0.524},{""eventId"":""EV-0015022"",""sourceType"":""assessment"",""influence"":0.301}]",
REC-E-0101-ux_research,E-0101,ux_research,2026-09-29T00:00:00.000Z,stagnating,application_gap,1.14,0.681,ACT-0041,stretch assignment: ux research #2,0.78,110,"[{""eventId"":""EV-0015024"",""sourceType"":""assessment"",""influence"":0.374},{""eventId"":""EV-0015013"",""sourceType"":""peer_feedback"",""influence"":0.366},{""eventId"":""EV-0015118"",""sourceType"":""training"",""influence"":0.253}]",
REC-E-0102-execution,E-0102,execution,2026-09-29T00:00:00.000Z,stagnating,knowledge_gap,1.22,0.792,ACT-0006,mentor: execution #3,0.72,113,"[{""eventId"":""EV-0015135"",""sourceType"":""self_assessment"",""influence"":0.275},{""eventId"":""EV-0015256"",""sourceType"":""assessment"",""influence"":0.236},{""eventId"":""EV-0015153"",""sourceType"":""assessment"",""influence"":0.197}]",
REC-E-0102-problem_solving,E-0102,problem_solving,2026-09-29T00:00:00.000Z,stagnating,knowledge_gap,0.61,0.328,ACT-0010,stretch assignment: problem solving #1,0.75,103,"[{""eventId"":""EV-0015137"",""sourceType"":""self_assessment"",""influence"":0.253},{""eventId"":""EV-0015243"",""sourceType"":""self_assessment"",""influence"":0.148},{""eventId"":""EV-0015260"",""sourceType"":""assessment"",""influence"":0.145}]",
REC-E-0102-compliance_rigor,E-0102,compliance_rigor,2026-09-29T00:00:00.000Z,stagnating,practice_gap,0.5,0.511,ACT-0046,stretch assignment: compliance rigor #1,0.58,77,"[{""eventId"":""EV-0015196"",""sourceType"":""assessment"",""influence"":0.408},{""eventId"":""EV-0015278"",""sourceType"":""training"",""influence"":0.334},{""eventId"":""EV-0015149"",""sourceType"":""peer_feedback"",""influence"":0.323}]",
REC-E-0103-communication,E-0103,communication,2026-09-29T00:00:00.000Z,stagnating,practice_gap,1.07,0.494,ACT-0001,stretch assignment: communication #1,0.52,81,"[{""eventId"":""EV-0015293"",""sourceType"":""assessment"",""influence"":0.391},{""eventId"":""EV-0015345"",""sourceType"":""self_assessment"",""influence"":0.223},{""eventId"":""EV-0015387"",""sourceType"":""manager_feedback"",""influence"":0.196}]",
REC-E-0103-execution,E-0103,execution,2026-09-29T00:00:00.000Z,insufficient_evidence,observation_gap,0.19,0.029,ACT-0005,project: execution #2,0.23,120,"[{""eventId"":""EV-0015285"",""sourceType"":""kpi"",""influence"":0.292},{""eventId"":""EV-0015308"",""sourceType"":""self_assessment"",""influence"":0.245},{""eventId"":""EV-0015322"",""sourceType"":""peer_feedback"",""influence"":0.053}]",
REC-E-0103-collaboration,E-0103,collaboration,2026-09-29T00:00:00.000Z,stagnating,practice_gap,0.98,0.59,ACT-0007,mentor: collaboration #1,0.62,170,"[{""eventId"":""EV-0015337"",""sourceType"":""assessment"",""influence"":0.319},{""eventId"":""EV-0015386"",""sourceType"":""manager_feedback"",""influence"":0.276},{""eventId"":""EV-0015315"",""sourceType"":""manager_feedback"",""influence"":0.137}]",
REC-E-0103-problem_solving,E-0103,problem_solving,2026-09-29T00:00:00.000Z,improving,practice_gap,0.73,0.079,ACT-0010,stretch assignment: problem solving #1,0.75,103,"[{""eventId"":""EV-0015290"",""sourceType"":""manager_feedback"",""influence"":1.119},{""eventId"":""EV-0015372"",""sourceType"":""assessment"",""influence"":0.287},{""eventId"":""EV-0015332"",""sourceType"":""peer_feedback"",""influence"":0.28}]",
REC-E-0103-talent_assessment,E-0103,talent_assessment,2026-09-29T00:00:00.000Z,stagnating,practice_gap,0.49,0.407,ACT-0051,community: talent assessment #3,0.29,119,"[{""eventId"":""EV-0015291"",""sourceType"":""manager_feedback"",""influence"":0.391},{""eventId"":""EV-0015363"",""sourceType"":""manager_feedback"",""influence"":0.26},{""eventId"":""EV-0015287"",""sourceType"":""kpi"",""influence"":0.256}]",
REC-E-0104-communication,E-0104,communication,2026-09-29T00:00:00.000Z,insufficient_evidence,observation_gap,-0.39,0,ACT-0001,stretch assignment: communication #1,0.52,81,"[{""eventId"":""EV-0015435"",""sourceType"":""self_assessment"",""influence"":0.304},{""eventId"":""EV-0015437"",""sourceType"":""peer_feedback"",""influence"":0.172}]",
REC-E-0104-execution,E-0104,execution,2026-09-29T00:00:00.000Z,stagnating,practice_gap,0.33,0.158,ACT-0006,mentor: execution #3,0.72,113,"[{""eventId"":""EV-0015448"",""sourceType"":""manager_feedback"",""influence"":1.145},{""eventId"":""EV-0015512"",""sourceType"":""assessment"",""influence"":0.176},{""eventId"":""EV-0015475"",""sourceType"":""self_assessment"",""influence"":0.128}]",
REC-E-0104-collaboration,E-0104,collaboration,2026-09-29T00:00:00.000Z,insufficient_evidence,observation_gap,-0.33,0,ACT-0009,stretch assignment: collaboration #3,0.37,140,"[{""eventId"":""EV-0015441"",""sourceType"":""peer_feedback"",""influence"":1.135},{""eventId"":""EV-0015439"",""sourceType"":""self_assessment"",""influence"":0.834}]",
REC-E-0105-code_quality,E-0105,code_quality,2026-09-29T00:00:00.000Z,insufficient_evidence,observation_gap,-0.4,0,ACT-0017,mentor: code quality #2,0.37,90,"[{""eventId"":""EV-0015574"",""sourceType"":""peer_feedback"",""influence"":0.884},{""eventId"":""EV-0015601"",""sourceType"":""manager_feedback"",""influence"":0.465},{""eventId"":""EV-0015587"",""sourceType"":""assessment"",""influence"":0.342}]",
REC-E-0107-communication,E-0107,communication,2026-09-29T00:00:00.000Z,insufficient_evidence,observation_gap,-0.43,0,ACT-0001,stretch assignment: communication #1,0.52,81,"[{""eventId"":""EV-0015885"",""sourceType"":""peer_feedback"",""influence"":1.089},{""eventId"":""EV-0015883"",""sourceType"":""self_assessment"",""influence"":0.314}]",
REC-E-0107-execution,E-0107,execution,2026-09-29T00:00:00.000Z,insufficient_evidence,observation_gap,-0.02,0,ACT-0005,project: execution #2,0.23,120,"[{""eventId"":""EV-0015931"",""sourceType"":""peer_feedback"",""influence"":0.445},{""eventId"":""EV-0015950"",""sourceType"":""assessment"",""influence"":0.384},{""eventId"":""EV-0015905"",""sourceType"":""assessment"",""influence"":0.357}]",
REC-E-0107-collaboration,E-0107,collaboration,2026-09-29T00:00:00.000Z,stagnating,practice_gap,0.98,0.524,ACT-0007,mentor: collaboration #1,0.62,170,"[{""eventId"":""EV-0015897"",""sourceType"":""manager_feedback"",""influence"":1.128},{""eventId"":""EV-0016025"",""sourceType"":""training"",""influence"":0.57},{""eventId"":""EV-0016006"",""sourceType"":""assessment"",""influence"":0.558}]",
REC-E-0107-problem_solving,E-0107,problem_solving,2026-09-29T00:00:00.000Z,stagnating,practice_gap,1.02,0.577,ACT-0010,stretch assignment: problem solving #1,0.75,103,"[{""eventId"":""EV-0015971"",""sourceType"":""manager_feedback"",""influence"":0.658},{""eventId"":""EV-0015954"",""sourceType"":""assessment"",""influence"":0.512},{""eventId"":""EV-0016032"",""sourceType"":""project"",""influence"":0.478}]",
REC-E-0107-campaign_strategy,E-0107,campaign_strategy,2026-09-29T00:00:00.000Z,stagnating,practice_gap,0.69,0.677,ACT-0027,coaching: campaign strategy #3,0.71,65,"[{""eventId"":""EV-0015895"",""sourceType"":""manager_feedback"",""influence"":0.364},{""eventId"":""EV-0015940"",""sourceType"":""self_assessment"",""influence"":0.278},{""eventId"":""EV-0015920"",""sourceType"":""self_assessment"",""influence"":0.253}]",
REC-E-0108-collaboration,E-0108,collaboration,2026-09-29T00:00:00.000Z,stagnating,practice_gap,0.65,0.406,ACT-0007,mentor: collaboration #1,0.62,170,"[{""eventId"":""EV-0016053"",""sourceType"":""manager_feedback"",""influence"":1.134},{""eventId"":""EV-0016147"",""sourceType"":""assessment"",""influence"":0.688},{""eventId"":""EV-0016129"",""sourceType"":""assessment"",""influence"":0.332}]",
REC-E-0108-stakeholder_alignment,E-0108,stakeholder_alignment,2026-09-29T00:00:00.000Z,stagnating,practice_gap,0.53,0.663,ACT-0034,stretch assignment: stakeholder alignment #1,0.68,119,"[{""eventId"":""EV-0016176"",""sourceType"":""project"",""influence"":0.533},{""eventId"":""EV-0016106"",""sourceType"":""manager_feedback"",""influence"":0.41},{""eventId"":""EV-0016051"",""sourceType"":""manager_feedback"",""influence"":0.407}]",
REC-E-0109-communication,E-0109,communication,2026-09-29T00:00:00.000Z,insufficient_evidence,observation_gap,1.32,0.287,ACT-0001,stretch assignment: communication #1,0.52,81,"[{""eventId"":""EV-0016302"",""sourceType"":""manager_feedback"",""influence"":0.991},{""eventId"":""EV-0016347"",""sourceType"":""project"",""influence"":0.909},{""eventId"":""EV-0016310"",""sourceType"":""assessment"",""influence"":0.404}]",
REC-E-0109-problem_solving,E-0109,problem_solving,2026-09-29T00:00:00.000Z,stagnating,practice_gap,1.43,0.932,ACT-0010,stretch assignment: problem solving #1,0.75,103,"[{""eventId"":""EV-0016245"",""sourceType"":""assessment"",""influence"":0.477},{""eventId"":""EV-0016288"",""sourceType"":""assessment"",""influence"":0.327},{""eventId"":""EV-0016258"",""sourceType"":""self_assessment"",""influence"":0.193}]",
REC-E-0109-ux_research,E-0109,ux_research,2026-09-29T00:00:00.000Z,improving,application_gap,0.67,0.007,ACT-0041,stretch assignment: ux research #2,0.78,110,"[{""eventId"":""EV-0016190"",""sourceType"":""self_assessment"",""influence"":0.872},{""eventId"":""EV-0016292"",""sourceType"":""assessment"",""influence"":0.535},{""eventId"":""EV-0016212"",""sourceType"":""assessment"",""influence"":0.345}]",
REC-E-0110-communication,E-0110,communication,2026-09-29T00:00:00.000Z,stagnating,practice_gap,0.47,0.171,ACT-0001,stretch assignment: communication #1,0.52,81,"[{""eventId"":""EV-0016486"",""sourceType"":""project"",""influence"":0.794},{""eventId"":""EV-0016413"",""sourceType"":""manager_feedback"",""influence"":0.771},{""eventId"":""EV-0016360"",""sourceType"":""assessment"",""influence"":0.341}]",
REC-E-0110-collaboration,E-0110,collaboration,2026-09-29T00:00:00.000Z,stagnating,practice_gap,0.53,0.255,ACT-0007,mentor: collaboration #1,0.62,170,"[{""eventId"":""EV-0016403"",""sourceType"":""assessment"",""influence"":0.791},{""eventId"":""EV-0016437"",""sourceType"":""assessment"",""influence"":0.495},{""eventId"":""EV-0016364"",""sourceType"":""assessment"",""influence"":0.399}]",
REC-E-0110-problem_solving,E-0110,problem_solving,2026-09-29T00:00:00.000Z,insufficient_evidence,observation_gap,0.37,0.06,ACT-0010,stretch assignment: problem solving #1,0.75,103,"[{""eventId"":""EV-0016405"",""sourceType"":""assessment"",""influence"":0.726},{""eventId"":""EV-0016366"",""sourceType"":""assessment"",""influence"":0.387},{""eventId"":""EV-0016488"",""sourceType"":""project"",""influence"":0.348}]",
REC-E-0111-execution,E-0111,execution,2026-09-29T00:00:00.000Z,stagnating,practice_gap,0.41,0.251,ACT-0006,mentor: execution #3,0.72,113,"[{""eventId"":""EV-0016491"",""sourceType"":""kpi"",""influence"":0.9},{""eventId"":""EV-0016621"",""sourceType"":""assessment"",""influence"":0.386},{""eventId"":""EV-0016539"",""sourceType"":""assessment"",""influence"":0.352}]",
REC-E-0112-execution,E-0112,execution,2026-09-29T00:00:00.000Z,stagnating,practice_gap,1.3,0.917,ACT-0006,mentor: execution #3,0.72,113,"[{""eventId"":""EV-0016666"",""sourceType"":""manager_feedback"",""influence"":0.393},{""eventId"":""EV-0016682"",""sourceType"":""kpi"",""influence"":0.247},{""eventId"":""EV-0016794"",""sourceType"":""project"",""influence"":0.231}]",
REC-E-0112-collaboration,E-0112,collaboration,2026-09-29T00:00:00.000Z,stagnating,practice_gap,0.53,0.276,ACT-0007,mentor: collaboration #1,0.62,170,"[{""eventId"":""EV-0016665"",""sourceType"":""manager_feedback"",""influence"":0.407},{""eventId"":""EV-0016711"",""sourceType"":""assessment"",""influence"":0.318},{""eventId"":""EV-0016770"",""sourceType"":""assessment"",""influence"":0.247}]",
REC-E-0113-execution,E-0113,execution,2026-09-29T00:00:00.000Z,stagnating,knowledge_gap,1.18,0.8,ACT-0006,mentor: execution #3,0.72,113,"[{""eventId"":""EV-0016805"",""sourceType"":""manager_feedback"",""influence"":0.644},{""eventId"":""EV-0016813"",""sourceType"":""peer_feedback"",""influence"":0.34},{""eventId"":""EV-0016849"",""sourceType"":""manager_feedback"",""influence"":0.293}]",
REC-E-0114-communication,E-0114,communication,2026-09-29T00:00:00.000Z,stagnating,practice_gap,0.47,0.322,ACT-0001,stretch assignment: communication #1,0.52,81,"[{""eventId"":""EV-0016949"",""sourceType"":""self_assessment"",""influence"":0.853},{""eventId"":""EV-0016974"",""sourceType"":""assessment"",""influence"":0.372},{""eventId"":""EV-0016956"",""sourceType"":""assessment"",""influence"":0.276}]",
REC-E-0114-negotiation,E-0114,negotiation,2026-09-29T00:00:00.000Z,insufficient_evidence,observation_gap,-0.18,0,ACT-0019,project: negotiation #1,0.4,165,"[{""eventId"":""EV-0016994"",""sourceType"":""peer_feedback"",""influence"":0.779},{""eventId"":""EV-0016953"",""sourceType"":""self_assessment"",""influence"":0.769},{""eventId"":""EV-0016980"",""sourceType"":""assessment"",""influence"":0.66}]",
REC-E-0115-communication,E-0115,communication,2026-09-29T00:00:00.000Z,stagnating,application_gap,1.37,0.444,ACT-0001,stretch assignment: communication #1,0.52,81,"[{""eventId"":""EV-0017092"",""sourceType"":""self_assessment"",""influence"":0.828},{""eventId"":""EV-0017205"",""sourceType"":""training"",""influence"":0.572},{""eventId"":""EV-0017105"",""sourceType"":""self_assessment"",""influence"":0.257}]",
REC-E-0115-execution,E-0115,execution,2026-09-29T00:00:00.000Z,stagnating,practice_gap,1.06,0.56,ACT-0006,mentor: execution #3,0.72,113,"[{""eventId"":""EV-0017071"",""sourceType"":""manager_feedback"",""influence"":0.506},{""eventId"":""EV-0017117"",""sourceType"":""assessment"",""influence"":0.492},{""eventId"":""EV-0017067"",""sourceType"":""kpi"",""influence"":0.429}]",
REC-E-0115-problem_solving,E-0115,problem_solving,2026-09-29T00:00:00.000Z,declining,practice_gap,2.04,1.989,ACT-0010,stretch assignment: problem solving #1,0.75,103,"[{""eventId"":""EV-0017155"",""sourceType"":""manager_feedback"",""influence"":0.423},{""eventId"":""EV-0017073"",""sourceType"":""manager_feedback"",""influence"":0.413},{""eventId"":""EV-0017138"",""sourceType"":""manager_feedback"",""influence"":0.328}]",
REC-E-0115-content_quality,E-0115,content_quality,2026-09-29T00:00:00.000Z,stagnating,practice_gap,0.99,1.064,ACT-0028,course: content quality #1,0.73,107,"[{""eventId"":""EV-0017166"",""sourceType"":""assessment"",""influence"":0.42},{""eventId"":""EV-0017076"",""sourceType"":""peer_feedback"",""influence"":0.345},{""eventId"":""EV-0017134"",""sourceType"":""self_assessment"",""influence"":0.275}]",
REC-E-0116-communication,E-0116,communication,2026-09-29T00:00:00.000Z,stagnating,application_gap,1.41,0.738,ACT-0001,stretch assignment: communication #1,0.52,81,"[{""eventId"":""EV-0017264"",""sourceType"":""assessment"",""influence"":0.661},{""eventId"":""EV-0017233"",""sourceType"":""assessment"",""influence"":0.556},{""eventId"":""EV-0017342"",""sourceType"":""training"",""influence"":0.405}]",
REC-E-0116-execution,E-0116,execution,2026-09-29T00:00:00.000Z,improving,practice_gap,0.96,0,ACT-0006,mentor: execution #3,0.72,113,"[{""eventId"":""EV-0017231"",""sourceType"":""peer_feedback"",""influence"":1.105},{""eventId"":""EV-0017216"",""sourceType"":""kpi"",""influence"":0.307},{""eventId"":""EV-0017245"",""sourceType"":""kpi"",""influence"":0.258}]",
REC-E-0116-collaboration,E-0116,collaboration,2026-09-29T00:00:00.000Z,improving,application_gap,0.37,0.006,ACT-0007,mentor: collaboration #1,0.62,170,"[{""eventId"":""EV-0017222"",""sourceType"":""self_assessment"",""influence"":0.821},{""eventId"":""EV-0017237"",""sourceType"":""assessment"",""influence"":0.456},{""eventId"":""EV-0017253"",""sourceType"":""self_assessment"",""influence"":0.326}]",
REC-E-0116-problem_solving,E-0116,problem_solving,2026-09-29T00:00:00.000Z,improving,knowledge_gap,0.59,0,ACT-0010,stretch assignment: problem solving #1,0.75,103,"[{""eventId"":""EV-0017230"",""sourceType"":""peer_feedback"",""influence"":1.002},{""eventId"":""EV-0017288"",""sourceType"":""assessment"",""influence"":0.395},{""eventId"":""EV-0017325"",""sourceType"":""assessment"",""influence"":0.382}]",
REC-E-0116-roadmap_prioritization,E-0116,roadmap_prioritization,2026-09-29T00:00:00.000Z,stagnating,application_gap,0.73,0.535,ACT-0032,stretch assignment: roadmap prioritization #2,0.77,54,"[{""eventId"":""EV-0017218"",""sourceType"":""kpi"",""influence"":0.589},{""eventId"":""EV-0017272"",""sourceType"":""assessment"",""influence"":0.444},{""eventId"":""EV-0017352"",""sourceType"":""project"",""influence"":0.307}]",
REC-E-0116-stakeholder_alignment,E-0116,stakeholder_alignment,2026-09-29T00:00:00.000Z,declining,consistency_gap,1.83,3.278,ACT-0034,stretch assignment: stakeholder alignment #1,0.68,119,"[{""eventId"":""EV-0017225"",""sourceType"":""self_assessment"",""influence"":1.208},{""eventId"":""EV-0017227"",""sourceType"":""peer_feedback"",""influence"":0.72},{""eventId"":""EV-0017243"",""sourceType"":""assessment"",""influence"":0.578}]",
REC-E-0117-communication,E-0117,communication,2026-09-29T00:00:00.000Z,stagnating,knowledge_gap,0.46,0.238,ACT-0001,stretch assignment: communication #1,0.52,81,"[{""eventId"":""EV-0017395"",""sourceType"":""assessment"",""influence"":0.807},{""eventId"":""EV-0017366"",""sourceType"":""assessment"",""influence"":0.543},{""eventId"":""EV-0017459"",""sourceType"":""assessment"",""influence"":0.359}]",
REC-E-0117-execution,E-0117,execution,2026-09-29T00:00:00.000Z,insufficient_evidence,observation_gap,-0.25,0,ACT-0005,project: execution #2,0.23,120,"[{""eventId"":""EV-0017356"",""sourceType"":""peer_feedback"",""influence"":2.449},{""eventId"":""EV-0017354"",""sourceType"":""self_assessment"",""influence"":1.045}]",
REC-E-0117-collaboration,E-0117,collaboration,2026-09-29T00:00:00.000Z,insufficient_evidence,observation_gap,1.57,1.186,ACT-0009,stretch assignment: collaboration #3,0.37,140,"[{""eventId"":""EV-0017390"",""sourceType"":""manager_feedback"",""influence"":0.642},{""eventId"":""EV-0017397"",""sourceType"":""assessment"",""influence"":0.622},{""eventId"":""EV-0017360"",""sourceType"":""peer_feedback"",""influence"":0.619}]",
REC-E-0117-problem_solving,E-0117,problem_solving,2026-09-29T00:00:00.000Z,insufficient_evidence,observation_gap,1.74,1.395,ACT-0010,stretch assignment: problem solving #1,0.75,103,"[{""eventId"":""EV-0017364"",""sourceType"":""peer_feedback"",""influence"":0.979},{""eventId"":""EV-0017484"",""sourceType"":""project"",""influence"":0.498},{""eventId"":""EV-0017370"",""sourceType"":""assessment"",""influence"":0.475}]",
REC-E-0117-ux_research,E-0117,ux_research,2026-09-29T00:00:00.000Z,stagnating,practice_gap,1.17,1.277,ACT-0041,stretch assignment: ux research #2,0.78,110,"[{""eventId"":""EV-0017374"",""sourceType"":""assessment"",""influence"":0.724},{""eventId"":""EV-0017432"",""sourceType"":""assessment"",""influence"":0.375},{""eventId"":""EV-0017403"",""sourceType"":""assessment"",""influence"":0.351}]",
REC-E-0119-communication,E-0119,communication,2026-09-29T00:00:00.000Z,improving,practice_gap,0.91,0,ACT-0001,stretch assignment: communication #1,0.52,81,"[{""eventId"":""EV-0017735"",""sourceType"":""assessment"",""influence"":0.838},{""eventId"":""EV-0017660"",""sourceType"":""self_assessment"",""influence"":0.765},{""eventId"":""EV-0017667"",""sourceType"":""assessment"",""influence"":0.601}]",
REC-E-0119-execution,E-0119,execution,2026-09-29T00:00:00.000Z,improving,knowledge_gap,1.51,0,ACT-0006,mentor: execution #3,0.72,113,"[{""eventId"":""EV-0017661"",""sourceType"":""self_assessment"",""influence"":0.757},{""eventId"":""EV-0017731"",""sourceType"":""kpi"",""influence"":0.742},{""eventId"":""EV-0017716"",""sourceType"":""kpi"",""influence"":0.61}]",
REC-E-0119-collaboration,E-0119,collaboration,2026-09-29T00:00:00.000Z,insufficient_evidence,observation_gap,2.18,0.285,ACT-0009,stretch assignment: collaboration #3,0.37,140,"[{""eventId"":""EV-0017739"",""sourceType"":""assessment"",""influence"":1.14},{""eventId"":""EV-0017725"",""sourceType"":""assessment"",""influence"":0.867},{""eventId"":""EV-0017662"",""sourceType"":""self_assessment"",""influence"":0.804}]",
REC-E-0119-problem_solving,E-0119,problem_solving,2026-09-29T00:00:00.000Z,insufficient_evidence,observation_gap,1.65,1.199,ACT-0010,stretch assignment: problem solving #1,0.75,103,"[{""eventId"":""EV-0017673"",""sourceType"":""assessment"",""influence"":0.641},{""eventId"":""EV-0017713"",""sourceType"":""peer_feedback"",""influence"":0.56},{""eventId"":""EV-0017741"",""sourceType"":""assessment"",""influence"":0.467}]",
REC-E-0119-talent_assessment,E-0119,talent_assessment,2026-09-29T00:00:00.000Z,stagnating,knowledge_gap,0.81,0.576,ACT-0051,community: talent assessment #3,0.29,119,"[{""eventId"":""EV-0017658"",""sourceType"":""kpi"",""influence"":0.622},{""eventId"":""EV-0017700"",""sourceType"":""assessment"",""influence"":0.472},{""eventId"":""EV-0017743"",""sourceType"":""assessment"",""influence"":0.463}]",
REC-E-0119-policy_navigation,E-0119,policy_navigation,2026-09-29T00:00:00.000Z,improving,knowledge_gap,1.03,0.004,ACT-0052,mentor: policy navigation #1,0.56,119,"[{""eventId"":""EV-0017745"",""sourceType"":""assessment"",""influence"":1.337},{""eventId"":""EV-0017675"",""sourceType"":""assessment"",""influence"":0.632},{""eventId"":""EV-0017702"",""sourceType"":""assessment"",""influence"":0.526}]",
REC-E-0120-communication,E-0120,communication,2026-09-29T00:00:00.000Z,insufficient_evidence,observation_gap,-0.76,0,ACT-0001,stretch assignment: communication #1,0.52,81,"[{""eventId"":""EV-0017914"",""sourceType"":""project"",""influence"":0.52},{""eventId"":""EV-0017781"",""sourceType"":""assessment"",""influence"":0.492},{""eventId"":""EV-0017804"",""sourceType"":""manager_feedback"",""influence"":0.485}]",
REC-E-0120-execution,E-0120,execution,2026-09-29T00:00:00.000Z,declining,consistency_gap,0.36,0.361,ACT-0006,mentor: execution #3,0.72,113,"[{""eventId"":""EV-0017775"",""sourceType"":""peer_feedback"",""influence"":1.061},{""eventId"":""EV-0017809"",""sourceType"":""assessment"",""influence"":0.49},{""eventId"":""EV-0017783"",""sourceType"":""assessment"",""influence"":0.342}]",
REC-E-0121-communication,E-0121,communication,2026-09-29T00:00:00.000Z,stagnating,practice_gap,0.5,0.205,ACT-0001,stretch assignment: communication #1,0.52,81,"[{""eventId"":""EV-0017934"",""sourceType"":""manager_feedback"",""influence"":0.881},{""eventId"":""EV-0017927"",""sourceType"":""self_assessment"",""influence"":0.819},{""eventId"":""EV-0017954"",""sourceType"":""self_assessment"",""influence"":0.357}]",
REC-E-0121-execution,E-0121,execution,2026-09-29T00:00:00.000Z,declining,practice_gap,1.82,1.799,ACT-0006,mentor: execution #3,0.72,113,"[{""eventId"":""EV-0017928"",""sourceType"":""self_assessment"",""influence"":0.72},{""eventId"":""EV-0017936"",""sourceType"":""manager_feedback"",""influence"":0.524},{""eventId"":""EV-0017940"",""sourceType"":""assessment"",""influence"":0.32}]",
REC-E-0121-collaboration,E-0121,collaboration,2026-09-29T00:00:00.000Z,stagnating,practice_gap,1.26,0.8,ACT-0007,mentor: collaboration #1,0.62,170,"[{""eventId"":""EV-0017942"",""sourceType"":""assessment"",""influence"":1.09},{""eventId"":""EV-0017929"",""sourceType"":""self_assessment"",""influence"":0.758},{""eventId"":""EV-0017956"",""sourceType"":""self_assessment"",""influence"":0.353}]",
REC-E-0121-problem_solving,E-0121,problem_solving,2026-09-29T00:00:00.000Z,stagnating,practice_gap,1.37,0.988,ACT-0010,stretch assignment: problem solving #1,0.75,103,"[{""eventId"":""EV-0017987"",""sourceType"":""assessment"",""influence"":0.943},{""eventId"":""EV-0018030"",""sourceType"":""assessment"",""influence"":0.327},{""eventId"":""EV-0017930"",""sourceType"":""self_assessment"",""influence"":0.271}]",
REC-E-0121-system_design,E-0121,system_design,2026-09-29T00:00:00.000Z,insufficient_evidence,observation_gap,-0.22,0,ACT-0015,stretch assignment: system design #3,0.28,161,"[{""eventId"":""EV-0017925"",""sourceType"":""kpi"",""influence"":0.873},{""eventId"":""EV-0018004"",""sourceType"":""manager_feedback"",""influence"":0.331},{""eventId"":""EV-0017952"",""sourceType"":""kpi"",""influence"":0.321}]",
REC-E-0121-code_quality,E-0121,code_quality,2026-09-29T00:00:00.000Z,declining,practice_gap,2.11,3.801,ACT-0017,mentor: code quality #2,0.37,90,"[{""eventId"":""EV-0017932"",""sourceType"":""self_assessment"",""influence"":0.78},{""eventId"":""EV-0017991"",""sourceType"":""assessment"",""influence"":0.59},{""eventId"":""EV-0017935"",""sourceType"":""manager_feedback"",""influence"":0.448}]",
REC-E-0122-communication,E-0122,communication,2026-09-29T00:00:00.000Z,insufficient_evidence,observation_gap,0.51,0.29,ACT-0001,stretch assignment: communication #1,0.52,81,"[{""eventId"":""EV-0018096"",""sourceType"":""self_assessment"",""influence"":0.31},{""eventId"":""EV-0018098"",""sourceType"":""peer_feedback"",""influence"":0.17}]",
REC-E-0122-problem_solving,E-0122,problem_solving,2026-09-29T00:00:00.000Z,insufficient_evidence,observation_gap,-0.65,0,ACT-0010,stretch assignment: problem solving #1,0.75,103,"[{""eventId"":""EV-0018179"",""sourceType"":""manager_feedback"",""influence"":0.264},{""eventId"":""EV-0018104"",""sourceType"":""self_assessment"",""influence"":0.241},{""eventId"":""EV-0018229"",""sourceType"":""assessment"",""influence"":0.207}]",
REC-E-0122-negotiation,E-0122,negotiation,2026-09-29T00:00:00.000Z,insufficient_evidence,observation_gap,-1.42,0,ACT-0019,project: negotiation #1,0.4,165,"[{""eventId"":""EV-0018253"",""sourceType"":""certification"",""influence"":0.508},{""eventId"":""EV-0018216"",""sourceType"":""manager_feedback"",""influence"":0.409},{""eventId"":""EV-0018129"",""sourceType"":""manager_feedback"",""influence"":0.336}]",
REC-E-0123-content_quality,E-0123,content_quality,2026-09-29T00:00:00.000Z,declining,practice_gap,0.31,0.555,ACT-0028,course: content quality #1,0.73,107,"[{""eventId"":""EV-0018308"",""sourceType"":""assessment"",""influence"":1.589},{""eventId"":""EV-0018262"",""sourceType"":""self_assessment"",""influence"":1.38},{""eventId"":""EV-0018283"",""sourceType"":""self_assessment"",""influence"":0.42}]",
REC-E-0124-execution,E-0124,execution,2026-09-29T00:00:00.000Z,stagnating,practice_gap,0.49,0.286,ACT-0006,mentor: execution #3,0.72,113,"[{""eventId"":""EV-0018430"",""sourceType"":""peer_feedback"",""influence"":1.016},{""eventId"":""EV-0018557"",""sourceType"":""project"",""influence"":0.567},{""eventId"":""EV-0018497"",""sourceType"":""assessment"",""influence"":0.305}]",
REC-E-0124-collaboration,E-0124,collaboration,2026-09-29T00:00:00.000Z,insufficient_evidence,observation_gap,-0.26,0,ACT-0009,stretch assignment: collaboration #3,0.37,140,"[{""eventId"":""EV-0018413"",""sourceType"":""peer_feedback"",""influence"":1.6},{""eventId"":""EV-0018411"",""sourceType"":""self_assessment"",""influence"":1.009}]",
REC-E-0125-communication,E-0125,communication,2026-09-29T00:00:00.000Z,insufficient_evidence,observation_gap,0.43,0.115,ACT-0001,stretch assignment: communication #1,0.52,81,"[{""eventId"":""EV-0018596"",""sourceType"":""peer_feedback"",""influence"":1.117},{""eventId"":""EV-0018610"",""sourceType"":""assessment"",""influence"":0.695},{""eventId"":""EV-0018638"",""sourceType"":""assessment"",""influence"":0.535}]",
REC-E-0125-execution,E-0125,execution,2026-09-29T00:00:00.000Z,insufficient_evidence,observation_gap,0.37,0.312,ACT-0005,project: execution #2,0.23,120,"[{""eventId"":""EV-0018572"",""sourceType"":""assessment"",""influence"":1.02},{""eventId"":""EV-0018601"",""sourceType"":""kpi"",""influence"":0.265},{""eventId"":""EV-0018640"",""sourceType"":""assessment"",""influence"":0.256}]",
REC-E-0125-problem_solving,E-0125,problem_solving,2026-09-29T00:00:00.000Z,stagnating,practice_gap,0.74,0.484,ACT-0010,stretch assignment: problem solving #1,0.75,103,"[{""eventId"":""EV-0018695"",""sourceType"":""project"",""influence"":0.407},{""eventId"":""EV-0018592"",""sourceType"":""manager_feedback"",""influence"":0.405},{""eventId"":""EV-0018678"",""sourceType"":""assessment"",""influence"":0.306}]",
REC-E-0125-ux_research,E-0125,ux_research,2026-09-29T00:00:00.000Z,stagnating,practice_gap,0.87,0.863,ACT-0041,stretch assignment: ux research #2,0.78,110,"[{""eventId"":""EV-0018616"",""sourceType"":""assessment"",""influence"":0.558},{""eventId"":""EV-0018578"",""sourceType"":""assessment"",""influence"":0.387},{""eventId"":""EV-0018624"",""sourceType"":""manager_feedback"",""influence"":0.377}]",
REC-E-0126-collaboration,E-0126,collaboration,2026-09-29T00:00:00.000Z,insufficient_evidence,observation_gap,-1.02,0,ACT-0009,stretch assignment: collaboration #3,0.37,140,"[{""eventId"":""EV-0018771"",""sourceType"":""manager_feedback"",""influence"":1.726},{""eventId"":""EV-0018714"",""sourceType"":""peer_feedback"",""influence"":0.65},{""eventId"":""EV-0018759"",""sourceType"":""assessment"",""influence"":0.599}]",
REC-E-0127-execution,E-0127,execution,2026-09-29T00:00:00.000Z,improving,practice_gap,0.58,0.046,ACT-0006,mentor: execution #3,0.72,113,"[{""eventId"":""EV-0018846"",""sourceType"":""kpi"",""influence"":0.682},{""eventId"":""EV-0018851"",""sourceType"":""self_assessment"",""influence"":0.278},{""eventId"":""EV-0018937"",""sourceType"":""assessment"",""influence"":0.239}]",
REC-E-0127-collaboration,E-0127,collaboration,2026-09-29T00:00:00.000Z,stagnating,practice_gap,0.75,0.267,ACT-0007,mentor: collaboration #1,0.62,170,"[{""eventId"":""EV-0018865"",""sourceType"":""assessment"",""influence"":0.512},{""eventId"":""EV-0018900"",""sourceType"":""assessment"",""influence"":0.441},{""eventId"":""EV-0018857"",""sourceType"":""manager_feedback"",""influence"":0.385}]",
REC-E-0127-problem_solving,E-0127,problem_solving,2026-09-29T00:00:00.000Z,stagnating,knowledge_gap,0.99,0.385,ACT-0010,stretch assignment: problem solving #1,0.75,103,"[{""eventId"":""EV-0018891"",""sourceType"":""peer_feedback"",""influence"":0.548},{""eventId"":""EV-0018853"",""sourceType"":""self_assessment"",""influence"":0.268},{""eventId"":""EV-0018921"",""sourceType"":""self_assessment"",""influence"":0.253}]",
REC-E-0127-policy_navigation,E-0127,policy_navigation,2026-09-29T00:00:00.000Z,declining,practice_gap,2.71,4.874,ACT-0052,mentor: policy navigation #1,0.56,119,"[{""eventId"":""EV-0018908"",""sourceType"":""manager_feedback"",""influence"":1.267},{""eventId"":""EV-0018855"",""sourceType"":""self_assessment"",""influence"":0.8},{""eventId"":""EV-0018871"",""sourceType"":""assessment"",""influence"":0.622}]",
REC-E-0128-communication,E-0128,communication,2026-09-29T00:00:00.000Z,stagnating,practice_gap,1.45,0.795,ACT-0001,stretch assignment: communication #1,0.52,81,"[{""eventId"":""EV-0019171"",""sourceType"":""project"",""influence"":0.519},{""eventId"":""EV-0019096"",""sourceType"":""assessment"",""influence"":0.375},{""eventId"":""EV-0019158"",""sourceType"":""training"",""influence"":0.343}]",
REC-E-0128-execution,E-0128,execution,2026-09-29T00:00:00.000Z,stagnating,practice_gap,0.71,0.362,ACT-0006,mentor: execution #3,0.72,113,"[{""eventId"":""EV-0019019"",""sourceType"":""assessment"",""influence"":0.923},{""eventId"":""EV-0019010"",""sourceType"":""kpi"",""influence"":0.65},{""eventId"":""EV-0019038"",""sourceType"":""kpi"",""influence"":0.438}]",
REC-E-0128-collaboration,E-0128,collaboration,2026-09-29T00:00:00.000Z,stagnating,practice_gap,1.61,0.878,ACT-0007,mentor: collaboration #1,0.62,170,"[{""eventId"":""EV-0019021"",""sourceType"":""assessment"",""influence"":0.599},{""eventId"":""EV-0019065"",""sourceType"":""self_assessment"",""influence"":0.489},{""eventId"":""EV-0019053"",""sourceType"":""assessment"",""influence"":0.335}]",
REC-E-0128-problem_solving,E-0128,problem_solving,2026-09-29T00:00:00.000Z,insufficient_evidence,observation_gap,-0.23,0,ACT-0010,stretch assignment: problem solving #1,0.75,103,"[{""eventId"":""EV-0019170"",""sourceType"":""project"",""influence"":0.442},{""eventId"":""EV-0019015"",""sourceType"":""peer_feedback"",""influence"":0.354},{""eventId"":""EV-0019023"",""sourceType"":""assessment"",""influence"":0.125}]",
REC-E-0128-troubleshooting,E-0128,troubleshooting,2026-09-29T00:00:00.000Z,insufficient_evidence,observation_gap,0.82,0.279,ACT-0060,stretch assignment: troubleshooting #3,0.62,45,"[{""eventId"":""EV-0019014"",""sourceType"":""peer_feedback"",""influence"":1.085},{""eventId"":""EV-0019155"",""sourceType"":""training"",""influence"":0.539},{""eventId"":""EV-0019125"",""sourceType"":""manager_feedback"",""influence"":0.426}]",
REC-E-0129-collaboration,E-0129,collaboration,2026-09-29T00:00:00.000Z,insufficient_evidence,observation_gap,-0.74,0,ACT-0009,stretch assignment: collaboration #3,0.37,140,"[{""eventId"":""EV-0019320"",""sourceType"":""assessment"",""influence"":0.465},{""eventId"":""EV-0019349"",""sourceType"":""training"",""influence"":0.384},{""eventId"":""EV-0019222"",""sourceType"":""peer_feedback"",""influence"":0.353}]",
REC-E-0129-problem_solving,E-0129,problem_solving,2026-09-29T00:00:00.000Z,stagnating,application_gap,1.67,1.008,ACT-0010,stretch assignment: problem solving #1,0.75,103,"[{""eventId"":""EV-0019191"",""sourceType"":""assessment"",""influence"":0.393},{""eventId"":""EV-0019185"",""sourceType"":""peer_feedback"",""influence"":0.34},{""eventId"":""EV-0019346"",""sourceType"":""training"",""influence"":0.276}]",
REC-E-0129-system_design,E-0129,system_design,2026-09-29T00:00:00.000Z,declining,practice_gap,1.74,3.131,ACT-0014,coaching: system design #2,0.59,90,"[{""eventId"":""EV-0019355"",""sourceType"":""project"",""influence"":1.133},{""eventId"":""EV-0019175"",""sourceType"":""kpi"",""influence"":0.42},{""eventId"":""EV-0019193"",""sourceType"":""assessment"",""influence"":0.323}]",
REC-E-0130-collaboration,E-0130,collaboration,2026-09-29T00:00:00.000Z,stagnating,practice_gap,1.97,1.442,ACT-0007,mentor: collaboration #1,0.62,170,"[{""eventId"":""EV-0019371"",""sourceType"":""assessment"",""influence"":0.465},{""eventId"":""EV-0019400"",""sourceType"":""assessment"",""influence"":0.358},{""eventId"":""EV-0019424"",""sourceType"":""manager_feedback"",""influence"":0.322}]",
REC-E-0130-problem_solving,E-0130,problem_solving,2026-09-29T00:00:00.000Z,insufficient_evidence,observation_gap,-0.42,0,ACT-0010,stretch assignment: problem solving #1,0.75,103,"[{""eventId"":""EV-0019359"",""sourceType"":""peer_feedback"",""influence"":1.101},{""eventId"":""EV-0019357"",""sourceType"":""self_assessment"",""influence"":0.325}]",
REC-E-0130-negotiation,E-0130,negotiation,2026-09-29T00:00:00.000Z,insufficient_evidence,observation_gap,0.34,0.523,ACT-0019,project: negotiation #1,0.4,165,"[{""eventId"":""EV-0019365"",""sourceType"":""peer_feedback"",""influence"":1.087},{""eventId"":""EV-0019429"",""sourceType"":""peer_feedback"",""influence"":0.489},{""eventId"":""EV-0019382"",""sourceType"":""manager_feedback"",""influence"":0.381}]",
REC-E-0130-pipeline_mgmt,E-0130,pipeline_mgmt,2026-09-29T00:00:00.000Z,declining,practice_gap,0.39,0.646,ACT-0022,stretch assignment: pipeline mgmt #1,0.75,154,"[{""eventId"":""EV-0019366"",""sourceType"":""peer_feedback"",""influence"":1.738},{""eventId"":""EV-0019363"",""sourceType"":""kpi"",""influence"":0.421},{""eventId"":""EV-0019393"",""sourceType"":""manager_feedback"",""influence"":0.274}]",
REC-E-0131-execution,E-0131,execution,2026-09-29T00:00:00.000Z,stagnating,practice_gap,0.33,0.201,ACT-0006,mentor: execution #3,0.72,113,"[{""eventId"":""EV-0019513"",""sourceType"":""kpi"",""influence"":0.926},{""eventId"":""EV-0019552"",""sourceType"":""assessment"",""influence"":0.631},{""eventId"":""EV-0019516"",""sourceType"":""self_assessment"",""influence"":0.298}]",
REC-E-0131-campaign_strategy,E-0131,campaign_strategy,2026-09-29T00:00:00.000Z,insufficient_evidence,observation_gap,-0.39,0,ACT-0027,coaching: campaign strategy #3,0.71,65,"[{""eventId"":""EV-0019509"",""sourceType"":""self_assessment"",""influence"":0.328},{""eventId"":""EV-0019511"",""sourceType"":""peer_feedback"",""influence"":0.15}]",
REC-E-0132-communication,E-0132,communication,2026-09-29T00:00:00.000Z,insufficient_evidence,observation_gap,1,0.802,ACT-0001,stretch assignment: communication #1,0.52,81,"[{""eventId"":""EV-0019644"",""sourceType"":""manager_feedback"",""influence"":1.208},{""eventId"":""EV-0019647"",""sourceType"":""assessment"",""influence"":0.707},{""eventId"":""EV-0019764"",""sourceType"":""assessment"",""influence"":0.231}]",
REC-E-0132-problem_solving,E-0132,problem_solving,2026-09-29T00:00:00.000Z,stagnating,practice_gap,0.85,0.483,ACT-0010,stretch assignment: problem solving #1,0.75,103,"[{""eventId"":""EV-0019664"",""sourceType"":""self_assessment"",""influence"":0.328},{""eventId"":""EV-0019698"",""sourceType"":""assessment"",""influence"":0.308},{""eventId"":""EV-0019733"",""sourceType"":""peer_feedback"",""influence"":0.181}]",
REC-E-0133-execution,E-0133,execution,2026-09-29T00:00:00.000Z,stagnating,application_gap,0.86,0.465,ACT-0006,mentor: execution #3,0.72,113,"[{""eventId"":""EV-0019803"",""sourceType"":""self_assessment"",""influence"":0.273},{""eventId"":""EV-0019857"",""sourceType"":""assessment"",""influence"":0.242},{""eventId"":""EV-0019798"",""sourceType"":""kpi"",""influence"":0.241}]",
REC-E-0133-collaboration,E-0133,collaboration,2026-09-29T00:00:00.000Z,stagnating,application_gap,1.48,1.058,ACT-0007,mentor: collaboration #1,0.62,170,"[{""eventId"":""EV-0019822"",""sourceType"":""assessment"",""influence"":0.44},{""eventId"":""EV-0019850"",""sourceType"":""manager_feedback"",""influence"":0.387},{""eventId"":""EV-0019943"",""sourceType"":""project"",""influence"":0.372}]",
REC-E-0133-visual_craft,E-0133,visual_craft,2026-09-29T00:00:00.000Z,stagnating,practice_gap,0.39,0.371,ACT-0037,mentor: visual craft #1,0.72,171,"[{""eventId"":""EV-0019945"",""sourceType"":""project"",""influence"":0.442},{""eventId"":""EV-0019812"",""sourceType"":""peer_feedback"",""influence"":0.325},{""eventId"":""EV-0019800"",""sourceType"":""kpi"",""influence"":0.266}]",
REC-E-0133-ux_research,E-0133,ux_research,2026-09-29T00:00:00.000Z,insufficient_evidence,observation_gap,0.39,0.292,ACT-0041,stretch assignment: ux research #2,0.78,110,"[{""eventId"":""EV-0019794"",""sourceType"":""self_assessment"",""influence"":0.306},{""eventId"":""EV-0019796"",""sourceType"":""peer_feedback"",""influence"":0.127}]",
REC-E-0134-communication,E-0134,communication,2026-09-29T00:00:00.000Z,stagnating,practice_gap,1.69,0.984,ACT-0001,stretch assignment: communication #1,0.52,81,"[{""eventId"":""EV-0020076"",""sourceType"":""training"",""influence"":0.776},{""eventId"":""EV-0020089"",""sourceType"":""project"",""influence"":0.566},{""eventId"":""EV-0019956"",""sourceType"":""manager_feedback"",""influence"":0.395}]",
REC-E-0134-problem_solving,E-0134,problem_solving,2026-09-29T00:00:00.000Z,stagnating,practice_gap,1.21,0.72,ACT-0010,stretch assignment: problem solving #1,0.75,103,"[{""eventId"":""EV-0020079"",""sourceType"":""training"",""influence"":0.883},{""eventId"":""EV-0020077"",""sourceType"":""training"",""influence"":0.828},{""eventId"":""EV-0019974"",""sourceType"":""peer_feedback"",""influence"":0.475}]",
REC-E-0134-financial_modeling,E-0134,financial_modeling,2026-09-29T00:00:00.000Z,stagnating,practice_gap,0.48,0.302,ACT-0045,community: financial modeling #3,0.62,81,"[{""eventId"":""EV-0019958"",""sourceType"":""manager_feedback"",""influence"":0.409},{""eventId"":""EV-0020005"",""sourceType"":""peer_feedback"",""influence"":0.244},{""eventId"":""EV-0019966"",""sourceType"":""assessment"",""influence"":0.229}]",
REC-E-0134-compliance_rigor,E-0134,compliance_rigor,2026-09-29T00:00:00.000Z,stagnating,knowledge_gap,1.23,1.314,ACT-0046,stretch assignment: compliance rigor #1,0.58,77,"[{""eventId"":""EV-0020018"",""sourceType"":""assessment"",""influence"":0.783},{""eventId"":""EV-0019954"",""sourceType"":""self_assessment"",""influence"":0.308},{""eventId"":""EV-0020070"",""sourceType"":""peer_feedback"",""influence"":0.193}]",
REC-E-0135-communication,E-0135,communication,2026-09-29T00:00:00.000Z,improving,practice_gap,0.58,0,ACT-0001,stretch assignment: communication #1,0.52,81,"[{""eventId"":""EV-0020156"",""sourceType"":""assessment"",""influence"":1.103},{""eventId"":""EV-0020096"",""sourceType"":""self_assessment"",""influence"":0.792},{""eventId"":""EV-0020187"",""sourceType"":""assessment"",""influence"":0.355}]",
REC-E-0135-execution,E-0135,execution,2026-09-29T00:00:00.000Z,improving,knowledge_gap,1.03,0.042,ACT-0006,mentor: execution #3,0.72,113,"[{""eventId"":""EV-0020158"",""sourceType"":""assessment"",""influence"":0.463},{""eventId"":""EV-0020107"",""sourceType"":""peer_feedback"",""influence"":0.42},{""eventId"":""EV-0020153"",""sourceType"":""peer_feedback"",""influence"":0.379}]",
REC-E-0135-collaboration,E-0135,collaboration,2026-09-29T00:00:00.000Z,declining,knowledge_gap,2.48,2.294,ACT-0007,mentor: collaboration #1,0.62,170,"[{""eventId"":""EV-0020148"",""sourceType"":""self_assessment"",""influence"":1.261},{""eventId"":""EV-0020104"",""sourceType"":""peer_feedback"",""influence"":1.097},{""eventId"":""EV-0020176"",""sourceType"":""self_assessment"",""influence"":0.183}]",
REC-E-0135-problem_solving,E-0135,problem_solving,2026-09-29T00:00:00.000Z,declining,consistency_gap,2.69,2.693,ACT-0010,stretch assignment: problem solving #1,0.75,103,"[{""eventId"":""EV-0020099"",""sourceType"":""self_assessment"",""influence"":1.301},{""eventId"":""EV-0020115"",""sourceType"":""assessment"",""influence"":0.79},{""eventId"":""EV-0020106"",""sourceType"":""peer_feedback"",""influence"":0.645}]",
REC-E-0135-policy_navigation,E-0135,policy_navigation,2026-09-29T00:00:00.000Z,insufficient_evidence,observation_gap,0.38,0.129,ACT-0052,mentor: policy navigation #1,0.56,119,"[{""eventId"":""EV-0020144"",""sourceType"":""peer_feedback"",""influence"":0.361},{""eventId"":""EV-0020179"",""sourceType"":""self_assessment"",""influence"":0.276},{""eventId"":""EV-0020101"",""sourceType"":""self_assessment"",""influence"":0.267}]",
REC-E-0136-execution,E-0136,execution,2026-09-29T00:00:00.000Z,improving,practice_gap,1.37,0,ACT-0006,mentor: execution #3,0.72,113,"[{""eventId"":""EV-0020214"",""sourceType"":""self_assessment"",""influence"":0.753},{""eventId"":""EV-0020253"",""sourceType"":""assessment"",""influence"":0.432},{""eventId"":""EV-0020223"",""sourceType"":""peer_feedback"",""influence"":0.406}]",
REC-E-0136-collaboration,E-0136,collaboration,2026-09-29T00:00:00.000Z,insufficient_evidence,observation_gap,0.49,0.027,ACT-0009,stretch assignment: collaboration #3,0.37,140,"[{""eventId"":""EV-0020215"",""sourceType"":""self_assessment"",""influence"":0.733},{""eventId"":""EV-0020230"",""sourceType"":""assessment"",""influence"":0.527},{""eventId"":""EV-0020220"",""sourceType"":""peer_feedback"",""influence"":0.144}]",
REC-E-0136-problem_solving,E-0136,problem_solving,2026-09-29T00:00:00.000Z,insufficient_evidence,observation_gap,2.48,0.613,ACT-0010,stretch assignment: problem solving #1,0.75,103,"[{""eventId"":""EV-0020232"",""sourceType"":""assessment"",""influence"":0.846},{""eventId"":""EV-0020216"",""sourceType"":""self_assessment"",""influence"":0.745},{""eventId"":""EV-0020294"",""sourceType"":""self_assessment"",""influence"":0.304}]",
REC-E-0136-customer_resolution,E-0136,customer_resolution,2026-09-29T00:00:00.000Z,insufficient_evidence,observation_gap,2.01,3.201,ACT-0055,stretch assignment: customer resolution #1,0.8,73,"[{""eventId"":""EV-0020217"",""sourceType"":""self_assessment"",""influence"":0.741},{""eventId"":""EV-0020240"",""sourceType"":""kpi"",""influence"":0.316},{""eventId"":""EV-0020290"",""sourceType"":""kpi"",""influence"":0.218}]",
REC-E-0136-troubleshooting,E-0136,troubleshooting,2026-09-29T00:00:00.000Z,improving,practice_gap,1.43,0,ACT-0060,stretch assignment: troubleshooting #3,0.62,45,"[{""eventId"":""EV-0020286"",""sourceType"":""assessment"",""influence"":1.179},{""eventId"":""EV-0020236"",""sourceType"":""assessment"",""influence"":0.746},{""eventId"":""EV-0020296"",""sourceType"":""self_assessment"",""influence"":0.569}]",
REC-E-0137-execution,E-0137,execution,2026-09-29T00:00:00.000Z,declining,application_gap,0.37,0.37,ACT-0006,mentor: execution #3,0.72,113,"[{""eventId"":""EV-0020330"",""sourceType"":""manager_feedback"",""influence"":1.135},{""eventId"":""EV-0020371"",""sourceType"":""peer_feedback"",""influence"":0.365},{""eventId"":""EV-0020317"",""sourceType"":""kpi"",""influence"":0.286}]",
REC-E-0137-code_quality,E-0137,code_quality,2026-09-29T00:00:00.000Z,stagnating,knowledge_gap,0.57,0.543,ACT-0017,mentor: code quality #2,0.37,90,"[{""eventId"":""EV-0020354"",""sourceType"":""manager_feedback"",""influence"":0.845},{""eventId"":""EV-0020420"",""sourceType"":""assessment"",""influence"":0.315},{""eventId"":""EV-0020454"",""sourceType"":""assessment"",""influence"":0.308}]",
REC-E-0138-problem_solving,E-0138,problem_solving,2026-09-29T00:00:00.000Z,stagnating,practice_gap,0.3,0.187,ACT-0010,stretch assignment: problem solving #1,0.75,103,"[{""eventId"":""EV-0020537"",""sourceType"":""assessment"",""influence"":0.679},{""eventId"":""EV-0020647"",""sourceType"":""project"",""influence"":0.605},{""eventId"":""EV-0020528"",""sourceType"":""peer_feedback"",""influence"":0.371}]",
REC-E-0139-content_quality,E-0139,content_quality,2026-09-29T00:00:00.000Z,insufficient_evidence,observation_gap,-0.35,0,ACT-0028,course: content quality #1,0.73,107,"[{""eventId"":""EV-0020695"",""sourceType"":""peer_feedback"",""influence"":0.872},{""eventId"":""EV-0020783"",""sourceType"":""project"",""influence"":0.582},{""eventId"":""EV-0020720"",""sourceType"":""manager_feedback"",""influence"":0.421}]",
REC-E-0141-execution,E-0141,execution,2026-09-29T00:00:00.000Z,stagnating,practice_gap,0.42,0.214,ACT-0006,mentor: execution #3,0.72,113,"[{""eventId"":""EV-0020940"",""sourceType"":""assessment"",""influence"":0.487},{""eventId"":""EV-0020960"",""sourceType"":""manager_feedback"",""influence"":0.346},{""eventId"":""EV-0020929"",""sourceType"":""self_assessment"",""influence"":0.25}]",
REC-E-0141-collaboration,E-0141,collaboration,2026-09-29T00:00:00.000Z,insufficient_evidence,observation_gap,0.16,0.14,ACT-0009,stretch assignment: collaboration #3,0.37,140,"[{""eventId"":""EV-0021061"",""sourceType"":""project"",""influence"":0.763},{""eventId"":""EV-0020930"",""sourceType"":""self_assessment"",""influence"":0.737},{""eventId"":""EV-0020997"",""sourceType"":""manager_feedback"",""influence"":0.464}]",
REC-E-0141-ux_research,E-0141,ux_research,2026-09-29T00:00:00.000Z,insufficient_evidence,observation_gap,0.43,0.594,ACT-0041,stretch assignment: ux research #2,0.78,110,"[{""eventId"":""EV-0021014"",""sourceType"":""assessment"",""influence"":0.591},{""eventId"":""EV-0020944"",""sourceType"":""assessment"",""influence"":0.349},{""eventId"":""EV-0020933"",""sourceType"":""self_assessment"",""influence"":0.258}]",
REC-E-0142-problem_solving,E-0142,problem_solving,2026-09-29T00:00:00.000Z,insufficient_evidence,observation_gap,-0.77,0,ACT-0010,stretch assignment: problem solving #1,0.75,103,"[{""eventId"":""EV-0021217"",""sourceType"":""certification"",""influence"":1.466},{""eventId"":""EV-0021078"",""sourceType"":""assessment"",""influence"":0.417},{""eventId"":""EV-0021203"",""sourceType"":""peer_feedback"",""influence"":0.294}]",
REC-E-0142-compliance_rigor,E-0142,compliance_rigor,2026-09-29T00:00:00.000Z,insufficient_evidence,observation_gap,-0.59,0,ACT-0046,stretch assignment: compliance rigor #1,0.58,77,"[{""eventId"":""EV-0021070"",""sourceType"":""self_assessment"",""influence"":0.784},{""eventId"":""EV-0021126"",""sourceType"":""assessment"",""influence"":0.574},{""eventId"":""EV-0021166"",""sourceType"":""self_assessment"",""influence"":0.333}]",
REC-E-0143-communication,E-0143,communication,2026-09-29T00:00:00.000Z,insufficient_evidence,observation_gap,0.6,0.245,ACT-0001,stretch assignment: communication #1,0.52,81,"[{""eventId"":""EV-0021223"",""sourceType"":""self_assessment"",""influence"":0.815},{""eventId"":""EV-0021233"",""sourceType"":""assessment"",""influence"":0.706},{""eventId"":""EV-0021230"",""sourceType"":""peer_feedback"",""influence"":0.407}]",
REC-E-0143-execution,E-0143,execution,2026-09-29T00:00:00.000Z,declining,practice_gap,0.85,0.847,ACT-0006,mentor: execution #3,0.72,113,"[{""eventId"":""EV-0021224"",""sourceType"":""self_assessment"",""influence"":0.814},{""eventId"":""EV-0021219"",""sourceType"":""kpi"",""influence"":0.586},{""eventId"":""EV-0021253"",""sourceType"":""kpi"",""influence"":0.463}]",
REC-E-0143-collaboration,E-0143,collaboration,2026-09-29T00:00:00.000Z,insufficient_evidence,observation_gap,0.09,0.021,ACT-0009,stretch assignment: collaboration #3,0.37,140,"[{""eventId"":""EV-0021225"",""sourceType"":""self_assessment"",""influence"":0.811},{""eventId"":""EV-0021315"",""sourceType"":""assessment"",""influence"":0.584},{""eventId"":""EV-0021274"",""sourceType"":""manager_feedback"",""influence"":0.547}]",
REC-E-0143-problem_solving,E-0143,problem_solving,2026-09-29T00:00:00.000Z,stagnating,practice_gap,0.69,0.441,ACT-0010,stretch assignment: problem solving #1,0.75,103,"[{""eventId"":""EV-0021273"",""sourceType"":""manager_feedback"",""influence"":0.308},{""eventId"":""EV-0021237"",""sourceType"":""assessment"",""influence"":0.276},{""eventId"":""EV-0021260"",""sourceType"":""assessment"",""influence"":0.263}]",
REC-E-0143-talent_assessment,E-0143,talent_assessment,2026-09-29T00:00:00.000Z,stagnating,practice_gap,0.68,0.585,ACT-0051,community: talent assessment #3,0.29,119,"[{""eventId"":""EV-0021227"",""sourceType"":""self_assessment"",""influence"":0.773},{""eventId"":""EV-0021266"",""sourceType"":""kpi"",""influence"":0.397},{""eventId"":""EV-0021221"",""sourceType"":""kpi"",""influence"":0.386}]",
REC-E-0143-policy_navigation,E-0143,policy_navigation,2026-09-29T00:00:00.000Z,insufficient_evidence,observation_gap,0.89,1.11,ACT-0052,mentor: policy navigation #1,0.56,119,"[{""eventId"":""EV-0021344"",""sourceType"":""project"",""influence"":1.567},{""eventId"":""EV-0021264"",""sourceType"":""assessment"",""influence"":1.146},{""eventId"":""EV-0021241"",""sourceType"":""assessment"",""influence"":0.329}]",
REC-E-0144-communication,E-0144,communication,2026-09-29T00:00:00.000Z,insufficient_evidence,observation_gap,-0.79,0,ACT-0001,stretch assignment: communication #1,0.52,81,"[{""eventId"":""EV-0021361"",""sourceType"":""assessment"",""influence"":0.679},{""eventId"":""EV-0021373"",""sourceType"":""self_assessment"",""influence"":0.422},{""eventId"":""EV-0021358"",""sourceType"":""peer_feedback"",""influence"":0.316}]",
REC-E-0144-collaboration,E-0144,collaboration,2026-09-29T00:00:00.000Z,insufficient_evidence,observation_gap,-0.03,0,ACT-0009,stretch assignment: collaboration #3,0.37,140,"[{""eventId"":""EV-0021353"",""sourceType"":""manager_feedback"",""influence"":1.171},{""eventId"":""EV-0021415"",""sourceType"":""assessment"",""influence"":0.879},{""eventId"":""EV-0021365"",""sourceType"":""assessment"",""influence"":0.743}]",
REC-E-0144-problem_solving,E-0144,problem_solving,2026-09-29T00:00:00.000Z,stagnating,knowledge_gap,1.18,0.69,ACT-0010,stretch assignment: problem solving #1,0.75,103,"[{""eventId"":""EV-0021367"",""sourceType"":""assessment"",""influence"":0.608},{""eventId"":""EV-0021352"",""sourceType"":""manager_feedback"",""influence"":0.398},{""eventId"":""EV-0021492"",""sourceType"":""assessment"",""influence"":0.302}]",
REC-E-0144-customer_resolution,E-0144,customer_resolution,2026-09-29T00:00:00.000Z,stagnating,practice_gap,1.1,1.121,ACT-0055,stretch assignment: customer resolution #1,0.8,73,"[{""eventId"":""EV-0021349"",""sourceType"":""kpi"",""influence"":0.892},{""eventId"":""EV-0021402"",""sourceType"":""manager_feedback"",""influence"":0.51},{""eventId"":""EV-0021465"",""sourceType"":""assessment"",""influence"":0.366}]",
REC-E-0145-collaboration,E-0145,collaboration,2026-09-29T00:00:00.000Z,stagnating,practice_gap,1.19,0.691,ACT-0007,mentor: collaboration #1,0.62,170,"[{""eventId"":""EV-0021528"",""sourceType"":""self_assessment"",""influence"":0.27},{""eventId"":""EV-0021544"",""sourceType"":""assessment"",""influence"":0.222},{""eventId"":""EV-0021673"",""sourceType"":""peer_feedback"",""influence"":0.195}]",
REC-E-0145-code_quality,E-0145,code_quality,2026-09-29T00:00:00.000Z,stagnating,knowledge_gap,0.88,0.79,ACT-0017,mentor: code quality #2,0.37,90,"[{""eventId"":""EV-0021531"",""sourceType"":""self_assessment"",""influence"":0.734},{""eventId"":""EV-0021609"",""sourceType"":""manager_feedback"",""influence"":0.326},{""eventId"":""EV-0021683"",""sourceType"":""assessment"",""influence"":0.315}]",
REC-E-0146-execution,E-0146,execution,2026-09-29T00:00:00.000Z,stagnating,practice_gap,0.43,0.244,ACT-0006,mentor: execution #3,0.72,113,"[{""eventId"":""EV-0021879"",""sourceType"":""training"",""influence"":0.451},{""eventId"":""EV-0021886"",""sourceType"":""project"",""influence"":0.369},{""eventId"":""EV-0021729"",""sourceType"":""assessment"",""influence"":0.36}]",
REC-E-0146-collaboration,E-0146,collaboration,2026-09-29T00:00:00.000Z,insufficient_evidence,observation_gap,0.67,0.147,ACT-0009,stretch assignment: collaboration #3,0.37,140,"[{""eventId"":""EV-0021712"",""sourceType"":""self_assessment"",""influence"":0.771},{""eventId"":""EV-0021731"",""sourceType"":""assessment"",""influence"":0.568},{""eventId"":""EV-0021806"",""sourceType"":""assessment"",""influence"":0.487}]",
REC-E-0146-problem_solving,E-0146,problem_solving,2026-09-29T00:00:00.000Z,declining,application_gap,1.32,1.319,ACT-0010,stretch assignment: problem solving #1,0.75,103,"[{""eventId"":""EV-0021713"",""sourceType"":""self_assessment"",""influence"":0.799},{""eventId"":""EV-0021769"",""sourceType"":""assessment"",""influence"":0.623},{""eventId"":""EV-0021724"",""sourceType"":""peer_feedback"",""influence"":0.378}]",
REC-E-0146-pipeline_mgmt,E-0146,pipeline_mgmt,2026-09-29T00:00:00.000Z,stagnating,practice_gap,0.78,0.663,ACT-0022,stretch assignment: pipeline mgmt #1,0.75,154,"[{""eventId"":""EV-0021708"",""sourceType"":""kpi"",""influence"":1.095},{""eventId"":""EV-0021880"",""sourceType"":""training"",""influence"":0.895},{""eventId"":""EV-0021810"",""sourceType"":""assessment"",""influence"":0.732}]",
REC-E-0147-problem_solving,E-0147,problem_solving,2026-09-29T00:00:00.000Z,insufficient_evidence,observation_gap,-1.46,0,ACT-0010,stretch assignment: problem solving #1,0.75,103,"[{""eventId"":""EV-0022026"",""sourceType"":""certification"",""influence"":1.486},{""eventId"":""EV-0021916"",""sourceType"":""self_assessment"",""influence"":0.885},{""eventId"":""EV-0021976"",""sourceType"":""assessment"",""influence"":0.719}]",
REC-E-0148-collaboration,E-0148,collaboration,2026-09-29T00:00:00.000Z,stagnating,practice_gap,0.67,0.272,ACT-0007,mentor: collaboration #1,0.62,170,"[{""eventId"":""EV-0022038"",""sourceType"":""assessment"",""influence"":0.799},{""eventId"":""EV-0022065"",""sourceType"":""assessment"",""influence"":0.445},{""eventId"":""EV-0022099"",""sourceType"":""assessment"",""influence"":0.384}]",
REC-E-0148-problem_solving,E-0148,problem_solving,2026-09-29T00:00:00.000Z,insufficient_evidence,observation_gap,2,1.456,ACT-0010,stretch assignment: problem solving #1,0.75,103,"[{""eventId"":""EV-0022040"",""sourceType"":""assessment"",""influence"":1.078},{""eventId"":""EV-0022142"",""sourceType"":""assessment"",""influence"":0.407},{""eventId"":""EV-0022101"",""sourceType"":""assessment"",""influence"":0.278}]",
REC-E-0149-collaboration,E-0149,collaboration,2026-09-29T00:00:00.000Z,insufficient_evidence,observation_gap,-1.33,0,ACT-0009,stretch assignment: collaboration #3,0.37,140,"[{""eventId"":""EV-0022184"",""sourceType"":""peer_feedback"",""influence"":0.979},{""eventId"":""EV-0022304"",""sourceType"":""assessment"",""influence"":0.503},{""eventId"":""EV-0022188"",""sourceType"":""assessment"",""influence"":0.485}]",
REC-E-0150-execution,E-0150,execution,2026-09-29T00:00:00.000Z,declining,application_gap,1.36,1.364,ACT-0006,mentor: execution #3,0.72,113,"[{""eventId"":""EV-0022338"",""sourceType"":""manager_feedback"",""influence"":1.177},{""eventId"":""EV-0022357"",""sourceType"":""kpi"",""influence"":0.524},{""eventId"":""EV-0022343"",""sourceType"":""assessment"",""influence"":0.274}]",
REC-E-0150-collaboration,E-0150,collaboration,2026-09-29T00:00:00.000Z,stagnating,knowledge_gap,0.8,0.356,ACT-0007,mentor: collaboration #1,0.62,170,"[{""eventId"":""EV-0022337"",""sourceType"":""manager_feedback"",""influence"":1.183},{""eventId"":""EV-0022379"",""sourceType"":""assessment"",""influence"":0.472},{""eventId"":""EV-0022355"",""sourceType"":""manager_feedback"",""influence"":0.274}]",
REC-E-0150-problem_solving,E-0150,problem_solving,2026-09-29T00:00:00.000Z,stagnating,application_gap,0.77,0.461,ACT-0010,stretch assignment: problem solving #1,0.75,103,"[{""eventId"":""EV-0022347"",""sourceType"":""assessment"",""influence"":0.36},{""eventId"":""EV-0022456"",""sourceType"":""manager_feedback"",""influence"":0.327},{""eventId"":""EV-0022485"",""sourceType"":""training"",""influence"":0.271}]",
REC-E-0151-collaboration,E-0151,collaboration,2026-09-29T00:00:00.000Z,stagnating,practice_gap,1.02,0.655,ACT-0007,mentor: collaboration #1,0.62,170,"[{""eventId"":""EV-0022501"",""sourceType"":""peer_feedback"",""influence"":0.327},{""eventId"":""EV-0022534"",""sourceType"":""assessment"",""influence"":0.314},{""eventId"":""EV-0022562"",""sourceType"":""manager_feedback"",""influence"":0.269}]",
REC-E-0151-problem_solving,E-0151,problem_solving,2026-09-29T00:00:00.000Z,stagnating,practice_gap,0.68,0.351,ACT-0010,stretch assignment: problem solving #1,0.75,103,"[{""eventId"":""EV-0022496"",""sourceType"":""manager_feedback"",""influence"":0.593},{""eventId"":""EV-0022621"",""sourceType"":""assessment"",""influence"":0.563},{""eventId"":""EV-0022504"",""sourceType"":""peer_feedback"",""influence"":0.375}]",
REC-E-0151-policy_navigation,E-0151,policy_navigation,2026-09-29T00:00:00.000Z,stagnating,practice_gap,0.94,0.94,ACT-0052,mentor: policy navigation #1,0.56,119,"[{""eventId"":""EV-0022538"",""sourceType"":""assessment"",""influence"":0.492},{""eventId"":""EV-0022643"",""sourceType"":""project"",""influence"":0.428},{""eventId"":""EV-0022498"",""sourceType"":""manager_feedback"",""influence"":0.41}]",
REC-E-0152-execution,E-0152,execution,2026-09-29T00:00:00.000Z,stagnating,practice_gap,0.45,0.213,ACT-0006,mentor: execution #3,0.72,113,"[{""eventId"":""EV-0022648"",""sourceType"":""kpi"",""influence"":1.242},{""eventId"":""EV-0022660"",""sourceType"":""assessment"",""influence"":0.61},{""eventId"":""EV-0022691"",""sourceType"":""assessment"",""influence"":0.478}]",
REC-E-0152-problem_solving,E-0152,problem_solving,2026-09-29T00:00:00.000Z,insufficient_evidence,observation_gap,0.21,0.078,ACT-0010,stretch assignment: problem solving #1,0.75,103,"[{""eventId"":""EV-0022653"",""sourceType"":""peer_feedback"",""influence"":0.348},{""eventId"":""EV-0022662"",""sourceType"":""assessment"",""influence"":0.277},{""eventId"":""EV-0022779"",""sourceType"":""project"",""influence"":0.131}]",
REC-E-0152-customer_resolution,E-0152,customer_resolution,2026-09-29T00:00:00.000Z,declining,practice_gap,1.53,2.751,ACT-0055,stretch assignment: customer resolution #1,0.8,73,"[{""eventId"":""EV-0022655"",""sourceType"":""peer_feedback"",""influence"":1.053},{""eventId"":""EV-0022664"",""sourceType"":""assessment"",""influence"":0.448},{""eventId"":""EV-0022776"",""sourceType"":""training"",""influence"":0.384}]",
REC-E-0152-troubleshooting,E-0152,troubleshooting,2026-09-29T00:00:00.000Z,stagnating,practice_gap,1.62,1.872,ACT-0060,stretch assignment: troubleshooting #3,0.62,45,"[{""eventId"":""EV-0022666"",""sourceType"":""assessment"",""influence"":0.928},{""eventId"":""EV-0022773"",""sourceType"":""training"",""influence"":0.894},{""eventId"":""EV-0022719"",""sourceType"":""assessment"",""influence"":0.274}]",
REC-E-0153-communication,E-0153,communication,2026-09-29T00:00:00.000Z,insufficient_evidence,observation_gap,-1.85,0,ACT-0001,stretch assignment: communication #1,0.52,81,"[{""eventId"":""EV-0022836"",""sourceType"":""assessment"",""influence"":0.63},{""eventId"":""EV-0022861"",""sourceType"":""assessment"",""influence"":0.582},{""eventId"":""EV-0022804"",""sourceType"":""assessment"",""influence"":0.578}]",
REC-E-0153-execution,E-0153,execution,2026-09-29T00:00:00.000Z,stagnating,practice_gap,0.61,0.415,ACT-0006,mentor: execution #3,0.72,113,"[{""eventId"":""EV-0022863"",""sourceType"":""assessment"",""influence"":0.641},{""eventId"":""EV-0022838"",""sourceType"":""assessment"",""influence"":0.563},{""eventId"":""EV-0022800"",""sourceType"":""manager_feedback"",""influence"":0.382}]",
REC-E-0153-collaboration,E-0153,collaboration,2026-09-29T00:00:00.000Z,stagnating,practice_gap,0.33,0.186,ACT-0007,mentor: collaboration #1,0.62,170,"[{""eventId"":""EV-0022808"",""sourceType"":""assessment"",""influence"":0.851},{""eventId"":""EV-0022889"",""sourceType"":""assessment"",""influence"":0.485},{""eventId"":""EV-0022840"",""sourceType"":""assessment"",""influence"":0.422}]",
REC-E-0154-communication,E-0154,communication,2026-09-29T00:00:00.000Z,stagnating,knowledge_gap,0.52,0.34,ACT-0001,stretch assignment: communication #1,0.52,81,"[{""eventId"":""EV-0022932"",""sourceType"":""peer_feedback"",""influence"":0.348},{""eventId"":""EV-0023018"",""sourceType"":""assessment"",""influence"":0.34},{""eventId"":""EV-0022963"",""sourceType"":""self_assessment"",""influence"":0.254}]",
REC-E-0154-execution,E-0154,execution,2026-09-29T00:00:00.000Z,stagnating,practice_gap,0.65,0.414,ACT-0006,mentor: execution #3,0.72,113,"[{""eventId"":""EV-0022985"",""sourceType"":""kpi"",""influence"":0.593},{""eventId"":""EV-0022933"",""sourceType"":""peer_feedback"",""influence"":0.359},{""eventId"":""EV-0023076"",""sourceType"":""training"",""influence"":0.273}]",
REC-E-0155-execution,E-0155,execution,2026-09-29T00:00:00.000Z,stagnating,practice_gap,0.94,0.446,ACT-0006,mentor: execution #3,0.72,113,"[{""eventId"":""EV-0023097"",""sourceType"":""kpi"",""influence"":1.158},{""eventId"":""EV-0023195"",""sourceType"":""training"",""influence"":0.506},{""eventId"":""EV-0023193"",""sourceType"":""training"",""influence"":0.332}]",
REC-E-0155-problem_solving,E-0155,problem_solving,2026-09-29T00:00:00.000Z,insufficient_evidence,observation_gap,0.07,0.064,ACT-0010,stretch assignment: problem solving #1,0.75,103,"[{""eventId"":""EV-0023162"",""sourceType"":""manager_feedback"",""influence"":1.143},{""eventId"":""EV-0023124"",""sourceType"":""self_assessment"",""influence"":1.038},{""eventId"":""EV-0023159"",""sourceType"":""assessment"",""influence"":0.871}]",
REC-E-0155-campaign_strategy,E-0155,campaign_strategy,2026-09-29T00:00:00.000Z,insufficient_evidence,observation_gap,-0.41,0,ACT-0027,coaching: campaign strategy #3,0.71,65,"[{""eventId"":""EV-0023095"",""sourceType"":""peer_feedback"",""influence"":1.112},{""eventId"":""EV-0023093"",""sourceType"":""self_assessment"",""influence"":0.331}]",
REC-E-0155-content_quality,E-0155,content_quality,2026-09-29T00:00:00.000Z,insufficient_evidence,observation_gap,-1.56,0,ACT-0028,course: content quality #1,0.73,107,"[{""eventId"":""EV-0023200"",""sourceType"":""project"",""influence"":1.979},{""eventId"":""EV-0023110"",""sourceType"":""manager_feedback"",""influence"":0.418},{""eventId"":""EV-0023117"",""sourceType"":""peer_feedback"",""influence"":0.275}]",
REC-E-0156-communication,E-0156,communication,2026-09-29T00:00:00.000Z,stagnating,practice_gap,0.95,0.539,ACT-0001,stretch assignment: communication #1,0.52,81,"[{""eventId"":""EV-0023217"",""sourceType"":""manager_feedback"",""influence"":0.72},{""eventId"":""EV-0023210"",""sourceType"":""self_assessment"",""influence"":0.291},{""eventId"":""EV-0023314"",""sourceType"":""manager_feedback"",""influence"":0.25}]",
REC-E-0156-execution,E-0156,execution,2026-09-29T00:00:00.000Z,insufficient_evidence,observation_gap,0.51,0.296,ACT-0005,project: execution #2,0.23,120,"[{""eventId"":""EV-0023204"",""sourceType"":""self_assessment"",""influence"":0.312},{""eventId"":""EV-0023206"",""sourceType"":""peer_feedback"",""influence"":0.165}]",
REC-E-0156-problem_solving,E-0156,problem_solving,2026-09-29T00:00:00.000Z,stagnating,practice_gap,1.29,0.788,ACT-0010,stretch assignment: problem solving #1,0.75,103,"[{""eventId"":""EV-0023230"",""sourceType"":""assessment"",""influence"":0.524},{""eventId"":""EV-0023267"",""sourceType"":""assessment"",""influence"":0.472},{""eventId"":""EV-0023212"",""sourceType"":""self_assessment"",""influence"":0.27}]",
REC-E-0157-collaboration,E-0157,collaboration,2026-09-29T00:00:00.000Z,insufficient_evidence,observation_gap,0.93,0.558,ACT-0009,stretch assignment: collaboration #3,0.37,140,"[{""eventId"":""EV-0023359"",""sourceType"":""peer_feedback"",""influence"":1.068},{""eventId"":""EV-0023356"",""sourceType"":""manager_feedback"",""influence"":0.274},{""eventId"":""EV-0023385"",""sourceType"":""assessment"",""influence"":0.262}]",
REC-E-0157-problem_solving,E-0157,problem_solving,2026-09-29T00:00:00.000Z,stagnating,practice_gap,1.11,0.67,ACT-0010,stretch assignment: problem solving #1,0.75,103,"[{""eventId"":""EV-0023452"",""sourceType"":""project"",""influence"":0.505},{""eventId"":""EV-0023374"",""sourceType"":""manager_feedback"",""influence"":0.445},{""eventId"":""EV-0023424"",""sourceType"":""manager_feedback"",""influence"":0.366}]",
REC-E-0157-visual_craft,E-0157,visual_craft,2026-09-29T00:00:00.000Z,insufficient_evidence,observation_gap,0.51,0.533,ACT-0039,stretch assignment: visual craft #3,0.58,135,"[{""eventId"":""EV-0023348"",""sourceType"":""self_assessment"",""influence"":0.332},{""eventId"":""EV-0023350"",""sourceType"":""peer_feedback"",""influence"":0.222}]",
REC-E-0158-collaboration,E-0158,collaboration,2026-09-29T00:00:00.000Z,stagnating,practice_gap,0.4,0.223,ACT-0007,mentor: collaboration #1,0.62,170,"[{""eventId"":""EV-0023461"",""sourceType"":""peer_feedback"",""influence"":1.07},{""eventId"":""EV-0023490"",""sourceType"":""self_assessment"",""influence"":0.577},{""eventId"":""EV-0023561"",""sourceType"":""assessment"",""influence"":0.448}]",
REC-E-0158-problem_solving,E-0158,problem_solving,2026-09-29T00:00:00.000Z,stagnating,knowledge_gap,0.32,0.184,ACT-0010,stretch assignment: problem solving #1,0.75,103,"[{""eventId"":""EV-0023465"",""sourceType"":""assessment"",""influence"":1.036},{""eventId"":""EV-0023518"",""sourceType"":""manager_feedback"",""influence"":0.6},{""eventId"":""EV-0023563"",""sourceType"":""assessment"",""influence"":0.256}]",
REC-E-0158-financial_modeling,E-0158,financial_modeling,2026-09-29T00:00:00.000Z,insufficient_evidence,observation_gap,-0.43,0,ACT-0043,project: financial modeling #1,0.45,104,"[{""eventId"":""EV-0023458"",""sourceType"":""kpi"",""influence"":1.117},{""eventId"":""EV-0023467"",""sourceType"":""assessment"",""influence"":0.327},{""eventId"":""EV-0023482"",""sourceType"":""manager_feedback"",""influence"":0.283}]",
REC-E-0159-communication,E-0159,communication,2026-09-29T00:00:00.000Z,insufficient_evidence,observation_gap,-1.74,0,ACT-0001,stretch assignment: communication #1,0.52,81,"[{""eventId"":""EV-0023615"",""sourceType"":""self_assessment"",""influence"":0.309},{""eventId"":""EV-0023656"",""sourceType"":""manager_feedback"",""influence"":0.278},{""eventId"":""EV-0023708"",""sourceType"":""assessment"",""influence"":0.24}]",
REC-E-0160-communication,E-0160,communication,2026-09-29T00:00:00.000Z,stagnating,practice_gap,0.56,0.314,ACT-0001,stretch assignment: communication #1,0.52,81,"[{""eventId"":""EV-0023765"",""sourceType"":""peer_feedback"",""influence"":0.355},{""eventId"":""EV-0023829"",""sourceType"":""manager_feedback"",""influence"":0.26},{""eventId"":""EV-0023816"",""sourceType"":""peer_feedback"",""influence"":0.258}]",
REC-E-0160-collaboration,E-0160,collaboration,2026-09-29T00:00:00.000Z,stagnating,practice_gap,0.52,0.198,ACT-0007,mentor: collaboration #1,0.62,170,"[{""eventId"":""EV-0023762"",""sourceType"":""peer_feedback"",""influence"":0.992},{""eventId"":""EV-0023788"",""sourceType"":""manager_feedback"",""influence"":0.595},{""eventId"":""EV-0023866"",""sourceType"":""assessment"",""influence"":0.513}]",
REC-E-0160-problem_solving,E-0160,problem_solving,2026-09-29T00:00:00.000Z,insufficient_evidence,observation_gap,0.52,0.301,ACT-0010,stretch assignment: problem solving #1,0.75,103,"[{""eventId"":""EV-0023749"",""sourceType"":""self_assessment"",""influence"":0.325},{""eventId"":""EV-0023751"",""sourceType"":""peer_feedback"",""influence"":0.189}]",
REC-E-0160-customer_resolution,E-0160,customer_resolution,2026-09-29T00:00:00.000Z,stagnating,practice_gap,1.03,0.933,ACT-0055,stretch assignment: customer resolution #1,0.8,73,"[{""eventId"":""EV-0023755"",""sourceType"":""kpi"",""influence"":0.719},{""eventId"":""EV-0023783"",""sourceType"":""manager_feedback"",""influence"":0.392},{""eventId"":""EV-0023801"",""sourceType"":""assessment"",""influence"":0.374}]",
REC-E-0160-troubleshooting,E-0160,troubleshooting,2026-09-29T00:00:00.000Z,stagnating,practice_gap,0.84,0.905,ACT-0060,stretch assignment: troubleshooting #3,0.62,45,"[{""eventId"":""EV-0023775"",""sourceType"":""assessment"",""influence"":0.765},{""eventId"":""EV-0023759"",""sourceType"":""manager_feedback"",""influence"":0.642},{""eventId"":""EV-0023851"",""sourceType"":""peer_feedback"",""influence"":0.436}]",
REC-E-0161-problem_solving,E-0161,problem_solving,2026-09-29T00:00:00.000Z,stagnating,application_gap,0.41,0.253,ACT-0010,stretch assignment: problem solving #1,0.75,103,"[{""eventId"":""EV-0023899"",""sourceType"":""manager_feedback"",""influence"":1.198},{""eventId"":""EV-0023971"",""sourceType"":""assessment"",""influence"":0.904},{""eventId"":""EV-0023936"",""sourceType"":""assessment"",""influence"":0.661}]",
REC-E-0162-execution,E-0162,execution,2026-09-29T00:00:00.000Z,declining,practice_gap,0.58,0.576,ACT-0006,mentor: execution #3,0.72,113,"[{""eventId"":""EV-0024019"",""sourceType"":""self_assessment"",""influence"":0.854},{""eventId"":""EV-0024131"",""sourceType"":""project"",""influence"":0.518},{""eventId"":""EV-0024086"",""sourceType"":""assessment"",""influence"":0.504}]",
REC-E-0162-collaboration,E-0162,collaboration,2026-09-29T00:00:00.000Z,stagnating,practice_gap,1.24,0.67,ACT-0007,mentor: collaboration #1,0.62,170,"[{""eventId"":""EV-0024020"",""sourceType"":""self_assessment"",""influence"":0.874},{""eventId"":""EV-0024056"",""sourceType"":""assessment"",""influence"":0.626},{""eventId"":""EV-0024127"",""sourceType"":""project"",""influence"":0.34}]",
REC-E-0162-problem_solving,E-0162,problem_solving,2026-09-29T00:00:00.000Z,stagnating,application_gap,0.59,0.311,ACT-0010,stretch assignment: problem solving #1,0.75,103,"[{""eventId"":""EV-0024124"",""sourceType"":""training"",""influence"":0.731},{""eventId"":""EV-0024113"",""sourceType"":""assessment"",""influence"":0.467},{""eventId"":""EV-0024058"",""sourceType"":""assessment"",""influence"":0.348}]",
REC-E-0162-negotiation,E-0162,negotiation,2026-09-29T00:00:00.000Z,stagnating,knowledge_gap,0.81,0.757,ACT-0019,project: negotiation #1,0.4,165,"[{""eventId"":""EV-0024060"",""sourceType"":""assessment"",""influence"":0.517},{""eventId"":""EV-0024022"",""sourceType"":""self_assessment"",""influence"":0.456},{""eventId"":""EV-0024033"",""sourceType"":""peer_feedback"",""influence"":0.331}]",
REC-E-0162-pipeline_mgmt,E-0162,pipeline_mgmt,2026-09-29T00:00:00.000Z,insufficient_evidence,observation_gap,-0.45,0,ACT-0022,stretch assignment: pipeline mgmt #1,0.75,154,"[{""eventId"":""EV-0024016"",""sourceType"":""kpi"",""influence"":0.346},{""eventId"":""EV-0024023"",""sourceType"":""self_assessment"",""influence"":0.286},{""eventId"":""EV-0024123"",""sourceType"":""training"",""influence"":0.283}]",
REC-E-0163-campaign_strategy,E-0163,campaign_strategy,2026-09-29T00:00:00.000Z,stagnating,practice_gap,0.4,0.432,ACT-0027,coaching: campaign strategy #3,0.71,65,"[{""eventId"":""EV-0024294"",""sourceType"":""project"",""influence"":0.702},{""eventId"":""EV-0024181"",""sourceType"":""kpi"",""influence"":0.634},{""eventId"":""EV-0024171"",""sourceType"":""manager_feedback"",""influence"":0.329}]",
REC-E-0164-communication,E-0164,communication,2026-09-29T00:00:00.000Z,declining,practice_gap,2.32,2.182,ACT-0001,stretch assignment: communication #1,0.52,81,"[{""eventId"":""EV-0024307"",""sourceType"":""peer_feedback"",""influence"":1.101},{""eventId"":""EV-0024358"",""sourceType"":""peer_feedback"",""influence"":0.947},{""eventId"":""EV-0024327"",""sourceType"":""peer_feedback"",""influence"":0.364}]",
REC-E-0164-execution,E-0164,execution,2026-09-29T00:00:00.000Z,declining,practice_gap,2.85,2.848,ACT-0006,mentor: execution #3,0.72,113,"[{""eventId"":""EV-0024318"",""sourceType"":""self_assessment"",""influence"":0.914},{""eventId"":""EV-0024386"",""sourceType"":""peer_feedback"",""influence"":0.543},{""eventId"":""EV-0024328"",""sourceType"":""peer_feedback"",""influence"":0.366}]",
REC-E-0164-collaboration,E-0164,collaboration,2026-09-29T00:00:00.000Z,declining,consistency_gap,2.24,2.181,ACT-0007,mentor: collaboration #1,0.62,170,"[{""eventId"":""EV-0024341"",""sourceType"":""assessment"",""influence"":1.097},{""eventId"":""EV-0024324"",""sourceType"":""peer_feedback"",""influence"":1.023},{""eventId"":""EV-0024319"",""sourceType"":""self_assessment"",""influence"":0.861}]",
REC-E-0164-problem_solving,E-0164,problem_solving,2026-09-29T00:00:00.000Z,improving,practice_gap,0.96,0,ACT-0010,stretch assignment: problem solving #1,0.75,103,"[{""eventId"":""EV-0024306"",""sourceType"":""peer_feedback"",""influence"":1.072},{""eventId"":""EV-0024425"",""sourceType"":""project"",""influence"":0.672},{""eventId"":""EV-0024402"",""sourceType"":""assessment"",""influence"":0.601}]",
REC-E-0164-roadmap_prioritization,E-0164,roadmap_prioritization,2026-09-29T00:00:00.000Z,improving,practice_gap,1.22,0.209,ACT-0032,stretch assignment: roadmap prioritization #2,0.77,54,"[{""eventId"":""EV-0024304"",""sourceType"":""kpi"",""influence"":1.042},{""eventId"":""EV-0024356"",""sourceType"":""kpi"",""influence"":0.318},{""eventId"":""EV-0024336"",""sourceType"":""self_assessment"",""influence"":0.317}]",
REC-E-0164-stakeholder_alignment,E-0164,stakeholder_alignment,2026-09-29T00:00:00.000Z,insufficient_evidence,observation_gap,0.26,0.086,ACT-0034,stretch assignment: stakeholder alignment #1,0.68,119,"[{""eventId"":""EV-0024369"",""sourceType"":""assessment"",""influence"":0.477},{""eventId"":""EV-0024354"",""sourceType"":""self_assessment"",""influence"":0.38},{""eventId"":""EV-0024395"",""sourceType"":""peer_feedback"",""influence"":0.283}]",
REC-E-0165-problem_solving,E-0165,problem_solving,2026-09-29T00:00:00.000Z,insufficient_evidence,observation_gap,-0.96,0,ACT-0010,stretch assignment: problem solving #1,0.75,103,"[{""eventId"":""EV-0024436"",""sourceType"":""peer_feedback"",""influence"":0.955},{""eventId"":""EV-0024543"",""sourceType"":""manager_feedback"",""influence"":0.548},{""eventId"":""EV-0024473"",""sourceType"":""self_assessment"",""influence"":0.327}]",
REC-E-0166-problem_solving,E-0166,problem_solving,2026-09-29T00:00:00.000Z,stagnating,practice_gap,1.41,0.957,ACT-0010,stretch assignment: problem solving #1,0.75,103,"[{""eventId"":""EV-0024588"",""sourceType"":""self_assessment"",""influence"":0.376},{""eventId"":""EV-0024593"",""sourceType"":""peer_feedback"",""influence"":0.347},{""eventId"":""EV-0024689"",""sourceType"":""assessment"",""influence"":0.232}]",
REC-E-0166-financial_modeling,E-0166,financial_modeling,2026-09-29T00:00:00.000Z,insufficient_evidence,observation_gap,-0.06,0,ACT-0043,project: financial modeling #1,0.45,104,"[{""eventId"":""EV-0024589"",""sourceType"":""self_assessment"",""influence"":0.283},{""eventId"":""EV-0024607"",""sourceType"":""kpi"",""influence"":0.194},{""eventId"":""EV-0024709"",""sourceType"":""project"",""influence"":0.143}]",
REC-E-0166-compliance_rigor,E-0166,compliance_rigor,2026-09-29T00:00:00.000Z,stagnating,practice_gap,0.48,0.287,ACT-0046,stretch assignment: compliance rigor #1,0.58,77,"[{""eventId"":""EV-0024592"",""sourceType"":""peer_feedback"",""influence"":1.124},{""eventId"":""EV-0024707"",""sourceType"":""project"",""influence"":0.528},{""eventId"":""EV-0024638"",""sourceType"":""manager_feedback"",""influence"":0.39}]",
REC-E-0167-execution,E-0167,execution,2026-09-29T00:00:00.000Z,insufficient_evidence,observation_gap,-0.39,0,ACT-0005,project: execution #2,0.23,120,"[{""eventId"":""EV-0024717"",""sourceType"":""self_assessment"",""influence"":0.31},{""eventId"":""EV-0024719"",""sourceType"":""peer_feedback"",""influence"":0.166}]",
REC-E-0167-talent_assessment,E-0167,talent_assessment,2026-09-29T00:00:00.000Z,stagnating,practice_gap,0.88,1.157,ACT-0051,community: talent assessment #3,0.29,119,"[{""eventId"":""EV-0024737"",""sourceType"":""kpi"",""influence"":0.433},{""eventId"":""EV-0024721"",""sourceType"":""kpi"",""influence"":0.416},{""eventId"":""EV-0024771"",""sourceType"":""assessment"",""influence"":0.353}]",
REC-E-0168-communication,E-0168,communication,2026-09-29T00:00:00.000Z,stagnating,practice_gap,0.61,0.321,ACT-0001,stretch assignment: communication #1,0.52,81,"[{""eventId"":""EV-0024873"",""sourceType"":""peer_feedback"",""influence"":0.351},{""eventId"":""EV-0025014"",""sourceType"":""project"",""influence"":0.267},{""eventId"":""EV-0024913"",""sourceType"":""assessment"",""influence"":0.254}]",
REC-E-0168-execution,E-0168,execution,2026-09-29T00:00:00.000Z,stagnating,practice_gap,0.88,0.422,ACT-0006,mentor: execution #3,0.72,113,"[{""eventId"":""EV-0024861"",""sourceType"":""kpi"",""influence"":0.701},{""eventId"":""EV-0024885"",""sourceType"":""kpi"",""influence"":0.31},{""eventId"":""EV-0024923"",""sourceType"":""kpi"",""influence"":0.268}]",
REC-E-0168-collaboration,E-0168,collaboration,2026-09-29T00:00:00.000Z,stagnating,practice_gap,1.26,0.751,ACT-0007,mentor: collaboration #1,0.62,170,"[{""eventId"":""EV-0024872"",""sourceType"":""peer_feedback"",""influence"":1.069},{""eventId"":""EV-0025018"",""sourceType"":""project"",""influence"":0.326},{""eventId"":""EV-0024889"",""sourceType"":""peer_feedback"",""influence"":0.238}]",
REC-E-0168-problem_solving,E-0168,problem_solving,2026-09-29T00:00:00.000Z,insufficient_evidence,observation_gap,-0.26,0,ACT-0010,stretch assignment: problem solving #1,0.75,103,"[{""eventId"":""EV-0024868"",""sourceType"":""self_assessment"",""influence"":0.742},{""eventId"":""EV-0024907"",""sourceType"":""peer_feedback"",""influence"":0.383},{""eventId"":""EV-0024959"",""sourceType"":""assessment"",""influence"":0.322}]",
REC-E-0168-customer_resolution,E-0168,customer_resolution,2026-09-29T00:00:00.000Z,stagnating,practice_gap,1,1.081,ACT-0055,stretch assignment: customer resolution #1,0.8,73,"[{""eventId"":""EV-0024869"",""sourceType"":""self_assessment"",""influence"":0.78},{""eventId"":""EV-0024881"",""sourceType"":""assessment"",""influence"":0.293},{""eventId"":""EV-0024919"",""sourceType"":""assessment"",""influence"":0.209}]",
REC-E-0168-troubleshooting,E-0168,troubleshooting,2026-09-29T00:00:00.000Z,stagnating,practice_gap,0.98,1.031,ACT-0060,stretch assignment: troubleshooting #3,0.62,45,"[{""eventId"":""EV-0024883"",""sourceType"":""assessment"",""influence"":1.135},{""eventId"":""EV-0024970"",""sourceType"":""manager_feedback"",""influence"":0.516},{""eventId"":""EV-0024921"",""sourceType"":""assessment"",""influence"":0.436}]",
REC-E-0169-problem_solving,E-0169,problem_solving,2026-09-29T00:00:00.000Z,stagnating,practice_gap,0.42,0.182,ACT-0010,stretch assignment: problem solving #1,0.75,103,"[{""eventId"":""EV-0025043"",""sourceType"":""assessment"",""influence"":1.69},{""eventId"":""EV-0025090"",""sourceType"":""manager_feedback"",""influence"":0.645},{""eventId"":""EV-0025166"",""sourceType"":""project"",""influence"":0.3}]",
REC-E-0169-system_design,E-0169,system_design,2026-09-29T00:00:00.000Z,insufficient_evidence,observation_gap,-0.8,0,ACT-0015,stretch assignment: system design #3,0.28,161,"[{""eventId"":""EV-0025030"",""sourceType"":""kpi"",""influence"":1.392},{""eventId"":""EV-0025169"",""sourceType"":""project"",""influence"":0.365},{""eventId"":""EV-0025125"",""sourceType"":""manager_feedback"",""influence"":0.339}]",
REC-E-0170-communication,E-0170,communication,2026-09-29T00:00:00.000Z,insufficient_evidence,observation_gap,-1.6,0,ACT-0001,stretch assignment: communication #1,0.52,81,"[{""eventId"":""EV-0025315"",""sourceType"":""project"",""influence"":0.732},{""eventId"":""EV-0025312"",""sourceType"":""training"",""influence"":0.643},{""eventId"":""EV-0025205"",""sourceType"":""self_assessment"",""influence"":0.368}]",
REC-E-0170-collaboration,E-0170,collaboration,2026-09-29T00:00:00.000Z,insufficient_evidence,observation_gap,0.54,0.38,ACT-0009,stretch assignment: collaboration #3,0.37,140,"[{""eventId"":""EV-0025184"",""sourceType"":""assessment"",""influence"":0.952},{""eventId"":""EV-0025323"",""sourceType"":""project"",""influence"":0.268},{""eventId"":""EV-0025326"",""sourceType"":""project"",""influence"":0.238}]",
REC-E-0171-collaboration,E-0171,collaboration,2026-09-29T00:00:00.000Z,insufficient_evidence,observation_gap,-1.16,0,ACT-0009,stretch assignment: collaboration #3,0.37,140,"[{""eventId"":""EV-0025342"",""sourceType"":""manager_feedback"",""influence"":1.221},{""eventId"":""EV-0025368"",""sourceType"":""peer_feedback"",""influence"":0.528},{""eventId"":""EV-0025456"",""sourceType"":""assessment"",""influence"":0.414}]",
REC-E-0172-communication,E-0172,communication,2026-09-29T00:00:00.000Z,declining,knowledge_gap,0.63,0.631,ACT-0001,stretch assignment: communication #1,0.52,81,"[{""eventId"":""EV-0025520"",""sourceType"":""self_assessment"",""influence"":1.015},{""eventId"":""EV-0025543"",""sourceType"":""assessment"",""influence"":0.748},{""eventId"":""EV-0025605"",""sourceType"":""manager_feedback"",""influence"":0.265}]",
REC-E-0172-execution,E-0172,execution,2026-09-29T00:00:00.000Z,stagnating,application_gap,0.38,0.22,ACT-0006,mentor: execution #3,0.72,113,"[{""eventId"":""EV-0025501"",""sourceType"":""manager_feedback"",""influence"":1.155},{""eventId"":""EV-0025545"",""sourceType"":""assessment"",""influence"":0.372},{""eventId"":""EV-0025506"",""sourceType"":""assessment"",""influence"":0.278}]",
REC-E-0172-roadmap_prioritization,E-0172,roadmap_prioritization,2026-09-29T00:00:00.000Z,insufficient_evidence,observation_gap,-1.21,0,ACT-0032,stretch assignment: roadmap prioritization #2,0.77,54,"[{""eventId"":""EV-0025502"",""sourceType"":""manager_feedback"",""influence"":1.224},{""eventId"":""EV-0025630"",""sourceType"":""training"",""influence"":0.574},{""eventId"":""EV-0025530"",""sourceType"":""kpi"",""influence"":0.302}]",
REC-E-0173-execution,E-0173,execution,2026-09-29T00:00:00.000Z,insufficient_evidence,observation_gap,-1.19,0,ACT-0005,project: execution #2,0.23,120,"[{""eventId"":""EV-0025651"",""sourceType"":""manager_feedback"",""influence"":1.182},{""eventId"":""EV-0025704"",""sourceType"":""assessment"",""influence"":0.291},{""eventId"":""EV-0025720"",""sourceType"":""manager_feedback"",""influence"":0.282}]",
REC-E-0173-collaboration,E-0173,collaboration,2026-09-29T00:00:00.000Z,stagnating,practice_gap,0.6,0.418,ACT-0007,mentor: collaboration #1,0.62,170,"[{""eventId"":""EV-0025646"",""sourceType"":""self_assessment"",""influence"":0.767},{""eventId"":""EV-0025706"",""sourceType"":""assessment"",""influence"":0.507},{""eventId"":""EV-0025665"",""sourceType"":""assessment"",""influence"":0.407}]",
REC-E-0173-problem_solving,E-0173,problem_solving,2026-09-29T00:00:00.000Z,insufficient_evidence,observation_gap,-1.19,0,ACT-0010,stretch assignment: problem solving #1,0.75,103,"[{""eventId"":""EV-0025647"",""sourceType"":""self_assessment"",""influence"":0.827},{""eventId"":""EV-0025708"",""sourceType"":""assessment"",""influence"":0.807},{""eventId"":""EV-0025681"",""sourceType"":""peer_feedback"",""influence"":0.36}]",
REC-E-0173-ux_research,E-0173,ux_research,2026-09-29T00:00:00.000Z,stagnating,knowledge_gap,0.39,0.451,ACT-0041,stretch assignment: ux research #2,0.78,110,"[{""eventId"":""EV-0025750"",""sourceType"":""assessment"",""influence"":0.511},{""eventId"":""EV-0025656"",""sourceType"":""peer_feedback"",""influence"":0.458},{""eventId"":""EV-0025652"",""sourceType"":""manager_feedback"",""influence"":0.38}]",
REC-E-0174-collaboration,E-0174,collaboration,2026-09-29T00:00:00.000Z,insufficient_evidence,observation_gap,-0.33,0,ACT-0009,stretch assignment: collaboration #3,0.37,140,"[{""eventId"":""EV-0025821"",""sourceType"":""manager_feedback"",""influence"":1.179},{""eventId"":""EV-0025877"",""sourceType"":""assessment"",""influence"":0.547},{""eventId"":""EV-0025951"",""sourceType"":""project"",""influence"":0.547}]",
REC-E-0176-communication,E-0176,communication,2026-09-29T00:00:00.000Z,insufficient_evidence,observation_gap,0.92,0.788,ACT-0001,stretch assignment: communication #1,0.52,81,"[{""eventId"":""EV-0026107"",""sourceType"":""self_assessment"",""influence"":0.74},{""eventId"":""EV-0026126"",""sourceType"":""manager_feedback"",""influence"":0.496},{""eventId"":""EV-0026148"",""sourceType"":""manager_feedback"",""influence"":0.163}]",
REC-E-0176-execution,E-0176,execution,2026-09-29T00:00:00.000Z,insufficient_evidence,observation_gap,-1.17,0,ACT-0005,project: execution #2,0.23,120,"[{""eventId"":""EV-0026114"",""sourceType"":""assessment"",""influence"":0.4},{""eventId"":""EV-0026122"",""sourceType"":""kpi"",""influence"":0.36},{""eventId"":""EV-0026130"",""sourceType"":""kpi"",""influence"":0.345}]",
REC-E-0176-collaboration,E-0176,collaboration,2026-09-29T00:00:00.000Z,insufficient_evidence,observation_gap,0.44,0.308,ACT-0009,stretch assignment: collaboration #3,0.37,140,"[{""eventId"":""EV-0026109"",""sourceType"":""self_assessment"",""influence"":0.744},{""eventId"":""EV-0026155"",""sourceType"":""self_assessment"",""influence"":0.297},{""eventId"":""EV-0026168"",""sourceType"":""project"",""influence"":0.284}]",
REC-E-0176-problem_solving,E-0176,problem_solving,2026-09-29T00:00:00.000Z,insufficient_evidence,observation_gap,-0.53,0,ACT-0010,stretch assignment: problem solving #1,0.75,103,"[{""eventId"":""EV-0026169"",""sourceType"":""project"",""influence"":0.833},{""eventId"":""EV-0026166"",""sourceType"":""project"",""influence"":0.385},{""eventId"":""EV-0026136"",""sourceType"":""peer_feedback"",""influence"":0.345}]",
REC-E-0176-customer_resolution,E-0176,customer_resolution,2026-09-29T00:00:00.000Z,insufficient_evidence,observation_gap,-0.68,0,ACT-0055,stretch assignment: customer resolution #1,0.8,73,"[{""eventId"":""EV-0026118"",""sourceType"":""assessment"",""influence"":0.622},{""eventId"":""EV-0026143"",""sourceType"":""assessment"",""influence"":0.409},{""eventId"":""EV-0026137"",""sourceType"":""peer_feedback"",""influence"":0.255}]",
REC-E-0176-troubleshooting,E-0176,troubleshooting,2026-09-29T00:00:00.000Z,insufficient_evidence,observation_gap,-0.19,0,ACT-0060,stretch assignment: troubleshooting #3,0.62,45,"[{""eventId"":""EV-0026120"",""sourceType"":""assessment"",""influence"":1.018},{""eventId"":""EV-0026163"",""sourceType"":""project"",""influence"":0.386},{""eventId"":""EV-0026112"",""sourceType"":""self_assessment"",""influence"":0.261}]",
REC-E-0177-code_quality,E-0177,code_quality,2026-09-29T00:00:00.000Z,insufficient_evidence,observation_gap,-0.98,0,ACT-0017,mentor: code quality #2,0.37,90,"[{""eventId"":""EV-0026186"",""sourceType"":""manager_feedback"",""influence"":0.846},{""eventId"":""EV-0026211"",""sourceType"":""self_assessment"",""influence"":0.468},{""eventId"":""EV-0026202"",""sourceType"":""assessment"",""influence"":0.381}]",
REC-E-0178-communication,E-0178,communication,2026-09-29T00:00:00.000Z,stagnating,knowledge_gap,1.56,0.922,ACT-0001,stretch assignment: communication #1,0.52,81,"[{""eventId"":""EV-0026326"",""sourceType"":""assessment"",""influence"":1.369},{""eventId"":""EV-0026363"",""sourceType"":""manager_feedback"",""influence"":0.515},{""eventId"":""EV-0026442"",""sourceType"":""manager_feedback"",""influence"":0.399}]",
REC-E-0178-problem_solving,E-0178,problem_solving,2026-09-29T00:00:00.000Z,stagnating,practice_gap,0.36,0.114,ACT-0010,stretch assignment: problem solving #1,0.75,103,"[{""eventId"":""EV-0026445"",""sourceType"":""training"",""influence"":0.854},{""eventId"":""EV-0026453"",""sourceType"":""project"",""influence"":0.63},{""eventId"":""EV-0026459"",""sourceType"":""project"",""influence"":0.427}]",
REC-E-0179-execution,E-0179,execution,2026-09-29T00:00:00.000Z,stagnating,practice_gap,0.58,0.363,ACT-0006,mentor: execution #3,0.72,113,"[{""eventId"":""EV-0026474"",""sourceType"":""peer_feedback"",""influence"":1.109},{""eventId"":""EV-0026531"",""sourceType"":""kpi"",""influence"":0.432},{""eventId"":""EV-0026497"",""sourceType"":""kpi"",""influence"":0.267}]",
REC-E-0179-campaign_strategy,E-0179,campaign_strategy,2026-09-29T00:00:00.000Z,stagnating,knowledge_gap,0.32,0.329,ACT-0027,coaching: campaign strategy #3,0.71,65,"[{""eventId"":""EV-0026467"",""sourceType"":""self_assessment"",""influence"":0.809},{""eventId"":""EV-0026461"",""sourceType"":""kpi"",""influence"":0.439},{""eventId"":""EV-0026478"",""sourceType"":""peer_feedback"",""influence"":0.383}]",
REC-E-0179-content_quality,E-0179,content_quality,2026-09-29T00:00:00.000Z,stagnating,practice_gap,0.74,0.916,ACT-0028,course: content quality #1,0.73,107,"[{""eventId"":""EV-0026475"",""sourceType"":""peer_feedback"",""influence"":1.027},{""eventId"":""EV-0026591"",""sourceType"":""project"",""influence"":0.55},{""eventId"":""EV-0026508"",""sourceType"":""manager_feedback"",""influence"":0.396}]",
REC-E-0180-communication,E-0180,communication,2026-09-29T00:00:00.000Z,stagnating,practice_gap,0.39,0.209,ACT-0001,stretch assignment: communication #1,0.52,81,"[{""eventId"":""EV-0026605"",""sourceType"":""manager_feedback"",""influence"":1.204},{""eventId"":""EV-0026630"",""sourceType"":""manager_feedback"",""influence"":0.555},{""eventId"":""EV-0026634"",""sourceType"":""assessment"",""influence"":0.524}]",
REC-E-0180-collaboration,E-0180,collaboration,2026-09-29T00:00:00.000Z,declining,knowledge_gap,0.6,0.604,ACT-0007,mentor: collaboration #1,0.62,170,"[{""eventId"":""EV-0026663"",""sourceType"":""manager_feedback"",""influence"":0.616},{""eventId"":""EV-0026675"",""sourceType"":""assessment"",""influence"":0.426},{""eventId"":""EV-0026609"",""sourceType"":""peer_feedback"",""influence"":0.367}]",
REC-E-0181-communication,E-0181,communication,2026-09-29T00:00:00.000Z,stagnating,practice_gap,1.53,0.839,ACT-0001,stretch assignment: communication #1,0.52,81,"[{""eventId"":""EV-0026885"",""sourceType"":""project"",""influence"":0.64},{""eventId"":""EV-0026883"",""sourceType"":""project"",""influence"":0.55},{""eventId"":""EV-0026796"",""sourceType"":""assessment"",""influence"":0.516}]",
REC-E-0181-execution,E-0181,execution,2026-09-29T00:00:00.000Z,improving,application_gap,2.18,0.264,ACT-0006,mentor: execution #3,0.72,113,"[{""eventId"":""EV-0026760"",""sourceType"":""kpi"",""influence"":1.425},{""eventId"":""EV-0026798"",""sourceType"":""assessment"",""influence"":0.631},{""eventId"":""EV-0026881"",""sourceType"":""training"",""influence"":0.416}]",
REC-E-0181-collaboration,E-0181,collaboration,2026-09-29T00:00:00.000Z,improving,consistency_gap,0.82,0,ACT-0007,mentor: collaboration #1,0.62,170,"[{""eventId"":""EV-0026764"",""sourceType"":""peer_feedback"",""influence"":1.055},{""eventId"":""EV-0026819"",""sourceType"":""peer_feedback"",""influence"":0.911},{""eventId"":""EV-0026858"",""sourceType"":""assessment"",""influence"":0.575}]",
REC-E-0181-problem_solving,E-0181,problem_solving,2026-09-29T00:00:00.000Z,stagnating,knowledge_gap,0.73,0.343,ACT-0010,stretch assignment: problem solving #1,0.75,103,"[{""eventId"":""EV-0026769"",""sourceType"":""assessment"",""influence"":0.635},{""eventId"":""EV-0026802"",""sourceType"":""assessment"",""influence"":0.632},{""eventId"":""EV-0026852"",""sourceType"":""peer_feedback"",""influence"":0.421}]",
REC-E-0181-visual_craft,E-0181,visual_craft,2026-09-29T00:00:00.000Z,stagnating,knowledge_gap,1.05,0.998,ACT-0037,mentor: visual craft #1,0.72,171,"[{""eventId"":""EV-0026762"",""sourceType"":""kpi"",""influence"":0.85},{""eventId"":""EV-0026787"",""sourceType"":""kpi"",""influence"":0.357},{""eventId"":""EV-0026833"",""sourceType"":""assessment"",""influence"":0.29}]",
REC-E-0181-ux_research,E-0181,ux_research,2026-09-29T00:00:00.000Z,stagnating,knowledge_gap,0.82,0.801,ACT-0041,stretch assignment: ux research #2,0.78,110,"[{""eventId"":""EV-0026773"",""sourceType"":""assessment"",""influence"":1.518},{""eventId"":""EV-0026841"",""sourceType"":""peer_feedback"",""influence"":0.598},{""eventId"":""EV-0026782"",""sourceType"":""peer_feedback"",""influence"":0.324}]",
REC-E-0182-execution,E-0182,execution,2026-09-29T00:00:00.000Z,stagnating,knowledge_gap,0.37,0.242,ACT-0006,mentor: execution #3,0.72,113,"[{""eventId"":""EV-0026888"",""sourceType"":""kpi"",""influence"":0.768},{""eventId"":""EV-0026897"",""sourceType"":""assessment"",""influence"":0.633},{""eventId"":""EV-0026921"",""sourceType"":""kpi"",""influence"":0.43}]",
REC-E-0182-collaboration,E-0182,collaboration,2026-09-29T00:00:00.000Z,insufficient_evidence,observation_gap,0.77,0.603,ACT-0009,stretch assignment: collaboration #3,0.37,140,"[{""eventId"":""EV-0026933"",""sourceType"":""manager_feedback"",""influence"":0.667},{""eventId"":""EV-0027035"",""sourceType"":""training"",""influence"":0.456},{""eventId"":""EV-0026892"",""sourceType"":""self_assessment"",""influence"":0.268}]",
REC-E-0182-problem_solving,E-0182,problem_solving,2026-09-29T00:00:00.000Z,insufficient_evidence,observation_gap,1.11,0.813,,,,,"[{""eventId"":""EV-0026945"",""sourceType"":""assessment"",""influence"":0.492},{""eventId"":""EV-0026901"",""sourceType"":""assessment"",""influence"":0.387},{""eventId"":""EV-0026994"",""sourceType"":""manager_feedback"",""influence"":0.361}]",
REC-E-0182-compliance_rigor,E-0182,compliance_rigor,2026-09-29T00:00:00.000Z,insufficient_evidence,observation_gap,-0.21,0,ACT-0046,stretch assignment: compliance rigor #1,0.58,77,"[{""eventId"":""EV-0026895"",""sourceType"":""self_assessment"",""influence"":0.824},{""eventId"":""EV-0027021"",""sourceType"":""assessment"",""influence"":0.423},{""eventId"":""EV-0026949"",""sourceType"":""assessment"",""influence"":0.39}]",
REC-E-0183-communication,E-0183,communication,2026-09-29T00:00:00.000Z,insufficient_evidence,observation_gap,1.56,0.217,ACT-0001,stretch assignment: communication #1,0.52,81,"[{""eventId"":""EV-0027047"",""sourceType"":""self_assessment"",""influence"":0.897},{""eventId"":""EV-0027083"",""sourceType"":""assessment"",""influence"":0.452},{""eventId"":""EV-0027138"",""sourceType"":""assessment"",""influence"":0.392}]",
REC-E-0183-execution,E-0183,execution,2026-09-29T00:00:00.000Z,stagnating,practice_gap,2.26,0.825,ACT-0006,mentor: execution #3,0.72,113,"[{""eventId"":""EV-0027043"",""sourceType"":""kpi"",""influence"":0.599},{""eventId"":""EV-0027151"",""sourceType"":""training"",""influence"":0.591},{""eventId"":""EV-0027069"",""sourceType"":""kpi"",""influence"":0.485}]",
REC-E-0183-collaboration,E-0183,collaboration,2026-09-29T00:00:00.000Z,insufficient_evidence,observation_gap,0.08,0.02,ACT-0009,stretch assignment: collaboration #3,0.37,140,"[{""eventId"":""EV-0027087"",""sourceType"":""assessment"",""influence"":0.931},{""eventId"":""EV-0027142"",""sourceType"":""assessment"",""influence"":0.797},{""eventId"":""EV-0027121"",""sourceType"":""assessment"",""influence"":0.793}]",
REC-E-0184-collaboration,E-0184,collaboration,2026-09-29T00:00:00.000Z,stagnating,practice_gap,0.93,0.516,ACT-0007,mentor: collaboration #1,0.62,170,"[{""eventId"":""EV-0027176"",""sourceType"":""assessment"",""influence"":1.055},{""eventId"":""EV-0027223"",""sourceType"":""assessment"",""influence"":0.307},{""eventId"":""EV-0027217"",""sourceType"":""peer_feedback"",""influence"":0.294}]",
REC-E-0184-problem_solving,E-0184,problem_solving,2026-09-29T00:00:00.000Z,insufficient_evidence,observation_gap,0.19,0.031,ACT-0010,stretch assignment: problem solving #1,0.75,103,"[{""eventId"":""EV-0027170"",""sourceType"":""manager_feedback"",""influence"":1.205},{""eventId"":""EV-0027270"",""sourceType"":""peer_feedback"",""influence"":0.384},{""eventId"":""EV-0027247"",""sourceType"":""self_assessment"",""influence"":0.377}]",
REC-E-0184-customer_resolution,E-0184,customer_resolution,2026-09-29T00:00:00.000Z,insufficient_evidence,observation_gap,0.15,0.063,ACT-0055,stretch assignment: customer resolution #1,0.8,73,"[{""eventId"":""EV-0027180"",""sourceType"":""assessment"",""influence"":1.173},{""eventId"":""EV-0027166"",""sourceType"":""kpi"",""influence"":0.654},{""eventId"":""EV-0027197"",""sourceType"":""manager_feedback"",""influence"":0.491}]",
REC-E-0184-troubleshooting,E-0184,troubleshooting,2026-09-29T00:00:00.000Z,stagnating,practice_gap,1.42,1.784,ACT-0060,stretch assignment: troubleshooting #3,0.62,45,"[{""eventId"":""EV-0027317"",""sourceType"":""project"",""influence"":0.798},{""eventId"":""EV-0027199"",""sourceType"":""peer_feedback"",""influence"":0.384},{""eventId"":""EV-0027283"",""sourceType"":""manager_feedback"",""influence"":0.329}]",
REC-E-0185-communication,E-0185,communication,2026-09-29T00:00:00.000Z,stagnating,practice_gap,1.4,0.827,ACT-0001,stretch assignment: communication #1,0.52,81,"[{""eventId"":""EV-0027339"",""sourceType"":""peer_feedback"",""influence"":0.995},{""eventId"":""EV-0027430"",""sourceType"":""assessment"",""influence"":0.338},{""eventId"":""EV-0027336"",""sourceType"":""manager_feedback"",""influence"":0.276}]",
REC-E-0185-execution,E-0185,execution,2026-09-29T00:00:00.000Z,stagnating,knowledge_gap,1.27,0.69,ACT-0006,mentor: execution #3,0.72,113,"[{""eventId"":""EV-0027401"",""sourceType"":""assessment"",""influence"":0.422},{""eventId"":""EV-0027329"",""sourceType"":""self_assessment"",""influence"":0.399},{""eventId"":""EV-0027340"",""sourceType"":""peer_feedback"",""influence"":0.321}]",
REC-E-0185-collaboration,E-0185,collaboration,2026-09-29T00:00:00.000Z,declining,practice_gap,1.02,1.002,ACT-0007,mentor: collaboration #1,0.62,170,"[{""eventId"":""EV-0027330"",""sourceType"":""self_assessment"",""influence"":0.849},{""eventId"":""EV-0027403"",""sourceType"":""assessment"",""influence"":0.604},{""eventId"":""EV-0027499"",""sourceType"":""project"",""influence"":0.449}]",
REC-E-0185-code_quality,E-0185,code_quality,2026-09-29T00:00:00.000Z,insufficient_evidence,observation_gap,0.37,0.558,ACT-0017,mentor: code quality #2,0.37,90,"[{""eventId"":""EV-0027333"",""sourceType"":""self_assessment"",""influence"":1.287},{""eventId"":""EV-0027355"",""sourceType"":""assessment"",""influence"":1.141},{""eventId"":""EV-0027366"",""sourceType"":""self_assessment"",""influence"":0.422}]",
REC-E-0186-communication,E-0186,communication,2026-09-29T00:00:00.000Z,stagnating,practice_gap,1.42,1.011,ACT-0001,stretch assignment: communication #1,0.52,81,"[{""eventId"":""EV-0027505"",""sourceType"":""self_assessment"",""influence"":0.863},{""eventId"":""EV-0027573"",""sourceType"":""peer_feedback"",""influence"":0.347},{""eventId"":""EV-0027558"",""sourceType"":""assessment"",""influence"":0.258}]",
REC-E-0186-execution,E-0186,execution,2026-09-29T00:00:00.000Z,declining,knowledge_gap,0.97,0.973,ACT-0006,mentor: execution #3,0.72,113,"[{""eventId"":""EV-0027513"",""sourceType"":""peer_feedback"",""influence"":1.023},{""eventId"":""EV-0027560"",""sourceType"":""assessment"",""influence"":0.649},{""eventId"":""EV-0027539"",""sourceType"":""manager_feedback"",""influence"":0.349}]",
REC-E-0186-negotiation,E-0186,negotiation,2026-09-29T00:00:00.000Z,stagnating,application_gap,1.01,1.001,ACT-0019,project: negotiation #1,0.4,165,"[{""eventId"":""EV-0027657"",""sourceType"":""training"",""influence"":0.502},{""eventId"":""EV-0027524"",""sourceType"":""assessment"",""influence"":0.42},{""eventId"":""EV-0027598"",""sourceType"":""assessment"",""influence"":0.352}]",
REC-E-0186-pipeline_mgmt,E-0186,pipeline_mgmt,2026-09-29T00:00:00.000Z,stagnating,practice_gap,0.98,0.912,ACT-0022,stretch assignment: pipeline mgmt #1,0.75,154,"[{""eventId"":""EV-0027510"",""sourceType"":""self_assessment"",""influence"":0.801},{""eventId"":""EV-0027516"",""sourceType"":""peer_feedback"",""influence"":0.374},{""eventId"":""EV-0027566"",""sourceType"":""assessment"",""influence"":0.207}]",
REC-E-0187-communication,E-0187,communication,2026-09-29T00:00:00.000Z,stagnating,application_gap,0.7,0.421,ACT-0001,stretch assignment: communication #1,0.52,81,"[{""eventId"":""EV-0027677"",""sourceType"":""manager_feedback"",""influence"":1.172},{""eventId"":""EV-0027693"",""sourceType"":""manager_feedback"",""influence"":0.422},{""eventId"":""EV-0027775"",""sourceType"":""assessment"",""influence"":0.42}]",
REC-E-0187-collaboration,E-0187,collaboration,2026-09-29T00:00:00.000Z,insufficient_evidence,observation_gap,-1.37,0,ACT-0009,stretch assignment: collaboration #3,0.37,140,"[{""eventId"":""EV-0027671"",""sourceType"":""self_assessment"",""influence"":0.847},{""eventId"":""EV-0027706"",""sourceType"":""manager_feedback"",""influence"":0.473},{""eventId"":""EV-0027694"",""sourceType"":""manager_feedback"",""influence"":0.326}]",
REC-E-0187-content_quality,E-0187,content_quality,2026-09-29T00:00:00.000Z,stagnating,knowledge_gap,0.43,0.518,ACT-0028,course: content quality #1,0.73,107,"[{""eventId"":""EV-0027806"",""sourceType"":""certification"",""influence"":1.74},{""eventId"":""EV-0027678"",""sourceType"":""manager_feedback"",""influence"":1.156},{""eventId"":""EV-0027717"",""sourceType"":""assessment"",""influence"":0.847}]",
REC-E-0188-communication,E-0188,communication,2026-09-29T00:00:00.000Z,insufficient_evidence,observation_gap,-0.11,0,ACT-0001,stretch assignment: communication #1,0.52,81,"[{""eventId"":""EV-0027826"",""sourceType"":""assessment"",""influence"":0.364},{""eventId"":""EV-0027875"",""sourceType"":""manager_feedback"",""influence"":0.344},{""eventId"":""EV-0027898"",""sourceType"":""assessment"",""influence"":0.282}]",
REC-E-0188-collaboration,E-0188,collaboration,2026-09-29T00:00:00.000Z,insufficient_evidence,observation_gap,-0.49,0,ACT-0009,stretch assignment: collaboration #3,0.37,140,"[{""eventId"":""EV-0027814"",""sourceType"":""self_assessment"",""influence"":0.81},{""eventId"":""EV-0027865"",""sourceType"":""assessment"",""influence"":0.142},{""eventId"":""EV-0027968"",""sourceType"":""project"",""influence"":0.113}]",
REC-E-0188-problem_solving,E-0188,problem_solving,2026-09-29T00:00:00.000Z,insufficient_evidence,observation_gap,-1.37,0,ACT-0010,stretch assignment: problem solving #1,0.75,103,"[{""eventId"":""EV-0027958"",""sourceType"":""training"",""influence"":1.35},{""eventId"":""EV-0027815"",""sourceType"":""self_assessment"",""influence"":0.864},{""eventId"":""EV-0027847"",""sourceType"":""peer_feedback"",""influence"":0.236}]",
REC-E-0189-communication,E-0189,communication,2026-09-29T00:00:00.000Z,stagnating,practice_gap,0.54,0.366,ACT-0001,stretch assignment: communication #1,0.52,81,"[{""eventId"":""EV-0027988"",""sourceType"":""peer_feedback"",""influence"":1.013},{""eventId"":""EV-0028067"",""sourceType"":""assessment"",""influence"":0.288},{""eventId"":""EV-0027986"",""sourceType"":""peer_feedback"",""influence"":0.256}]",
REC-E-0189-visual_craft,E-0189,visual_craft,2026-09-29T00:00:00.000Z,stagnating,knowledge_gap,0.59,0.608,ACT-0037,mentor: visual craft #1,0.72,171,"[{""eventId"":""EV-0027999"",""sourceType"":""assessment"",""influence"":0.525},{""eventId"":""EV-0027972"",""sourceType"":""kpi"",""influence"":0.453},{""eventId"":""EV-0028033"",""sourceType"":""assessment"",""influence"":0.329}]",
REC-E-0190-communication,E-0190,communication,2026-09-29T00:00:00.000Z,stagnating,practice_gap,0.78,0.492,ACT-0001,stretch assignment: communication #1,0.52,81,"[{""eventId"":""EV-0028191"",""sourceType"":""peer_feedback"",""influence"":0.406},{""eventId"":""EV-0028261"",""sourceType"":""assessment"",""influence"":0.287},{""eventId"":""EV-0028178"",""sourceType"":""self_assessment"",""influence"":0.268}]",
REC-E-0190-execution,E-0190,execution,2026-09-29T00:00:00.000Z,insufficient_evidence,observation_gap,1.09,0.784,ACT-0005,project: execution #2,0.23,120,"[{""eventId"":""EV-0028145"",""sourceType"":""kpi"",""influence"":0.699},{""eventId"":""EV-0028150"",""sourceType"":""self_assessment"",""influence"":0.271},{""eventId"":""EV-0028179"",""sourceType"":""self_assessment"",""influence"":0.117}]",
REC-E-0190-financial_modeling,E-0190,financial_modeling,2026-09-29T00:00:00.000Z,stagnating,knowledge_gap,0.86,0.975,ACT-0045,community: financial modeling #3,0.62,81,"[{""eventId"":""EV-0028265"",""sourceType"":""assessment"",""influence"":0.634},{""eventId"":""EV-0028230"",""sourceType"":""peer_feedback"",""influence"":0.303},{""eventId"":""EV-0028153"",""sourceType"":""self_assessment"",""influence"":0.254}]",
REC-E-0190-compliance_rigor,E-0190,compliance_rigor,2026-09-29T00:00:00.000Z,insufficient_evidence,observation_gap,1.18,1.876,ACT-0046,stretch assignment: compliance rigor #1,0.58,77,"[{""eventId"":""EV-0028154"",""sourceType"":""self_assessment"",""influence"":0.758},{""eventId"":""EV-0028192"",""sourceType"":""peer_feedback"",""influence"":0.276},{""eventId"":""EV-0028274"",""sourceType"":""project"",""influence"":0.256}]",
REC-E-0191-communication,E-0191,communication,2026-09-29T00:00:00.000Z,insufficient_evidence,observation_gap,2.27,0.502,ACT-0001,stretch assignment: communication #1,0.52,81,"[{""eventId"":""EV-0028287"",""sourceType"":""peer_feedback"",""influence"":1.05},{""eventId"":""EV-0028331"",""sourceType"":""assessment"",""influence"":0.665},{""eventId"":""EV-0028357"",""sourceType"":""assessment"",""influence"":0.385}]",
REC-E-0191-execution,E-0191,execution,2026-09-29T00:00:00.000Z,improving,knowledge_gap,0.82,0.011,ACT-0006,mentor: execution #3,0.72,113,"[{""eventId"":""EV-0028283"",""sourceType"":""kpi"",""influence"":1.3},{""eventId"":""EV-0028353"",""sourceType"":""peer_feedback"",""influence"":0.483},{""eventId"":""EV-0028320"",""sourceType"":""kpi"",""influence"":0.4}]",
REC-E-0191-collaboration,E-0191,collaboration,2026-09-29T00:00:00.000Z,improving,knowledge_gap,1.89,0.101,ACT-0007,mentor: collaboration #1,0.62,170,"[{""eventId"":""EV-0028388"",""sourceType"":""assessment"",""influence"":1.107},{""eventId"":""EV-0028290"",""sourceType"":""peer_feedback"",""influence"":1.085},{""eventId"":""EV-0028376"",""sourceType"":""self_assessment"",""influence"":0.818}]",
REC-E-0191-problem_solving,E-0191,problem_solving,2026-09-29T00:00:00.000Z,stagnating,knowledge_gap,0.54,0.266,ACT-0010,stretch assignment: problem solving #1,0.75,103,"[{""eventId"":""EV-0028291"",""sourceType"":""peer_feedback"",""influence"":1.107},{""eventId"":""EV-0028361"",""sourceType"":""assessment"",""influence"":0.537},{""eventId"":""EV-0028297"",""sourceType"":""assessment"",""influence"":0.444}]",
REC-E-0191-talent_assessment,E-0191,talent_assessment,2026-09-29T00:00:00.000Z,stagnating,practice_gap,1.36,1.001,ACT-0051,community: talent assessment #3,0.29,119,"[{""eventId"":""EV-0028401"",""sourceType"":""training"",""influence"":0.771},{""eventId"":""EV-0028363"",""sourceType"":""assessment"",""influence"":0.747},{""eventId"":""EV-0028285"",""sourceType"":""kpi"",""influence"":0.431}]",
REC-E-0191-policy_navigation,E-0191,policy_navigation,2026-09-29T00:00:00.000Z,stagnating,practice_gap,1.41,1.338,ACT-0052,mentor: policy navigation #1,0.56,119,"[{""eventId"":""EV-0028400"",""sourceType"":""training"",""influence"":0.771},{""eventId"":""EV-0028403"",""sourceType"":""project"",""influence"":0.576},{""eventId"":""EV-0028365"",""sourceType"":""assessment"",""influence"":0.207}]",
REC-E-0192-communication,E-0192,communication,2026-09-29T00:00:00.000Z,stagnating,knowledge_gap,0.34,0.165,ACT-0001,stretch assignment: communication #1,0.52,81,"[{""eventId"":""EV-0028581"",""sourceType"":""certification"",""influence"":0.658},{""eventId"":""EV-0028457"",""sourceType"":""assessment"",""influence"":0.596},{""eventId"":""EV-0028419"",""sourceType"":""manager_feedback"",""influence"":0.407}]",
REC-E-0192-collaboration,E-0192,collaboration,2026-09-29T00:00:00.000Z,stagnating,knowledge_gap,1.08,0.796,ACT-0007,mentor: collaboration #1,0.62,170,"[{""eventId"":""EV-0028496"",""sourceType"":""assessment"",""influence"":0.418},{""eventId"":""EV-0028530"",""sourceType"":""manager_feedback"",""influence"":0.379},{""eventId"":""EV-0028449"",""sourceType"":""manager_feedback"",""influence"":0.372}]",
REC-E-0192-customer_resolution,E-0192,customer_resolution,2026-09-29T00:00:00.000Z,stagnating,application_gap,0.78,0.797,ACT-0055,stretch assignment: customer resolution #1,0.8,73,"[{""eventId"":""EV-0028474"",""sourceType"":""manager_feedback"",""influence"":0.314},{""eventId"":""EV-0028415"",""sourceType"":""self_assessment"",""influence"":0.286},{""eventId"":""EV-0028409"",""sourceType"":""kpi"",""influence"":0.247}]",
REC-E-0193-communication,E-0193,communication,2026-09-29T00:00:00.000Z,insufficient_evidence,observation_gap,-1.13,0,ACT-0001,stretch assignment: communication #1,0.52,81,"[{""eventId"":""EV-0028588"",""sourceType"":""manager_feedback"",""influence"":1.179},{""eventId"":""EV-0028734"",""sourceType"":""project"",""influence"":0.428},{""eventId"":""EV-0028691"",""sourceType"":""manager_feedback"",""influence"":0.335}]",
REC-E-0193-system_design,E-0193,system_design,2026-09-29T00:00:00.000Z,stagnating,practice_gap,0.37,0.357,ACT-0014,coaching: system design #2,0.59,90,"[{""eventId"":""EV-0028585"",""sourceType"":""kpi"",""influence"":1.092},{""eventId"":""EV-0028676"",""sourceType"":""kpi"",""influence"":0.325},{""eventId"":""EV-0028642"",""sourceType"":""assessment"",""influence"":0.206}]",
REC-E-0193-code_quality,E-0193,code_quality,2026-09-29T00:00:00.000Z,stagnating,practice_gap,0.48,0.604,ACT-0017,mentor: code quality #2,0.37,90,"[{""eventId"":""EV-0028727"",""sourceType"":""project"",""influence"":0.618},{""eventId"":""EV-0028644"",""sourceType"":""assessment"",""influence"":0.538},{""eventId"":""EV-0028606"",""sourceType"":""self_assessment"",""influence"":0.263}]",
REC-E-0194-communication,E-0194,communication,2026-09-29T00:00:00.000Z,insufficient_evidence,observation_gap,0.58,0.147,ACT-0001,stretch assignment: communication #1,0.52,81,"[{""eventId"":""EV-0028755"",""sourceType"":""assessment"",""influence"":0.321},{""eventId"":""EV-0028858"",""sourceType"":""project"",""influence"":0.318},{""eventId"":""EV-0028850"",""sourceType"":""training"",""influence"":0.259}]",
REC-E-0194-execution,E-0194,execution,2026-09-29T00:00:00.000Z,improving,practice_gap,0.65,0,ACT-0006,mentor: execution #3,0.72,113,"[{""eventId"":""EV-0028757"",""sourceType"":""assessment"",""influence"":0.411},{""eventId"":""EV-0028807"",""sourceType"":""assessment"",""influence"":0.39},{""eventId"":""EV-0028765"",""sourceType"":""kpi"",""influence"":0.374}]",
REC-E-0194-collaboration,E-0194,collaboration,2026-09-29T00:00:00.000Z,declining,practice_gap,3.12,3.121,ACT-0007,mentor: collaboration #1,0.62,170,"[{""eventId"":""EV-0028809"",""sourceType"":""assessment"",""influence"":1.37},{""eventId"":""EV-0028747"",""sourceType"":""self_assessment"",""influence"":0.793},{""eventId"":""EV-0028785"",""sourceType"":""assessment"",""influence"":0.646}]",
REC-E-0194-problem_solving,E-0194,problem_solving,2026-09-29T00:00:00.000Z,stagnating,practice_gap,0.92,0.358,ACT-0010,stretch assignment: problem solving #1,0.75,103,"[{""eventId"":""EV-0028853"",""sourceType"":""project"",""influence"":0.668},{""eventId"":""EV-0028811"",""sourceType"":""assessment"",""influence"":0.53},{""eventId"":""EV-0028748"",""sourceType"":""self_assessment"",""influence"":0.241}]",
REC-E-0194-negotiation,E-0194,negotiation,2026-09-29T00:00:00.000Z,stagnating,application_gap,1.5,1.674,ACT-0019,project: negotiation #1,0.4,165,"[{""eventId"":""EV-0028813"",""sourceType"":""assessment"",""influence"":0.895},{""eventId"":""EV-0028789"",""sourceType"":""assessment"",""influence"":0.883},{""eventId"":""EV-0028749"",""sourceType"":""self_assessment"",""influence"":0.73}]",
REC-E-0194-pipeline_mgmt,E-0194,pipeline_mgmt,2026-09-29T00:00:00.000Z,stagnating,knowledge_gap,1.32,1.152,ACT-0022,stretch assignment: pipeline mgmt #1,0.75,154,"[{""eventId"":""EV-0028776"",""sourceType"":""self_assessment"",""influence"":0.69},{""eventId"":""EV-0028803"",""sourceType"":""kpi"",""influence"":0.454},{""eventId"":""EV-0028836"",""sourceType"":""assessment"",""influence"":0.371}]",
REC-E-0195-collaboration,E-0195,collaboration,2026-09-29T00:00:00.000Z,stagnating,knowledge_gap,1.23,0.889,ACT-0007,mentor: collaboration #1,0.62,170,"[{""eventId"":""EV-0028878"",""sourceType"":""assessment"",""influence"":0.728},{""eventId"":""EV-0028872"",""sourceType"":""manager_feedback"",""influence"":0.401},{""eventId"":""EV-0028901"",""sourceType"":""self_assessment"",""influence"":0.307}]",
REC-E-0196-execution,E-0196,execution,2026-09-29T00:00:00.000Z,stagnating,knowledge_gap,0.49,0.254,ACT-0006,mentor: execution #3,0.72,113,"[{""eventId"":""EV-0029037"",""sourceType"":""kpi"",""influence"":0.893},{""eventId"":""EV-0029058"",""sourceType"":""assessment"",""influence"":0.829},{""eventId"":""EV-0029078"",""sourceType"":""manager_feedback"",""influence"":0.496}]",
REC-E-0196-collaboration,E-0196,collaboration,2026-09-29T00:00:00.000Z,stagnating,practice_gap,0.99,0.641,ACT-0007,mentor: collaboration #1,0.62,170,"[{""eventId"":""EV-0029060"",""sourceType"":""assessment"",""influence"":0.736},{""eventId"":""EV-0029082"",""sourceType"":""peer_feedback"",""influence"":0.425},{""eventId"":""EV-0029053"",""sourceType"":""peer_feedback"",""influence"":0.332}]",
REC-E-0196-problem_solving,E-0196,problem_solving,2026-09-29T00:00:00.000Z,insufficient_evidence,observation_gap,-0.31,0,ACT-0010,stretch assignment: problem solving #1,0.75,103,"[{""eventId"":""EV-0029052"",""sourceType"":""peer_feedback"",""influence"":0.966},{""eventId"":""EV-0029079"",""sourceType"":""manager_feedback"",""influence"":0.383},{""eventId"":""EV-0029049"",""sourceType"":""manager_feedback"",""influence"":0.381}]",
REC-E-0196-stakeholder_alignment,E-0196,stakeholder_alignment,2026-09-29T00:00:00.000Z,stagnating,practice_gap,0.44,0.415,ACT-0034,stretch assignment: stakeholder alignment #1,0.68,119,"[{""eventId"":""EV-0029144"",""sourceType"":""assessment"",""influence"":0.307},{""eventId"":""EV-0029046"",""sourceType"":""self_assessment"",""influence"":0.276},{""eventId"":""EV-0029176"",""sourceType"":""assessment"",""influence"":0.183}]",
REC-E-0197-visual_craft,E-0197,visual_craft,2026-09-29T00:00:00.000Z,stagnating,knowledge_gap,0.37,0.353,ACT-0037,mentor: visual craft #1,0.72,171,"[{""eventId"":""EV-0029213"",""sourceType"":""manager_feedback"",""influence"":1.17},{""eventId"":""EV-0029225"",""sourceType"":""assessment"",""influence"":0.298},{""eventId"":""EV-0029289"",""sourceType"":""assessment"",""influence"":0.258}]",
REC-E-0197-ux_research,E-0197,ux_research,2026-09-29T00:00:00.000Z,insufficient_evidence,observation_gap,-0.29,0,ACT-0041,stretch assignment: ux research #2,0.78,110,"[{""eventId"":""EV-0029217"",""sourceType"":""peer_feedback"",""influence"":1.123},{""eventId"":""EV-0029246"",""sourceType"":""manager_feedback"",""influence"":0.365},{""eventId"":""EV-0029227"",""sourceType"":""assessment"",""influence"":0.295}]",
REC-E-0198-problem_solving,E-0198,problem_solving,2026-09-29T00:00:00.000Z,insufficient_evidence,observation_gap,-1.77,0,ACT-0010,stretch assignment: problem solving #1,0.75,103,"[{""eventId"":""EV-0029494"",""sourceType"":""training"",""influence"":2.784},{""eventId"":""EV-0029356"",""sourceType"":""assessment"",""influence"":0.483},{""eventId"":""EV-0029505"",""sourceType"":""project"",""influence"":0.462}]",
REC-E-0199-execution,E-0199,execution,2026-09-29T00:00:00.000Z,stagnating,knowledge_gap,0.56,0.271,ACT-0006,mentor: execution #3,0.72,113,"[{""eventId"":""EV-0029507"",""sourceType"":""kpi"",""influence"":0.343},{""eventId"":""EV-0029512"",""sourceType"":""self_assessment"",""influence"":0.284},{""eventId"":""EV-0029620"",""sourceType"":""manager_feedback"",""influence"":0.273}]",
REC-E-0199-talent_assessment,E-0199,talent_assessment,2026-09-29T00:00:00.000Z,declining,knowledge_gap,1.25,2.25,ACT-0051,community: talent assessment #3,0.29,119,"[{""eventId"":""EV-0029515"",""sourceType"":""self_assessment"",""influence"":0.847},{""eventId"":""EV-0029594"",""sourceType"":""kpi"",""influence"":0.324},{""eventId"":""EV-0029536"",""sourceType"":""kpi"",""influence"":0.277}]",
REC-E-0199-policy_navigation,E-0199,policy_navigation,2026-09-29T00:00:00.000Z,stagnating,application_gap,0.58,0.587,ACT-0052,mentor: policy navigation #1,0.56,119,"[{""eventId"":""EV-0029526"",""sourceType"":""peer_feedback"",""influence"":0.346},{""eventId"":""EV-0029556"",""sourceType"":""peer_feedback"",""influence"":0.276},{""eventId"":""EV-0029522"",""sourceType"":""peer_feedback"",""influence"":0.16}]",
REC-E-0201-execution,E-0201,execution,2026-09-29T00:00:00.000Z,stagnating,application_gap,0.38,0.193,ACT-0006,mentor: execution #3,0.72,113,"[{""eventId"":""EV-0029845"",""sourceType"":""manager_feedback"",""influence"":0.823},{""eventId"":""EV-0029854"",""sourceType"":""assessment"",""influence"":0.516},{""eventId"":""EV-0029867"",""sourceType"":""manager_feedback"",""influence"":0.333}]",
REC-E-0201-problem_solving,E-0201,problem_solving,2026-09-29T00:00:00.000Z,insufficient_evidence,observation_gap,-1.4,0,ACT-0010,stretch assignment: problem solving #1,0.75,103,"[{""eventId"":""EV-0029849"",""sourceType"":""peer_feedback"",""influence"":0.536},{""eventId"":""EV-0029891"",""sourceType"":""assessment"",""influence"":0.518},{""eventId"":""EV-0029904"",""sourceType"":""self_assessment"",""influence"":0.397}]",
REC-E-0201-system_design,E-0201,system_design,2026-09-29T00:00:00.000Z,insufficient_evidence,observation_gap,-0.45,0,ACT-0015,stretch assignment: system design #3,0.28,161,"[{""eventId"":""EV-0029961"",""sourceType"":""training"",""influence"":0.665},{""eventId"":""EV-0029836"",""sourceType"":""kpi"",""influence"":0.523},{""eventId"":""EV-0029879"",""sourceType"":""manager_feedback"",""influence"":0.428}]",
REC-E-0202-communication,E-0202,communication,2026-09-29T00:00:00.000Z,stagnating,practice_gap,1.06,0.698,ACT-0001,stretch assignment: communication #1,0.52,81,"[{""eventId"":""EV-0030008"",""sourceType"":""peer_feedback"",""influence"":1.25},{""eventId"":""EV-0030117"",""sourceType"":""training"",""influence"":0.712},{""eventId"":""EV-0030086"",""sourceType"":""assessment"",""influence"":0.191}]",
REC-E-0202-execution,E-0202,execution,2026-09-29T00:00:00.000Z,stagnating,application_gap,0.5,0.24,ACT-0006,mentor: execution #3,0.72,113,"[{""eventId"":""EV-0030068"",""sourceType"":""peer_feedback"",""influence"":0.313},{""eventId"":""EV-0029994"",""sourceType"":""manager_feedback"",""influence"":0.25},{""eventId"":""EV-0030021"",""sourceType"":""kpi"",""influence"":0.209}]",
REC-E-0202-collaboration,E-0202,collaboration,2026-09-29T00:00:00.000Z,stagnating,knowledge_gap,1.08,0.481,ACT-0007,mentor: collaboration #1,0.62,170,"[{""eventId"":""EV-0029995"",""sourceType"":""manager_feedback"",""influence"":1.267},{""eventId"":""EV-0030052"",""sourceType"":""assessment"",""influence"":0.566},{""eventId"":""EV-0030083"",""sourceType"":""manager_feedback"",""influence"":0.361}]",
REC-E-0202-problem_solving,E-0202,problem_solving,2026-09-29T00:00:00.000Z,stagnating,practice_gap,1.04,0.496,ACT-0010,stretch assignment: problem solving #1,0.75,103,"[{""eventId"":""EV-0029996"",""sourceType"":""manager_feedback"",""influence"":1.245},{""eventId"":""EV-0030114"",""sourceType"":""training"",""influence"":0.417},{""eventId"":""EV-0029984"",""sourceType"":""assessment"",""influence"":0.393}]",
REC-E-0202-negotiation,E-0202,negotiation,2026-09-29T00:00:00.000Z,declining,practice_gap,1.73,3.114,ACT-0019,project: negotiation #1,0.4,165,"[{""eventId"":""EV-0030017"",""sourceType"":""assessment"",""influence"":0.578},{""eventId"":""EV-0030002"",""sourceType"":""peer_feedback"",""influence"":0.393},{""eventId"":""EV-0029986"",""sourceType"":""assessment"",""influence"":0.349}]",
REC-E-0202-pipeline_mgmt,E-0202,pipeline_mgmt,2026-09-29T00:00:00.000Z,stagnating,knowledge_gap,0.54,0.351,ACT-0022,stretch assignment: pipeline mgmt #1,0.75,154,"[{""eventId"":""EV-0029978"",""sourceType"":""kpi"",""influence"":0.85},{""eventId"":""EV-0030009"",""sourceType"":""peer_feedback"",""influence"":0.345},{""eventId"":""EV-0030006"",""sourceType"":""kpi"",""influence"":0.303}]",
REC-E-0203-execution,E-0203,execution,2026-09-29T00:00:00.000Z,improving,practice_gap,1.06,0.07,ACT-0006,mentor: execution #3,0.72,113,"[{""eventId"":""EV-0030124"",""sourceType"":""kpi"",""influence"":1.55},{""eventId"":""EV-0030130"",""sourceType"":""assessment"",""influence"":0.602},{""eventId"":""EV-0030219"",""sourceType"":""assessment"",""influence"":0.441}]",
REC-E-0203-collaboration,E-0203,collaboration,2026-09-29T00:00:00.000Z,stagnating,practice_gap,0.71,0.39,ACT-0007,mentor: collaboration #1,0.62,170,"[{""eventId"":""EV-0030146"",""sourceType"":""self_assessment"",""influence"":0.996},{""eventId"":""EV-0030245"",""sourceType"":""project"",""influence"":0.64},{""eventId"":""EV-0030132"",""sourceType"":""assessment"",""influence"":0.32}]",
REC-E-0203-problem_solving,E-0203,problem_solving,2026-09-29T00:00:00.000Z,insufficient_evidence,observation_gap,1.12,0.099,ACT-0010,stretch assignment: problem solving #1,0.75,103,"[{""eventId"":""EV-0030134"",""sourceType"":""assessment"",""influence"":0.689},{""eventId"":""EV-0030173"",""sourceType"":""assessment"",""influence"":0.347},{""eventId"":""EV-0030165"",""sourceType"":""peer_feedback"",""influence"":0.224}]",
REC-E-0203-campaign_strategy,E-0203,campaign_strategy,2026-09-29T00:00:00.000Z,insufficient_evidence,observation_gap,1.91,2.799,ACT-0027,coaching: campaign strategy #3,0.71,65,"[{""eventId"":""EV-0030126"",""sourceType"":""kpi"",""influence"":1.075},{""eventId"":""EV-0030243"",""sourceType"":""project"",""influence"":0.326},{""eventId"":""EV-0030181"",""sourceType"":""kpi"",""influence"":0.212}]",
REC-E-0203-content_quality,E-0203,content_quality,2026-09-29T00:00:00.000Z,improving,practice_gap,0.8,0,ACT-0028,course: content quality #1,0.73,107,"[{""eventId"":""EV-0030234"",""sourceType"":""training"",""influence"":0.539},{""eventId"":""EV-0030217"",""sourceType"":""self_assessment"",""influence"":0.41},{""eventId"":""EV-0030152"",""sourceType"":""peer_feedback"",""influence"":0.404}]",
REC-E-0204-communication,E-0204,communication,2026-09-29T00:00:00.000Z,stagnating,practice_gap,0.8,0.371,ACT-0001,stretch assignment: communication #1,0.52,81,"[{""eventId"":""EV-0030267"",""sourceType"":""peer_feedback"",""influence"":0.719},{""eventId"":""EV-0030292"",""sourceType"":""manager_feedback"",""influence"":0.648},{""eventId"":""EV-0030340"",""sourceType"":""assessment"",""influence"":0.541}]",
REC-E-0204-execution,E-0204,execution,2026-09-29T00:00:00.000Z,declining,practice_gap,1.37,1.367,ACT-0006,mentor: execution #3,0.72,113,"[{""eventId"":""EV-0030269"",""sourceType"":""peer_feedback"",""influence"":0.688},{""eventId"":""EV-0030289"",""sourceType"":""kpi"",""influence"":0.66},{""eventId"":""EV-0030303"",""sourceType"":""assessment"",""influence"":0.419}]",
REC-E-0204-problem_solving,E-0204,problem_solving,2026-09-29T00:00:00.000Z,declining,consistency_gap,1.66,1.662,ACT-0010,stretch assignment: problem solving #1,0.75,103,"[{""eventId"":""EV-0030291"",""sourceType"":""manager_feedback"",""influence"":1.234},{""eventId"":""EV-0030264"",""sourceType"":""manager_feedback"",""influence"":0.814},{""eventId"":""EV-0030307"",""sourceType"":""assessment"",""influence"":0.317}]",
REC-E-0204-stakeholder_alignment,E-0204,stakeholder_alignment,2026-09-29T00:00:00.000Z,stagnating,practice_gap,1.14,1.131,ACT-0034,stretch assignment: stakeholder alignment #1,0.68,119,"[{""eventId"":""EV-0030260"",""sourceType"":""self_assessment"",""influence"":0.804},{""eventId"":""EV-0030262"",""sourceType"":""manager_feedback"",""influence"":0.386},{""eventId"":""EV-0030293"",""sourceType"":""manager_feedback"",""influence"":0.353}]",
REC-E-0205-execution,E-0205,execution,2026-09-29T00:00:00.000Z,declining,practice_gap,1.11,1.108,ACT-0006,mentor: execution #3,0.72,113,"[{""eventId"":""EV-0030433"",""sourceType"":""peer_feedback"",""influence"":1.056},{""eventId"":""EV-0030473"",""sourceType"":""assessment"",""influence"":0.273},{""eventId"":""EV-0030497"",""sourceType"":""manager_feedback"",""influence"":0.24}]",
REC-E-0205-problem_solving,E-0205,problem_solving,2026-09-29T00:00:00.000Z,declining,practice_gap,0.64,0.608,ACT-0010,stretch assignment: problem solving #1,0.75,103,"[{""eventId"":""EV-0030477"",""sourceType"":""assessment"",""influence"":0.904},{""eventId"":""EV-0030429"",""sourceType"":""self_assessment"",""influence"":0.815},{""eventId"":""EV-0030500"",""sourceType"":""peer_feedback"",""influence"":0.418}]",
REC-E-0205-visual_craft,E-0205,visual_craft,2026-09-29T00:00:00.000Z,stagnating,practice_gap,0.99,0.875,ACT-0037,mentor: visual craft #1,0.72,171,"[{""eventId"":""EV-0030430"",""sourceType"":""self_assessment"",""influence"":0.839},{""eventId"":""EV-0030554"",""sourceType"":""training"",""influence"":0.628},{""eventId"":""EV-0030443"",""sourceType"":""assessment"",""influence"":0.567}]",
REC-E-0205-ux_research,E-0205,ux_research,2026-09-29T00:00:00.000Z,insufficient_evidence,observation_gap,-0.45,0,ACT-0041,stretch assignment: ux research #2,0.78,110,"[{""eventId"":""EV-0030422"",""sourceType"":""peer_feedback"",""influence"":1.047},{""eventId"":""EV-0030420"",""sourceType"":""self_assessment"",""influence"":0.281}]",
REC-E-0206-problem_solving,E-0206,problem_solving,2026-09-29T00:00:00.000Z,stagnating,knowledge_gap,1.07,0.671,ACT-0010,stretch assignment: problem solving #1,0.75,103,"[{""eventId"":""EV-0030628"",""sourceType"":""assessment"",""influence"":0.698},{""eventId"":""EV-0030660"",""sourceType"":""assessment"",""influence"":0.474},{""eventId"":""EV-0030584"",""sourceType"":""assessment"",""influence"":0.461}]",
REC-E-0206-financial_modeling,E-0206,financial_modeling,2026-09-29T00:00:00.000Z,stagnating,practice_gap,1.19,1.04,ACT-0045,community: financial modeling #3,0.62,81,"[{""eventId"":""EV-0030573"",""sourceType"":""kpi"",""influence"":0.742},{""eventId"":""EV-0030586"",""sourceType"":""assessment"",""influence"":0.725},{""eventId"":""EV-0030711"",""sourceType"":""project"",""influence"":0.389}]",
REC-E-0207-problem_solving,E-0207,problem_solving,2026-09-29T00:00:00.000Z,stagnating,practice_gap,0.77,0.483,ACT-0010,stretch assignment: problem solving #1,0.75,103,"[{""eventId"":""EV-0030728"",""sourceType"":""self_assessment"",""influence"":0.806},{""eventId"":""EV-0030784"",""sourceType"":""assessment"",""influence"":0.63},{""eventId"":""EV-0030740"",""sourceType"":""assessment"",""influence"":0.348}]",
REC-E-0208-execution,E-0208,execution,2026-09-29T00:00:00.000Z,insufficient_evidence,observation_gap,0.47,0.404,ACT-0005,project: execution #2,0.23,120,"[{""eventId"":""EV-0030904"",""sourceType"":""manager_feedback"",""influence"":0.858},{""eventId"":""EV-0031053"",""sourceType"":""project"",""influence"":0.376},{""eventId"":""EV-0030956"",""sourceType"":""assessment"",""influence"":0.359}]",
REC-E-0208-problem_solving,E-0208,problem_solving,2026-09-29T00:00:00.000Z,stagnating,practice_gap,0.69,0.354,ACT-0010,stretch assignment: problem solving #1,0.75,103,"[{""eventId"":""EV-0030913"",""sourceType"":""assessment"",""influence"":0.433},{""eventId"":""EV-0030946"",""sourceType"":""manager_feedback"",""influence"":0.399},{""eventId"":""EV-0030985"",""sourceType"":""assessment"",""influence"":0.388}]",
REC-E-0208-customer_resolution,E-0208,customer_resolution,2026-09-29T00:00:00.000Z,stagnating,practice_gap,0.81,0.74,ACT-0055,stretch assignment: customer resolution #1,0.8,73,"[{""eventId"":""EV-0030928"",""sourceType"":""manager_feedback"",""influence"":0.486},{""eventId"":""EV-0030935"",""sourceType"":""kpi"",""influence"":0.47},{""eventId"":""EV-0030900"",""sourceType"":""self_assessment"",""influence"":0.263}]",
REC-E-0210-negotiation,E-0210,negotiation,2026-09-29T00:00:00.000Z,insufficient_evidence,observation_gap,-1.39,0,ACT-0019,project: negotiation #1,0.4,165,"[{""eventId"":""EV-0031219"",""sourceType"":""self_assessment"",""influence"":0.733},{""eventId"":""EV-0031226"",""sourceType"":""peer_feedback"",""influence"":0.446},{""eventId"":""EV-0031321"",""sourceType"":""manager_feedback"",""influence"":0.325}]",
REC-E-0210-pipeline_mgmt,E-0210,pipeline_mgmt,2026-09-29T00:00:00.000Z,insufficient_evidence,observation_gap,-0.35,0,ACT-0022,stretch assignment: pipeline mgmt #1,0.75,154,"[{""eventId"":""EV-0031220"",""sourceType"":""self_assessment"",""influence"":0.785},{""eventId"":""EV-0031276"",""sourceType"":""assessment"",""influence"":0.408},{""eventId"":""EV-0031213"",""sourceType"":""kpi"",""influence"":0.342}]",
REC-E-0211-collaboration,E-0211,collaboration,2026-09-29T00:00:00.000Z,stagnating,practice_gap,0.31,0.159,ACT-0007,mentor: collaboration #1,0.62,170,"[{""eventId"":""EV-0031385"",""sourceType"":""assessment"",""influence"":1.007},{""eventId"":""EV-0031414"",""sourceType"":""assessment"",""influence"":0.796},{""eventId"":""EV-0031489"",""sourceType"":""project"",""influence"":0.361}]",
REC-E-0212-collaboration,E-0212,collaboration,2026-09-29T00:00:00.000Z,declining,practice_gap,1.75,1.717,ACT-0007,mentor: collaboration #1,0.62,170,"[{""eventId"":""EV-0031497"",""sourceType"":""self_assessment"",""influence"":0.79},{""eventId"":""EV-0031575"",""sourceType"":""peer_feedback"",""influence"":0.376},{""eventId"":""EV-0031514"",""sourceType"":""assessment"",""influence"":0.354}]",
REC-E-0212-stakeholder_alignment,E-0212,stakeholder_alignment,2026-09-29T00:00:00.000Z,stagnating,practice_gap,0.45,0.492,ACT-0034,stretch assignment: stakeholder alignment #1,0.68,119,"[{""eventId"":""EV-0031520"",""sourceType"":""assessment"",""influence"":0.618},{""eventId"":""EV-0031551"",""sourceType"":""assessment"",""influence"":0.342},{""eventId"":""EV-0031500"",""sourceType"":""self_assessment"",""influence"":0.278}]",
REC-E-0213-execution,E-0213,execution,2026-09-29T00:00:00.000Z,improving,practice_gap,1.92,0.197,ACT-0006,mentor: execution #3,0.72,113,"[{""eventId"":""EV-0031643"",""sourceType"":""kpi"",""influence"":1.083},{""eventId"":""EV-0031652"",""sourceType"":""assessment"",""influence"":0.479},{""eventId"":""EV-0031752"",""sourceType"":""training"",""influence"":0.415}]",
REC-E-0213-collaboration,E-0213,collaboration,2026-09-29T00:00:00.000Z,improving,application_gap,1.21,0,ACT-0007,mentor: collaboration #1,0.62,170,"[{""eventId"":""EV-0031648"",""sourceType"":""peer_feedback"",""influence"":1.013},{""eventId"":""EV-0031719"",""sourceType"":""assessment"",""influence"":0.643},{""eventId"":""EV-0031751"",""sourceType"":""training"",""influence"":0.622}]",
REC-E-0213-problem_solving,E-0213,problem_solving,2026-09-29T00:00:00.000Z,declining,knowledge_gap,2.81,2.812,ACT-0010,stretch assignment: problem solving #1,0.75,103,"[{""eventId"":""EV-0031656"",""sourceType"":""assessment"",""influence"":1.842},{""eventId"":""EV-0031699"",""sourceType"":""peer_feedback"",""influence"":0.816},{""eventId"":""EV-0031669"",""sourceType"":""self_assessment"",""influence"":0.554}]",
REC-E-0213-visual_craft,E-0213,visual_craft,2026-09-29T00:00:00.000Z,declining,knowledge_gap,2.34,4.13,ACT-0037,mentor: visual craft #1,0.72,171,"[{""eventId"":""EV-0031645"",""sourceType"":""kpi"",""influence"":1.008},{""eventId"":""EV-0031746"",""sourceType"":""kpi"",""influence"":0.328},{""eventId"":""EV-0031664"",""sourceType"":""kpi"",""influence"":0.229}]",
REC-E-0213-ux_research,E-0213,ux_research,2026-09-29T00:00:00.000Z,insufficient_evidence,observation_gap,1.71,2.089,ACT-0041,stretch assignment: ux research #2,0.78,110,"[{""eventId"":""EV-0031742"",""sourceType"":""assessment"",""influence"":0.814},{""eventId"":""EV-0031671"",""sourceType"":""self_assessment"",""influence"":0.366},{""eventId"":""EV-0031734"",""sourceType"":""self_assessment"",""influence"":0.237}]",
REC-E-0214-communication,E-0214,communication,2026-09-29T00:00:00.000Z,improving,knowledge_gap,0.57,0,ACT-0001,stretch assignment: communication #1,0.52,81,"[{""eventId"":""EV-0031855"",""sourceType"":""assessment"",""influence"":0.328},{""eventId"":""EV-0031826"",""sourceType"":""assessment"",""influence"":0.294},{""eventId"":""EV-0031819"",""sourceType"":""self_assessment"",""influence"":0.229}]",
REC-E-0214-execution,E-0214,execution,2026-09-29T00:00:00.000Z,declining,knowledge_gap,0.7,0.643,ACT-0006,mentor: execution #3,0.72,113,"[{""eventId"":""EV-0031762"",""sourceType"":""manager_feedback"",""influence"":1.178},{""eventId"":""EV-0031796"",""sourceType"":""assessment"",""influence"":0.599},{""eventId"":""EV-0031828"",""sourceType"":""assessment"",""influence"":0.284}]",
REC-E-0214-compliance_rigor,E-0214,compliance_rigor,2026-09-29T00:00:00.000Z,stagnating,practice_gap,1.6,1.869,ACT-0046,stretch assignment: compliance rigor #1,0.58,77,"[{""eventId"":""EV-0031875"",""sourceType"":""training"",""influence"":0.582},{""eventId"":""EV-0031776"",""sourceType"":""assessment"",""influence"":0.569},{""eventId"":""EV-0031811"",""sourceType"":""manager_feedback"",""influence"":0.4}]",
REC-E-0215-collaboration,E-0215,collaboration,2026-09-29T00:00:00.000Z,insufficient_evidence,observation_gap,-0.29,0,ACT-0009,stretch assignment: collaboration #3,0.37,140,"[{""eventId"":""EV-0031892"",""sourceType"":""peer_feedback"",""influence"":1.62},{""eventId"":""EV-0031890"",""sourceType"":""self_assessment"",""influence"":0.987}]",
REC-E-0215-problem_solving,E-0215,problem_solving,2026-09-29T00:00:00.000Z,insufficient_evidence,observation_gap,-1.62,0,ACT-0010,stretch assignment: problem solving #1,0.75,103,"[{""eventId"":""EV-0031930"",""sourceType"":""self_assessment"",""influence"":0.595},{""eventId"":""EV-0031922"",""sourceType"":""manager_feedback"",""influence"":0.59},{""eventId"":""EV-0031906"",""sourceType"":""peer_feedback"",""influence"":0.375}]",
REC-E-0215-policy_navigation,E-0215,policy_navigation,2026-09-29T00:00:00.000Z,insufficient_evidence,observation_gap,-0.08,0,ACT-0052,mentor: policy navigation #1,0.56,119,"[{""eventId"":""EV-0031916"",""sourceType"":""assessment"",""influence"":0.387},{""eventId"":""EV-0031900"",""sourceType"":""self_assessment"",""influence"":0.269},{""eventId"":""EV-0031934"",""sourceType"":""manager_feedback"",""influence"":0.233}]",
REC-E-0216-problem_solving,E-0216,problem_solving,2026-09-29T00:00:00.000Z,stagnating,practice_gap,0.71,0.317,ACT-0010,stretch assignment: problem solving #1,0.75,103,"[{""eventId"":""EV-0032038"",""sourceType"":""manager_feedback"",""influence"":0.808},{""eventId"":""EV-0032080"",""sourceType"":""peer_feedback"",""influence"":0.281},{""eventId"":""EV-0032032"",""sourceType"":""self_assessment"",""influence"":0.262}]",
REC-E-0216-customer_resolution,E-0216,customer_resolution,2026-09-29T00:00:00.000Z,stagnating,practice_gap,1.33,1.371,ACT-0055,stretch assignment: customer resolution #1,0.8,73,"[{""eventId"":""EV-0032033"",""sourceType"":""self_assessment"",""influence"":0.739},{""eventId"":""EV-0032066"",""sourceType"":""kpi"",""influence"":0.414},{""eventId"":""EV-0032135"",""sourceType"":""kpi"",""influence"":0.33}]",
REC-E-0217-communication,E-0217,communication,2026-09-29T00:00:00.000Z,stagnating,knowledge_gap,1,0.497,ACT-0001,stretch assignment: communication #1,0.52,81,"[{""eventId"":""EV-0032305"",""sourceType"":""manager_feedback"",""influence"":0.385},{""eventId"":""EV-0032208"",""sourceType"":""peer_feedback"",""influence"":0.355},{""eventId"":""EV-0032254"",""sourceType"":""assessment"",""influence"":0.303}]",
REC-E-0217-execution,E-0217,execution,2026-09-29T00:00:00.000Z,improving,application_gap,0.87,0,ACT-0006,mentor: execution #3,0.72,113,"[{""eventId"":""EV-0032212"",""sourceType"":""peer_feedback"",""influence"":1.032},{""eventId"":""EV-0032226"",""sourceType"":""kpi"",""influence"":0.531},{""eventId"":""EV-0032216"",""sourceType"":""assessment"",""influence"":0.368}]",
REC-E-0217-collaboration,E-0217,collaboration,2026-09-29T00:00:00.000Z,stagnating,practice_gap,0.86,0.462,ACT-0007,mentor: collaboration #1,0.62,170,"[{""eventId"":""EV-0032206"",""sourceType"":""manager_feedback"",""influence"":0.403},{""eventId"":""EV-0032218"",""sourceType"":""assessment"",""influence"":0.324},{""eventId"":""EV-0032236"",""sourceType"":""peer_feedback"",""influence"":0.308}]",
REC-E-0217-system_design,E-0217,system_design,2026-09-29T00:00:00.000Z,improving,practice_gap,0.93,0.179,ACT-0014,coaching: system design #2,0.59,90,"[{""eventId"":""EV-0032202"",""sourceType"":""kpi"",""influence"":1.508},{""eventId"":""EV-0032304"",""sourceType"":""manager_feedback"",""influence"":0.23},{""eventId"":""EV-0032274"",""sourceType"":""peer_feedback"",""influence"":0.215}]",
REC-E-0218-communication,E-0218,communication,2026-09-29T00:00:00.000Z,insufficient_evidence,observation_gap,-0.6,0,ACT-0001,stretch assignment: communication #1,0.52,81,"[{""eventId"":""EV-0032361"",""sourceType"":""self_assessment"",""influence"":0.778},{""eventId"":""EV-0032415"",""sourceType"":""assessment"",""influence"":0.229},{""eventId"":""EV-0032484"",""sourceType"":""assessment"",""influence"":0.189}]",
REC-E-0218-execution,E-0218,execution,2026-09-29T00:00:00.000Z,stagnating,practice_gap,1.34,0.689,ACT-0006,mentor: execution #3,0.72,113,"[{""eventId"":""EV-0032362"",""sourceType"":""self_assessment"",""influence"":0.721},{""eventId"":""EV-0032369"",""sourceType"":""manager_feedback"",""influence"":0.543},{""eventId"":""EV-0032417"",""sourceType"":""assessment"",""influence"":0.429}]",
REC-E-0218-collaboration,E-0218,collaboration,2026-09-29T00:00:00.000Z,insufficient_evidence,observation_gap,1.65,1.324,ACT-0009,stretch assignment: collaboration #3,0.37,140,"[{""eventId"":""EV-0032438"",""sourceType"":""peer_feedback"",""influence"":0.559},{""eventId"":""EV-0032395"",""sourceType"":""manager_feedback"",""influence"":0.445},{""eventId"":""EV-0032363"",""sourceType"":""self_assessment"",""influence"":0.258}]",
REC-E-0218-problem_solving,E-0218,problem_solving,2026-09-29T00:00:00.000Z,stagnating,practice_gap,0.59,0.311,ACT-0010,stretch assignment: problem solving #1,0.75,103,"[{""eventId"":""EV-0032486"",""sourceType"":""assessment"",""influence"":0.318},{""eventId"":""EV-0032364"",""sourceType"":""self_assessment"",""influence"":0.244},{""eventId"":""EV-0032467"",""sourceType"":""peer_feedback"",""influence"":0.217}]",
REC-E-0219-communication,E-0219,communication,2026-09-29T00:00:00.000Z,declining,application_gap,0.66,0.642,ACT-0001,stretch assignment: communication #1,0.52,81,"[{""eventId"":""EV-0032584"",""sourceType"":""assessment"",""influence"":1.007},{""eventId"":""EV-0032518"",""sourceType"":""self_assessment"",""influence"":0.839},{""eventId"":""EV-0032525"",""sourceType"":""manager_feedback"",""influence"":0.392}]",
REC-E-0219-collaboration,E-0219,collaboration,2026-09-29T00:00:00.000Z,insufficient_evidence,observation_gap,0.59,0.291,ACT-0009,stretch assignment: collaboration #3,0.37,140,"[{""eventId"":""EV-0032514"",""sourceType"":""peer_feedback"",""influence"":1.319},{""eventId"":""EV-0032512"",""sourceType"":""self_assessment"",""influence"":0.896}]",
REC-E-0219-campaign_strategy,E-0219,campaign_strategy,2026-09-29T00:00:00.000Z,stagnating,practice_gap,0.84,0.937,ACT-0027,coaching: campaign strategy #3,0.71,65,"[{""eventId"":""EV-0032643"",""sourceType"":""training"",""influence"":0.624},{""eventId"":""EV-0032567"",""sourceType"":""assessment"",""influence"":0.402},{""eventId"":""EV-0032521"",""sourceType"":""self_assessment"",""influence"":0.251}]",
REC-E-0220-stakeholder_alignment,E-0220,stakeholder_alignment,2026-09-29T00:00:00.000Z,insufficient_evidence,observation_gap,-1.39,0,ACT-0034,stretch assignment: stakeholder alignment #1,0.68,119,"[{""eventId"":""EV-0032668"",""sourceType"":""self_assessment"",""influence"":0.737},{""eventId"":""EV-0032805"",""sourceType"":""training"",""influence"":0.715},{""eventId"":""EV-0032755"",""sourceType"":""assessment"",""influence"":0.33}]",
REC-E-0221-visual_craft,E-0221,visual_craft,2026-09-29T00:00:00.000Z,stagnating,practice_gap,0.42,0.431,ACT-0037,mentor: visual craft #1,0.72,171,"[{""eventId"":""EV-0032820"",""sourceType"":""manager_feedback"",""influence"":1.251},{""eventId"":""EV-0032830"",""sourceType"":""assessment"",""influence"":0.337},{""eventId"":""EV-0032834"",""sourceType"":""kpi"",""influence"":0.279}]",
REC-E-0221-ux_research,E-0221,ux_research,2026-09-29T00:00:00.000Z,stagnating,practice_gap,0.33,0.358,ACT-0041,stretch assignment: ux research #2,0.78,110,"[{""eventId"":""EV-0032832"",""sourceType"":""assessment"",""influence"":1.17},{""eventId"":""EV-0032992"",""sourceType"":""training"",""influence"":0.606},{""eventId"":""EV-0033000"",""sourceType"":""project"",""influence"":0.415}]",
REC-E-0222-financial_modeling,E-0222,financial_modeling,2026-09-29T00:00:00.000Z,insufficient_evidence,observation_gap,-1.06,0,ACT-0043,project: financial modeling #1,0.45,104,"[{""eventId"":""EV-0033010"",""sourceType"":""kpi"",""influence"":0.406},{""eventId"":""EV-0033012"",""sourceType"":""manager_feedback"",""influence"":0.392},{""eventId"":""EV-0033022"",""sourceType"":""assessment"",""influence"":0.37}]",
REC-E-0224-collaboration,E-0224,collaboration,2026-09-29T00:00:00.000Z,insufficient_evidence,observation_gap,-1.71,0,ACT-0009,stretch assignment: collaboration #3,0.37,140,"[{""eventId"":""EV-0033299"",""sourceType"":""manager_feedback"",""influence"":1.118},{""eventId"":""EV-0033322"",""sourceType"":""self_assessment"",""influence"":0.45},{""eventId"":""EV-0033335"",""sourceType"":""assessment"",""influence"":0.432}]",
REC-E-0224-troubleshooting,E-0224,troubleshooting,2026-09-29T00:00:00.000Z,stagnating,knowledge_gap,0.49,0.534,ACT-0060,stretch assignment: troubleshooting #3,0.62,45,"[{""eventId"":""EV-0033302"",""sourceType"":""peer_feedback"",""influence"":1.043},{""eventId"":""EV-0033341"",""sourceType"":""assessment"",""influence"":0.55},{""eventId"":""EV-0033428"",""sourceType"":""assessment"",""influence"":0.331}]",
REC-E-0225-communication,E-0225,communication,2026-09-29T00:00:00.000Z,insufficient_evidence,observation_gap,-1.54,0,ACT-0001,stretch assignment: communication #1,0.52,81,"[{""eventId"":""EV-0033451"",""sourceType"":""assessment"",""influence"":1.192},{""eventId"":""EV-0033585"",""sourceType"":""training"",""influence"":0.512},{""eventId"":""EV-0033531"",""sourceType"":""assessment"",""influence"":0.373}]",
REC-E-0226-collaboration,E-0226,collaboration,2026-09-29T00:00:00.000Z,insufficient_evidence,observation_gap,1.64,1.459,ACT-0009,stretch assignment: collaboration #3,0.37,140,"[{""eventId"":""EV-0033619"",""sourceType"":""assessment"",""influence"":0.972},{""eventId"":""EV-0033666"",""sourceType"":""project"",""influence"":0.479},{""eventId"":""EV-0033672"",""sourceType"":""project"",""influence"":0.295}]",
REC-E-0226-problem_solving,E-0226,problem_solving,2026-09-29T00:00:00.000Z,insufficient_evidence,observation_gap,1.41,0.825,ACT-0010,stretch assignment: problem solving #1,0.75,103,"[{""eventId"":""EV-0033602"",""sourceType"":""self_assessment"",""influence"":0.319},{""eventId"":""EV-0033604"",""sourceType"":""peer_feedback"",""influence"":0.17}]",
REC-E-0226-negotiation,E-0226,negotiation,2026-09-29T00:00:00.000Z,insufficient_evidence,observation_gap,0.26,0.367,ACT-0019,project: negotiation #1,0.4,165,"[{""eventId"":""EV-0033611"",""sourceType"":""manager_feedback"",""influence"":1.12},{""eventId"":""EV-0033636"",""sourceType"":""manager_feedback"",""influence"":0.684},{""eventId"":""EV-0033659"",""sourceType"":""peer_feedback"",""influence"":0.296}]",
REC-E-0226-pipeline_mgmt,E-0226,pipeline_mgmt,2026-09-29T00:00:00.000Z,insufficient_evidence,observation_gap,1.39,0.541,ACT-0022,stretch assignment: pipeline mgmt #1,0.75,154,"[{""eventId"":""EV-0033610"",""sourceType"":""manager_feedback"",""influence"":1.12},{""eventId"":""EV-0033645"",""sourceType"":""assessment"",""influence"":0.328},{""eventId"":""EV-0033621"",""sourceType"":""assessment"",""influence"":0.32}]",
REC-E-0227-communication,E-0227,communication,2026-09-29T00:00:00.000Z,stagnating,practice_gap,0.37,0.177,ACT-0001,stretch assignment: communication #1,0.52,81,"[{""eventId"":""EV-0033687"",""sourceType"":""peer_feedback"",""influence"":0.346},{""eventId"":""EV-0033760"",""sourceType"":""assessment"",""influence"":0.164},{""eventId"":""EV-0033722"",""sourceType"":""assessment"",""influence"":0.103}]",
REC-E-0227-execution,E-0227,execution,2026-09-29T00:00:00.000Z,declining,knowledge_gap,1.83,1.795,ACT-0006,mentor: execution #3,0.72,113,"[{""eventId"":""EV-0033677"",""sourceType"":""self_assessment"",""influence"":0.771},{""eventId"":""EV-0033674"",""sourceType"":""kpi"",""influence"":0.351},{""eventId"":""EV-0033734"",""sourceType"":""kpi"",""influence"":0.328}]",
REC-E-0227-problem_solving,E-0227,problem_solving,2026-09-29T00:00:00.000Z,declining,practice_gap,3.21,3.052,,,,,"[{""eventId"":""EV-0033728"",""sourceType"":""assessment"",""influence"":0.728},{""eventId"":""EV-0033719"",""sourceType"":""peer_feedback"",""influence"":0.494},{""eventId"":""EV-0033789"",""sourceType"":""peer_feedback"",""influence"":0.429}]",
REC-E-0227-content_quality,E-0227,content_quality,2026-09-29T00:00:00.000Z,stagnating,practice_gap,0.66,0.542,ACT-0028,course: content quality #1,0.73,107,"[{""eventId"":""EV-0033685"",""sourceType"":""manager_feedback"",""influence"":0.51},{""eventId"":""EV-0033747"",""sourceType"":""manager_feedback"",""influence"":0.479},{""eventId"":""EV-0033754"",""sourceType"":""manager_feedback"",""influence"":0.304}]",
REC-E-0228-communication,E-0228,communication,2026-09-29T00:00:00.000Z,insufficient_evidence,observation_gap,1.06,0.802,ACT-0001,stretch assignment: communication #1,0.52,81,"[{""eventId"":""EV-0033894"",""sourceType"":""self_assessment"",""influence"":0.324},{""eventId"":""EV-0033915"",""sourceType"":""assessment"",""influence"":0.317},{""eventId"":""EV-0033842"",""sourceType"":""peer_feedback"",""influence"":0.285}]",
REC-E-0229-execution,E-0229,execution,2026-09-29T00:00:00.000Z,declining,consistency_gap,1.16,1.158,ACT-0006,mentor: execution #3,0.72,113,"[{""eventId"":""EV-0033982"",""sourceType"":""kpi"",""influence"":0.8},{""eventId"":""EV-0033989"",""sourceType"":""assessment"",""influence"":0.321},{""eventId"":""EV-0034007"",""sourceType"":""manager_feedback"",""influence"":0.319}]",
REC-E-0229-collaboration,E-0229,collaboration,2026-09-29T00:00:00.000Z,insufficient_evidence,observation_gap,-0.51,0,ACT-0009,stretch assignment: collaboration #3,0.37,140,"[{""eventId"":""EV-0034069"",""sourceType"":""assessment"",""influence"":1.152},{""eventId"":""EV-0033984"",""sourceType"":""peer_feedback"",""influence"":1.071},{""eventId"":""EV-0034023"",""sourceType"":""manager_feedback"",""influence"":0.758}]",
REC-E-0229-problem_solving,E-0229,problem_solving,2026-09-29T00:00:00.000Z,stagnating,practice_gap,0.43,0.214,ACT-0010,stretch assignment: problem solving #1,0.75,103,"[{""eventId"":""EV-0033993"",""sourceType"":""assessment"",""influence"":0.422},{""eventId"":""EV-0034135"",""sourceType"":""training"",""influence"":0.356},{""eventId"":""EV-0034111"",""sourceType"":""assessment"",""influence"":0.352}]",
REC-E-0229-visual_craft,E-0229,visual_craft,2026-09-29T00:00:00.000Z,stagnating,practice_gap,0.41,0.32,ACT-0037,mentor: visual craft #1,0.72,171,"[{""eventId"":""EV-0033995"",""sourceType"":""assessment"",""influence"":0.612},{""eventId"":""EV-0034018"",""sourceType"":""self_assessment"",""influence"":0.376},{""eventId"":""EV-0034136"",""sourceType"":""training"",""influence"":0.369}]",
REC-E-0230-communication,E-0230,communication,2026-09-29T00:00:00.000Z,stagnating,practice_gap,0.87,0.561,ACT-0001,stretch assignment: communication #1,0.52,81,"[{""eventId"":""EV-0034322"",""sourceType"":""certification"",""influence"":1.464},{""eventId"":""EV-0034217"",""sourceType"":""peer_feedback"",""influence"":0.95},{""eventId"":""EV-0034239"",""sourceType"":""assessment"",""influence"":0.581}]",
REC-E-0230-execution,E-0230,execution,2026-09-29T00:00:00.000Z,stagnating,practice_gap,1.27,0.753,ACT-0006,mentor: execution #3,0.72,113,"[{""eventId"":""EV-0034155"",""sourceType"":""manager_feedback"",""influence"":1.214},{""eventId"":""EV-0034190"",""sourceType"":""self_assessment"",""influence"":0.371},{""eventId"":""EV-0034170"",""sourceType"":""kpi"",""influence"":0.37}]",
REC-E-0230-compliance_rigor,E-0230,compliance_rigor,2026-09-29T00:00:00.000Z,stagnating,knowledge_gap,1,0.851,ACT-0046,stretch assignment: compliance rigor #1,0.58,77,"[{""eventId"":""EV-0034181"",""sourceType"":""manager_feedback"",""influence"":0.843},{""eventId"":""EV-0034249"",""sourceType"":""assessment"",""influence"":0.37},{""eventId"":""EV-0034168"",""sourceType"":""assessment"",""influence"":0.317}]",
REC-E-0231-communication,E-0231,communication,2026-09-29T00:00:00.000Z,insufficient_evidence,observation_gap,-0.39,0,ACT-0001,stretch assignment: communication #1,0.52,81,"[{""eventId"":""EV-0034324"",""sourceType"":""self_assessment"",""influence"":0.326},{""eventId"":""EV-0034326"",""sourceType"":""peer_feedback"",""influence"":0.217}]",
REC-E-0231-problem_solving,E-0231,problem_solving,2026-09-29T00:00:00.000Z,insufficient_evidence,observation_gap,0.07,0.04,ACT-0010,stretch assignment: problem solving #1,0.75,103,"[{""eventId"":""EV-0034340"",""sourceType"":""peer_feedback"",""influence"":0.353},{""eventId"":""EV-0034332"",""sourceType"":""self_assessment"",""influence"":0.268},{""eventId"":""EV-0034344"",""sourceType"":""peer_feedback"",""influence"":0.264}]",
REC-E-0232-execution,E-0232,execution,2026-09-29T00:00:00.000Z,stagnating,practice_gap,1.38,0.808,ACT-0006,mentor: execution #3,0.72,113,"[{""eventId"":""EV-0034484"",""sourceType"":""manager_feedback"",""influence"":0.809},{""eventId"":""EV-0034503"",""sourceType"":""assessment"",""influence"":0.581},{""eventId"":""EV-0034487"",""sourceType"":""peer_feedback"",""influence"":0.331}]",
REC-E-0232-collaboration,E-0232,collaboration,2026-09-29T00:00:00.000Z,stagnating,knowledge_gap,0.72,0.345,ACT-0007,mentor: collaboration #1,0.62,170,"[{""eventId"":""EV-0034540"",""sourceType"":""manager_feedback"",""influence"":0.642},{""eventId"":""EV-0034473"",""sourceType"":""assessment"",""influence"":0.422},{""eventId"":""EV-0034495"",""sourceType"":""manager_feedback"",""influence"":0.352}]",
REC-E-0232-problem_solving,E-0232,problem_solving,2026-09-29T00:00:00.000Z,insufficient_evidence,observation_gap,1.31,0.945,ACT-0010,stretch assignment: problem solving #1,0.75,103,"[{""eventId"":""EV-0034507"",""sourceType"":""assessment"",""influence"":1.022},{""eventId"":""EV-0034526"",""sourceType"":""peer_feedback"",""influence"":0.382},{""eventId"":""EV-0034570"",""sourceType"":""project"",""influence"":0.299}]",
REC-E-0232-troubleshooting,E-0232,troubleshooting,2026-09-29T00:00:00.000Z,stagnating,practice_gap,1.02,1.185,ACT-0060,stretch assignment: troubleshooting #3,0.62,45,"[{""eventId"":""EV-0034532"",""sourceType"":""assessment"",""influence"":0.376},{""eventId"":""EV-0034548"",""sourceType"":""manager_feedback"",""influence"":0.325},{""eventId"":""EV-0034556"",""sourceType"":""assessment"",""influence"":0.324}]",
REC-E-0233-communication,E-0233,communication,2026-09-29T00:00:00.000Z,stagnating,knowledge_gap,0.92,0.55,ACT-0001,stretch assignment: communication #1,0.52,81,"[{""eventId"":""EV-0034578"",""sourceType"":""assessment"",""influence"":1.055},{""eventId"":""EV-0034630"",""sourceType"":""assessment"",""influence"":0.916},{""eventId"":""EV-0034601"",""sourceType"":""assessment"",""influence"":0.634}]",
REC-E-0233-execution,E-0233,execution,2026-09-29T00:00:00.000Z,improving,practice_gap,0.71,0.016,ACT-0006,mentor: execution #3,0.72,113,"[{""eventId"":""EV-0034574"",""sourceType"":""kpi"",""influence"":0.825},{""eventId"":""EV-0034619"",""sourceType"":""peer_feedback"",""influence"":0.425},{""eventId"":""EV-0034588"",""sourceType"":""kpi"",""influence"":0.265}]",
REC-E-0233-collaboration,E-0233,collaboration,2026-09-29T00:00:00.000Z,insufficient_evidence,observation_gap,-0.72,0,ACT-0009,stretch assignment: collaboration #3,0.37,140,"[{""eventId"":""EV-0034582"",""sourceType"":""assessment"",""influence"":1.188},{""eventId"":""EV-0034675"",""sourceType"":""project"",""influence"":0.588}]",
REC-E-0233-problem_solving,E-0233,problem_solving,2026-09-29T00:00:00.000Z,insufficient_evidence,observation_gap,2.01,0.511,ACT-0010,stretch assignment: problem solving #1,0.75,103,"[{""eventId"":""EV-0034584"",""sourceType"":""assessment"",""influence"":0.983},{""eventId"":""EV-0034634"",""sourceType"":""assessment"",""influence"":0.906},{""eventId"":""EV-0034605"",""sourceType"":""assessment"",""influence"":0.29}]",
REC-E-0233-system_design,E-0233,system_design,2026-09-29T00:00:00.000Z,insufficient_evidence,observation_gap,-0.57,0,ACT-0015,stretch assignment: system design #3,0.28,161,"[{""eventId"":""EV-0034576"",""sourceType"":""kpi"",""influence"":0.542},{""eventId"":""EV-0034607"",""sourceType"":""assessment"",""influence"":0.505},{""eventId"":""EV-0034586"",""sourceType"":""assessment"",""influence"":0.394}]",
REC-E-0234-execution,E-0234,execution,2026-09-29T00:00:00.000Z,stagnating,practice_gap,0.33,0.165,ACT-0006,mentor: execution #3,0.72,113,"[{""eventId"":""EV-0034681"",""sourceType"":""kpi"",""influence"":1.133},{""eventId"":""EV-0034733"",""sourceType"":""manager_feedback"",""influence"":0.274},{""eventId"":""EV-0034701"",""sourceType"":""kpi"",""influence"":0.218}]",
REC-E-0234-negotiation,E-0234,negotiation,2026-09-29T00:00:00.000Z,declining,knowledge_gap,0.32,0.574,ACT-0019,project: negotiation #1,0.4,165,"[{""eventId"":""EV-0034748"",""sourceType"":""manager_feedback"",""influence"":1.236},{""eventId"":""EV-0034683"",""sourceType"":""peer_feedback"",""influence"":1.074},{""eventId"":""EV-0034794"",""sourceType"":""manager_feedback"",""influence"":0.234}]",
REC-E-0235-campaign_strategy,E-0235,campaign_strategy,2026-09-29T00:00:00.000Z,declining,practice_gap,1.13,2.036,ACT-0025,coaching: campaign strategy #1,0.61,147,"[{""eventId"":""EV-0034855"",""sourceType"":""kpi"",""influence"":1.05},{""eventId"":""EV-0034961"",""sourceType"":""assessment"",""influence"":0.414},{""eventId"":""EV-0034920"",""sourceType"":""assessment"",""influence"":0.383}]",
REC-E-0236-communication,E-0236,communication,2026-09-29T00:00:00.000Z,stagnating,practice_gap,0.8,0.225,ACT-0001,stretch assignment: communication #1,0.52,81,"[{""eventId"":""EV-0035131"",""sourceType"":""manager_feedback"",""influence"":1.153},{""eventId"":""EV-0035031"",""sourceType"":""peer_feedback"",""influence"":1.059},{""eventId"":""EV-0035172"",""sourceType"":""project"",""influence"":0.352}]",
REC-E-0236-problem_solving,E-0236,problem_solving,2026-09-29T00:00:00.000Z,stagnating,knowledge_gap,0.58,0.217,ACT-0010,stretch assignment: problem solving #1,0.75,103,"[{""eventId"":""EV-0035037"",""sourceType"":""assessment"",""influence"":0.855},{""eventId"":""EV-0035074"",""sourceType"":""manager_feedback"",""influence"":0.543},{""eventId"":""EV-0035030"",""sourceType"":""peer_feedback"",""influence"":0.386}]",
REC-E-0236-stakeholder_alignment,E-0236,stakeholder_alignment,2026-09-29T00:00:00.000Z,insufficient_evidence,observation_gap,0.33,0.265,ACT-0034,stretch assignment: stakeholder alignment #1,0.68,119,"[{""eventId"":""EV-0035052"",""sourceType"":""self_assessment"",""influence"":0.312},{""eventId"":""EV-0035070"",""sourceType"":""self_assessment"",""influence"":0.255},{""eventId"":""EV-0035056"",""sourceType"":""manager_feedback"",""influence"":0.111}]",
REC-E-0237-collaboration,E-0237,collaboration,2026-09-29T00:00:00.000Z,insufficient_evidence,observation_gap,0.68,0.568,ACT-0009,stretch assignment: collaboration #3,0.37,140,"[{""eventId"":""EV-0035336"",""sourceType"":""certification"",""influence"":1.28},{""eventId"":""EV-0035249"",""sourceType"":""manager_feedback"",""influence"":1.108},{""eventId"":""EV-0035187"",""sourceType"":""peer_feedback"",""influence"":0.976}]",
REC-E-0239-communication,E-0239,communication,2026-09-29T00:00:00.000Z,insufficient_evidence,observation_gap,0.96,0.47,ACT-0001,stretch assignment: communication #1,0.52,81,"[{""eventId"":""EV-0035494"",""sourceType"":""manager_feedback"",""influence"":1.204},{""eventId"":""EV-0035637"",""sourceType"":""training"",""influence"":0.933},{""eventId"":""EV-0035502"",""sourceType"":""assessment"",""influence"":0.785}]",
REC-E-0239-execution,E-0239,execution,2026-09-29T00:00:00.000Z,stagnating,practice_gap,0.64,0.185,ACT-0006,mentor: execution #3,0.72,113,"[{""eventId"":""EV-0035496"",""sourceType"":""peer_feedback"",""influence"":1.103},{""eventId"":""EV-0035504"",""sourceType"":""assessment"",""influence"":0.269},{""eventId"":""EV-0035643"",""sourceType"":""project"",""influence"":0.248}]",
REC-E-0239-collaboration,E-0239,collaboration,2026-09-29T00:00:00.000Z,declining,practice_gap,0.44,0.442,ACT-0007,mentor: collaboration #1,0.62,170,"[{""eventId"":""EV-0035499"",""sourceType"":""peer_feedback"",""influence"":1.048},{""eventId"":""EV-0035554"",""sourceType"":""manager_feedback"",""influence"":0.923},{""eventId"":""EV-0035640"",""sourceType"":""project"",""influence"":0.494}]",
REC-E-0239-problem_solving,E-0239,problem_solving,2026-09-29T00:00:00.000Z,stagnating,practice_gap,1.28,0.872,ACT-0010,stretch assignment: problem solving #1,0.75,103,"[{""eventId"":""EV-0035642"",""sourceType"":""project"",""influence"":0.726},{""eventId"":""EV-0035638"",""sourceType"":""training"",""influence"":0.57},{""eventId"":""EV-0035500"",""sourceType"":""peer_feedback"",""influence"":0.35}]",
REC-E-0239-talent_assessment,E-0239,talent_assessment,2026-09-29T00:00:00.000Z,stagnating,knowledge_gap,0.56,0.468,ACT-0051,community: talent assessment #3,0.29,119,"[{""eventId"":""EV-0035492"",""sourceType"":""manager_feedback"",""influence"":0.4},{""eventId"":""EV-0035545"",""sourceType"":""kpi"",""influence"":0.259},{""eventId"":""EV-0035555"",""sourceType"":""manager_feedback"",""influence"":0.244}]",
REC-E-0240-collaboration,E-0240,collaboration,2026-09-29T00:00:00.000Z,stagnating,practice_gap,0.47,0.325,ACT-0007,mentor: collaboration #1,0.62,170,"[{""eventId"":""EV-0035665"",""sourceType"":""assessment"",""influence"":0.669},{""eventId"":""EV-0035785"",""sourceType"":""project"",""influence"":0.476},{""eventId"":""EV-0035697"",""sourceType"":""assessment"",""influence"":0.433}]",
REC-E-0240-troubleshooting,E-0240,troubleshooting,2026-09-29T00:00:00.000Z,insufficient_evidence,observation_gap,-0.57,0,ACT-0060,stretch assignment: troubleshooting #3,0.62,45,"[{""eventId"":""EV-0035655"",""sourceType"":""peer_feedback"",""influence"":0.325},{""eventId"":""EV-0035688"",""sourceType"":""peer_feedback"",""influence"":0.218},{""eventId"":""EV-0035669"",""sourceType"":""assessment"",""influence"":0.167}]",
REC-E-0241-communication,E-0241,communication,2026-09-29T00:00:00.000Z,stagnating,practice_gap,1.57,0.999,ACT-0001,stretch assignment: communication #1,0.52,81,"[{""eventId"":""EV-0035954"",""sourceType"":""project"",""influence"":1.113},{""eventId"":""EV-0035804"",""sourceType"":""assessment"",""influence"":0.554},{""eventId"":""EV-0035793"",""sourceType"":""self_assessment"",""influence"":0.26}]",
REC-E-0241-system_design,E-0241,system_design,2026-09-29T00:00:00.000Z,stagnating,practice_gap,0.91,0.795,ACT-0014,coaching: system design #2,0.59,90,"[{""eventId"":""EV-0035797"",""sourceType"":""self_assessment"",""influence"":0.811},{""eventId"":""EV-0035791"",""sourceType"":""kpi"",""influence"":0.338},{""eventId"":""EV-0035842"",""sourceType"":""assessment"",""influence"":0.257}]",
REC-E-0241-code_quality,E-0241,code_quality,2026-09-29T00:00:00.000Z,insufficient_evidence,observation_gap,-0.24,0,ACT-0017,mentor: code quality #2,0.37,90,"[{""eventId"":""EV-0035844"",""sourceType"":""assessment"",""influence"":0.827},{""eventId"":""EV-0035812"",""sourceType"":""assessment"",""influence"":0.477},{""eventId"":""EV-0035823"",""sourceType"":""self_assessment"",""influence"":0.315}]",
REC-E-0242-problem_solving,E-0242,problem_solving,2026-09-29T00:00:00.000Z,insufficient_evidence,observation_gap,-0.39,0,ACT-0010,stretch assignment: problem solving #1,0.75,103,"[{""eventId"":""EV-0035957"",""sourceType"":""self_assessment"",""influence"":0.297},{""eventId"":""EV-0035959"",""sourceType"":""peer_feedback"",""influence"":0.103}]",
REC-E-0244-communication,E-0244,communication,2026-09-29T00:00:00.000Z,stagnating,practice_gap,0.63,0.455,ACT-0001,stretch assignment: communication #1,0.52,81,"[{""eventId"":""EV-0036328"",""sourceType"":""self_assessment"",""influence"":0.419},{""eventId"":""EV-0036337"",""sourceType"":""manager_feedback"",""influence"":0.323},{""eventId"":""EV-0036395"",""sourceType"":""assessment"",""influence"":0.313}]",
REC-E-0244-collaboration,E-0244,collaboration,2026-09-29T00:00:00.000Z,insufficient_evidence,observation_gap,-0.34,0,ACT-0009,stretch assignment: collaboration #3,0.37,140,"[{""eventId"":""EV-0036272"",""sourceType"":""self_assessment"",""influence"":0.778},{""eventId"":""EV-0036360"",""sourceType"":""assessment"",""influence"":0.472},{""eventId"":""EV-0036277"",""sourceType"":""peer_feedback"",""influence"":0.412}]",
REC-E-0244-problem_solving,E-0244,problem_solving,2026-09-29T00:00:00.000Z,insufficient_evidence,observation_gap,-1.04,0,ACT-0010,stretch assignment: problem solving #1,0.75,103,"[{""eventId"":""EV-0036336"",""sourceType"":""manager_feedback"",""influence"":0.659},{""eventId"":""EV-0036273"",""sourceType"":""self_assessment"",""influence"":0.265},{""eventId"":""EV-0036297"",""sourceType"":""self_assessment"",""influence"":0.103}]",
REC-E-0244-roadmap_prioritization,E-0244,roadmap_prioritization,2026-09-29T00:00:00.000Z,stagnating,practice_gap,0.35,0.372,ACT-0032,stretch assignment: roadmap prioritization #2,0.77,54,"[{""eventId"":""EV-0036268"",""sourceType"":""kpi"",""influence"":0.681},{""eventId"":""EV-0036347"",""sourceType"":""kpi"",""influence"":0.358},{""eventId"":""EV-0036424"",""sourceType"":""project"",""influence"":0.326}]",
REC-E-0245-problem_solving,E-0245,problem_solving,2026-09-29T00:00:00.000Z,stagnating,practice_gap,0.63,0.413,ACT-0010,stretch assignment: problem solving #1,0.75,103,"[{""eventId"":""EV-0036444"",""sourceType"":""assessment"",""influence"":0.63},{""eventId"":""EV-0036482"",""sourceType"":""assessment"",""influence"":0.547},{""eventId"":""EV-0036433"",""sourceType"":""manager_feedback"",""influence"":0.387}]",
REC-E-0245-ux_research,E-0245,ux_research,2026-09-29T00:00:00.000Z,stagnating,knowledge_gap,0.32,0.278,ACT-0041,stretch assignment: ux research #2,0.78,110,"[{""eventId"":""EV-0036461"",""sourceType"":""manager_feedback"",""influence"":1.195},{""eventId"":""EV-0036560"",""sourceType"":""assessment"",""influence"":0.331},{""eventId"":""EV-0036529"",""sourceType"":""manager_feedback"",""influence"":0.26}]",
REC-E-0246-communication,E-0246,communication,2026-09-29T00:00:00.000Z,improving,practice_gap,1.76,0,ACT-0001,stretch assignment: communication #1,0.52,81,"[{""eventId"":""EV-0036653"",""sourceType"":""assessment"",""influence"":0.345},{""eventId"":""EV-0036670"",""sourceType"":""assessment"",""influence"":0.313},{""eventId"":""EV-0036699"",""sourceType"":""project"",""influence"":0.117}]",
REC-E-0246-execution,E-0246,execution,2026-09-29T00:00:00.000Z,stagnating,knowledge_gap,0.5,0.209,ACT-0006,mentor: execution #3,0.72,113,"[{""eventId"":""EV-0036591"",""sourceType"":""peer_feedback"",""influence"":1.079},{""eventId"":""EV-0036596"",""sourceType"":""assessment"",""influence"":0.548},{""eventId"":""EV-0036611"",""sourceType"":""self_assessment"",""influence"":0.533}]",
REC-E-0246-collaboration,E-0246,collaboration,2026-09-29T00:00:00.000Z,stagnating,practice_gap,1.44,0.728,ACT-0007,mentor: collaboration #1,0.62,170,"[{""eventId"":""EV-0036586"",""sourceType"":""self_assessment"",""influence"":0.243},{""eventId"":""EV-0036694"",""sourceType"":""peer_feedback"",""influence"":0.214},{""eventId"":""EV-0036700"",""sourceType"":""project"",""influence"":0.182}]",
REC-E-0246-problem_solving,E-0246,problem_solving,2026-09-29T00:00:00.000Z,insufficient_evidence,observation_gap,2.17,0.342,ACT-0010,stretch assignment: problem solving #1,0.75,103,"[{""eventId"":""EV-0036676"",""sourceType"":""assessment"",""influence"":1.384},{""eventId"":""EV-0036687"",""sourceType"":""self_assessment"",""influence"":0.749},{""eventId"":""EV-0036613"",""sourceType"":""self_assessment"",""influence"":0.694}]",
REC-E-0246-financial_modeling,E-0246,financial_modeling,2026-09-29T00:00:00.000Z,stagnating,practice_gap,0.75,0.647,ACT-0045,community: financial modeling #3,0.62,81,"[{""eventId"":""EV-0036592"",""sourceType"":""peer_feedback"",""influence"":0.351},{""eventId"":""EV-0036638"",""sourceType"":""kpi"",""influence"":0.331},{""eventId"":""EV-0036588"",""sourceType"":""self_assessment"",""influence"":0.253}]",
REC-E-0246-compliance_rigor,E-0246,compliance_rigor,2026-09-29T00:00:00.000Z,declining,knowledge_gap,2.94,5.286,ACT-0046,stretch assignment: compliance rigor #1,0.58,77,"[{""eventId"":""EV-0036589"",""sourceType"":""self_assessment"",""influence"":0.829},{""eventId"":""EV-0036645"",""sourceType"":""self_assessment"",""influence"":0.78},{""eventId"":""EV-0036680"",""sourceType"":""assessment"",""influence"":0.486}]",
REC-E-0247-communication,E-0247,communication,2026-09-29T00:00:00.000Z,stagnating,practice_gap,0.59,0.231,ACT-0001,stretch assignment: communication #1,0.52,81,"[{""eventId"":""EV-0036706"",""sourceType"":""self_assessment"",""influence"":0.733},{""eventId"":""EV-0036867"",""sourceType"":""training"",""influence"":0.583},{""eventId"":""EV-0036873"",""sourceType"":""project"",""influence"":0.467}]",
REC-E-0248-execution,E-0248,execution,2026-09-29T00:00:00.000Z,stagnating,practice_gap,1.58,1.063,ACT-0006,mentor: execution #3,0.72,113,"[{""eventId"":""EV-0036895"",""sourceType"":""assessment"",""influence"":0.546},{""eventId"":""EV-0036884"",""sourceType"":""manager_feedback"",""influence"":0.401},{""eventId"":""EV-0036913"",""sourceType"":""kpi"",""influence"":0.251}]",
REC-E-0248-problem_solving,E-0248,problem_solving,2026-09-29T00:00:00.000Z,stagnating,practice_gap,0.67,0.312,ACT-0010,stretch assignment: problem solving #1,0.75,103,"[{""eventId"":""EV-0036928"",""sourceType"":""assessment"",""influence"":0.708},{""eventId"":""EV-0036899"",""sourceType"":""assessment"",""influence"":0.677},{""eventId"":""EV-0036908"",""sourceType"":""peer_feedback"",""influence"":0.381}]",
REC-E-0248-troubleshooting,E-0248,troubleshooting,2026-09-29T00:00:00.000Z,stagnating,knowledge_gap,0.71,0.704,ACT-0060,stretch assignment: troubleshooting #3,0.62,45,"[{""eventId"":""EV-0036883"",""sourceType"":""manager_feedback"",""influence"":1.22},{""eventId"":""EV-0036907"",""sourceType"":""peer_feedback"",""influence"":0.718},{""eventId"":""EV-0037001"",""sourceType"":""manager_feedback"",""influence"":0.244}]",
REC-E-0249-communication,E-0249,communication,2026-09-29T00:00:00.000Z,stagnating,knowledge_gap,0.85,0.48,ACT-0001,stretch assignment: communication #1,0.52,81,"[{""eventId"":""EV-0037080"",""sourceType"":""peer_feedback"",""influence"":0.461},{""eventId"":""EV-0037098"",""sourceType"":""peer_feedback"",""influence"":0.324},{""eventId"":""EV-0037189"",""sourceType"":""manager_feedback"",""influence"":0.297}]",
REC-E-0249-execution,E-0249,execution,2026-09-29T00:00:00.000Z,improving,practice_gap,0.65,0.043,ACT-0006,mentor: execution #3,0.72,113,"[{""eventId"":""EV-0037060"",""sourceType"":""peer_feedback"",""influence"":1.047},{""eventId"":""EV-0037106"",""sourceType"":""assessment"",""influence"":0.447},{""eventId"":""EV-0037202"",""sourceType"":""project"",""influence"":0.282}]",
REC-E-0249-collaboration,E-0249,collaboration,2026-09-29T00:00:00.000Z,stagnating,practice_gap,1.25,0.624,ACT-0007,mentor: collaboration #1,0.62,170,"[{""eventId"":""EV-0037054"",""sourceType"":""manager_feedback"",""influence"":0.443},{""eventId"":""EV-0037127"",""sourceType"":""manager_feedback"",""influence"":0.359},{""eventId"":""EV-0037061"",""sourceType"":""peer_feedback"",""influence"":0.354}]",
REC-E-0249-problem_solving,E-0249,problem_solving,2026-09-29T00:00:00.000Z,improving,practice_gap,0.67,0,ACT-0010,stretch assignment: problem solving #1,0.75,103,"[{""eventId"":""EV-0037139"",""sourceType"":""manager_feedback"",""influence"":0.441},{""eventId"":""EV-0037121"",""sourceType"":""self_assessment"",""influence"":0.122},{""eventId"":""EV-0037203"",""sourceType"":""project"",""influence"":0.109}]",
REC-E-0250-collaboration,E-0250,collaboration,2026-09-29T00:00:00.000Z,insufficient_evidence,observation_gap,-0.6,0,ACT-0009,stretch assignment: collaboration #3,0.37,140,"[{""eventId"":""EV-0037214"",""sourceType"":""self_assessment"",""influence"":0.722},{""eventId"":""EV-0037231"",""sourceType"":""self_assessment"",""influence"":0.418},{""eventId"":""EV-0037250"",""sourceType"":""self_assessment"",""influence"":0.377}]",
REC-E-0250-problem_solving,E-0250,problem_solving,2026-09-29T00:00:00.000Z,stagnating,practice_gap,0.6,0.307,ACT-0010,stretch assignment: problem solving #1,0.75,103,"[{""eventId"":""EV-0037223"",""sourceType"":""assessment"",""influence"":0.425},{""eventId"":""EV-0037284"",""sourceType"":""self_assessment"",""influence"":0.326},{""eventId"":""EV-0037295"",""sourceType"":""peer_feedback"",""influence"":0.325}]",
REC-E-0250-negotiation,E-0250,negotiation,2026-09-29T00:00:00.000Z,declining,practice_gap,1.35,2.436,ACT-0019,project: negotiation #1,0.4,165,"[{""eventId"":""EV-0037240"",""sourceType"":""peer_feedback"",""influence"":0.844},{""eventId"":""EV-0037238"",""sourceType"":""manager_feedback"",""influence"":0.372},{""eventId"":""EV-0037293"",""sourceType"":""peer_feedback"",""influence"":0.317}]",
REC-E-0251-communication,E-0251,communication,2026-09-29T00:00:00.000Z,stagnating,practice_gap,0.72,0.288,ACT-0001,stretch assignment: communication #1,0.52,81,"[{""eventId"":""EV-0037381"",""sourceType"":""manager_feedback"",""influence"":0.412},{""eventId"":""EV-0037417"",""sourceType"":""manager_feedback"",""influence"":0.327},{""eventId"":""EV-0037455"",""sourceType"":""assessment"",""influence"":0.314}]",
REC-E-0251-execution,E-0251,execution,2026-09-29T00:00:00.000Z,stagnating,practice_gap,0.46,0.223,ACT-0006,mentor: execution #3,0.72,113,"[{""eventId"":""EV-0037368"",""sourceType"":""kpi"",""influence"":0.629},{""eventId"":""EV-0037513"",""sourceType"":""training"",""influence"":0.56},{""eventId"":""EV-0037373"",""sourceType"":""self_assessment"",""influence"":0.21}]",
REC-E-0251-collaboration,E-0251,collaboration,2026-09-29T00:00:00.000Z,stagnating,practice_gap,0.54,0.208,ACT-0007,mentor: collaboration #1,0.62,170,"[{""eventId"":""EV-0037515"",""sourceType"":""training"",""influence"":0.985},{""eventId"":""EV-0037374"",""sourceType"":""self_assessment"",""influence"":0.573},{""eventId"":""EV-0037449"",""sourceType"":""manager_feedback"",""influence"":0.564}]",
REC-E-0251-problem_solving,E-0251,problem_solving,2026-09-29T00:00:00.000Z,stagnating,application_gap,0.65,0.333,ACT-0010,stretch assignment: problem solving #1,0.75,103,"[{""eventId"":""EV-0037516"",""sourceType"":""training"",""influence"":0.985},{""eventId"":""EV-0037380"",""sourceType"":""manager_feedback"",""influence"":0.907},{""eventId"":""EV-0037419"",""sourceType"":""manager_feedback"",""influence"":0.228}]",
REC-E-0252-execution,E-0252,execution,2026-09-29T00:00:00.000Z,declining,practice_gap,0.35,0.327,ACT-0006,mentor: execution #3,0.72,113,"[{""eventId"":""EV-0037528"",""sourceType"":""self_assessment"",""influence"":1.32},{""eventId"":""EV-0037544"",""sourceType"":""assessment"",""influence"":0.417},{""eventId"":""EV-0037564"",""sourceType"":""kpi"",""influence"":0.241}]",
REC-E-0252-collaboration,E-0252,collaboration,2026-09-29T00:00:00.000Z,stagnating,knowledge_gap,0.54,0.273,ACT-0007,mentor: collaboration #1,0.62,170,"[{""eventId"":""EV-0037582"",""sourceType"":""assessment"",""influence"":0.755},{""eventId"":""EV-0037562"",""sourceType"":""peer_feedback"",""influence"":0.494},{""eventId"":""EV-0037671"",""sourceType"":""manager_feedback"",""influence"":0.404}]",
REC-E-0253-problem_solving,E-0253,problem_solving,2026-09-29T00:00:00.000Z,stagnating,knowledge_gap,0.88,0.604,ACT-0010,stretch assignment: problem solving #1,0.75,103,"[{""eventId"":""EV-0037711"",""sourceType"":""peer_feedback"",""influence"":1.148},{""eventId"":""EV-0037721"",""sourceType"":""manager_feedback"",""influence"":0.468},{""eventId"":""EV-0037756"",""sourceType"":""peer_feedback"",""influence"":0.424}]",
REC-E-0255-communication,E-0255,communication,2026-09-29T00:00:00.000Z,insufficient_evidence,observation_gap,1.29,1.095,ACT-0001,stretch assignment: communication #1,0.52,81,"[{""eventId"":""EV-0038089"",""sourceType"":""assessment"",""influence"":1.407},{""eventId"":""EV-0038021"",""sourceType"":""self_assessment"",""influence"":0.841},{""eventId"":""EV-0038116"",""sourceType"":""assessment"",""influence"":0.398}]",
REC-E-0255-collaboration,E-0255,collaboration,2026-09-29T00:00:00.000Z,stagnating,practice_gap,1.54,0.825,ACT-0007,mentor: collaboration #1,0.62,170,"[{""eventId"":""EV-0038074"",""sourceType"":""self_assessment"",""influence"":0.325},{""eventId"":""EV-0038120"",""sourceType"":""assessment"",""influence"":0.295},{""eventId"":""EV-0038023"",""sourceType"":""self_assessment"",""influence"":0.254}]",
REC-E-0255-problem_solving,E-0255,problem_solving,2026-09-29T00:00:00.000Z,stagnating,knowledge_gap,1.56,0.888,ACT-0010,stretch assignment: problem solving #1,0.75,103,"[{""eventId"":""EV-0038095"",""sourceType"":""assessment"",""influence"":0.637},{""eventId"":""EV-0038036"",""sourceType"":""assessment"",""influence"":0.521},{""eventId"":""EV-0038050"",""sourceType"":""peer_feedback"",""influence"":0.423}]",
REC-E-0255-talent_assessment,E-0255,talent_assessment,2026-09-29T00:00:00.000Z,declining,practice_gap,2.47,4.454,ACT-0051,community: talent assessment #3,0.29,119,"[{""eventId"":""EV-0038025"",""sourceType"":""self_assessment"",""influence"":0.75},{""eventId"":""EV-0038019"",""sourceType"":""kpi"",""influence"":0.483},{""eventId"":""EV-0038038"",""sourceType"":""assessment"",""influence"":0.411}]",
REC-E-0256-communication,E-0256,communication,2026-09-29T00:00:00.000Z,stagnating,practice_gap,2.73,1.546,ACT-0001,stretch assignment: communication #1,0.52,81,"[{""eventId"":""EV-0038263"",""sourceType"":""training"",""influence"":1.003},{""eventId"":""EV-0038155"",""sourceType"":""peer_feedback"",""influence"":0.925},{""eventId"":""EV-0038266"",""sourceType"":""project"",""influence"":0.624}]",
REC-E-0256-collaboration,E-0256,collaboration,2026-09-29T00:00:00.000Z,stagnating,practice_gap,1.42,0.773,ACT-0007,mentor: collaboration #1,0.62,170,"[{""eventId"":""EV-0038249"",""sourceType"":""assessment"",""influence"":0.4},{""eventId"":""EV-0038268"",""sourceType"":""project"",""influence"":0.357},{""eventId"":""EV-0038232"",""sourceType"":""assessment"",""influence"":0.32}]",
REC-E-0256-problem_solving,E-0256,problem_solving,2026-09-29T00:00:00.000Z,insufficient_evidence,observation_gap,1.29,0.544,ACT-0010,stretch assignment: problem solving #1,0.75,103,"[{""eventId"":""EV-0038146"",""sourceType"":""self_assessment"",""influence"":0.319},{""eventId"":""EV-0038148"",""sourceType"":""peer_feedback"",""influence"":0.207}]",
REC-E-0256-customer_resolution,E-0256,customer_resolution,2026-09-29T00:00:00.000Z,stagnating,practice_gap,0.93,0.826,ACT-0055,stretch assignment: customer resolution #1,0.8,73,"[{""eventId"":""EV-0038158"",""sourceType"":""peer_feedback"",""influence"":0.351},{""eventId"":""EV-0038208"",""sourceType"":""assessment"",""influence"":0.304},{""eventId"":""EV-0038214"",""sourceType"":""kpi"",""influence"":0.297}]",
REC-E-0257-problem_solving,E-0257,problem_solving,2026-09-29T00:00:00.000Z,insufficient_evidence,observation_gap,-1.42,0,ACT-0010,stretch assignment: problem solving #1,0.75,103,"[{""eventId"":""EV-0038283"",""sourceType"":""manager_feedback"",""influence"":1.18},{""eventId"":""EV-0038453"",""sourceType"":""certification"",""influence"":0.894},{""eventId"":""EV-0038438"",""sourceType"":""training"",""influence"":0.586}]",
REC-E-0258-negotiation,E-0258,negotiation,2026-09-29T00:00:00.000Z,insufficient_evidence,observation_gap,-0.55,0,ACT-0019,project: negotiation #1,0.4,165,"[{""eventId"":""EV-0038466"",""sourceType"":""manager_feedback"",""influence"":0.837},{""eventId"":""EV-0038505"",""sourceType"":""assessment"",""influence"":0.46},{""eventId"":""EV-0038547"",""sourceType"":""assessment"",""influence"":0.439}]",
REC-E-0258-pipeline_mgmt,E-0258,pipeline_mgmt,2026-09-29T00:00:00.000Z,insufficient_evidence,observation_gap,1.15,1.745,ACT-0022,stretch assignment: pipeline mgmt #1,0.75,154,"[{""eventId"":""EV-0038507"",""sourceType"":""assessment"",""influence"":0.347},{""eventId"":""EV-0038491"",""sourceType"":""kpi"",""influence"":0.319},{""eventId"":""EV-0038464"",""sourceType"":""self_assessment"",""influence"":0.265}]",
REC-E-0259-communication,E-0259,communication,2026-09-29T00:00:00.000Z,declining,knowledge_gap,0.56,0.563,ACT-0001,stretch assignment: communication #1,0.52,81,"[{""eventId"":""EV-0038616"",""sourceType"":""peer_feedback"",""influence"":1.057},{""eventId"":""EV-0038674"",""sourceType"":""assessment"",""influence"":0.382},{""eventId"":""EV-0038666"",""sourceType"":""manager_feedback"",""influence"":0.365}]",
REC-E-0259-content_quality,E-0259,content_quality,2026-09-29T00:00:00.000Z,stagnating,application_gap,1.19,1.431,ACT-0028,course: content quality #1,0.73,107,"[{""eventId"":""EV-0038714"",""sourceType"":""assessment"",""influence"":0.623},{""eventId"":""EV-0038684"",""sourceType"":""assessment"",""influence"":0.439},{""eventId"":""EV-0038747"",""sourceType"":""manager_feedback"",""influence"":0.422}]",
REC-E-0260-execution,E-0260,execution,2026-09-29T00:00:00.000Z,insufficient_evidence,observation_gap,-0.78,0,ACT-0005,project: execution #2,0.23,120,"[{""eventId"":""EV-0038767"",""sourceType"":""self_assessment"",""influence"":0.84},{""eventId"":""EV-0038764"",""sourceType"":""kpi"",""influence"":0.626},{""eventId"":""EV-0038810"",""sourceType"":""assessment"",""influence"":0.42}]",
REC-E-0260-collaboration,E-0260,collaboration,2026-09-29T00:00:00.000Z,insufficient_evidence,observation_gap,-1.25,0,ACT-0009,stretch assignment: collaboration #3,0.37,140,"[{""eventId"":""EV-0038773"",""sourceType"":""peer_feedback"",""influence"":1.008},{""eventId"":""EV-0038847"",""sourceType"":""assessment"",""influence"":0.596},{""eventId"":""EV-0038802"",""sourceType"":""manager_feedback"",""influence"":0.333}]",
REC-E-0260-stakeholder_alignment,E-0260,stakeholder_alignment,2026-09-29T00:00:00.000Z,insufficient_evidence,observation_gap,-0.39,0,ACT-0034,stretch assignment: stakeholder alignment #1,0.68,119,"[{""eventId"":""EV-0038760"",""sourceType"":""self_assessment"",""influence"":0.282},{""eventId"":""EV-0038762"",""sourceType"":""peer_feedback"",""influence"":0.11}]",
REC-E-0261-communication,E-0261,communication,2026-09-29T00:00:00.000Z,stagnating,practice_gap,0.63,0.309,ACT-0001,stretch assignment: communication #1,0.52,81,"[{""eventId"":""EV-0038905"",""sourceType"":""self_assessment"",""influence"":0.804},{""eventId"":""EV-0039028"",""sourceType"":""training"",""influence"":0.482},{""eventId"":""EV-0039007"",""sourceType"":""assessment"",""influence"":0.361}]",
REC-E-0261-execution,E-0261,execution,2026-09-29T00:00:00.000Z,declining,practice_gap,1.99,1.803,ACT-0006,mentor: execution #3,0.72,113,"[{""eventId"":""EV-0038912"",""sourceType"":""peer_feedback"",""influence"":1.112},{""eventId"":""EV-0038942"",""sourceType"":""kpi"",""influence"":0.498},{""eventId"":""EV-0039024"",""sourceType"":""training"",""influence"":0.347}]",
REC-E-0261-collaboration,E-0261,collaboration,2026-09-29T00:00:00.000Z,improving,practice_gap,0.33,0,ACT-0007,mentor: collaboration #1,0.62,170,"[{""eventId"":""EV-0038913"",""sourceType"":""peer_feedback"",""influence"":1.063},{""eventId"":""EV-0038960"",""sourceType"":""assessment"",""influence"":0.845},{""eventId"":""EV-0039011"",""sourceType"":""assessment"",""influence"":0.698}]",
REC-E-0261-problem_solving,E-0261,problem_solving,2026-09-29T00:00:00.000Z,declining,practice_gap,2.6,2.605,ACT-0010,stretch assignment: problem solving #1,0.75,103,"[{""eventId"":""EV-0038982"",""sourceType"":""assessment"",""influence"":1.175},{""eventId"":""EV-0039025"",""sourceType"":""training"",""influence"":0.836},{""eventId"":""EV-0038908"",""sourceType"":""self_assessment"",""influence"":0.784}]",
REC-E-0261-visual_craft,E-0261,visual_craft,2026-09-29T00:00:00.000Z,stagnating,practice_gap,0.97,0.832,ACT-0037,mentor: visual craft #1,0.72,171,"[{""eventId"":""EV-0038903"",""sourceType"":""kpi"",""influence"":0.333},{""eventId"":""EV-0038984"",""sourceType"":""assessment"",""influence"":0.286},{""eventId"":""EV-0038944"",""sourceType"":""kpi"",""influence"":0.27}]",
REC-E-0261-ux_research,E-0261,ux_research,2026-09-29T00:00:00.000Z,improving,practice_gap,0.81,0,ACT-0041,stretch assignment: ux research #2,0.78,110,"[{""eventId"":""EV-0038986"",""sourceType"":""assessment"",""influence"":0.689},{""eventId"":""EV-0039004"",""sourceType"":""peer_feedback"",""influence"":0.132},{""eventId"":""EV-0038995"",""sourceType"":""self_assessment"",""influence"":0.112}]",
REC-E-0262-communication,E-0262,communication,2026-09-29T00:00:00.000Z,stagnating,practice_gap,1.64,1.084,ACT-0001,stretch assignment: communication #1,0.52,81,"[{""eventId"":""EV-0039172"",""sourceType"":""project"",""influence"":0.596},{""eventId"":""EV-0039098"",""sourceType"":""peer_feedback"",""influence"":0.433},{""eventId"":""EV-0039134"",""sourceType"":""peer_feedback"",""influence"":0.328}]",
REC-E-0262-execution,E-0262,execution,2026-09-29T00:00:00.000Z,stagnating,practice_gap,0.67,0.325,ACT-0006,mentor: execution #3,0.72,113,"[{""eventId"":""EV-0039048"",""sourceType"":""self_assessment"",""influence"":1.261},{""eventId"":""EV-0039175"",""sourceType"":""project"",""influence"":0.419},{""eventId"":""EV-0039043"",""sourceType"":""kpi"",""influence"":0.206}]",
REC-E-0262-problem_solving,E-0262,problem_solving,2026-09-29T00:00:00.000Z,improving,knowledge_gap,0.37,0,ACT-0010,stretch assignment: problem solving #1,0.75,103,"[{""eventId"":""EV-0039050"",""sourceType"":""self_assessment"",""influence"":0.785},{""eventId"":""EV-0039094"",""sourceType"":""self_assessment"",""influence"":0.45},{""eventId"":""EV-0039058"",""sourceType"":""assessment"",""influence"":0.27}]",
REC-E-0262-compliance_rigor,E-0262,compliance_rigor,2026-09-29T00:00:00.000Z,stagnating,knowledge_gap,0.76,0.655,ACT-0046,stretch assignment: compliance rigor #1,0.58,77,"[{""eventId"":""EV-0039062"",""sourceType"":""assessment"",""influence"":0.787},{""eventId"":""EV-0039072"",""sourceType"":""peer_feedback"",""influence"":0.569},{""eventId"":""EV-0039151"",""sourceType"":""assessment"",""influence"":0.418}]",
REC-E-0263-communication,E-0263,communication,2026-09-29T00:00:00.000Z,insufficient_evidence,observation_gap,0.32,0.278,ACT-0001,stretch assignment: communication #1,0.52,81,"[{""eventId"":""EV-0039181"",""sourceType"":""self_assessment"",""influence"":0.793},{""eventId"":""EV-0039330"",""sourceType"":""project"",""influence"":0.712},{""eventId"":""EV-0039188"",""sourceType"":""manager_feedback"",""influence"":0.479}]",
REC-E-0263-collaboration,E-0263,collaboration,2026-09-29T00:00:00.000Z,stagnating,practice_gap,0.6,0.316,ACT-0007,mentor: collaboration #1,0.62,170,"[{""eventId"":""EV-0039323"",""sourceType"":""training"",""influence"":0.615},{""eventId"":""EV-0039240"",""sourceType"":""assessment"",""influence"":0.498},{""eventId"":""EV-0039228"",""sourceType"":""self_assessment"",""influence"":0.465}]",
REC-E-0263-talent_assessment,E-0263,talent_assessment,2026-09-29T00:00:00.000Z,stagnating,practice_gap,1.48,1.664,ACT-0051,community: talent assessment #3,0.29,119,"[{""eventId"":""EV-0039192"",""sourceType"":""peer_feedback"",""influence"":1.071},{""eventId"":""EV-0039199"",""sourceType"":""assessment"",""influence"":0.378},{""eventId"":""EV-0039185"",""sourceType"":""self_assessment"",""influence"":0.206}]",
REC-E-0264-communication,E-0264,communication,2026-09-29T00:00:00.000Z,declining,practice_gap,2.82,2.819,ACT-0001,stretch assignment: communication #1,0.52,81,"[{""eventId"":""EV-0039347"",""sourceType"":""assessment"",""influence"":1.162},{""eventId"":""EV-0039368"",""sourceType"":""assessment"",""influence"":0.479},{""eventId"":""EV-0039385"",""sourceType"":""peer_feedback"",""influence"":0.347}]",
REC-E-0264-execution,E-0264,execution,2026-09-29T00:00:00.000Z,stagnating,practice_gap,0.85,0.408,ACT-0006,mentor: execution #3,0.72,113,"[{""eventId"":""EV-0039340"",""sourceType"":""kpi"",""influence"":0.917},{""eventId"":""EV-0039452"",""sourceType"":""project"",""influence"":0.913},{""eventId"":""EV-0039423"",""sourceType"":""assessment"",""influence"":0.375}]",
REC-E-0264-collaboration,E-0264,collaboration,2026-09-29T00:00:00.000Z,improving,practice_gap,1.41,0,ACT-0007,mentor: collaboration #1,0.62,170,"[{""eventId"":""EV-0039364"",""sourceType"":""peer_feedback"",""influence"":1.185},{""eventId"":""EV-0039372"",""sourceType"":""assessment"",""influence"":0.945},{""eventId"":""EV-0039391"",""sourceType"":""assessment"",""influence"":0.477}]",
REC-E-0264-problem_solving,E-0264,problem_solving,2026-09-29T00:00:00.000Z,improving,practice_gap,1.41,0.038,ACT-0010,stretch assignment: problem solving #1,0.75,103,"[{""eventId"":""EV-0039345"",""sourceType"":""peer_feedback"",""influence"":1.091},{""eventId"":""EV-0039425"",""sourceType"":""assessment"",""influence"":0.631},{""eventId"":""EV-0039411"",""sourceType"":""self_assessment"",""influence"":0.516}]",
REC-E-0264-customer_resolution,E-0264,customer_resolution,2026-09-29T00:00:00.000Z,declining,knowledge_gap,2.97,5.343,ACT-0055,stretch assignment: customer resolution #1,0.8,73,"[{""eventId"":""EV-0039342"",""sourceType"":""kpi"",""influence"":0.875},{""eventId"":""EV-0039393"",""sourceType"":""assessment"",""influence"":0.533},{""eventId"":""EV-0039376"",""sourceType"":""assessment"",""influence"":0.372}]",
REC-E-0264-troubleshooting,E-0264,troubleshooting,2026-09-29T00:00:00.000Z,stagnating,knowledge_gap,0.99,1.101,ACT-0060,stretch assignment: troubleshooting #3,0.62,45,"[{""eventId"":""EV-0039344"",""sourceType"":""peer_feedback"",""influence"":1.032},{""eventId"":""EV-0039378"",""sourceType"":""assessment"",""influence"":0.507},{""eventId"":""EV-0039357"",""sourceType"":""assessment"",""influence"":0.413}]",
REC-E-0265-execution,E-0265,execution,2026-09-29T00:00:00.000Z,insufficient_evidence,observation_gap,-0.65,0,ACT-0005,project: execution #2,0.23,120,"[{""eventId"":""EV-0039480"",""sourceType"":""kpi"",""influence"":0.981},{""eventId"":""EV-0039461"",""sourceType"":""self_assessment"",""influence"":0.717},{""eventId"":""EV-0039474"",""sourceType"":""assessment"",""influence"":0.639}]",
REC-E-0265-problem_solving,E-0265,problem_solving,2026-09-29T00:00:00.000Z,insufficient_evidence,observation_gap,0.51,0.294,ACT-0010,stretch assignment: problem solving #1,0.75,103,"[{""eventId"":""EV-0039454"",""sourceType"":""self_assessment"",""influence"":0.316},{""eventId"":""EV-0039456"",""sourceType"":""peer_feedback"",""influence"":0.195}]",
REC-E-0266-communication,E-0266,communication,2026-09-29T00:00:00.000Z,insufficient_evidence,observation_gap,0.7,0.254,ACT-0001,stretch assignment: communication #1,0.52,81,"[{""eventId"":""EV-0039608"",""sourceType"":""assessment"",""influence"":0.703},{""eventId"":""EV-0039664"",""sourceType"":""manager_feedback"",""influence"":0.483},{""eventId"":""EV-0039624"",""sourceType"":""manager_feedback"",""influence"":0.32}]",
REC-E-0266-execution,E-0266,execution,2026-09-29T00:00:00.000Z,stagnating,practice_gap,0.88,0.482,ACT-0006,mentor: execution #3,0.72,113,"[{""eventId"":""EV-0039605"",""sourceType"":""peer_feedback"",""influence"":1.087},{""eventId"":""EV-0039632"",""sourceType"":""manager_feedback"",""influence"":0.391},{""eventId"":""EV-0039644"",""sourceType"":""assessment"",""influence"":0.258}]",
REC-E-0266-collaboration,E-0266,collaboration,2026-09-29T00:00:00.000Z,insufficient_evidence,observation_gap,0.79,0.541,ACT-0009,stretch assignment: collaboration #3,0.37,140,"[{""eventId"":""EV-0039637"",""sourceType"":""peer_feedback"",""influence"":0.433},{""eventId"":""EV-0039600"",""sourceType"":""manager_feedback"",""influence"":0.412},{""eventId"":""EV-0039680"",""sourceType"":""project"",""influence"":0.379}]",
REC-E-0266-problem_solving,E-0266,problem_solving,2026-09-29T00:00:00.000Z,insufficient_evidence,observation_gap,-0.5,0,ACT-0010,stretch assignment: problem solving #1,0.75,103,"[{""eventId"":""EV-0039606"",""sourceType"":""peer_feedback"",""influence"":1.12},{""eventId"":""EV-0039614"",""sourceType"":""assessment"",""influence"":0.482},{""eventId"":""EV-0039687"",""sourceType"":""project"",""influence"":0.324}]",
REC-E-0266-negotiation,E-0266,negotiation,2026-09-29T00:00:00.000Z,insufficient_evidence,observation_gap,-0.04,0,ACT-0019,project: negotiation #1,0.4,165,"[{""eventId"":""EV-0039678"",""sourceType"":""project"",""influence"":1.06},{""eventId"":""EV-0039650"",""sourceType"":""assessment"",""influence"":0.624},{""eventId"":""EV-0039640"",""sourceType"":""peer_feedback"",""influence"":0.421}]",
REC-E-0266-pipeline_mgmt,E-0266,pipeline_mgmt,2026-09-29T00:00:00.000Z,insufficient_evidence,observation_gap,0.61,0.935,ACT-0022,stretch assignment: pipeline mgmt #1,0.75,154,"[{""eventId"":""EV-0039599"",""sourceType"":""manager_feedback"",""influence"":0.41},{""eventId"":""EV-0039630"",""sourceType"":""kpi"",""influence"":0.23},{""eventId"":""EV-0039654"",""sourceType"":""kpi"",""influence"":0.217}]",
REC-E-0267-communication,E-0267,communication,2026-09-29T00:00:00.000Z,insufficient_evidence,observation_gap,-0.6,0,ACT-0001,stretch assignment: communication #1,0.52,81,"[{""eventId"":""EV-0039737"",""sourceType"":""assessment"",""influence"":0.324},{""eventId"":""EV-0039802"",""sourceType"":""assessment"",""influence"":0.159},{""eventId"":""EV-0039726"",""sourceType"":""self_assessment"",""influence"":0.103}]",
REC-E-0267-execution,E-0267,execution,2026-09-29T00:00:00.000Z,insufficient_evidence,observation_gap,0.41,0.318,ACT-0005,project: execution #2,0.23,120,"[{""eventId"":""EV-0039697"",""sourceType"":""manager_feedback"",""influence"":1.967},{""eventId"":""EV-0039733"",""sourceType"":""manager_feedback"",""influence"":0.711},{""eventId"":""EV-0039705"",""sourceType"":""assessment"",""influence"":0.481}]",
REC-E-0267-problem_solving,E-0267,problem_solving,2026-09-29T00:00:00.000Z,stagnating,practice_gap,1.84,0.691,ACT-0010,stretch assignment: problem solving #1,0.75,103,"[{""eventId"":""EV-0039696"",""sourceType"":""manager_feedback"",""influence"":1.166},{""eventId"":""EV-0039836"",""sourceType"":""training"",""influence"":0.556},{""eventId"":""EV-0039784"",""sourceType"":""manager_feedback"",""influence"":0.36}]",
REC-E-0267-content_quality,E-0267,content_quality,2026-09-29T00:00:00.000Z,insufficient_evidence,observation_gap,0.68,0.326,ACT-0028,course: content quality #1,0.73,107,"[{""eventId"":""EV-0039701"",""sourceType"":""peer_feedback"",""influence"":1.06},{""eventId"":""EV-0039709"",""sourceType"":""assessment"",""influence"":0.776},{""eventId"":""EV-0039755"",""sourceType"":""manager_feedback"",""influence"":0.643}]",
REC-E-0268-execution,E-0268,execution,2026-09-29T00:00:00.000Z,stagnating,application_gap,1.06,0.59,ACT-0006,mentor: execution #3,0.72,113,"[{""eventId"":""EV-0039843"",""sourceType"":""kpi"",""influence"":1.042},{""eventId"":""EV-0039882"",""sourceType"":""assessment"",""influence"":0.347},{""eventId"":""EV-0039867"",""sourceType"":""kpi"",""influence"":0.324}]",
REC-E-0268-roadmap_prioritization,E-0268,roadmap_prioritization,2026-09-29T00:00:00.000Z,insufficient_evidence,observation_gap,0.82,0.533,ACT-0032,stretch assignment: roadmap prioritization #2,0.77,54,"[{""eventId"":""EV-0039854"",""sourceType"":""peer_feedback"",""influence"":1.133},{""eventId"":""EV-0039897"",""sourceType"":""self_assessment"",""influence"":0.35},{""eventId"":""EV-0039863"",""sourceType"":""assessment"",""influence"":0.336}]",
REC-E-0269-execution,E-0269,execution,2026-09-29T00:00:00.000Z,insufficient_evidence,observation_gap,1.3,0.881,ACT-0005,project: execution #2,0.23,120,"[{""eventId"":""EV-0039974"",""sourceType"":""peer_feedback"",""influence"":1.114},{""eventId"":""EV-0039972"",""sourceType"":""self_assessment"",""influence"":0.347}]",
REC-E-0269-collaboration,E-0269,collaboration,2026-09-29T00:00:00.000Z,stagnating,practice_gap,1.13,0.581,ACT-0007,mentor: collaboration #1,0.62,170,"[{""eventId"":""EV-0039982"",""sourceType"":""assessment"",""influence"":0.673},{""eventId"":""EV-0039976"",""sourceType"":""manager_feedback"",""influence"":0.405},{""eventId"":""EV-0040034"",""sourceType"":""manager_feedback"",""influence"":0.238}]",
REC-E-0269-problem_solving,E-0269,problem_solving,2026-09-29T00:00:00.000Z,declining,practice_gap,2.41,2.414,ACT-0010,stretch assignment: problem solving #1,0.75,103,"[{""eventId"":""EV-0040008"",""sourceType"":""assessment"",""influence"":0.76},{""eventId"":""EV-0039978"",""sourceType"":""manager_feedback"",""influence"":0.411},{""eventId"":""EV-0040060"",""sourceType"":""assessment"",""influence"":0.243}]",
REC-E-0269-visual_craft,E-0269,visual_craft,2026-09-29T00:00:00.000Z,insufficient_evidence,observation_gap,-0.21,0,ACT-0039,stretch assignment: visual craft #3,0.58,135,"[{""eventId"":""EV-0039986"",""sourceType"":""assessment"",""influence"":0.34},{""eventId"":""EV-0040072"",""sourceType"":""project"",""influence"":0.325},{""eventId"":""EV-0039997"",""sourceType"":""self_assessment"",""influence"":0.148}]",
REC-E-0270-communication,E-0270,communication,2026-09-29T00:00:00.000Z,stagnating,practice_gap,0.86,0.489,ACT-0001,stretch assignment: communication #1,0.52,81,"[{""eventId"":""EV-0040102"",""sourceType"":""assessment"",""influence"":1.431},{""eventId"":""EV-0040153"",""sourceType"":""self_assessment"",""influence"":0.745},{""eventId"":""EV-0040088"",""sourceType"":""self_assessment"",""influence"":0.26}]",
REC-E-0270-collaboration,E-0270,collaboration,2026-09-29T00:00:00.000Z,insufficient_evidence,observation_gap,-0.94,0,ACT-0009,stretch assignment: collaboration #3,0.37,140,"[{""eventId"":""EV-0040100"",""sourceType"":""peer_feedback"",""influence"":1.014},{""eventId"":""EV-0040136"",""sourceType"":""manager_feedback"",""influence"":0.459},{""eventId"":""EV-0040175"",""sourceType"":""peer_feedback"",""influence"":0.433}]",
REC-E-0270-problem_solving,E-0270,problem_solving,2026-09-29T00:00:00.000Z,stagnating,practice_gap,0.4,0.246,ACT-0010,stretch assignment: problem solving #1,0.75,103,"[{""eventId"":""EV-0040108"",""sourceType"":""assessment"",""influence"":0.465},{""eventId"":""EV-0040099"",""sourceType"":""peer_feedback"",""influence"":0.338},{""eventId"":""EV-0040244"",""sourceType"":""project"",""influence"":0.331}]",
REC-E-0270-financial_modeling,E-0270,financial_modeling,2026-09-29T00:00:00.000Z,stagnating,practice_gap,0.85,0.977,ACT-0045,community: financial modeling #3,0.62,81,"[{""eventId"":""EV-0040092"",""sourceType"":""self_assessment"",""influence"":0.772},{""eventId"":""EV-0040110"",""sourceType"":""assessment"",""influence"":0.253},{""eventId"":""EV-0040086"",""sourceType"":""kpi"",""influence"":0.205}]",
REC-E-0271-communication,E-0271,communication,2026-09-29T00:00:00.000Z,declining,practice_gap,2.3,2.221,ACT-0001,stretch assignment: communication #1,0.52,81,"[{""eventId"":""EV-0040257"",""sourceType"":""peer_feedback"",""influence"":1.053},{""eventId"":""EV-0040306"",""sourceType"":""assessment"",""influence"":0.791},{""eventId"":""EV-0040293"",""sourceType"":""self_assessment"",""influence"":0.336}]",
REC-E-0271-execution,E-0271,execution,2026-09-29T00:00:00.000Z,stagnating,knowledge_gap,0.95,0.362,ACT-0006,mentor: execution #3,0.72,113,"[{""eventId"":""EV-0040246"",""sourceType"":""kpi"",""influence"":0.561},{""eventId"":""EV-0040318"",""sourceType"":""kpi"",""influence"":0.357},{""eventId"":""EV-0040251"",""sourceType"":""self_assessment"",""influence"":0.308}]",
REC-E-0271-collaboration,E-0271,collaboration,2026-09-29T00:00:00.000Z,improving,application_gap,0.99,0,ACT-0007,mentor: collaboration #1,0.62,170,"[{""eventId"":""EV-0040258"",""sourceType"":""peer_feedback"",""influence"":1.061},{""eventId"":""EV-0040310"",""sourceType"":""assessment"",""influence"":0.581},{""eventId"":""EV-0040358"",""sourceType"":""peer_feedback"",""influence"":0.244}]",
REC-E-0271-problem_solving,E-0271,problem_solving,2026-09-29T00:00:00.000Z,stagnating,practice_gap,1.03,0.342,ACT-0010,stretch assignment: problem solving #1,0.75,103,"[{""eventId"":""EV-0040396"",""sourceType"":""project"",""influence"":0.563},{""eventId"":""EV-0040312"",""sourceType"":""assessment"",""influence"":0.457},{""eventId"":""EV-0040253"",""sourceType"":""self_assessment"",""influence"":0.296}]",
REC-E-0271-talent_assessment,E-0271,talent_assessment,2026-09-29T00:00:00.000Z,improving,practice_gap,0.41,0,ACT-0051,community: talent assessment #3,0.29,119,"[{""eventId"":""EV-0040248"",""sourceType"":""kpi"",""influence"":0.519},{""eventId"":""EV-0040254"",""sourceType"":""self_assessment"",""influence"":0.29},{""eventId"":""EV-0040286"",""sourceType"":""peer_feedback"",""influence"":0.211}]",
REC-E-0271-policy_navigation,E-0271,policy_navigation,2026-09-29T00:00:00.000Z,stagnating,application_gap,0.61,0.652,ACT-0052,mentor: policy navigation #1,0.56,119,"[{""eventId"":""EV-0040255"",""sourceType"":""self_assessment"",""influence"":1.33},{""eventId"":""EV-0040395"",""sourceType"":""project"",""influence"":0.635},{""eventId"":""EV-0040300"",""sourceType"":""peer_feedback"",""influence"":0.336}]",
REC-E-0272-execution,E-0272,execution,2026-09-29T00:00:00.000Z,stagnating,practice_gap,0.83,0.606,ACT-0006,mentor: execution #3,0.72,113,"[{""eventId"":""EV-0040407"",""sourceType"":""kpi"",""influence"":0.575},{""eventId"":""EV-0040509"",""sourceType"":""assessment"",""influence"":0.275},{""eventId"":""EV-0040412"",""sourceType"":""self_assessment"",""influence"":0.267}]",
REC-E-0272-problem_solving,E-0272,problem_solving,2026-09-29T00:00:00.000Z,stagnating,practice_gap,0.36,0.225,ACT-0010,stretch assignment: problem solving #1,0.75,103,"[{""eventId"":""EV-0040570"",""sourceType"":""training"",""influence"":0.426},{""eventId"":""EV-0040430"",""sourceType"":""assessment"",""influence"":0.398},{""eventId"":""EV-0040460"",""sourceType"":""manager_feedback"",""influence"":0.306}]",
REC-E-0273-communication,E-0273,communication,2026-09-29T00:00:00.000Z,stagnating,practice_gap,1.08,0.557,ACT-0001,stretch assignment: communication #1,0.52,81,"[{""eventId"":""EV-0040593"",""sourceType"":""peer_feedback"",""influence"":0.722},{""eventId"":""EV-0040634"",""sourceType"":""assessment"",""influence"":0.346},{""eventId"":""EV-0040662"",""sourceType"":""assessment"",""influence"":0.306}]",
REC-E-0273-collaboration,E-0273,collaboration,2026-09-29T00:00:00.000Z,insufficient_evidence,observation_gap,0.42,0.361,ACT-0009,stretch assignment: collaboration #3,0.37,140,"[{""eventId"":""EV-0040588"",""sourceType"":""self_assessment"",""influence"":1.302},{""eventId"":""EV-0040702"",""sourceType"":""training"",""influence"":0.401},{""eventId"":""EV-0040685"",""sourceType"":""peer_feedback"",""influence"":0.379}]",
REC-E-0273-problem_solving,E-0273,problem_solving,2026-09-29T00:00:00.000Z,stagnating,practice_gap,1.03,0.489,ACT-0010,stretch assignment: problem solving #1,0.75,103,"[{""eventId"":""EV-0040640"",""sourceType"":""assessment"",""influence"":1.164},{""eventId"":""EV-0040710"",""sourceType"":""project"",""influence"":0.821},{""eventId"":""EV-0040672"",""sourceType"":""manager_feedback"",""influence"":0.501}]",
REC-E-0273-system_design,E-0273,system_design,2026-09-29T00:00:00.000Z,stagnating,application_gap,0.56,0.68,ACT-0015,stretch assignment: system design #3,0.28,161,"[{""eventId"":""EV-0040715"",""sourceType"":""certification"",""influence"":2.226},{""eventId"":""EV-0040615"",""sourceType"":""kpi"",""influence"":0.897},{""eventId"":""EV-0040621"",""sourceType"":""self_assessment"",""influence"":0.773}]",
REC-E-0273-code_quality,E-0273,code_quality,2026-09-29T00:00:00.000Z,stagnating,knowledge_gap,0.66,0.551,ACT-0017,mentor: code quality #2,0.37,90,"[{""eventId"":""EV-0040608"",""sourceType"":""manager_feedback"",""influence"":0.775},{""eventId"":""EV-0040650"",""sourceType"":""peer_feedback"",""influence"":0.514},{""eventId"":""EV-0040602"",""sourceType"":""assessment"",""influence"":0.326}]",
REC-E-0274-collaboration,E-0274,collaboration,2026-09-29T00:00:00.000Z,stagnating,practice_gap,0.36,0.175,ACT-0007,mentor: collaboration #1,0.62,170,"[{""eventId"":""EV-0040800"",""sourceType"":""assessment"",""influence"":0.271},{""eventId"":""EV-0040721"",""sourceType"":""self_assessment"",""influence"":0.253},{""eventId"":""EV-0040835"",""sourceType"":""manager_feedback"",""influence"":0.149}]",
REC-E-0274-problem_solving,E-0274,problem_solving,2026-09-29T00:00:00.000Z,insufficient_evidence,observation_gap,0.16,0.131,ACT-0010,stretch assignment: problem solving #1,0.75,103,"[{""eventId"":""EV-0040837"",""sourceType"":""manager_feedback"",""influence"":0.559},{""eventId"":""EV-0040748"",""sourceType"":""manager_feedback"",""influence"":0.509},{""eventId"":""EV-0040730"",""sourceType"":""assessment"",""influence"":0.401}]",
REC-E-0274-negotiation,E-0274,negotiation,2026-09-29T00:00:00.000Z,declining,knowledge_gap,0.91,1.63,ACT-0019,project: negotiation #1,0.4,165,"[{""eventId"":""EV-0040723"",""sourceType"":""self_assessment"",""influence"":0.822},{""eventId"":""EV-0040836"",""sourceType"":""manager_feedback"",""influence"":0.412},{""eventId"":""EV-0040802"",""sourceType"":""assessment"",""influence"":0.296}]",
REC-E-0274-pipeline_mgmt,E-0274,pipeline_mgmt,2026-09-29T00:00:00.000Z,stagnating,practice_gap,0.95,1.129,ACT-0022,stretch assignment: pipeline mgmt #1,0.75,154,"[{""eventId"":""EV-0040724"",""sourceType"":""self_assessment"",""influence"":0.277},{""eventId"":""EV-0040780"",""sourceType"":""kpi"",""influence"":0.244},{""eventId"":""EV-0040816"",""sourceType"":""manager_feedback"",""influence"":0.235}]",
REC-E-0275-execution,E-0275,execution,2026-09-29T00:00:00.000Z,improving,practice_gap,0.74,0.068,ACT-0006,mentor: execution #3,0.72,113,"[{""eventId"":""EV-0040862"",""sourceType"":""peer_feedback"",""influence"":1.057},{""eventId"":""EV-0040999"",""sourceType"":""project"",""influence"":0.339},{""eventId"":""EV-0040972"",""sourceType"":""assessment"",""influence"":0.312}]",
REC-E-0275-collaboration,E-0275,collaboration,2026-09-29T00:00:00.000Z,stagnating,knowledge_gap,1.48,0.953,ACT-0007,mentor: collaboration #1,0.62,170,"[{""eventId"":""EV-0040908"",""sourceType"":""manager_feedback"",""influence"":0.618},{""eventId"":""EV-0040866"",""sourceType"":""assessment"",""influence"":0.392},{""eventId"":""EV-0040854"",""sourceType"":""manager_feedback"",""influence"":0.389}]",
REC-E-0275-problem_solving,E-0275,problem_solving,2026-09-29T00:00:00.000Z,insufficient_evidence,observation_gap,0.33,0.069,ACT-0010,stretch assignment: problem solving #1,0.75,103,"[{""eventId"":""EV-0040855"",""sourceType"":""manager_feedback"",""influence"":0.391},{""eventId"":""EV-0040974"",""sourceType"":""assessment"",""influence"":0.386},{""eventId"":""EV-0040929"",""sourceType"":""assessment"",""influence"":0.32}]",
REC-E-0275-campaign_strategy,E-0275,campaign_strategy,2026-09-29T00:00:00.000Z,stagnating,practice_gap,0.8,0.702,ACT-0027,coaching: campaign strategy #3,0.71,65,"[{""eventId"":""EV-0040852"",""sourceType"":""kpi"",""influence"":0.436},{""eventId"":""EV-0040861"",""sourceType"":""peer_feedback"",""influence"":0.368},{""eventId"":""EV-0040919"",""sourceType"":""kpi"",""influence"":0.218}]",
REC-E-0276-stakeholder_alignment,E-0276,stakeholder_alignment,2026-09-29T00:00:00.000Z,declining,practice_gap,0.48,0.855,ACT-0034,stretch assignment: stakeholder alignment #1,0.68,119,"[{""eventId"":""EV-0041030"",""sourceType"":""manager_feedback"",""influence"":1.26},{""eventId"":""EV-0041163"",""sourceType"":""project"",""influence"":0.454},{""eventId"":""EV-0041100"",""sourceType"":""assessment"",""influence"":0.441}]",
REC-E-0277-communication,E-0277,communication,2026-09-29T00:00:00.000Z,insufficient_evidence,observation_gap,1.3,1.033,ACT-0001,stretch assignment: communication #1,0.52,81,"[{""eventId"":""EV-0041176"",""sourceType"":""peer_feedback"",""influence"":1.078},{""eventId"":""EV-0041172"",""sourceType"":""manager_feedback"",""influence"":0.362},{""eventId"":""EV-0041291"",""sourceType"":""assessment"",""influence"":0.337}]",
REC-E-0277-problem_solving,E-0277,problem_solving,2026-09-29T00:00:00.000Z,stagnating,practice_gap,1.6,0.832,ACT-0010,stretch assignment: problem solving #1,0.75,103,"[{""eventId"":""EV-0041175"",""sourceType"":""peer_feedback"",""influence"":0.352},{""eventId"":""EV-0041216"",""sourceType"":""assessment"",""influence"":0.351},{""eventId"":""EV-0041297"",""sourceType"":""assessment"",""influence"":0.269}]",
REC-E-0277-ux_research,E-0277,ux_research,2026-09-29T00:00:00.000Z,stagnating,practice_gap,0.85,0.944,ACT-0041,stretch assignment: ux research #2,0.78,110,"[{""eventId"":""EV-0041220"",""sourceType"":""assessment"",""influence"":0.337},{""eventId"":""EV-0041315"",""sourceType"":""project"",""influence"":0.333},{""eventId"":""EV-0041201"",""sourceType"":""self_assessment"",""influence"":0.286}]",
REC-E-0279-communication,E-0279,communication,2026-09-29T00:00:00.000Z,declining,knowledge_gap,1.5,1.399,ACT-0001,stretch assignment: communication #1,0.52,81,"[{""eventId"":""EV-0041500"",""sourceType"":""peer_feedback"",""influence"":1.111},{""eventId"":""EV-0041582"",""sourceType"":""assessment"",""influence"":0.438},{""eventId"":""EV-0041503"",""sourceType"":""assessment"",""influence"":0.407}]",
REC-E-0279-execution,E-0279,execution,2026-09-29T00:00:00.000Z,stagnating,knowledge_gap,0.87,0.494,ACT-0006,mentor: execution #3,0.72,113,"[{""eventId"":""EV-0041584"",""sourceType"":""assessment"",""influence"":0.285},{""eventId"":""EV-0041491"",""sourceType"":""self_assessment"",""influence"":0.276},{""eventId"":""EV-0041488"",""sourceType"":""kpi"",""influence"":0.207}]",
REC-E-0279-collaboration,E-0279,collaboration,2026-09-29T00:00:00.000Z,stagnating,knowledge_gap,0.51,0.327,ACT-0007,mentor: collaboration #1,0.62,170,"[{""eventId"":""EV-0041613"",""sourceType"":""assessment"",""influence"":0.418},{""eventId"":""EV-0041558"",""sourceType"":""peer_feedback"",""influence"":0.399},{""eventId"":""EV-0041544"",""sourceType"":""assessment"",""influence"":0.39}]",
REC-E-0279-problem_solving,E-0279,problem_solving,2026-09-29T00:00:00.000Z,insufficient_evidence,observation_gap,-0.13,0,ACT-0010,stretch assignment: problem solving #1,0.75,103,"[{""eventId"":""EV-0041493"",""sourceType"":""self_assessment"",""influence"":0.764},{""eventId"":""EV-0041509"",""sourceType"":""assessment"",""influence"":0.575},{""eventId"":""EV-0041641"",""sourceType"":""project"",""influence"":0.283}]",
REC-E-0279-policy_navigation,E-0279,policy_navigation,2026-09-29T00:00:00.000Z,stagnating,practice_gap,1.79,2.134,ACT-0052,mentor: policy navigation #1,0.56,119,"[{""eventId"":""EV-0041536"",""sourceType"":""self_assessment"",""influence"":0.704},{""eventId"":""EV-0041637"",""sourceType"":""peer_feedback"",""influence"":0.358},{""eventId"":""EV-0041501"",""sourceType"":""peer_feedback"",""influence"":0.357}]",
REC-E-0280-communication,E-0280,communication,2026-09-29T00:00:00.000Z,stagnating,practice_gap,0.56,0.347,ACT-0001,stretch assignment: communication #1,0.52,81,"[{""eventId"":""EV-0041663"",""sourceType"":""assessment"",""influence"":0.573},{""eventId"":""EV-0041657"",""sourceType"":""manager_feedback"",""influence"":0.401},{""eventId"":""EV-0041740"",""sourceType"":""assessment"",""influence"":0.308}]",
REC-E-0280-customer_resolution,E-0280,customer_resolution,2026-09-29T00:00:00.000Z,stagnating,knowledge_gap,0.4,0.421,ACT-0055,stretch assignment: customer resolution #1,0.8,73,"[{""eventId"":""EV-0041653"",""sourceType"":""self_assessment"",""influence"":0.769},{""eventId"":""EV-0041689"",""sourceType"":""kpi"",""influence"":0.543},{""eventId"":""EV-0041669"",""sourceType"":""assessment"",""influence"":0.292}]",
REC-E-0280-troubleshooting,E-0280,troubleshooting,2026-09-29T00:00:00.000Z,stagnating,practice_gap,0.53,0.521,ACT-0060,stretch assignment: troubleshooting #3,0.62,45,"[{""eventId"":""EV-0041671"",""sourceType"":""assessment"",""influence"":1.004},{""eventId"":""EV-0041792"",""sourceType"":""project"",""influence"":0.677},{""eventId"":""EV-0041684"",""sourceType"":""peer_feedback"",""influence"":0.321}]",
REC-E-0281-execution,E-0281,execution,2026-09-29T00:00:00.000Z,insufficient_evidence,observation_gap,0.75,0.498,ACT-0005,project: execution #2,0.23,120,"[{""eventId"":""EV-0041806"",""sourceType"":""peer_feedback"",""influence"":0.373},{""eventId"":""EV-0041795"",""sourceType"":""self_assessment"",""influence"":0.278},{""eventId"":""EV-0041856"",""sourceType"":""assessment"",""influence"":0.248}]",
REC-E-0281-problem_solving,E-0281,problem_solving,2026-09-29T00:00:00.000Z,insufficient_evidence,observation_gap,-0.17,0,ACT-0010,stretch assignment: problem solving #1,0.75,103,"[{""eventId"":""EV-0041885"",""sourceType"":""peer_feedback"",""influence"":0.88},{""eventId"":""EV-0041934"",""sourceType"":""training"",""influence"":0.652},{""eventId"":""EV-0041817"",""sourceType"":""assessment"",""influence"":0.475}]",
REC-E-0281-system_design,E-0281,system_design,2026-09-29T00:00:00.000Z,stagnating,application_gap,0.69,0.755,ACT-0015,stretch assignment: system design #3,0.28,161,"[{""eventId"":""EV-0041943"",""sourceType"":""project"",""influence"":0.604},{""eventId"":""EV-0041819"",""sourceType"":""assessment"",""influence"":0.435},{""eventId"":""EV-0041801"",""sourceType"":""manager_feedback"",""influence"":0.398}]",
REC-E-0282-execution,E-0282,execution,2026-09-29T00:00:00.000Z,stagnating,practice_gap,0.44,0.149,ACT-0006,mentor: execution #3,0.72,113,"[{""eventId"":""EV-0041991"",""sourceType"":""kpi"",""influence"":0.362},{""eventId"":""EV-0042047"",""sourceType"":""manager_feedback"",""influence"":0.342},{""eventId"":""EV-0041950"",""sourceType"":""self_assessment"",""influence"":0.257}]",
REC-E-0283-communication,E-0283,communication,2026-09-29T00:00:00.000Z,stagnating,knowledge_gap,1.25,0.675,ACT-0001,stretch assignment: communication #1,0.52,81,"[{""eventId"":""EV-0042140"",""sourceType"":""self_assessment"",""influence"":0.79},{""eventId"":""EV-0042153"",""sourceType"":""assessment"",""influence"":0.751},{""eventId"":""EV-0042189"",""sourceType"":""assessment"",""influence"":0.643}]",
REC-E-0283-execution,E-0283,execution,2026-09-29T00:00:00.000Z,stagnating,practice_gap,1.54,0.947,ACT-0006,mentor: execution #3,0.72,113,"[{""eventId"":""EV-0042233"",""sourceType"":""assessment"",""influence"":0.469},{""eventId"":""EV-0042264"",""sourceType"":""project"",""influence"":0.374},{""eventId"":""EV-0042141"",""sourceType"":""self_assessment"",""influence"":0.246}]",
REC-E-0283-collaboration,E-0283,collaboration,2026-09-29T00:00:00.000Z,stagnating,practice_gap,0.73,0.278,ACT-0007,mentor: collaboration #1,0.62,170,"[{""eventId"":""EV-0042142"",""sourceType"":""self_assessment"",""influence"":0.786},{""eventId"":""EV-0042193"",""sourceType"":""assessment"",""influence"":0.62},{""eventId"":""EV-0042155"",""sourceType"":""assessment"",""influence"":0.48}]",
REC-E-0283-problem_solving,E-0283,problem_solving,2026-09-29T00:00:00.000Z,improving,knowledge_gap,0.69,0,ACT-0010,stretch assignment: problem solving #1,0.75,103,"[{""eventId"":""EV-0042209"",""sourceType"":""assessment"",""influence"":1.518},{""eventId"":""EV-0042143"",""sourceType"":""self_assessment"",""influence"":0.761},{""eventId"":""EV-0042157"",""sourceType"":""assessment"",""influence"":0.436}]",
REC-E-0283-campaign_strategy,E-0283,campaign_strategy,2026-09-29T00:00:00.000Z,improving,practice_gap,1.31,0,ACT-0027,coaching: campaign strategy #3,0.71,65,"[{""eventId"":""EV-0042228"",""sourceType"":""peer_feedback"",""influence"":0.731},{""eventId"":""EV-0042239"",""sourceType"":""assessment"",""influence"":0.662},{""eventId"":""EV-0042241"",""sourceType"":""kpi"",""influence"":0.188}]",
REC-E-0285-communication,E-0285,communication,2026-09-29T00:00:00.000Z,stagnating,knowledge_gap,1.36,0.834,ACT-0001,stretch assignment: communication #1,0.52,81,"[{""eventId"":""EV-0042442"",""sourceType"":""manager_feedback"",""influence"":0.347},{""eventId"":""EV-0042447"",""sourceType"":""peer_feedback"",""influence"":0.258},{""eventId"":""EV-0042484"",""sourceType"":""self_assessment"",""influence"":0.24}]",
REC-E-0285-execution,E-0285,execution,2026-09-29T00:00:00.000Z,stagnating,knowledge_gap,1.14,0.698,ACT-0006,mentor: execution #3,0.72,113,"[{""eventId"":""EV-0042480"",""sourceType"":""kpi"",""influence"":0.417},{""eventId"":""EV-0042474"",""sourceType"":""manager_feedback"",""influence"":0.348},{""eventId"":""EV-0042499"",""sourceType"":""assessment"",""influence"":0.314}]",
REC-E-0285-collaboration,E-0285,collaboration,2026-09-29T00:00:00.000Z,improving,practice_gap,0.84,0,ACT-0007,mentor: collaboration #1,0.62,170,"[{""eventId"":""EV-0042563"",""sourceType"":""manager_feedback"",""influence"":0.505},{""eventId"":""EV-0042574"",""sourceType"":""assessment"",""influence"":0.498},{""eventId"":""EV-0042542"",""sourceType"":""self_assessment"",""influence"":0.376}]",
REC-E-0286-execution,E-0286,execution,2026-09-29T00:00:00.000Z,insufficient_evidence,observation_gap,0.33,0.043,ACT-0005,project: execution #2,0.23,120,"[{""eventId"":""EV-0042599"",""sourceType"":""self_assessment"",""influence"":0.821},{""eventId"":""EV-0042607"",""sourceType"":""manager_feedback"",""influence"":0.429},{""eventId"":""EV-0042620"",""sourceType"":""self_assessment"",""influence"":0.237}]",
REC-E-0286-collaboration,E-0286,collaboration,2026-09-29T00:00:00.000Z,declining,practice_gap,0.77,0.775,ACT-0007,mentor: collaboration #1,0.62,170,"[{""eventId"":""EV-0042600"",""sourceType"":""self_assessment"",""influence"":1.269},{""eventId"":""EV-0042636"",""sourceType"":""manager_feedback"",""influence"":0.583},{""eventId"":""EV-0042672"",""sourceType"":""assessment"",""influence"":0.488}]",
REC-E-0286-problem_solving,E-0286,problem_solving,2026-09-29T00:00:00.000Z,insufficient_evidence,observation_gap,1.33,1.006,ACT-0010,stretch assignment: problem solving #1,0.75,103,"[{""eventId"":""EV-0042611"",""sourceType"":""assessment"",""influence"":0.363},{""eventId"":""EV-0042684"",""sourceType"":""self_assessment"",""influence"":0.299},{""eventId"":""EV-0042601"",""sourceType"":""self_assessment"",""influence"":0.254}]",
REC-E-0286-financial_modeling,E-0286,financial_modeling,2026-09-29T00:00:00.000Z,declining,practice_gap,0.47,0.821,ACT-0045,community: financial modeling #3,0.62,81,"[{""eventId"":""EV-0042602"",""sourceType"":""self_assessment"",""influence"":0.841},{""eventId"":""EV-0042596"",""sourceType"":""kpi"",""influence"":0.318},{""eventId"":""EV-0042725"",""sourceType"":""project"",""influence"":0.29}]",
REC-E-0287-communication,E-0287,communication,2026-09-29T00:00:00.000Z,improving,knowledge_gap,0.66,0.06,ACT-0001,stretch assignment: communication #1,0.52,81,"[{""eventId"":""EV-0042806"",""sourceType"":""assessment"",""influence"":0.692},{""eventId"":""EV-0042738"",""sourceType"":""assessment"",""influence"":0.642},{""eventId"":""EV-0042754"",""sourceType"":""manager_feedback"",""influence"":0.419}]",
REC-E-0287-problem_solving,E-0287,problem_solving,2026-09-29T00:00:00.000Z,stagnating,practice_gap,0.89,0.406,ACT-0010,stretch assignment: problem solving #1,0.75,103,"[{""eventId"":""EV-0042742"",""sourceType"":""assessment"",""influence"":0.504},{""eventId"":""EV-0042735"",""sourceType"":""manager_feedback"",""influence"":0.397},{""eventId"":""EV-0042856"",""sourceType"":""manager_feedback"",""influence"":0.293}]",
REC-E-0287-talent_assessment,E-0287,talent_assessment,2026-09-29T00:00:00.000Z,insufficient_evidence,observation_gap,0.55,0.21,ACT-0050,project: talent assessment #2,0.25,149,"[{""eventId"":""EV-0042761"",""sourceType"":""kpi"",""influence"":0.284},{""eventId"":""EV-0042764"",""sourceType"":""manager_feedback"",""influence"":0.17},{""eventId"":""EV-0042792"",""sourceType"":""manager_feedback"",""influence"":0.155}]",
REC-E-0287-policy_navigation,E-0287,policy_navigation,2026-09-29T00:00:00.000Z,declining,practice_gap,1.73,3.117,ACT-0052,mentor: policy navigation #1,0.56,119,"[{""eventId"":""EV-0042736"",""sourceType"":""manager_feedback"",""influence"":1.196},{""eventId"":""EV-0042753"",""sourceType"":""manager_feedback"",""influence"":0.525},{""eventId"":""EV-0042765"",""sourceType"":""manager_feedback"",""influence"":0.417}]",
REC-E-0289-communication,E-0289,communication,2026-09-29T00:00:00.000Z,insufficient_evidence,observation_gap,0.53,0.147,ACT-0001,stretch assignment: communication #1,0.52,81,"[{""eventId"":""EV-0043047"",""sourceType"":""manager_feedback"",""influence"":0.693},{""eventId"":""EV-0043172"",""sourceType"":""training"",""influence"":0.591},{""eventId"":""EV-0043032"",""sourceType"":""assessment"",""influence"":0.167}]",
REC-E-0289-code_quality,E-0289,code_quality,2026-09-29T00:00:00.000Z,stagnating,practice_gap,1.25,1.389,ACT-0017,mentor: code quality #2,0.37,90,"[{""eventId"":""EV-0043064"",""sourceType"":""peer_feedback"",""influence"":0.53},{""eventId"":""EV-0043074"",""sourceType"":""assessment"",""influence"":0.481},{""eventId"":""EV-0043040"",""sourceType"":""assessment"",""influence"":0.337}]",
REC-E-0290-communication,E-0290,communication,2026-09-29T00:00:00.000Z,insufficient_evidence,observation_gap,-0.86,0,ACT-0001,stretch assignment: communication #1,0.52,81,"[{""eventId"":""EV-0043193"",""sourceType"":""peer_feedback"",""influence"":0.992},{""eventId"":""EV-0043196"",""sourceType"":""assessment"",""influence"":0.28},{""eventId"":""EV-0043210"",""sourceType"":""self_assessment"",""influence"":0.225}]",
REC-E-0291-communication,E-0291,communication,2026-09-29T00:00:00.000Z,stagnating,practice_gap,0.54,0.197,ACT-0001,stretch assignment: communication #1,0.52,81,"[{""eventId"":""EV-0043365"",""sourceType"":""self_assessment"",""influence"":0.829},{""eventId"":""EV-0043475"",""sourceType"":""assessment"",""influence"":0.24},{""eventId"":""EV-0043388"",""sourceType"":""peer_feedback"",""influence"":0.203}]",
REC-E-0291-execution,E-0291,execution,2026-09-29T00:00:00.000Z,stagnating,application_gap,1.11,0.542,ACT-0006,mentor: execution #3,0.72,113,"[{""eventId"":""EV-0043366"",""sourceType"":""self_assessment"",""influence"":0.785},{""eventId"":""EV-0043396"",""sourceType"":""assessment"",""influence"":0.364},{""eventId"":""EV-0043361"",""sourceType"":""kpi"",""influence"":0.336}]",
REC-E-0291-problem_solving,E-0291,problem_solving,2026-09-29T00:00:00.000Z,stagnating,application_gap,0.89,0.502,ACT-0010,stretch assignment: problem solving #1,0.75,103,"[{""eventId"":""EV-0043368"",""sourceType"":""self_assessment"",""influence"":0.796},{""eventId"":""EV-0043427"",""sourceType"":""peer_feedback"",""influence"":0.337},{""eventId"":""EV-0043437"",""sourceType"":""assessment"",""influence"":0.313}]",
REC-E-0291-campaign_strategy,E-0291,campaign_strategy,2026-09-29T00:00:00.000Z,stagnating,practice_gap,0.73,0.581,ACT-0027,coaching: campaign strategy #3,0.71,65,"[{""eventId"":""EV-0043392"",""sourceType"":""kpi"",""influence"":0.371},{""eventId"":""EV-0043402"",""sourceType"":""assessment"",""influence"":0.344},{""eventId"":""EV-0043415"",""sourceType"":""peer_feedback"",""influence"":0.314}]",
REC-E-0291-content_quality,E-0291,content_quality,2026-09-29T00:00:00.000Z,insufficient_evidence,observation_gap,0.51,0.523,ACT-0028,course: content quality #1,0.73,107,"[{""eventId"":""EV-0043357"",""sourceType"":""self_assessment"",""influence"":0.306},{""eventId"":""EV-0043359"",""sourceType"":""peer_feedback"",""influence"":0.156}]",
REC-E-0292-communication,E-0292,communication,2026-09-29T00:00:00.000Z,insufficient_evidence,observation_gap,-0.09,0,ACT-0001,stretch assignment: communication #1,0.52,81,"[{""eventId"":""EV-0043640"",""sourceType"":""project"",""influence"":0.831},{""eventId"":""EV-0043642"",""sourceType"":""project"",""influence"":0.582},{""eventId"":""EV-0043533"",""sourceType"":""self_assessment"",""influence"":0.251}]",
REC-E-0292-execution,E-0292,execution,2026-09-29T00:00:00.000Z,declining,knowledge_gap,1.88,1.876,ACT-0006,mentor: execution #3,0.72,113,"[{""eventId"":""EV-0043515"",""sourceType"":""self_assessment"",""influence"":1.443},{""eventId"":""EV-0043551"",""sourceType"":""manager_feedback"",""influence"":0.327},{""eventId"":""EV-0043541"",""sourceType"":""manager_feedback"",""influence"":0.292}]",
REC-E-0292-collaboration,E-0292,collaboration,2026-09-29T00:00:00.000Z,improving,knowledge_gap,0.6,0,ACT-0007,mentor: collaboration #1,0.62,170,"[{""eventId"":""EV-0043595"",""sourceType"":""self_assessment"",""influence"":0.949},{""eventId"":""EV-0043516"",""sourceType"":""self_assessment"",""influence"":0.887},{""eventId"":""EV-0043602"",""sourceType"":""manager_feedback"",""influence"":0.572}]",
REC-E-0292-problem_solving,E-0292,problem_solving,2026-09-29T00:00:00.000Z,stagnating,practice_gap,0.92,0.449,ACT-0010,stretch assignment: problem solving #1,0.75,103,"[{""eventId"":""EV-0043588"",""sourceType"":""assessment"",""influence"":0.642},{""eventId"":""EV-0043596"",""sourceType"":""self_assessment"",""influence"":0.423},{""eventId"":""EV-0043561"",""sourceType"":""assessment"",""influence"":0.403}]",
REC-E-0293-communication,E-0293,communication,2026-09-29T00:00:00.000Z,declining,practice_gap,0.58,0.577,ACT-0001,stretch assignment: communication #1,0.52,81,"[{""eventId"":""EV-0043651"",""sourceType"":""manager_feedback"",""influence"":1.907},{""eventId"":""EV-0043653"",""sourceType"":""assessment"",""influence"":0.75},{""eventId"":""EV-0043698"",""sourceType"":""assessment"",""influence"":0.578}]",
REC-E-0293-ux_research,E-0293,ux_research,2026-09-29T00:00:00.000Z,insufficient_evidence,observation_gap,-0.24,0,ACT-0041,stretch assignment: ux research #2,0.78,110,"[{""eventId"":""EV-0043670"",""sourceType"":""self_assessment"",""influence"":0.344},{""eventId"":""EV-0043661"",""sourceType"":""assessment"",""influence"":0.246},{""eventId"":""EV-0043693"",""sourceType"":""manager_feedback"",""influence"":0.139}]",
REC-E-0294-communication,E-0294,communication,2026-09-29T00:00:00.000Z,improving,practice_gap,0.47,0,ACT-0001,stretch assignment: communication #1,0.52,81,"[{""eventId"":""EV-0043804"",""sourceType"":""self_assessment"",""influence"":0.73},{""eventId"":""EV-0043948"",""sourceType"":""project"",""influence"":0.584},{""eventId"":""EV-0043955"",""sourceType"":""project"",""influence"":0.507}]",
REC-E-0294-execution,E-0294,execution,2026-09-29T00:00:00.000Z,stagnating,knowledge_gap,0.5,0.295,ACT-0006,mentor: execution #3,0.72,113,"[{""eventId"":""EV-0043805"",""sourceType"":""self_assessment"",""influence"":1.288},{""eventId"":""EV-0043884"",""sourceType"":""assessment"",""influence"":0.48},{""eventId"":""EV-0043800"",""sourceType"":""kpi"",""influence"":0.271}]",
REC-E-0294-collaboration,E-0294,collaboration,2026-09-29T00:00:00.000Z,insufficient_evidence,observation_gap,1.56,0.38,ACT-0009,stretch assignment: collaboration #3,0.37,140,"[{""eventId"":""EV-0043815"",""sourceType"":""peer_feedback"",""influence"":0.982},{""eventId"":""EV-0043942"",""sourceType"":""training"",""influence"":0.948},{""eventId"":""EV-0043821"",""sourceType"":""assessment"",""influence"":0.581}]",
REC-E-0294-problem_solving,E-0294,problem_solving,2026-09-29T00:00:00.000Z,improving,practice_gap,1.32,0,ACT-0010,stretch assignment: problem solving #1,0.75,103,"[{""eventId"":""EV-0043888"",""sourceType"":""assessment"",""influence"":1.117},{""eventId"":""EV-0043922"",""sourceType"":""assessment"",""influence"":0.347},{""eventId"":""EV-0043935"",""sourceType"":""self_assessment"",""influence"":0.224}]",
REC-E-0294-compliance_rigor,E-0294,compliance_rigor,2026-09-29T00:00:00.000Z,improving,consistency_gap,0.68,0.013,ACT-0048,coaching: compliance rigor #3,0.4,77,"[{""eventId"":""EV-0043855"",""sourceType"":""assessment"",""influence"":1.071},{""eventId"":""EV-0043836"",""sourceType"":""peer_feedback"",""influence"":0.516},{""eventId"":""EV-0043892"",""sourceType"":""assessment"",""influence"":0.404}]",
REC-E-0295-communication,E-0295,communication,2026-09-29T00:00:00.000Z,insufficient_evidence,observation_gap,-0.58,0,ACT-0001,stretch assignment: communication #1,0.52,81,"[{""eventId"":""EV-0043971"",""sourceType"":""manager_feedback"",""influence"":1.124},{""eventId"":""EV-0044003"",""sourceType"":""assessment"",""influence"":0.489},{""eventId"":""EV-0043976"",""sourceType"":""assessment"",""influence"":0.279}]",
REC-E-0295-collaboration,E-0295,collaboration,2026-09-29T00:00:00.000Z,stagnating,knowledge_gap,0.38,0.261,ACT-0007,mentor: collaboration #1,0.62,170,"[{""eventId"":""EV-0043992"",""sourceType"":""peer_feedback"",""influence"":0.654},{""eventId"":""EV-0044007"",""sourceType"":""assessment"",""influence"":0.645},{""eventId"":""EV-0044070"",""sourceType"":""peer_feedback"",""influence"":0.435}]",
REC-E-0295-problem_solving,E-0295,problem_solving,2026-09-29T00:00:00.000Z,stagnating,practice_gap,0.52,0.353,ACT-0010,stretch assignment: problem solving #1,0.75,103,"[{""eventId"":""EV-0044009"",""sourceType"":""assessment"",""influence"":0.419},{""eventId"":""EV-0043974"",""sourceType"":""peer_feedback"",""influence"":0.355},{""eventId"":""EV-0043988"",""sourceType"":""manager_feedback"",""influence"":0.315}]",
REC-E-0295-policy_navigation,E-0295,policy_navigation,2026-09-29T00:00:00.000Z,declining,knowledge_gap,0.31,0.543,ACT-0052,mentor: policy navigation #1,0.56,119,"[{""eventId"":""EV-0044057"",""sourceType"":""assessment"",""influence"":0.636},{""eventId"":""EV-0044013"",""sourceType"":""assessment"",""influence"":0.6},{""eventId"":""EV-0044041"",""sourceType"":""manager_feedback"",""influence"":0.321}]",
REC-E-0296-troubleshooting,E-0296,troubleshooting,2026-09-29T00:00:00.000Z,insufficient_evidence,observation_gap,-0.29,0,ACT-0060,stretch assignment: troubleshooting #3,0.62,45,"[{""eventId"":""EV-0044115"",""sourceType"":""peer_feedback"",""influence"":1.46},{""eventId"":""EV-0044113"",""sourceType"":""self_assessment"",""influence"":0.948}]",
REC-E-0297-communication,E-0297,communication,2026-09-29T00:00:00.000Z,stagnating,practice_gap,0.98,0.465,ACT-0001,stretch assignment: communication #1,0.52,81,"[{""eventId"":""EV-0044367"",""sourceType"":""assessment"",""influence"":0.612},{""eventId"":""EV-0044400"",""sourceType"":""assessment"",""influence"":0.389},{""eventId"":""EV-0044292"",""sourceType"":""peer_feedback"",""influence"":0.356}]",
REC-E-0297-execution,E-0297,execution,2026-09-29T00:00:00.000Z,declining,practice_gap,1.65,1.649,ACT-0006,mentor: execution #3,0.72,113,"[{""eventId"":""EV-0044277"",""sourceType"":""kpi"",""influence"":0.992},{""eventId"":""EV-0044326"",""sourceType"":""manager_feedback"",""influence"":0.404},{""eventId"":""EV-0044334"",""sourceType"":""assessment"",""influence"":0.326}]",
REC-E-0297-collaboration,E-0297,collaboration,2026-09-29T00:00:00.000Z,declining,application_gap,1.03,1.033,ACT-0007,mentor: collaboration #1,0.62,170,"[{""eventId"":""EV-0044293"",""sourceType"":""peer_feedback"",""influence"":1.076},{""eventId"":""EV-0044309"",""sourceType"":""manager_feedback"",""influence"":0.863},{""eventId"":""EV-0044369"",""sourceType"":""assessment"",""influence"":0.823}]",
REC-E-0297-problem_solving,E-0297,problem_solving,2026-09-29T00:00:00.000Z,stagnating,practice_gap,0.76,0.376,ACT-0010,stretch assignment: problem solving #1,0.75,103,"[{""eventId"":""EV-0044327"",""sourceType"":""manager_feedback"",""influence"":0.498},{""eventId"":""EV-0044390"",""sourceType"":""manager_feedback"",""influence"":0.361},{""eventId"":""EV-0044347"",""sourceType"":""manager_feedback"",""influence"":0.299}]",
REC-E-0297-system_design,E-0297,system_design,2026-09-29T00:00:00.000Z,insufficient_evidence,observation_gap,0.25,0.385,ACT-0015,stretch assignment: system design #3,0.28,161,"[{""eventId"":""EV-0044289"",""sourceType"":""manager_feedback"",""influence"":1.216},{""eventId"":""EV-0044316"",""sourceType"":""kpi"",""influence"":0.493},{""eventId"":""EV-0044301"",""sourceType"":""assessment"",""influence"":0.18}]",
REC-E-0297-code_quality,E-0297,code_quality,2026-09-29T00:00:00.000Z,stagnating,practice_gap,0.55,0.325,ACT-0017,mentor: code quality #2,0.37,90,"[{""eventId"":""EV-0044290"",""sourceType"":""manager_feedback"",""influence"":1.178},{""eventId"":""EV-0044410"",""sourceType"":""assessment"",""influence"":0.391},{""eventId"":""EV-0044323"",""sourceType"":""self_assessment"",""influence"":0.268}]",
REC-E-0298-communication,E-0298,communication,2026-09-29T00:00:00.000Z,stagnating,knowledge_gap,1.11,0.623,ACT-0001,stretch assignment: communication #1,0.52,81,"[{""eventId"":""EV-0044493"",""sourceType"":""peer_feedback"",""influence"":0.515},{""eventId"":""EV-0044557"",""sourceType"":""self_assessment"",""influence"":0.433},{""eventId"":""EV-0044442"",""sourceType"":""self_assessment"",""influence"":0.299}]",
REC-E-0298-collaboration,E-0298,collaboration,2026-09-29T00:00:00.000Z,stagnating,application_gap,0.68,0.404,ACT-0007,mentor: collaboration #1,0.62,170,"[{""eventId"":""EV-0044617"",""sourceType"":""training"",""influence"":0.678},{""eventId"":""EV-0044547"",""sourceType"":""assessment"",""influence"":0.577},{""eventId"":""EV-0044444"",""sourceType"":""self_assessment"",""influence"":0.293}]",
REC-E-0298-problem_solving,E-0298,problem_solving,2026-09-29T00:00:00.000Z,stagnating,knowledge_gap,0.9,0.571,ACT-0010,stretch assignment: problem solving #1,0.75,103,"[{""eventId"":""EV-0044580"",""sourceType"":""manager_feedback"",""influence"":0.417},{""eventId"":""EV-0044457"",""sourceType"":""peer_feedback"",""influence"":0.363},{""eventId"":""EV-0044461"",""sourceType"":""assessment"",""influence"":0.274}]",
REC-E-0299-collaboration,E-0299,collaboration,2026-09-29T00:00:00.000Z,declining,practice_gap,0.85,0.85,ACT-0007,mentor: collaboration #1,0.62,170,"[{""eventId"":""EV-0044627"",""sourceType"":""manager_feedback"",""influence"":1.226},{""eventId"":""EV-0044638"",""sourceType"":""assessment"",""influence"":0.785},{""eventId"":""EV-0044715"",""sourceType"":""assessment"",""influence"":0.421}]",
REC-E-0299-problem_solving,E-0299,problem_solving,2026-09-29T00:00:00.000Z,declining,practice_gap,0.54,0.513,ACT-0010,stretch assignment: problem solving #1,0.75,103,"[{""eventId"":""EV-0044632"",""sourceType"":""peer_feedback"",""influence"":1.091},{""eventId"":""EV-0044671"",""sourceType"":""peer_feedback"",""influence"":0.409},{""eventId"":""EV-0044651"",""sourceType"":""self_assessment"",""influence"":0.212}]",
REC-E-0299-campaign_strategy,E-0299,campaign_strategy,2026-09-29T00:00:00.000Z,stagnating,practice_gap,1.4,1.446,ACT-0027,coaching: campaign strategy #3,0.71,65,"[{""eventId"":""EV-0044628"",""sourceType"":""manager_feedback"",""influence"":1.199},{""eventId"":""EV-0044706"",""sourceType"":""peer_feedback"",""influence"":0.251},{""eventId"":""EV-0044631"",""sourceType"":""peer_feedback"",""influence"":0.245}]",
REC-E-0300-communication,E-0300,communication,2026-09-29T00:00:00.000Z,insufficient_evidence,observation_gap,-1.02,0,ACT-0001,stretch assignment: communication #1,0.52,81,"[{""eventId"":""EV-0044787"",""sourceType"":""peer_feedback"",""influence"":0.842},{""eventId"":""EV-0044915"",""sourceType"":""manager_feedback"",""influence"":0.642},{""eventId"":""EV-0044806"",""sourceType"":""manager_feedback"",""influence"":0.413}]",
REC-E-0300-execution,E-0300,execution,2026-09-29T00:00:00.000Z,insufficient_evidence,observation_gap,1.31,1.01,ACT-0005,project: execution #2,0.23,120,"[{""eventId"":""EV-0044784"",""sourceType"":""manager_feedback"",""influence"":1.132},{""eventId"":""EV-0044828"",""sourceType"":""assessment"",""influence"":0.41},{""eventId"":""EV-0044918"",""sourceType"":""training"",""influence"":0.338}]",
REC-E-0300-collaboration,E-0300,collaboration,2026-09-29T00:00:00.000Z,stagnating,knowledge_gap,0.41,0.24,ACT-0007,mentor: collaboration #1,0.62,170,"[{""eventId"":""EV-0044786"",""sourceType"":""peer_feedback"",""influence"":0.983},{""eventId"":""EV-0044814"",""sourceType"":""self_assessment"",""influence"":0.405},{""eventId"":""EV-0044875"",""sourceType"":""assessment"",""influence"":0.284}]",
REC-E-0301-communication,E-0301,communication,2026-09-29T00:00:00.000Z,improving,practice_gap,1.62,0.12,ACT-0001,stretch assignment: communication #1,0.52,81,"[{""eventId"":""EV-0044948"",""sourceType"":""assessment"",""influence"":0.934},{""eventId"":""EV-0045043"",""sourceType"":""assessment"",""influence"":0.502},{""eventId"":""EV-0045015"",""sourceType"":""peer_feedback"",""influence"":0.425}]",
REC-E-0301-execution,E-0301,execution,2026-09-29T00:00:00.000Z,improving,practice_gap,0.64,0,ACT-0006,mentor: execution #3,0.72,113,"[{""eventId"":""EV-0044936"",""sourceType"":""self_assessment"",""influence"":0.861},{""eventId"":""EV-0044950"",""sourceType"":""assessment"",""influence"":0.655},{""eventId"":""EV-0044987"",""sourceType"":""assessment"",""influence"":0.484}]",
REC-E-0301-collaboration,E-0301,collaboration,2026-09-29T00:00:00.000Z,insufficient_evidence,observation_gap,0.38,0.093,ACT-0009,stretch assignment: collaboration #3,0.37,140,"[{""eventId"":""EV-0044999"",""sourceType"":""self_assessment"",""influence"":0.536},{""eventId"":""EV-0044989"",""sourceType"":""assessment"",""influence"":0.295},{""eventId"":""EV-0045036"",""sourceType"":""peer_feedback"",""influence"":0.291}]",
REC-E-0301-problem_solving,E-0301,problem_solving,2026-09-29T00:00:00.000Z,stagnating,knowledge_gap,2.09,0.715,ACT-0010,stretch assignment: problem solving #1,0.75,103,"[{""eventId"":""EV-0044938"",""sourceType"":""self_assessment"",""influence"":0.791},{""eventId"":""EV-0044991"",""sourceType"":""assessment"",""influence"":0.754},{""eventId"":""EV-0045056"",""sourceType"":""self_assessment"",""influence"":0.363}]",
REC-E-0301-visual_craft,E-0301,visual_craft,2026-09-29T00:00:00.000Z,improving,application_gap,0.64,0,ACT-0037,mentor: visual craft #1,0.72,171,"[{""eventId"":""EV-0044933"",""sourceType"":""kpi"",""influence"":0.553},{""eventId"":""EV-0044993"",""sourceType"":""assessment"",""influence"":0.544},{""eventId"":""EV-0044956"",""sourceType"":""assessment"",""influence"":0.479}]",
REC-E-0301-ux_research,E-0301,ux_research,2026-09-29T00:00:00.000Z,insufficient_evidence,observation_gap,-0.24,0,ACT-0041,stretch assignment: ux research #2,0.78,110,"[{""eventId"":""EV-0044940"",""sourceType"":""self_assessment"",""influence"":0.718},{""eventId"":""EV-0044943"",""sourceType"":""peer_feedback"",""influence"":0.45},{""eventId"":""EV-0045002"",""sourceType"":""self_assessment"",""influence"":0.419}]",
REC-E-0302-collaboration,E-0302,collaboration,2026-09-29T00:00:00.000Z,stagnating,practice_gap,0.53,0.316,ACT-0007,mentor: collaboration #1,0.62,170,"[{""eventId"":""EV-0045181"",""sourceType"":""assessment"",""influence"":0.381},{""eventId"":""EV-0045102"",""sourceType"":""peer_feedback"",""influence"":0.291},{""eventId"":""EV-0045210"",""sourceType"":""project"",""influence"":0.176}]",
REC-E-0302-problem_solving,E-0302,problem_solving,2026-09-29T00:00:00.000Z,stagnating,knowledge_gap,1.22,0.761,ACT-0010,stretch assignment: problem solving #1,0.75,103,"[{""eventId"":""EV-0045152"",""sourceType"":""assessment"",""influence"":0.455},{""eventId"":""EV-0045071"",""sourceType"":""peer_feedback"",""influence"":0.368},{""eventId"":""EV-0045108"",""sourceType"":""assessment"",""influence"":0.329}]",
REC-E-0302-financial_modeling,E-0302,financial_modeling,2026-09-29T00:00:00.000Z,stagnating,practice_gap,0.75,0.794,ACT-0045,community: financial modeling #3,0.62,81,"[{""eventId"":""EV-0045069"",""sourceType"":""kpi"",""influence"":0.808},{""eventId"":""EV-0045082"",""sourceType"":""assessment"",""influence"":0.542},{""eventId"":""EV-0045092"",""sourceType"":""kpi"",""influence"":0.443}]",
REC-E-0303-execution,E-0303,execution,2026-09-29T00:00:00.000Z,insufficient_evidence,observation_gap,0.19,0.126,ACT-0005,project: execution #2,0.23,120,"[{""eventId"":""EV-0045216"",""sourceType"":""kpi"",""influence"":0.633},{""eventId"":""EV-0045219"",""sourceType"":""self_assessment"",""influence"":0.25},{""eventId"":""EV-0045276"",""sourceType"":""peer_feedback"",""influence"":0.218}]",
REC-E-0304-communication,E-0304,communication,2026-09-29T00:00:00.000Z,stagnating,knowledge_gap,1.28,0.594,ACT-0001,stretch assignment: communication #1,0.52,81,"[{""eventId"":""EV-0045405"",""sourceType"":""assessment"",""influence"":0.532},{""eventId"":""EV-0045436"",""sourceType"":""assessment"",""influence"":0.364},{""eventId"":""EV-0045374"",""sourceType"":""self_assessment"",""influence"":0.283}]",
REC-E-0304-collaboration,E-0304,collaboration,2026-09-29T00:00:00.000Z,insufficient_evidence,observation_gap,0.28,0.079,ACT-0009,stretch assignment: collaboration #3,0.37,140,"[{""eventId"":""EV-0045366"",""sourceType"":""self_assessment"",""influence"":0.896},{""eventId"":""EV-0045368"",""sourceType"":""peer_feedback"",""influence"":0.378}]",
REC-E-0304-problem_solving,E-0304,problem_solving,2026-09-29T00:00:00.000Z,stagnating,practice_gap,0.62,0.297,ACT-0010,stretch assignment: problem solving #1,0.75,103,"[{""eventId"":""EV-0045376"",""sourceType"":""self_assessment"",""influence"":0.865},{""eventId"":""EV-0045440"",""sourceType"":""assessment"",""influence"":0.432},{""eventId"":""EV-0045467"",""sourceType"":""peer_feedback"",""influence"":0.196}]",
REC-E-0304-customer_resolution,E-0304,customer_resolution,2026-09-29T00:00:00.000Z,stagnating,practice_gap,0.53,0.354,ACT-0055,stretch assignment: customer resolution #1,0.8,73,"[{""eventId"":""EV-0045377"",""sourceType"":""self_assessment"",""influence"":0.799},{""eventId"":""EV-0045397"",""sourceType"":""kpi"",""influence"":0.363},{""eventId"":""EV-0045392"",""sourceType"":""kpi"",""influence"":0.258}]",
REC-E-0304-troubleshooting,E-0304,troubleshooting,2026-09-29T00:00:00.000Z,declining,practice_gap,2.76,4.955,ACT-0060,stretch assignment: troubleshooting #3,0.62,45,"[{""eventId"":""EV-0045378"",""sourceType"":""self_assessment"",""influence"":0.809},{""eventId"":""EV-0045431"",""sourceType"":""self_assessment"",""influence"":0.542},{""eventId"":""EV-0045464"",""sourceType"":""peer_feedback"",""influence"":0.387}]",
REC-E-0305-communication,E-0305,communication,2026-09-29T00:00:00.000Z,improving,practice_gap,0.66,0,ACT-0001,stretch assignment: communication #1,0.52,81,"[{""eventId"":""EV-0045535"",""sourceType"":""peer_feedback"",""influence"":0.751},{""eventId"":""EV-0045552"",""sourceType"":""peer_feedback"",""influence"":0.654},{""eventId"":""EV-0045610"",""sourceType"":""training"",""influence"":0.42}]",
REC-E-0305-execution,E-0305,execution,2026-09-29T00:00:00.000Z,stagnating,practice_gap,1.72,1.103,ACT-0006,mentor: execution #3,0.72,113,"[{""eventId"":""EV-0045511"",""sourceType"":""self_assessment"",""influence"":0.781},{""eventId"":""EV-0045620"",""sourceType"":""project"",""influence"":0.452},{""eventId"":""EV-0045614"",""sourceType"":""project"",""influence"":0.284}]",
REC-E-0305-collaboration,E-0305,collaboration,2026-09-29T00:00:00.000Z,insufficient_evidence,observation_gap,1.19,0.63,ACT-0009,stretch assignment: collaboration #3,0.37,140,"[{""eventId"":""EV-0045504"",""sourceType"":""peer_feedback"",""influence"":1.465},{""eventId"":""EV-0045502"",""sourceType"":""self_assessment"",""influence"":0.932}]",
REC-E-0305-problem_solving,E-0305,problem_solving,2026-09-29T00:00:00.000Z,improving,practice_gap,0.33,0,ACT-0010,stretch assignment: problem solving #1,0.75,103,"[{""eventId"":""EV-0045543"",""sourceType"":""assessment"",""influence"":1.775},{""eventId"":""EV-0045512"",""sourceType"":""self_assessment"",""influence"":0.81},{""eventId"":""EV-0045520"",""sourceType"":""assessment"",""influence"":0.686}]",
REC-E-0305-system_design,E-0305,system_design,2026-09-29T00:00:00.000Z,stagnating,practice_gap,1.42,1.676,ACT-0014,coaching: system design #2,0.59,90,"[{""eventId"":""EV-0045513"",""sourceType"":""self_assessment"",""influence"":1.448},{""eventId"":""EV-0045545"",""sourceType"":""assessment"",""influence"":0.351},{""eventId"":""EV-0045508"",""sourceType"":""kpi"",""influence"":0.317}]",
REC-E-0305-code_quality,E-0305,code_quality,2026-09-29T00:00:00.000Z,stagnating,application_gap,0.62,0.49,ACT-0017,mentor: code quality #2,0.37,90,"[{""eventId"":""EV-0045576"",""sourceType"":""assessment"",""influence"":0.847},{""eventId"":""EV-0045547"",""sourceType"":""assessment"",""influence"":0.758},{""eventId"":""EV-0045514"",""sourceType"":""self_assessment"",""influence"":0.288}]",
REC-E-0306-communication,E-0306,communication,2026-09-29T00:00:00.000Z,insufficient_evidence,observation_gap,0.31,0.218,ACT-0001,stretch assignment: communication #1,0.52,81,"[{""eventId"":""EV-0045661"",""sourceType"":""peer_feedback"",""influence"":0.486},{""eventId"":""EV-0045630"",""sourceType"":""manager_feedback"",""influence"":0.406},{""eventId"":""EV-0045653"",""sourceType"":""peer_feedback"",""influence"":0.284}]",
REC-E-0306-execution,E-0306,execution,2026-09-29T00:00:00.000Z,insufficient_evidence,observation_gap,0.18,0.111,ACT-0005,project: execution #2,0.23,120,"[{""eventId"":""EV-0045626"",""sourceType"":""kpi"",""influence"":0.583},{""eventId"":""EV-0045634"",""sourceType"":""assessment"",""influence"":0.472},{""eventId"":""EV-0045644"",""sourceType"":""kpi"",""influence"":0.299}]",
REC-E-0306-problem_solving,E-0306,problem_solving,2026-09-29T00:00:00.000Z,insufficient_evidence,observation_gap,-1.61,0,ACT-0010,stretch assignment: problem solving #1,0.75,103,"[{""eventId"":""EV-0045629"",""sourceType"":""manager_feedback"",""influence"":1.227},{""eventId"":""EV-0045638"",""sourceType"":""assessment"",""influence"":0.412},{""eventId"":""EV-0045682"",""sourceType"":""peer_feedback"",""influence"":0.386}]",
REC-E-0306-negotiation,E-0306,negotiation,2026-09-29T00:00:00.000Z,insufficient_evidence,observation_gap,-0.85,0,ACT-0019,project: negotiation #1,0.4,165,"[{""eventId"":""EV-0045696"",""sourceType"":""project"",""influence"":1.613},{""eventId"":""EV-0045628"",""sourceType"":""manager_feedback"",""influence"":1.211},{""eventId"":""EV-0045640"",""sourceType"":""assessment"",""influence"":0.361}]",
REC-E-0306-pipeline_mgmt,E-0306,pipeline_mgmt,2026-09-29T00:00:00.000Z,insufficient_evidence,observation_gap,0.56,0.755,ACT-0022,stretch assignment: pipeline mgmt #1,0.75,154,"[{""eventId"":""EV-0045642"",""sourceType"":""assessment"",""influence"":0.832},{""eventId"":""EV-0045671"",""sourceType"":""assessment"",""influence"":0.31},{""eventId"":""EV-0045689"",""sourceType"":""kpi"",""influence"":0.163}]",
REC-E-0307-execution,E-0307,execution,2026-09-29T00:00:00.000Z,stagnating,practice_gap,1.38,0.932,ACT-0006,mentor: execution #3,0.72,113,"[{""eventId"":""EV-0045708"",""sourceType"":""peer_feedback"",""influence"":1.072},{""eventId"":""EV-0045734"",""sourceType"":""kpi"",""influence"":0.714},{""eventId"":""EV-0045839"",""sourceType"":""project"",""influence"":0.539}]",
REC-E-0307-problem_solving,E-0307,problem_solving,2026-09-29T00:00:00.000Z,declining,practice_gap,0.33,0.304,ACT-0010,stretch assignment: problem solving #1,0.75,103,"[{""eventId"":""EV-0045705"",""sourceType"":""manager_feedback"",""influence"":1.194},{""eventId"":""EV-0045739"",""sourceType"":""manager_feedback"",""influence"":0.413},{""eventId"":""EV-0045764"",""sourceType"":""manager_feedback"",""influence"":0.309}]",
REC-E-0308-collaboration,E-0308,collaboration,2026-09-29T00:00:00.000Z,stagnating,practice_gap,0.66,0.451,ACT-0007,mentor: collaboration #1,0.62,170,"[{""eventId"":""EV-0045853"",""sourceType"":""peer_feedback"",""influence"":1.087},{""eventId"":""EV-0045860"",""sourceType"":""assessment"",""influence"":1.044},{""eventId"":""EV-0045981"",""sourceType"":""project"",""influence"":0.411}]",
REC-E-0308-problem_solving,E-0308,problem_solving,2026-09-29T00:00:00.000Z,insufficient_evidence,observation_gap,-1.4,0,ACT-0010,stretch assignment: problem solving #1,0.75,103,"[{""eventId"":""EV-0045986"",""sourceType"":""project"",""influence"":0.824},{""eventId"":""EV-0045870"",""sourceType"":""manager_feedback"",""influence"":0.593},{""eventId"":""EV-0045848"",""sourceType"":""manager_feedback"",""influence"":0.403}]",
REC-E-0309-communication,E-0309,communication,2026-09-29T00:00:00.000Z,declining,practice_gap,0.9,0.855,ACT-0001,stretch assignment: communication #1,0.52,81,"[{""eventId"":""EV-0046045"",""sourceType"":""assessment"",""influence"":0.86},{""eventId"":""EV-0045990"",""sourceType"":""self_assessment"",""influence"":0.761},{""eventId"":""EV-0046147"",""sourceType"":""project"",""influence"":0.356}]",
REC-E-0309-problem_solving,E-0309,problem_solving,2026-09-29T00:00:00.000Z,declining,practice_gap,0.85,0.849,ACT-0010,stretch assignment: problem solving #1,0.75,103,"[{""eventId"":""EV-0046117"",""sourceType"":""assessment"",""influence"":0.485},{""eventId"":""EV-0046126"",""sourceType"":""self_assessment"",""influence"":0.373},{""eventId"":""EV-0046102"",""sourceType"":""manager_feedback"",""influence"":0.362}]",
REC-E-0309-ux_research,E-0309,ux_research,2026-09-29T00:00:00.000Z,stagnating,practice_gap,0.39,0.279,ACT-0041,stretch assignment: ux research #2,0.78,110,"[{""eventId"":""EV-0046137"",""sourceType"":""project"",""influence"":0.658},{""eventId"":""EV-0046015"",""sourceType"":""assessment"",""influence"":0.366},{""eventId"":""EV-0046064"",""sourceType"":""manager_feedback"",""influence"":0.254}]",
REC-E-0310-execution,E-0310,execution,2026-09-29T00:00:00.000Z,stagnating,application_gap,0.76,0.342,ACT-0006,mentor: execution #3,0.72,113,"[{""eventId"":""EV-0046158"",""sourceType"":""peer_feedback"",""influence"":0.342},{""eventId"":""EV-0046178"",""sourceType"":""kpi"",""influence"":0.282},{""eventId"":""EV-0046225"",""sourceType"":""manager_feedback"",""influence"":0.245}]",
REC-E-0310-problem_solving,E-0310,problem_solving,2026-09-29T00:00:00.000Z,declining,practice_gap,1.54,1.538,ACT-0010,stretch assignment: problem solving #1,0.75,103,"[{""eventId"":""EV-0046157"",""sourceType"":""peer_feedback"",""influence"":1.033},{""eventId"":""EV-0046260"",""sourceType"":""assessment"",""influence"":0.582},{""eventId"":""EV-0046233"",""sourceType"":""assessment"",""influence"":0.445}]",
REC-E-0311-execution,E-0311,execution,2026-09-29T00:00:00.000Z,insufficient_evidence,observation_gap,0.57,0.462,ACT-0005,project: execution #2,0.23,120,"[{""eventId"":""EV-0046296"",""sourceType"":""manager_feedback"",""influence"":1.215},{""eventId"":""EV-0046418"",""sourceType"":""project"",""influence"":0.492},{""eventId"":""EV-0046303"",""sourceType"":""assessment"",""influence"":0.46}]",
REC-E-0311-policy_navigation,E-0311,policy_navigation,2026-09-29T00:00:00.000Z,insufficient_evidence,observation_gap,-0.38,0,ACT-0052,mentor: policy navigation #1,0.56,119,"[{""eventId"":""EV-0046290"",""sourceType"":""peer_feedback"",""influence"":1.022},{""eventId"":""EV-0046288"",""sourceType"":""self_assessment"",""influence"":0.313}]",
REC-E-0312-communication,E-0312,communication,2026-09-29T00:00:00.000Z,stagnating,practice_gap,1.71,0.996,ACT-0001,stretch assignment: communication #1,0.52,81,"[{""eventId"":""EV-0046532"",""sourceType"":""project"",""influence"":0.682},{""eventId"":""EV-0046482"",""sourceType"":""assessment"",""influence"":0.229},{""eventId"":""EV-0046440"",""sourceType"":""assessment"",""influence"":0.214}]",
REC-E-0312-execution,E-0312,execution,2026-09-29T00:00:00.000Z,improving,practice_gap,0.77,0.035,ACT-0006,mentor: execution #3,0.72,113,"[{""eventId"":""EV-0046484"",""sourceType"":""assessment"",""influence"":0.753},{""eventId"":""EV-0046530"",""sourceType"":""project"",""influence"":0.403},{""eventId"":""EV-0046438"",""sourceType"":""peer_feedback"",""influence"":0.358}]",
REC-E-0312-collaboration,E-0312,collaboration,2026-09-29T00:00:00.000Z,stagnating,knowledge_gap,0.41,0.189,ACT-0007,mentor: collaboration #1,0.62,170,"[{""eventId"":""EV-0046437"",""sourceType"":""peer_feedback"",""influence"":1.037},{""eventId"":""EV-0046486"",""sourceType"":""assessment"",""influence"":0.42},{""eventId"":""EV-0046444"",""sourceType"":""assessment"",""influence"":0.412}]",
REC-E-0312-problem_solving,E-0312,problem_solving,2026-09-29T00:00:00.000Z,improving,practice_gap,1.17,0.105,ACT-0010,stretch assignment: problem solving #1,0.75,103,"[{""eventId"":""EV-0046435"",""sourceType"":""peer_feedback"",""influence"":1.112},{""eventId"":""EV-0046488"",""sourceType"":""assessment"",""influence"":0.528},{""eventId"":""EV-0046476"",""sourceType"":""assessment"",""influence"":0.383}]",
REC-E-0312-customer_resolution,E-0312,customer_resolution,2026-09-29T00:00:00.000Z,insufficient_evidence,observation_gap,0.27,0.132,ACT-0055,stretch assignment: customer resolution #1,0.8,73,"[{""eventId"":""EV-0046430"",""sourceType"":""self_assessment"",""influence"":0.917},{""eventId"":""EV-0046432"",""sourceType"":""peer_feedback"",""influence"":0.408}]",
REC-E-0312-troubleshooting,E-0312,troubleshooting,2026-09-29T00:00:00.000Z,improving,application_gap,1.28,0,ACT-0060,stretch assignment: troubleshooting #3,0.62,45,"[{""eventId"":""EV-0046519"",""sourceType"":""peer_feedback"",""influence"":0.483},{""eventId"":""EV-0046521"",""sourceType"":""training"",""influence"":0.376},{""eventId"":""EV-0046508"",""sourceType"":""assessment"",""influence"":0.251}]",
REC-E-0313-communication,E-0313,communication,2026-09-29T00:00:00.000Z,stagnating,practice_gap,0.47,0.216,ACT-0001,stretch assignment: communication #1,0.52,81,"[{""eventId"":""EV-0046551"",""sourceType"":""assessment"",""influence"":0.528},{""eventId"":""EV-0046575"",""sourceType"":""self_assessment"",""influence"":0.494},{""eventId"":""EV-0046628"",""sourceType"":""manager_feedback"",""influence"":0.321}]",
REC-E-0313-problem_solving,E-0313,problem_solving,2026-09-29T00:00:00.000Z,stagnating,practice_gap,1.12,0.679,ACT-0010,stretch assignment: problem solving #1,0.75,103,"[{""eventId"":""EV-0046588"",""sourceType"":""assessment"",""influence"":0.701},{""eventId"":""EV-0046557"",""sourceType"":""assessment"",""influence"":0.387},{""eventId"":""EV-0046543"",""sourceType"":""self_assessment"",""influence"":0.291}]",
REC-E-0314-communication,E-0314,communication,2026-09-29T00:00:00.000Z,stagnating,practice_gap,1.18,0.685,ACT-0001,stretch assignment: communication #1,0.52,81,"[{""eventId"":""EV-0046691"",""sourceType"":""assessment"",""influence"":0.858},{""eventId"":""EV-0046721"",""sourceType"":""peer_feedback"",""influence"":0.619},{""eventId"":""EV-0046727"",""sourceType"":""assessment"",""influence"":0.412}]",
REC-E-0314-collaboration,E-0314,collaboration,2026-09-29T00:00:00.000Z,stagnating,knowledge_gap,0.87,0.363,ACT-0007,mentor: collaboration #1,0.62,170,"[{""eventId"":""EV-0046686"",""sourceType"":""manager_feedback"",""influence"":1.185},{""eventId"":""EV-0046717"",""sourceType"":""manager_feedback"",""influence"":0.604},{""eventId"":""EV-0046743"",""sourceType"":""peer_feedback"",""influence"":0.451}]",
REC-E-0314-problem_solving,E-0314,problem_solving,2026-09-29T00:00:00.000Z,stagnating,practice_gap,0.5,0.236,ACT-0010,stretch assignment: problem solving #1,0.75,103,"[{""eventId"":""EV-0046685"",""sourceType"":""manager_feedback"",""influence"":0.403},{""eventId"":""EV-0046731"",""sourceType"":""assessment"",""influence"":0.368},{""eventId"":""EV-0046702"",""sourceType"":""self_assessment"",""influence"":0.331}]",
REC-E-0314-negotiation,E-0314,negotiation,2026-09-29T00:00:00.000Z,insufficient_evidence,observation_gap,-0.78,0,ACT-0019,project: negotiation #1,0.4,165,"[{""eventId"":""EV-0046695"",""sourceType"":""assessment"",""influence"":0.935},{""eventId"":""EV-0046719"",""sourceType"":""manager_feedback"",""influence"":0.496},{""eventId"":""EV-0046797"",""sourceType"":""assessment"",""influence"":0.301}]",
REC-E-0314-pipeline_mgmt,E-0314,pipeline_mgmt,2026-09-29T00:00:00.000Z,insufficient_evidence,observation_gap,0.51,0.533,ACT-0022,stretch assignment: pipeline mgmt #1,0.75,154,"[{""eventId"":""EV-0046678"",""sourceType"":""self_assessment"",""influence"":0.318},{""eventId"":""EV-0046680"",""sourceType"":""peer_feedback"",""influence"":0.178}]",
REC-E-0315-execution,E-0315,execution,2026-09-29T00:00:00.000Z,stagnating,practice_gap,1.22,0.834,ACT-0006,mentor: execution #3,0.72,113,"[{""eventId"":""EV-0046834"",""sourceType"":""peer_feedback"",""influence"":0.354},{""eventId"":""EV-0046820"",""sourceType"":""kpi"",""influence"":0.305},{""eventId"":""EV-0046913"",""sourceType"":""manager_feedback"",""influence"":0.305}]",
REC-E-0315-collaboration,E-0315,collaboration,2026-09-29T00:00:00.000Z,stagnating,practice_gap,0.81,0.425,ACT-0007,mentor: collaboration #1,0.62,170,"[{""eventId"":""EV-0046899"",""sourceType"":""assessment"",""influence"":0.503},{""eventId"":""EV-0046840"",""sourceType"":""assessment"",""influence"":0.47},{""eventId"":""EV-0046852"",""sourceType"":""manager_feedback"",""influence"":0.436}]",
REC-E-0315-problem_solving,E-0315,problem_solving,2026-09-29T00:00:00.000Z,insufficient_evidence,observation_gap,-1.2,0,ACT-0010,stretch assignment: problem solving #1,0.75,103,"[{""eventId"":""EV-0046865"",""sourceType"":""manager_feedback"",""influence"":0.52},{""eventId"":""EV-0046971"",""sourceType"":""project"",""influence"":0.386},{""eventId"":""EV-0046825"",""sourceType"":""self_assessment"",""influence"":0.279}]",
REC-E-0315-content_quality,E-0315,content_quality,2026-09-29T00:00:00.000Z,insufficient_evidence,observation_gap,-0.77,0,ACT-0028,course: content quality #1,0.73,107,"[{""eventId"":""EV-0046831"",""sourceType"":""manager_feedback"",""influence"":0.398},{""eventId"":""EV-0046905"",""sourceType"":""assessment"",""influence"":0.361},{""eventId"":""EV-0046886"",""sourceType"":""self_assessment"",""influence"":0.309}]",
REC-E-0316-communication,E-0316,communication,2026-09-29T00:00:00.000Z,stagnating,knowledge_gap,0.7,0.354,ACT-0001,stretch assignment: communication #1,0.52,81,"[{""eventId"":""EV-0046988"",""sourceType"":""peer_feedback"",""influence"":0.336},{""eventId"":""EV-0047036"",""sourceType"":""manager_feedback"",""influence"":0.278},{""eventId"":""EV-0047008"",""sourceType"":""manager_feedback"",""influence"":0.257}]",
REC-E-0316-collaboration,E-0316,collaboration,2026-09-29T00:00:00.000Z,insufficient_evidence,observation_gap,0.5,0.159,ACT-0009,stretch assignment: collaboration #3,0.37,140,"[{""eventId"":""EV-0046977"",""sourceType"":""peer_feedback"",""influence"":1.091},{""eventId"":""EV-0046975"",""sourceType"":""self_assessment"",""influence"":0.339}]",
REC-E-0316-problem_solving,E-0316,problem_solving,2026-09-29T00:00:00.000Z,declining,practice_gap,2.23,2.235,ACT-0010,stretch assignment: problem solving #1,0.75,103,"[{""eventId"":""EV-0047131"",""sourceType"":""project"",""influence"":1.241},{""eventId"":""EV-0047037"",""sourceType"":""manager_feedback"",""influence"":0.973},{""eventId"":""EV-0047020"",""sourceType"":""assessment"",""influence"":0.268}]",
REC-E-0316-roadmap_prioritization,E-0316,roadmap_prioritization,2026-09-29T00:00:00.000Z,insufficient_evidence,observation_gap,1.66,2.509,ACT-0032,stretch assignment: roadmap prioritization #2,0.77,54,"[{""eventId"":""EV-0046996"",""sourceType"":""assessment"",""influence"":0.49},{""eventId"":""EV-0046985"",""sourceType"":""manager_feedback"",""influence"":0.407},{""eventId"":""EV-0047015"",""sourceType"":""peer_feedback"",""influence"":0.272}]",
REC-E-0316-stakeholder_alignment,E-0316,stakeholder_alignment,2026-09-29T00:00:00.000Z,declining,practice_gap,2.01,3.625,ACT-0034,stretch assignment: stakeholder alignment #1,0.68,119,"[{""eventId"":""EV-0046984"",""sourceType"":""manager_feedback"",""influence"":1.241},{""eventId"":""EV-0047012"",""sourceType"":""peer_feedback"",""influence"":0.371},{""eventId"":""EV-0047006"",""sourceType"":""self_assessment"",""influence"":0.256}]",
REC-E-0317-communication,E-0317,communication,2026-09-29T00:00:00.000Z,stagnating,practice_gap,0.5,0.22,ACT-0001,stretch assignment: communication #1,0.52,81,"[{""eventId"":""EV-0047149"",""sourceType"":""manager_feedback"",""influence"":0.399},{""eventId"":""EV-0047191"",""sourceType"":""manager_feedback"",""influence"":0.392},{""eventId"":""EV-0047271"",""sourceType"":""project"",""influence"":0.317}]",
REC-E-0317-execution,E-0317,execution,2026-09-29T00:00:00.000Z,stagnating,practice_gap,1.17,0.472,ACT-0006,mentor: execution #3,0.72,113,"[{""eventId"":""EV-0047151"",""sourceType"":""manager_feedback"",""influence"":1.202},{""eventId"":""EV-0047283"",""sourceType"":""project"",""influence"":0.608},{""eventId"":""EV-0047178"",""sourceType"":""kpi"",""influence"":0.471}]",
REC-E-0317-collaboration,E-0317,collaboration,2026-09-29T00:00:00.000Z,declining,practice_gap,1,0.961,ACT-0007,mentor: collaboration #1,0.62,170,"[{""eventId"":""EV-0047190"",""sourceType"":""manager_feedback"",""influence"":0.29},{""eventId"":""EV-0047221"",""sourceType"":""assessment"",""influence"":0.29},{""eventId"":""EV-0047274"",""sourceType"":""project"",""influence"":0.282}]",
REC-E-0317-problem_solving,E-0317,problem_solving,2026-09-29T00:00:00.000Z,insufficient_evidence,observation_gap,-1.03,0,ACT-0010,stretch assignment: problem solving #1,0.75,103,"[{""eventId"":""EV-0047276"",""sourceType"":""project"",""influence"":1.381},{""eventId"":""EV-0047150"",""sourceType"":""manager_feedback"",""influence"":0.402},{""eventId"":""EV-0047159"",""sourceType"":""assessment"",""influence"":0.029}]",
REC-E-0317-visual_craft,E-0317,visual_craft,2026-09-29T00:00:00.000Z,declining,practice_gap,1.76,3.166,ACT-0037,mentor: visual craft #1,0.72,171,"[{""eventId"":""EV-0047156"",""sourceType"":""peer_feedback"",""influence"":0.963},{""eventId"":""EV-0047180"",""sourceType"":""kpi"",""influence"":0.422},{""eventId"":""EV-0047282"",""sourceType"":""project"",""influence"":0.317}]",
REC-E-0318-communication,E-0318,communication,2026-09-29T00:00:00.000Z,stagnating,practice_gap,0.77,0.309,ACT-0001,stretch assignment: communication #1,0.52,81,"[{""eventId"":""EV-0047294"",""sourceType"":""assessment"",""influence"":1.167},{""eventId"":""EV-0047360"",""sourceType"":""peer_feedback"",""influence"":0.673},{""eventId"":""EV-0047407"",""sourceType"":""assessment"",""influence"":0.328}]",
REC-E-0318-problem_solving,E-0318,problem_solving,2026-09-29T00:00:00.000Z,stagnating,practice_gap,0.64,0.242,ACT-0010,stretch assignment: problem solving #1,0.75,103,"[{""eventId"":""EV-0047309"",""sourceType"":""self_assessment"",""influence"":0.881},{""eventId"":""EV-0047298"",""sourceType"":""assessment"",""influence"":0.518},{""eventId"":""EV-0047335"",""sourceType"":""peer_feedback"",""influence"":0.487}]",
REC-E-0318-financial_modeling,E-0318,financial_modeling,2026-09-29T00:00:00.000Z,declining,knowledge_gap,0.52,0.934,ACT-0045,community: financial modeling #3,0.62,81,"[{""eventId"":""EV-0047291"",""sourceType"":""manager_feedback"",""influence"":1.204},{""eventId"":""EV-0047304"",""sourceType"":""kpi"",""influence"":0.349},{""eventId"":""EV-0047357"",""sourceType"":""manager_feedback"",""influence"":0.285}]",
REC-E-0319-communication,E-0319,communication,2026-09-29T00:00:00.000Z,insufficient_evidence,observation_gap,0.26,0.069,ACT-0001,stretch assignment: communication #1,0.52,81,"[{""eventId"":""EV-0047446"",""sourceType"":""peer_feedback"",""influence"":0.986},{""eventId"":""EV-0047477"",""sourceType"":""manager_feedback"",""influence"":0.563},{""eventId"":""EV-0047461"",""sourceType"":""peer_feedback"",""influence"":0.337}]",
REC-E-0319-execution,E-0319,execution,2026-09-29T00:00:00.000Z,stagnating,knowledge_gap,0.59,0.334,ACT-0006,mentor: execution #3,0.72,113,"[{""eventId"":""EV-0047449"",""sourceType"":""assessment"",""influence"":0.265},{""eventId"":""EV-0047504"",""sourceType"":""peer_feedback"",""influence"":0.243},{""eventId"":""EV-0047487"",""sourceType"":""assessment"",""influence"":0.146}]",
REC-E-0319-collaboration,E-0319,collaboration,2026-09-29T00:00:00.000Z,insufficient_evidence,observation_gap,2.01,1.56,ACT-0008,community: collaboration #2,0.21,93,"[{""eventId"":""EV-0047451"",""sourceType"":""assessment"",""influence"":0.664},{""eventId"":""EV-0047476"",""sourceType"":""manager_feedback"",""influence"":0.307},{""eventId"":""EV-0047569"",""sourceType"":""peer_feedback"",""influence"":0.125}]",
REC-E-0319-problem_solving,E-0319,problem_solving,2026-09-29T00:00:00.000Z,stagnating,application_gap,1,0.544,ACT-0010,stretch assignment: problem solving #1,0.75,103,"[{""eventId"":""EV-0047453"",""sourceType"":""assessment"",""influence"":0.987},{""eventId"":""EV-0047602"",""sourceType"":""training"",""influence"":0.654},{""eventId"":""EV-0047444"",""sourceType"":""peer_feedback"",""influence"":0.343}]",
REC-E-0319-talent_assessment,E-0319,talent_assessment,2026-09-29T00:00:00.000Z,insufficient_evidence,observation_gap,2.09,2.874,ACT-0049,community: talent assessment #1,0.22,144,"[{""eventId"":""EV-0047447"",""sourceType"":""peer_feedback"",""influence"":1.051},{""eventId"":""EV-0047493"",""sourceType"":""assessment"",""influence"":0.376},{""eventId"":""EV-0047455"",""sourceType"":""assessment"",""influence"":0.301}]",
REC-E-0319-policy_navigation,E-0319,policy_navigation,2026-09-29T00:00:00.000Z,stagnating,knowledge_gap,0.32,0.3,ACT-0052,mentor: policy navigation #1,0.56,119,"[{""eventId"":""EV-0047534"",""sourceType"":""assessment"",""influence"":0.685},{""eventId"":""EV-0047483"",""sourceType"":""peer_feedback"",""influence"":0.378},{""eventId"":""EV-0047443"",""sourceType"":""peer_feedback"",""influence"":0.367}]",
REC-E-0320-execution,E-0320,execution,2026-09-29T00:00:00.000Z,stagnating,practice_gap,1,0.655,ACT-0006,mentor: execution #3,0.72,113,"[{""eventId"":""EV-0047620"",""sourceType"":""self_assessment"",""influence"":0.73},{""eventId"":""EV-0047660"",""sourceType"":""assessment"",""influence"":0.515},{""eventId"":""EV-0047615"",""sourceType"":""kpi"",""influence"":0.488}]",
REC-E-0320-problem_solving,E-0320,problem_solving,2026-09-29T00:00:00.000Z,insufficient_evidence,observation_gap,-1.55,0,ACT-0010,stretch assignment: problem solving #1,0.75,103,"[{""eventId"":""EV-0047744"",""sourceType"":""training"",""influence"":0.839},{""eventId"":""EV-0047622"",""sourceType"":""self_assessment"",""influence"":0.808},{""eventId"":""EV-0047638"",""sourceType"":""self_assessment"",""influence"":0.148}]",
REC-E-0320-troubleshooting,E-0320,troubleshooting,2026-09-29T00:00:00.000Z,insufficient_evidence,observation_gap,-0.3,0,ACT-0060,stretch assignment: troubleshooting #3,0.62,45,"[{""eventId"":""EV-0047613"",""sourceType"":""peer_feedback"",""influence"":1.557},{""eventId"":""EV-0047611"",""sourceType"":""self_assessment"",""influence"":0.974}]",
REC-E-0321-communication,E-0321,communication,2026-09-29T00:00:00.000Z,stagnating,practice_gap,1.74,1.098,ACT-0001,stretch assignment: communication #1,0.52,81,"[{""eventId"":""EV-0047774"",""sourceType"":""self_assessment"",""influence"":0.31},{""eventId"":""EV-0047917"",""sourceType"":""project"",""influence"":0.276},{""eventId"":""EV-0047840"",""sourceType"":""assessment"",""influence"":0.233}]",
REC-E-0321-execution,E-0321,execution,2026-09-29T00:00:00.000Z,declining,practice_gap,1.79,1.793,ACT-0006,mentor: execution #3,0.72,113,"[{""eventId"":""EV-0047757"",""sourceType"":""manager_feedback"",""influence"":1.21},{""eventId"":""EV-0047801"",""sourceType"":""assessment"",""influence"":0.647},{""eventId"":""EV-0047788"",""sourceType"":""kpi"",""influence"":0.62}]",
REC-E-0321-collaboration,E-0321,collaboration,2026-09-29T00:00:00.000Z,stagnating,practice_gap,0.96,0.638,ACT-0007,mentor: collaboration #1,0.62,170,"[{""eventId"":""EV-0047803"",""sourceType"":""assessment"",""influence"":0.827},{""eventId"":""EV-0047786"",""sourceType"":""peer_feedback"",""influence"":0.386},{""eventId"":""EV-0047883"",""sourceType"":""manager_feedback"",""influence"":0.372}]",
REC-E-0321-problem_solving,E-0321,problem_solving,2026-09-29T00:00:00.000Z,stagnating,practice_gap,0.42,0.149,ACT-0010,stretch assignment: problem solving #1,0.75,103,"[{""eventId"":""EV-0047764"",""sourceType"":""assessment"",""influence"":0.479},{""eventId"":""EV-0047844"",""sourceType"":""assessment"",""influence"":0.355},{""eventId"":""EV-0047795"",""sourceType"":""self_assessment"",""influence"":0.311}]",
REC-E-0321-system_design,E-0321,system_design,2026-09-29T00:00:00.000Z,declining,practice_gap,1.43,2.42,ACT-0014,coaching: system design #2,0.59,90,"[{""eventId"":""EV-0047758"",""sourceType"":""manager_feedback"",""influence"":1.229},{""eventId"":""EV-0047790"",""sourceType"":""kpi"",""influence"":0.723},{""eventId"":""EV-0047827"",""sourceType"":""kpi"",""influence"":0.43}]",
REC-E-0321-code_quality,E-0321,code_quality,2026-09-29T00:00:00.000Z,stagnating,practice_gap,0.39,0.378,ACT-0017,mentor: code quality #2,0.37,90,"[{""eventId"":""EV-0047756"",""sourceType"":""manager_feedback"",""influence"":0.412},{""eventId"":""EV-0047908"",""sourceType"":""training"",""influence"":0.271},{""eventId"":""EV-0047861"",""sourceType"":""manager_feedback"",""influence"":0.26}]",
REC-E-0322-communication,E-0322,communication,2026-09-29T00:00:00.000Z,stagnating,knowledge_gap,1.22,0.669,ACT-0001,stretch assignment: communication #1,0.52,81,"[{""eventId"":""EV-0047987"",""sourceType"":""manager_feedback"",""influence"":0.554},{""eventId"":""EV-0047933"",""sourceType"":""manager_feedback"",""influence"":0.401},{""eventId"":""EV-0047925"",""sourceType"":""self_assessment"",""influence"":0.211}]",
REC-E-0322-collaboration,E-0322,collaboration,2026-09-29T00:00:00.000Z,stagnating,knowledge_gap,0.49,0.283,ACT-0007,mentor: collaboration #1,0.62,170,"[{""eventId"":""EV-0048057"",""sourceType"":""assessment"",""influence"":1.427},{""eventId"":""EV-0047998"",""sourceType"":""self_assessment"",""influence"":0.37},{""eventId"":""EV-0047936"",""sourceType"":""peer_feedback"",""influence"":0.368}]",
REC-E-0322-problem_solving,E-0322,problem_solving,2026-09-29T00:00:00.000Z,insufficient_evidence,observation_gap,0.23,0.051,ACT-0010,stretch assignment: problem solving #1,0.75,103,"[{""eventId"":""EV-0047928"",""sourceType"":""self_assessment"",""influence"":0.788},{""eventId"":""EV-0047985"",""sourceType"":""manager_feedback"",""influence"":0.567},{""eventId"":""EV-0047945"",""sourceType"":""assessment"",""influence"":0.5}]",
REC-E-0322-negotiation,E-0322,negotiation,2026-09-29T00:00:00.000Z,stagnating,practice_gap,1.27,0.829,ACT-0019,project: negotiation #1,0.4,165,"[{""eventId"":""EV-0047934"",""sourceType"":""manager_feedback"",""influence"":1.153},{""eventId"":""EV-0048076"",""sourceType"":""project"",""influence"":0.736},{""eventId"":""EV-0048061"",""sourceType"":""assessment"",""influence"":0.392}]",
REC-E-0322-pipeline_mgmt,E-0322,pipeline_mgmt,2026-09-29T00:00:00.000Z,improving,knowledge_gap,0.84,0,ACT-0022,stretch assignment: pipeline mgmt #1,0.75,154,"[{""eventId"":""EV-0048041"",""sourceType"":""kpi"",""influence"":0.513},{""eventId"":""EV-0048032"",""sourceType"":""manager_feedback"",""influence"":0.295},{""eventId"":""EV-0048067"",""sourceType"":""kpi"",""influence"":0.25}]",
REC-E-0323-communication,E-0323,communication,2026-09-29T00:00:00.000Z,stagnating,application_gap,0.76,0.517,ACT-0001,stretch assignment: communication #1,0.52,81,"[{""eventId"":""EV-0048246"",""sourceType"":""training"",""influence"":0.233},{""eventId"":""EV-0048107"",""sourceType"":""self_assessment"",""influence"":0.217},{""eventId"":""EV-0048118"",""sourceType"":""assessment"",""influence"":0.164}]",
REC-E-0323-problem_solving,E-0323,problem_solving,2026-09-29T00:00:00.000Z,stagnating,practice_gap,0.8,0.393,ACT-0010,stretch assignment: problem solving #1,0.75,103,"[{""eventId"":""EV-0048092"",""sourceType"":""assessment"",""influence"":1.001},{""eventId"":""EV-0048115"",""sourceType"":""manager_feedback"",""influence"":0.41},{""eventId"":""EV-0048100"",""sourceType"":""peer_feedback"",""influence"":0.324}]",
REC-E-0323-content_quality,E-0323,content_quality,2026-09-29T00:00:00.000Z,stagnating,knowledge_gap,0.79,0.83,ACT-0028,course: content quality #1,0.73,107,"[{""eventId"":""EV-0048128"",""sourceType"":""assessment"",""influence"":0.76},{""eventId"":""EV-0048141"",""sourceType"":""manager_feedback"",""influence"":0.575},{""eventId"":""EV-0048097"",""sourceType"":""manager_feedback"",""influence"":0.416}]",
REC-E-0324-communication,E-0324,communication,2026-09-29T00:00:00.000Z,improving,consistency_gap,1.22,0.086,ACT-0003,coaching: communication #3,0.23,124,"[{""eventId"":""EV-0048257"",""sourceType"":""peer_feedback"",""influence"":1.113},{""eventId"":""EV-0048341"",""sourceType"":""assessment"",""influence"":0.41},{""eventId"":""EV-0048303"",""sourceType"":""assessment"",""influence"":0.37}]",
REC-E-0324-execution,E-0324,execution,2026-09-29T00:00:00.000Z,insufficient_evidence,observation_gap,2.04,1.63,ACT-0005,project: execution #2,0.23,120,"[{""eventId"":""EV-0048253"",""sourceType"":""kpi"",""influence"":0.553},{""eventId"":""EV-0048261"",""sourceType"":""peer_feedback"",""influence"":0.363},{""eventId"":""EV-0048291"",""sourceType"":""self_assessment"",""influence"":0.247}]",
REC-E-0324-collaboration,E-0324,collaboration,2026-09-29T00:00:00.000Z,stagnating,practice_gap,1.21,0.731,ACT-0007,mentor: collaboration #1,0.62,170,"[{""eventId"":""EV-0048297"",""sourceType"":""peer_feedback"",""influence"":0.649},{""eventId"":""EV-0048275"",""sourceType"":""self_assessment"",""influence"":0.466},{""eventId"":""EV-0048345"",""sourceType"":""assessment"",""influence"":0.393}]",
REC-E-0324-problem_solving,E-0324,problem_solving,2026-09-29T00:00:00.000Z,improving,practice_gap,1.67,0.183,ACT-0010,stretch assignment: problem solving #1,0.75,103,"[{""eventId"":""EV-0048260"",""sourceType"":""peer_feedback"",""influence"":1.016},{""eventId"":""EV-0048386"",""sourceType"":""peer_feedback"",""influence"":0.499},{""eventId"":""EV-0048309"",""sourceType"":""assessment"",""influence"":0.39}]",
REC-E-0324-roadmap_prioritization,E-0324,roadmap_prioritization,2026-09-29T00:00:00.000Z,stagnating,practice_gap,0.64,0.568,ACT-0032,stretch assignment: roadmap prioritization #2,0.77,54,"[{""eventId"":""EV-0048405"",""sourceType"":""project"",""influence"":0.783},{""eventId"":""EV-0048311"",""sourceType"":""assessment"",""influence"":0.291},{""eventId"":""EV-0048364"",""sourceType"":""kpi"",""influence"":0.202}]",
REC-E-0325-collaboration,E-0325,collaboration,2026-09-29T00:00:00.000Z,stagnating,practice_gap,0.4,0.245,ACT-0007,mentor: collaboration #1,0.62,170,"[{""eventId"":""EV-0048435"",""sourceType"":""assessment"",""influence"":0.539},{""eventId"":""EV-0048469"",""sourceType"":""assessment"",""influence"":0.471},{""eventId"":""EV-0048423"",""sourceType"":""manager_feedback"",""influence"":0.396}]",
REC-E-0326-communication,E-0326,communication,2026-09-29T00:00:00.000Z,stagnating,practice_gap,1.26,0.85,ACT-0001,stretch assignment: communication #1,0.52,81,"[{""eventId"":""EV-0048579"",""sourceType"":""peer_feedback"",""influence"":1.08},{""eventId"":""EV-0048582"",""sourceType"":""assessment"",""influence"":0.82},{""eventId"":""EV-0048634"",""sourceType"":""manager_feedback"",""influence"":0.471}]",
REC-E-0326-execution,E-0326,execution,2026-09-29T00:00:00.000Z,stagnating,practice_gap,1.13,0.67,ACT-0006,mentor: execution #3,0.72,113,"[{""eventId"":""EV-0048572"",""sourceType"":""kpi"",""influence"":0.875},{""eventId"":""EV-0048622"",""sourceType"":""assessment"",""influence"":0.372},{""eventId"":""EV-0048741"",""sourceType"":""training"",""influence"":0.366}]",
REC-E-0326-problem_solving,E-0326,problem_solving,2026-09-29T00:00:00.000Z,stagnating,practice_gap,0.81,0.501,ACT-0010,stretch assignment: problem solving #1,0.75,103,"[{""eventId"":""EV-0048663"",""sourceType"":""assessment"",""influence"":0.605},{""eventId"":""EV-0048586"",""sourceType"":""assessment"",""influence"":0.534},{""eventId"":""EV-0048652"",""sourceType"":""manager_feedback"",""influence"":0.504}]",
REC-E-0326-financial_modeling,E-0326,financial_modeling,2026-09-29T00:00:00.000Z,stagnating,practice_gap,1.07,0.899,ACT-0045,community: financial modeling #3,0.62,81,"[{""eventId"":""EV-0048574"",""sourceType"":""kpi"",""influence"":0.525},{""eventId"":""EV-0048576"",""sourceType"":""peer_feedback"",""influence"":0.36},{""eventId"":""EV-0048665"",""sourceType"":""assessment"",""influence"":0.271}]",
REC-E-0328-communication,E-0328,communication,2026-09-29T00:00:00.000Z,stagnating,practice_gap,1.38,0.931,ACT-0001,stretch assignment: communication #1,0.52,81,"[{""eventId"":""EV-0048933"",""sourceType"":""peer_feedback"",""influence"":1.088},{""eventId"":""EV-0048969"",""sourceType"":""peer_feedback"",""influence"":0.518},{""eventId"":""EV-0048972"",""sourceType"":""peer_feedback"",""influence"":0.317}]",
REC-E-0328-execution,E-0328,execution,2026-09-29T00:00:00.000Z,stagnating,practice_gap,1.08,0.721,ACT-0006,mentor: execution #3,0.72,113,"[{""eventId"":""EV-0048938"",""sourceType"":""kpi"",""influence"":0.528},{""eventId"":""EV-0049049"",""sourceType"":""training"",""influence"":0.48},{""eventId"":""EV-0048949"",""sourceType"":""manager_feedback"",""influence"":0.332}]",
REC-E-0328-collaboration,E-0328,collaboration,2026-09-29T00:00:00.000Z,stagnating,application_gap,1.05,0.648,ACT-0007,mentor: collaboration #1,0.62,170,"[{""eventId"":""EV-0048928"",""sourceType"":""manager_feedback"",""influence"":0.718},{""eventId"":""EV-0048944"",""sourceType"":""self_assessment"",""influence"":0.42},{""eventId"":""EV-0048957"",""sourceType"":""assessment"",""influence"":0.396}]",
REC-E-0328-problem_solving,E-0328,problem_solving,2026-09-29T00:00:00.000Z,stagnating,practice_gap,0.73,0.284,ACT-0010,stretch assignment: problem solving #1,0.75,103,"[{""eventId"":""EV-0048912"",""sourceType"":""peer_feedback"",""influence"":0.725},{""eventId"":""EV-0048967"",""sourceType"":""manager_feedback"",""influence"":0.267},{""eventId"":""EV-0048994"",""sourceType"":""assessment"",""influence"":0.257}]",
REC-E-0328-troubleshooting,E-0328,troubleshooting,2026-09-29T00:00:00.000Z,declining,practice_gap,0.59,1.01,ACT-0060,stretch assignment: troubleshooting #3,0.62,45,"[{""eventId"":""EV-0048906"",""sourceType"":""self_assessment"",""influence"":0.721},{""eventId"":""EV-0048926"",""sourceType"":""assessment"",""influence"":0.579},{""eventId"":""EV-0048913"",""sourceType"":""peer_feedback"",""influence"":0.395}]",
REC-E-0329-collaboration,E-0329,collaboration,2026-09-29T00:00:00.000Z,stagnating,practice_gap,0.81,0.41,ACT-0007,mentor: collaboration #1,0.62,170,"[{""eventId"":""EV-0049092"",""sourceType"":""peer_feedback"",""influence"":0.734},{""eventId"":""EV-0049061"",""sourceType"":""peer_feedback"",""influence"":0.32},{""eventId"":""EV-0049071"",""sourceType"":""assessment"",""influence"":0.295}]",
REC-E-0329-problem_solving,E-0329,problem_solving,2026-09-29T00:00:00.000Z,stagnating,practice_gap,1.25,0.772,ACT-0010,stretch assignment: problem solving #1,0.75,103,"[{""eventId"":""EV-0049073"",""sourceType"":""assessment"",""influence"":0.486},{""eventId"":""EV-0049110"",""sourceType"":""assessment"",""influence"":0.446},{""eventId"":""EV-0049146"",""sourceType"":""assessment"",""influence"":0.335}]",
REC-E-0330-communication,E-0330,communication,2026-09-29T00:00:00.000Z,insufficient_evidence,observation_gap,-0.79,0,ACT-0001,stretch assignment: communication #1,0.52,81,"[{""eventId"":""EV-0049288"",""sourceType"":""assessment"",""influence"":0.576},{""eventId"":""EV-0049216"",""sourceType"":""peer_feedback"",""influence"":0.336},{""eventId"":""EV-0049253"",""sourceType"":""assessment"",""influence"":0.317}]",
REC-E-0330-execution,E-0330,execution,2026-09-29T00:00:00.000Z,insufficient_evidence,observation_gap,1.68,1.348,ACT-0005,project: execution #2,0.23,120,"[{""eventId"":""EV-0049202"",""sourceType"":""kpi"",""influence"":0.372},{""eventId"":""EV-0049217"",""sourceType"":""peer_feedback"",""influence"":0.358},{""eventId"":""EV-0049290"",""sourceType"":""assessment"",""influence"":0.349}]",
REC-E-0330-collaboration,E-0330,collaboration,2026-09-29T00:00:00.000Z,stagnating,application_gap,1.27,0.75,ACT-0007,mentor: collaboration #1,0.62,170,"[{""eventId"":""EV-0049214"",""sourceType"":""peer_feedback"",""influence"":1.098},{""eventId"":""EV-0049362"",""sourceType"":""project"",""influence"":0.335},{""eventId"":""EV-0049292"",""sourceType"":""assessment"",""influence"":0.288}]",
REC-E-0330-pipeline_mgmt,E-0330,pipeline_mgmt,2026-09-29T00:00:00.000Z,stagnating,application_gap,0.58,0.469,ACT-0022,stretch assignment: pipeline mgmt #1,0.75,154,"[{""eventId"":""EV-0049298"",""sourceType"":""assessment"",""influence"":0.328},{""eventId"":""EV-0049211"",""sourceType"":""self_assessment"",""influence"":0.281},{""eventId"":""EV-0049358"",""sourceType"":""training"",""influence"":0.205}]",
REC-E-0331-execution,E-0331,execution,2026-09-29T00:00:00.000Z,stagnating,practice_gap,0.51,0.248,ACT-0006,mentor: execution #3,0.72,113,"[{""eventId"":""EV-0049371"",""sourceType"":""kpi"",""influence"":0.4},{""eventId"":""EV-0049379"",""sourceType"":""assessment"",""influence"":0.319},{""eventId"":""EV-0049462"",""sourceType"":""assessment"",""influence"":0.205}]",
REC-E-0331-collaboration,E-0331,collaboration,2026-09-29T00:00:00.000Z,stagnating,practice_gap,1.01,0.463,ACT-0007,mentor: collaboration #1,0.62,170,"[{""eventId"":""EV-0049375"",""sourceType"":""manager_feedback"",""influence"":1.189},{""eventId"":""EV-0049414"",""sourceType"":""peer_feedback"",""influence"":0.284},{""eventId"":""EV-0049517"",""sourceType"":""project"",""influence"":0.146}]",
REC-E-0331-problem_solving,E-0331,problem_solving,2026-09-29T00:00:00.000Z,declining,knowledge_gap,0.5,0.497,ACT-0010,stretch assignment: problem solving #1,0.75,103,"[{""eventId"":""EV-0049383"",""sourceType"":""assessment"",""influence"":1.715},{""eventId"":""EV-0049439"",""sourceType"":""manager_feedback"",""influence"":0.624},{""eventId"":""EV-0049528"",""sourceType"":""certification"",""influence"":0.387}]",
REC-E-0331-campaign_strategy,E-0331,campaign_strategy,2026-09-29T00:00:00.000Z,stagnating,knowledge_gap,0.99,0.991,ACT-0027,coaching: campaign strategy #3,0.71,65,"[{""eventId"":""EV-0049377"",""sourceType"":""manager_feedback"",""influence"":0.409},{""eventId"":""EV-0049373"",""sourceType"":""kpi"",""influence"":0.405},{""eventId"":""EV-0049424"",""sourceType"":""assessment"",""influence"":0.329}]",
REC-E-0331-content_quality,E-0331,content_quality,2026-09-29T00:00:00.000Z,stagnating,practice_gap,0.57,0.558,ACT-0028,course: content quality #1,0.73,107,"[{""eventId"":""EV-0049501"",""sourceType"":""assessment"",""influence"":0.317},{""eventId"":""EV-0049387"",""sourceType"":""assessment"",""influence"":0.2},{""eventId"":""EV-0049521"",""sourceType"":""project"",""influence"":0.136}]",
REC-E-0332-stakeholder_alignment,E-0332,stakeholder_alignment,2026-09-29T00:00:00.000Z,stagnating,practice_gap,0.44,0.527,ACT-0034,stretch assignment: stakeholder alignment #1,0.68,119,"[{""eventId"":""EV-0049576"",""sourceType"":""assessment"",""influence"":0.847},{""eventId"":""EV-0049539"",""sourceType"":""self_assessment"",""influence"":0.824},{""eventId"":""EV-0049589"",""sourceType"":""manager_feedback"",""influence"":0.352}]",
REC-E-0333-communication,E-0333,communication,2026-09-29T00:00:00.000Z,insufficient_evidence,observation_gap,0.77,0.141,ACT-0001,stretch assignment: communication #1,0.52,81,"[{""eventId"":""EV-0049724"",""sourceType"":""assessment"",""influence"":0.775},{""eventId"":""EV-0049693"",""sourceType"":""manager_feedback"",""influence"":0.741},{""eventId"":""EV-0049758"",""sourceType"":""assessment"",""influence"":0.616}]",
REC-E-0333-execution,E-0333,execution,2026-09-29T00:00:00.000Z,improving,knowledge_gap,0.47,0.039,ACT-0006,mentor: execution #3,0.72,113,"[{""eventId"":""EV-0049672"",""sourceType"":""assessment"",""influence"":1.059},{""eventId"":""EV-0049694"",""sourceType"":""manager_feedback"",""influence"":0.304},{""eventId"":""EV-0049797"",""sourceType"":""assessment"",""influence"":0.303}]",
REC-E-0333-collaboration,E-0333,collaboration,2026-09-29T00:00:00.000Z,stagnating,practice_gap,1,0.31,ACT-0007,mentor: collaboration #1,0.62,170,"[{""eventId"":""EV-0049817"",""sourceType"":""project"",""influence"":0.769},{""eventId"":""EV-0049760"",""sourceType"":""assessment"",""influence"":0.535},{""eventId"":""EV-0049813"",""sourceType"":""training"",""influence"":0.452}]",
REC-E-0333-problem_solving,E-0333,problem_solving,2026-09-29T00:00:00.000Z,stagnating,practice_gap,0.86,0.56,ACT-0010,stretch assignment: problem solving #1,0.75,103,"[{""eventId"":""EV-0049660"",""sourceType"":""self_assessment"",""influence"":0.858},{""eventId"":""EV-0049740"",""sourceType"":""manager_feedback"",""influence"":0.697},{""eventId"":""EV-0049728"",""sourceType"":""assessment"",""influence"":0.25}]",
REC-E-0333-visual_craft,E-0333,visual_craft,2026-09-29T00:00:00.000Z,stagnating,practice_gap,0.63,0.495,ACT-0037,mentor: visual craft #1,0.72,171,"[{""eventId"":""EV-0049678"",""sourceType"":""assessment"",""influence"":0.457},{""eventId"":""EV-0049665"",""sourceType"":""peer_feedback"",""influence"":0.378},{""eventId"":""EV-0049668"",""sourceType"":""peer_feedback"",""influence"":0.351}]",
REC-E-0333-ux_research,E-0333,ux_research,2026-09-29T00:00:00.000Z,stagnating,knowledge_gap,0.68,0.716,ACT-0041,stretch assignment: ux research #2,0.78,110,"[{""eventId"":""EV-0049662"",""sourceType"":""self_assessment"",""influence"":0.919},{""eventId"":""EV-0049773"",""sourceType"":""manager_feedback"",""influence"":0.353},{""eventId"":""EV-0049732"",""sourceType"":""assessment"",""influence"":0.253}]",
REC-E-0334-communication,E-0334,communication,2026-09-29T00:00:00.000Z,stagnating,practice_gap,0.83,0.404,ACT-0001,stretch assignment: communication #1,0.52,81,"[{""eventId"":""EV-0049980"",""sourceType"":""training"",""influence"":0.88},{""eventId"":""EV-0049991"",""sourceType"":""project"",""influence"":0.505},{""eventId"":""EV-0049834"",""sourceType"":""peer_feedback"",""influence"":0.446}]",
REC-E-0334-execution,E-0334,execution,2026-09-29T00:00:00.000Z,declining,knowledge_gap,2.03,2.029,ACT-0006,mentor: execution #3,0.72,113,"[{""eventId"":""EV-0049824"",""sourceType"":""self_assessment"",""influence"":0.862},{""eventId"":""EV-0049883"",""sourceType"":""assessment"",""influence"":0.554},{""eventId"":""EV-0049847"",""sourceType"":""kpi"",""influence"":0.391}]",
REC-E-0334-problem_solving,E-0334,problem_solving,2026-09-29T00:00:00.000Z,stagnating,practice_gap,1.53,0.799,ACT-0010,stretch assignment: problem solving #1,0.75,103,"[{""eventId"":""EV-0049995"",""sourceType"":""certification"",""influence"":1.695},{""eventId"":""EV-0049918"",""sourceType"":""assessment"",""influence"":1.02},{""eventId"":""EV-0049993"",""sourceType"":""project"",""influence"":0.563}]",
REC-E-0334-financial_modeling,E-0334,financial_modeling,2026-09-29T00:00:00.000Z,declining,practice_gap,1.85,3.331,ACT-0045,community: financial modeling #3,0.62,81,"[{""eventId"":""EV-0049981"",""sourceType"":""training"",""influence"":0.88},{""eventId"":""EV-0049821"",""sourceType"":""kpi"",""influence"":0.346},{""eventId"":""EV-0049988"",""sourceType"":""project"",""influence"":0.341}]",
REC-E-0334-compliance_rigor,E-0334,compliance_rigor,2026-09-29T00:00:00.000Z,stagnating,practice_gap,0.57,0.547,ACT-0046,stretch assignment: compliance rigor #1,0.58,77,"[{""eventId"":""EV-0049891"",""sourceType"":""assessment"",""influence"":0.556},{""eventId"":""EV-0049992"",""sourceType"":""project"",""influence"":0.31},{""eventId"":""EV-0049828"",""sourceType"":""self_assessment"",""influence"":0.261}]",
REC-E-0336-communication,E-0336,communication,2026-09-29T00:00:00.000Z,declining,practice_gap,3.07,3.066,ACT-0001,stretch assignment: communication #1,0.52,81,"[{""eventId"":""EV-0050141"",""sourceType"":""self_assessment"",""influence"":0.83},{""eventId"":""EV-0050182"",""sourceType"":""assessment"",""influence"":0.752},{""eventId"":""EV-0050213"",""sourceType"":""assessment"",""influence"":0.575}]",
REC-E-0336-execution,E-0336,execution,2026-09-29T00:00:00.000Z,stagnating,application_gap,0.71,0.33,ACT-0006,mentor: execution #3,0.72,113,"[{""eventId"":""EV-0050137"",""sourceType"":""kpi"",""influence"":0.509},{""eventId"":""EV-0050175"",""sourceType"":""kpi"",""influence"":0.413},{""eventId"":""EV-0050215"",""sourceType"":""assessment"",""influence"":0.384}]",
REC-E-0336-collaboration,E-0336,collaboration,2026-09-29T00:00:00.000Z,insufficient_evidence,observation_gap,1.66,0.937,ACT-0009,stretch assignment: collaboration #3,0.37,140,"[{""eventId"":""EV-0050143"",""sourceType"":""self_assessment"",""influence"":0.275},{""eventId"":""EV-0050186"",""sourceType"":""assessment"",""influence"":0.236},{""eventId"":""EV-0050152"",""sourceType"":""assessment"",""influence"":0.158}]",
REC-E-0336-customer_resolution,E-0336,customer_resolution,2026-09-29T00:00:00.000Z,improving,practice_gap,0.65,0,ACT-0055,stretch assignment: customer resolution #1,0.8,73,"[{""eventId"":""EV-0050274"",""sourceType"":""project"",""influence"":1.082},{""eventId"":""EV-0050177"",""sourceType"":""kpi"",""influence"":0.475},{""eventId"":""EV-0050219"",""sourceType"":""assessment"",""influence"":0.402}]",
REC-E-0336-troubleshooting,E-0336,troubleshooting,2026-09-29T00:00:00.000Z,declining,practice_gap,2.15,3.829,ACT-0060,stretch assignment: troubleshooting #3,0.62,45,"[{""eventId"":""EV-0050146"",""sourceType"":""self_assessment"",""influence"":0.811},{""eventId"":""EV-0050167"",""sourceType"":""self_assessment"",""influence"":0.739},{""eventId"":""EV-0050241"",""sourceType"":""peer_feedback"",""influence"":0.447}]",
REC-E-0337-execution,E-0337,execution,2026-09-29T00:00:00.000Z,stagnating,practice_gap,1.23,0.698,ACT-0006,mentor: execution #3,0.72,113,"[{""eventId"":""EV-0050300"",""sourceType"":""assessment"",""influence"":0.694},{""eventId"":""EV-0050326"",""sourceType"":""assessment"",""influence"":0.652},{""eventId"":""EV-0050288"",""sourceType"":""self_assessment"",""influence"":0.263}]",
REC-E-0337-collaboration,E-0337,collaboration,2026-09-29T00:00:00.000Z,stagnating,knowledge_gap,0.64,0.172,ACT-0007,mentor: collaboration #1,0.62,170,"[{""eventId"":""EV-0050289"",""sourceType"":""self_assessment"",""influence"":0.81},{""eventId"":""EV-0050294"",""sourceType"":""manager_feedback"",""influence"":0.451},{""eventId"":""EV-0050328"",""sourceType"":""assessment"",""influence"":0.302}]",
REC-E-0337-system_design,E-0337,system_design,2026-09-29T00:00:00.000Z,stagnating,practice_gap,0.92,0.923,ACT-0014,coaching: system design #2,0.59,90,"[{""eventId"":""EV-0050285"",""sourceType"":""kpi"",""influence"":0.744},{""eventId"":""EV-0050413"",""sourceType"":""training"",""influence"":0.479},{""eventId"":""EV-0050322"",""sourceType"":""peer_feedback"",""influence"":0.351}]",
REC-E-0339-execution,E-0339,execution,2026-09-29T00:00:00.000Z,insufficient_evidence,observation_gap,0.52,0.348,ACT-0005,project: execution #2,0.23,120,"[{""eventId"":""EV-0050593"",""sourceType"":""self_assessment"",""influence"":0.267},{""eventId"":""EV-0050590"",""sourceType"":""kpi"",""influence"":0.24}]","{""lever"":""fresh_observation"",""description"":""1 current observation (any source) — the existing evidence has gone stale"",""n_needed"":1,""projected_score"":0.605,""current_score"":0.212}"
REC-E-0339-collaboration,E-0339,collaboration,2026-09-29T00:00:00.000Z,stagnating,knowledge_gap,0.94,0.629,ACT-0007,mentor: collaboration #1,0.62,170,"[{""eventId"":""EV-0050625"",""sourceType"":""assessment"",""influence"":0.282},{""eventId"":""EV-0050662"",""sourceType"":""self_assessment"",""influence"":0.259},{""eventId"":""EV-0050594"",""sourceType"":""self_assessment"",""influence"":0.256}]",
REC-E-0339-problem_solving,E-0339,problem_solving,2026-09-29T00:00:00.000Z,stagnating,practice_gap,1.06,0.589,ACT-0010,stretch assignment: problem solving #1,0.75,103,"[{""eventId"":""EV-0050627"",""sourceType"":""assessment"",""influence"":0.823},{""eventId"":""EV-0050655"",""sourceType"":""assessment"",""influence"":0.527},{""eventId"":""EV-0050595"",""sourceType"":""self_assessment"",""influence"":0.263}]",
REC-E-0340-communication,E-0340,communication,2026-09-29T00:00:00.000Z,declining,consistency_gap,3.42,3.415,ACT-0003,coaching: communication #3,0.23,124,"[{""eventId"":""EV-0050719"",""sourceType"":""peer_feedback"",""influence"":1.047},{""eventId"":""EV-0050760"",""sourceType"":""assessment"",""influence"":0.973},{""eventId"":""EV-0050865"",""sourceType"":""project"",""influence"":0.39}]",
REC-E-0340-execution,E-0340,execution,2026-09-29T00:00:00.000Z,improving,consistency_gap,0.45,0,ACT-0006,mentor: execution #3,0.72,113,"[{""eventId"":""EV-0050714"",""sourceType"":""kpi"",""influence"":0.617},{""eventId"":""EV-0050866"",""sourceType"":""project"",""influence"":0.442},{""eventId"":""EV-0050726"",""sourceType"":""assessment"",""influence"":0.413}]",
REC-E-0340-problem_solving,E-0340,problem_solving,2026-09-29T00:00:00.000Z,stagnating,practice_gap,2.2,0.762,ACT-0010,stretch assignment: problem solving #1,0.75,103,"[{""eventId"":""EV-0050786"",""sourceType"":""peer_feedback"",""influence"":0.712},{""eventId"":""EV-0050857"",""sourceType"":""peer_feedback"",""influence"":0.462},{""eventId"":""EV-0050747"",""sourceType"":""peer_feedback"",""influence"":0.42}]",
REC-E-0340-roadmap_prioritization,E-0340,roadmap_prioritization,2026-09-29T00:00:00.000Z,improving,practice_gap,0.69,0,ACT-0032,stretch assignment: roadmap prioritization #2,0.77,54,"[{""eventId"":""EV-0050755"",""sourceType"":""kpi"",""influence"":0.865},{""eventId"":""EV-0050716"",""sourceType"":""kpi"",""influence"":0.792},{""eventId"":""EV-0050732"",""sourceType"":""assessment"",""influence"":0.511}]",
REC-E-0340-stakeholder_alignment,E-0340,stakeholder_alignment,2026-09-29T00:00:00.000Z,stagnating,knowledge_gap,0.39,0.322,ACT-0034,stretch assignment: stakeholder alignment #1,0.68,119,"[{""eventId"":""EV-0050748"",""sourceType"":""peer_feedback"",""influence"":1.187},{""eventId"":""EV-0050781"",""sourceType"":""self_assessment"",""influence"":0.626},{""eventId"":""EV-0050812"",""sourceType"":""self_assessment"",""influence"":0.315}]",
REC-E-0341-communication,E-0341,communication,2026-09-29T00:00:00.000Z,insufficient_evidence,observation_gap,1.56,0.265,ACT-0001,stretch assignment: communication #1,0.52,81,"[{""eventId"":""EV-0051000"",""sourceType"":""project"",""influence"":1.34},{""eventId"":""EV-0050912"",""sourceType"":""assessment"",""influence"":0.893},{""eventId"":""EV-0050995"",""sourceType"":""training"",""influence"":0.778}]",
REC-E-0341-execution,E-0341,execution,2026-09-29T00:00:00.000Z,stagnating,application_gap,0.96,0.527,ACT-0006,mentor: execution #3,0.72,113,"[{""eventId"":""EV-0050881"",""sourceType"":""assessment"",""influence"":0.467},{""eventId"":""EV-0050873"",""sourceType"":""self_assessment"",""influence"":0.261},{""eventId"":""EV-0050898"",""sourceType"":""peer_feedback"",""influence"":0.244}]",
REC-E-0341-collaboration,E-0341,collaboration,2026-09-29T00:00:00.000Z,improving,practice_gap,0.42,0,ACT-0007,mentor: collaboration #1,0.62,170,"[{""eventId"":""EV-0051001"",""sourceType"":""project"",""influence"":1.228},{""eventId"":""EV-0050992"",""sourceType"":""training"",""influence"":0.888},{""eventId"":""EV-0050916"",""sourceType"":""assessment"",""influence"":0.534}]",
REC-E-0341-problem_solving,E-0341,problem_solving,2026-09-29T00:00:00.000Z,stagnating,practice_gap,1.07,0.38,ACT-0010,stretch assignment: problem solving #1,0.75,103,"[{""eventId"":""EV-0050918"",""sourceType"":""assessment"",""influence"":0.707},{""eventId"":""EV-0050997"",""sourceType"":""project"",""influence"":0.405},{""eventId"":""EV-0050999"",""sourceType"":""project"",""influence"":0.265}]",
REC-E-0341-visual_craft,E-0341,visual_craft,2026-09-29T00:00:00.000Z,insufficient_evidence,observation_gap,1,0.719,ACT-0039,stretch assignment: visual craft #3,0.58,135,"[{""eventId"":""EV-0050876"",""sourceType"":""self_assessment"",""influence"":0.794},{""eventId"":""EV-0050887"",""sourceType"":""assessment"",""influence"":0.38},{""eventId"":""EV-0050909"",""sourceType"":""self_assessment"",""influence"":0.2}]",
REC-E-0341-ux_research,E-0341,ux_research,2026-09-29T00:00:00.000Z,improving,practice_gap,0.72,0.046,ACT-0041,stretch assignment: ux research #2,0.78,110,"[{""eventId"":""EV-0050922"",""sourceType"":""assessment"",""influence"":0.733},{""eventId"":""EV-0050889"",""sourceType"":""assessment"",""influence"":0.509},{""eventId"":""EV-0050982"",""sourceType"":""assessment"",""influence"":0.352}]",
REC-E-0342-communication,E-0342,communication,2026-09-29T00:00:00.000Z,stagnating,knowledge_gap,1.06,0.715,ACT-0001,stretch assignment: communication #1,0.52,81,"[{""eventId"":""EV-0051027"",""sourceType"":""self_assessment"",""influence"":0.291},{""eventId"":""EV-0051125"",""sourceType"":""peer_feedback"",""influence"":0.215},{""eventId"":""EV-0051138"",""sourceType"":""manager_feedback"",""influence"":0.164}]",
REC-E-0342-execution,E-0342,execution,2026-09-29T00:00:00.000Z,insufficient_evidence,observation_gap,1.74,1.368,ACT-0005,project: execution #2,0.23,120,"[{""eventId"":""EV-0051009"",""sourceType"":""kpi"",""influence"":0.558},{""eventId"":""EV-0051015"",""sourceType"":""assessment"",""influence"":0.442},{""eventId"":""EV-0051059"",""sourceType"":""assessment"",""influence"":0.337}]",
REC-E-0342-collaboration,E-0342,collaboration,2026-09-29T00:00:00.000Z,declining,knowledge_gap,1.96,1.962,ACT-0007,mentor: collaboration #1,0.62,170,"[{""eventId"":""EV-0051029"",""sourceType"":""self_assessment"",""influence"":0.902},{""eventId"":""EV-0051099"",""sourceType"":""manager_feedback"",""influence"":0.569},{""eventId"":""EV-0051108"",""sourceType"":""assessment"",""influence"":0.547}]",
REC-E-0342-compliance_rigor,E-0342,compliance_rigor,2026-09-29T00:00:00.000Z,stagnating,practice_gap,0.98,0.898,ACT-0046,stretch assignment: compliance rigor #1,0.58,77,"[{""eventId"":""EV-0051152"",""sourceType"":""assessment"",""influence"":0.446},{""eventId"":""EV-0051034"",""sourceType"":""peer_feedback"",""influence"":0.433},{""eventId"":""EV-0051052"",""sourceType"":""peer_feedback"",""influence"":0.36}]",
REC-E-0343-policy_navigation,E-0343,policy_navigation,2026-09-29T00:00:00.000Z,insufficient_evidence,observation_gap,0.14,0.186,ACT-0052,mentor: policy navigation #1,0.56,119,"[{""eventId"":""EV-0051288"",""sourceType"":""project"",""influence"":0.506},{""eventId"":""EV-0051212"",""sourceType"":""manager_feedback"",""influence"":0.418},{""eventId"":""EV-0051180"",""sourceType"":""manager_feedback"",""influence"":0.395}]",
REC-E-0345-problem_solving,E-0345,problem_solving,2026-09-29T00:00:00.000Z,stagnating,practice_gap,0.37,0.171,ACT-0010,stretch assignment: problem solving #1,0.75,103,"[{""eventId"":""EV-0051421"",""sourceType"":""manager_feedback"",""influence"":0.386},{""eventId"":""EV-0051473"",""sourceType"":""peer_feedback"",""influence"":0.28},{""eventId"":""EV-0051458"",""sourceType"":""assessment"",""influence"":0.262}]",
REC-E-0345-system_design,E-0345,system_design,2026-09-29T00:00:00.000Z,stagnating,practice_gap,0.76,0.664,ACT-0014,coaching: system design #2,0.59,90,"[{""eventId"":""EV-0051411"",""sourceType"":""kpi"",""influence"":0.758},{""eventId"":""EV-0051460"",""sourceType"":""assessment"",""influence"":0.559},{""eventId"":""EV-0051542"",""sourceType"":""training"",""influence"":0.557}]",
REC-E-0346-execution,E-0346,execution,2026-09-29T00:00:00.000Z,insufficient_evidence,observation_gap,-0.57,0,ACT-0005,project: execution #2,0.23,120,"[{""eventId"":""EV-0051555"",""sourceType"":""kpi"",""influence"":0.859},{""eventId"":""EV-0051574"",""sourceType"":""assessment"",""influence"":0.388},{""eventId"":""EV-0051558"",""sourceType"":""self_assessment"",""influence"":0.24}]",
REC-E-0346-collaboration,E-0346,collaboration,2026-09-29T00:00:00.000Z,insufficient_evidence,observation_gap,0.73,0.63,ACT-0009,stretch assignment: collaboration #3,0.37,140,"[{""eventId"":""EV-0051576"",""sourceType"":""assessment"",""influence"":0.649},{""eventId"":""EV-0051653"",""sourceType"":""project"",""influence"":0.603},{""eventId"":""EV-0051609"",""sourceType"":""manager_feedback"",""influence"":0.544}]",
REC-E-0346-problem_solving,E-0346,problem_solving,2026-09-29T00:00:00.000Z,insufficient_evidence,observation_gap,-0.35,0,ACT-0010,stretch assignment: problem solving #1,0.75,103,"[{""eventId"":""EV-0051560"",""sourceType"":""self_assessment"",""influence"":0.807},{""eventId"":""EV-0051628"",""sourceType"":""peer_feedback"",""influence"":0.584},{""eventId"":""EV-0051607"",""sourceType"":""manager_feedback"",""influence"":0.458}]",
REC-E-0346-negotiation,E-0346,negotiation,2026-09-29T00:00:00.000Z,insufficient_evidence,observation_gap,0.39,0.528,ACT-0019,project: negotiation #1,0.4,165,"[{""eventId"":""EV-0051561"",""sourceType"":""self_assessment"",""influence"":0.804},{""eventId"":""EV-0051608"",""sourceType"":""manager_feedback"",""influence"":0.421},{""eventId"":""EV-0051580"",""sourceType"":""assessment"",""influence"":0.342}]",
REC-E-0347-problem_solving,E-0347,problem_solving,2026-09-29T00:00:00.000Z,stagnating,application_gap,0.53,0.305,ACT-0010,stretch assignment: problem solving #1,0.75,103,"[{""eventId"":""EV-0051666"",""sourceType"":""manager_feedback"",""influence"":1.238},{""eventId"":""EV-0051690"",""sourceType"":""peer_feedback"",""influence"":0.427},{""eventId"":""EV-0051724"",""sourceType"":""assessment"",""influence"":0.167}]",
REC-E-0347-campaign_strategy,E-0347,campaign_strategy,2026-09-29T00:00:00.000Z,insufficient_evidence,observation_gap,-0.39,0,ACT-0027,coaching: campaign strategy #3,0.71,65,"[{""eventId"":""EV-0051661"",""sourceType"":""self_assessment"",""influence"":0.31},{""eventId"":""EV-0051663"",""sourceType"":""peer_feedback"",""influence"":0.17}]",
REC-E-0348-collaboration,E-0348,collaboration,2026-09-29T00:00:00.000Z,insufficient_evidence,observation_gap,-1.32,0,ACT-0009,stretch assignment: collaboration #3,0.37,140,"[{""eventId"":""EV-0051789"",""sourceType"":""assessment"",""influence"":0.708},{""eventId"":""EV-0051861"",""sourceType"":""assessment"",""influence"":0.389},{""eventId"":""EV-0051840"",""sourceType"":""self_assessment"",""influence"":0.385}]",
REC-E-0348-problem_solving,E-0348,problem_solving,2026-09-29T00:00:00.000Z,stagnating,practice_gap,0.79,0.508,ACT-0010,stretch assignment: problem solving #1,0.75,103,"[{""eventId"":""EV-0051791"",""sourceType"":""assessment"",""influence"":0.924},{""eventId"":""EV-0051783"",""sourceType"":""manager_feedback"",""influence"":0.397},{""eventId"":""EV-0051820"",""sourceType"":""peer_feedback"",""influence"":0.386}]",
REC-E-0348-stakeholder_alignment,E-0348,stakeholder_alignment,2026-09-29T00:00:00.000Z,insufficient_evidence,observation_gap,-1.18,0,ACT-0034,stretch assignment: stakeholder alignment #1,0.68,119,"[{""eventId"":""EV-0051832"",""sourceType"":""assessment"",""influence"":0.73},{""eventId"":""EV-0051795"",""sourceType"":""assessment"",""influence"":0.562},{""eventId"":""EV-0051782"",""sourceType"":""manager_feedback"",""influence"":0.382}]",
REC-E-0349-communication,E-0349,communication,2026-09-29T00:00:00.000Z,stagnating,practice_gap,0.35,0.207,ACT-0001,stretch assignment: communication #1,0.52,81,"[{""eventId"":""EV-0051942"",""sourceType"":""assessment"",""influence"":0.312},{""eventId"":""EV-0051973"",""sourceType"":""assessment"",""influence"":0.306},{""eventId"":""EV-0052008"",""sourceType"":""peer_feedback"",""influence"":0.3}]",
REC-E-0349-collaboration,E-0349,collaboration,2026-09-29T00:00:00.000Z,declining,practice_gap,0.81,0.741,ACT-0007,mentor: collaboration #1,0.62,170,"[{""eventId"":""EV-0051975"",""sourceType"":""assessment"",""influence"":0.696},{""eventId"":""EV-0052052"",""sourceType"":""assessment"",""influence"":0.459},{""eventId"":""EV-0052073"",""sourceType"":""training"",""influence"":0.36}]",
REC-E-0349-problem_solving,E-0349,problem_solving,2026-09-29T00:00:00.000Z,stagnating,practice_gap,0.37,0.209,ACT-0010,stretch assignment: problem solving #1,0.75,103,"[{""eventId"":""EV-0051938"",""sourceType"":""manager_feedback"",""influence"":1.167},{""eventId"":""EV-0052001"",""sourceType"":""manager_feedback"",""influence"":0.457},{""eventId"":""EV-0051946"",""sourceType"":""assessment"",""influence"":0.419}]",
REC-E-0350-communication,E-0350,communication,2026-09-29T00:00:00.000Z,stagnating,practice_gap,1.02,0.516,ACT-0001,stretch assignment: communication #1,0.52,81,"[{""eventId"":""EV-0052110"",""sourceType"":""peer_feedback"",""influence"":0.961},{""eventId"":""EV-0052191"",""sourceType"":""project"",""influence"":0.445},{""eventId"":""EV-0052114"",""sourceType"":""assessment"",""influence"":0.382}]",
REC-E-0350-execution,E-0350,execution,2026-09-29T00:00:00.000Z,improving,practice_gap,1.29,0,ACT-0006,mentor: execution #3,0.72,113,"[{""eventId"":""EV-0052145"",""sourceType"":""kpi"",""influence"":0.468},{""eventId"":""EV-0052150"",""sourceType"":""self_assessment"",""influence"":0.183},{""eventId"":""EV-0052163"",""sourceType"":""self_assessment"",""influence"":0.11}]",
REC-E-0350-collaboration,E-0350,collaboration,2026-09-29T00:00:00.000Z,stagnating,practice_gap,0.49,0.193,ACT-0007,mentor: collaboration #1,0.62,170,"[{""eventId"":""EV-0052091"",""sourceType"":""peer_feedback"",""influence"":1.12},{""eventId"":""EV-0052118"",""sourceType"":""assessment"",""influence"":0.45},{""eventId"":""EV-0052107"",""sourceType"":""peer_feedback"",""influence"":0.349}]",
REC-E-0350-problem_solving,E-0350,problem_solving,2026-09-29T00:00:00.000Z,improving,application_gap,1.6,0,ACT-0010,stretch assignment: problem solving #1,0.75,103,"[{""eventId"":""EV-0052181"",""sourceType"":""self_assessment"",""influence"":0.45},{""eventId"":""EV-0052172"",""sourceType"":""assessment"",""influence"":0.327},{""eventId"":""EV-0052160"",""sourceType"":""peer_feedback"",""influence"":0.233}]",
REC-E-0350-compliance_rigor,E-0350,compliance_rigor,2026-09-29T00:00:00.000Z,improving,application_gap,1.18,0.1,ACT-0046,stretch assignment: compliance rigor #1,0.58,77,"[{""eventId"":""EV-0052143"",""sourceType"":""assessment"",""influence"":2.317},{""eventId"":""EV-0052102"",""sourceType"":""assessment"",""influence"":0.608},{""eventId"":""EV-0052088"",""sourceType"":""peer_feedback"",""influence"":0.352}]",
REC-E-0351-communication,E-0351,communication,2026-09-29T00:00:00.000Z,stagnating,knowledge_gap,0.38,0.168,ACT-0001,stretch assignment: communication #1,0.52,81,"[{""eventId"":""EV-0052204"",""sourceType"":""peer_feedback"",""influence"":1.095},{""eventId"":""EV-0052276"",""sourceType"":""assessment"",""influence"":0.615},{""eventId"":""EV-0052242"",""sourceType"":""peer_feedback"",""influence"":0.497}]",
REC-E-0351-execution,E-0351,execution,2026-09-29T00:00:00.000Z,improving,practice_gap,1.06,0.044,ACT-0006,mentor: execution #3,0.72,113,"[{""eventId"":""EV-0052200"",""sourceType"":""kpi"",""influence"":1.025},{""eventId"":""EV-0052209"",""sourceType"":""assessment"",""influence"":0.383},{""eventId"":""EV-0052265"",""sourceType"":""kpi"",""influence"":0.233}]",
REC-E-0351-collaboration,E-0351,collaboration,2026-09-29T00:00:00.000Z,insufficient_evidence,observation_gap,0.35,0.063,ACT-0009,stretch assignment: collaboration #3,0.37,140,"[{""eventId"":""EV-0052198"",""sourceType"":""peer_feedback"",""influence"":0.709},{""eventId"":""EV-0052196"",""sourceType"":""self_assessment"",""influence"":0.33}]",
REC-E-0351-problem_solving,E-0351,problem_solving,2026-09-29T00:00:00.000Z,stagnating,practice_gap,1.22,0.793,ACT-0010,stretch assignment: problem solving #1,0.75,103,"[{""eventId"":""EV-0052211"",""sourceType"":""assessment"",""influence"":1.195},{""eventId"":""EV-0052269"",""sourceType"":""self_assessment"",""influence"":0.573},{""eventId"":""EV-0052323"",""sourceType"":""project"",""influence"":0.33}]",
REC-E-0351-talent_assessment,E-0351,talent_assessment,2026-09-29T00:00:00.000Z,improving,knowledge_gap,1.42,0,ACT-0051,community: talent assessment #3,0.29,119,"[{""eventId"":""EV-0052282"",""sourceType"":""assessment"",""influence"":0.743},{""eventId"":""EV-0052302"",""sourceType"":""kpi"",""influence"":0.389},{""eventId"":""EV-0052298"",""sourceType"":""peer_feedback"",""influence"":0.324}]",
REC-E-0351-policy_navigation,E-0351,policy_navigation,2026-09-29T00:00:00.000Z,improving,practice_gap,1.66,0.167,ACT-0052,mentor: policy navigation #1,0.56,119,"[{""eventId"":""EV-0052227"",""sourceType"":""peer_feedback"",""influence"":1.133},{""eventId"":""EV-0052251"",""sourceType"":""assessment"",""influence"":0.713},{""eventId"":""EV-0052313"",""sourceType"":""assessment"",""influence"":0.691}]",
REC-E-0352-communication,E-0352,communication,2026-09-29T00:00:00.000Z,improving,practice_gap,0.7,0.024,ACT-0001,stretch assignment: communication #1,0.52,81,"[{""eventId"":""EV-0052340"",""sourceType"":""peer_feedback"",""influence"":1.078},{""eventId"":""EV-0052376"",""sourceType"":""assessment"",""influence"":0.595},{""eventId"":""EV-0052446"",""sourceType"":""assessment"",""influence"":0.393}]",
REC-E-0352-execution,E-0352,execution,2026-09-29T00:00:00.000Z,improving,practice_gap,1,0,ACT-0006,mentor: execution #3,0.72,113,"[{""eventId"":""EV-0052448"",""sourceType"":""assessment"",""influence"":0.531},{""eventId"":""EV-0052439"",""sourceType"":""kpi"",""influence"":0.417},{""eventId"":""EV-0052422"",""sourceType"":""kpi"",""influence"":0.114}]",
REC-E-0352-collaboration,E-0352,collaboration,2026-09-29T00:00:00.000Z,declining,consistency_gap,2.78,2.776,ACT-0007,mentor: collaboration #1,0.62,170,"[{""eventId"":""EV-0052341"",""sourceType"":""peer_feedback"",""influence"":1.052},{""eventId"":""EV-0052437"",""sourceType"":""peer_feedback"",""influence"":0.724},{""eventId"":""EV-0052360"",""sourceType"":""peer_feedback"",""influence"":0.372}]",
REC-E-0352-problem_solving,E-0352,problem_solving,2026-09-29T00:00:00.000Z,insufficient_evidence,observation_gap,0.45,0.114,ACT-0010,stretch assignment: problem solving #1,0.75,103,"[{""eventId"":""EV-0052452"",""sourceType"":""assessment"",""influence"":0.564},{""eventId"":""EV-0052372"",""sourceType"":""self_assessment"",""influence"":0.481},{""eventId"":""EV-0052349"",""sourceType"":""assessment"",""influence"":0.457}]",
REC-E-0352-customer_resolution,E-0352,customer_resolution,2026-09-29T00:00:00.000Z,stagnating,practice_gap,1.11,1.174,ACT-0055,stretch assignment: customer resolution #1,0.8,73,"[{""eventId"":""EV-0052331"",""sourceType"":""kpi"",""influence"":0.456},{""eventId"":""EV-0052420"",""sourceType"":""assessment"",""influence"":0.385},{""eventId"":""EV-0052384"",""sourceType"":""assessment"",""influence"":0.338}]",
REC-E-0352-troubleshooting,E-0352,troubleshooting,2026-09-29T00:00:00.000Z,insufficient_evidence,observation_gap,1.45,0.327,ACT-0060,stretch assignment: troubleshooting #3,0.62,45,"[{""eventId"":""EV-0052338"",""sourceType"":""self_assessment"",""influence"":0.938},{""eventId"":""EV-0052466"",""sourceType"":""training"",""influence"":0.677},{""eventId"":""EV-0052406"",""sourceType"":""peer_feedback"",""influence"":0.259}]",
REC-E-0353-communication,E-0353,communication,2026-09-29T00:00:00.000Z,stagnating,knowledge_gap,0.51,0.186,ACT-0001,stretch assignment: communication #1,0.52,81,"[{""eventId"":""EV-0052579"",""sourceType"":""assessment"",""influence"":0.469},{""eventId"":""EV-0052504"",""sourceType"":""peer_feedback"",""influence"":0.398},{""eventId"":""EV-0052528"",""sourceType"":""self_assessment"",""influence"":0.212}]",
REC-E-0353-execution,E-0353,execution,2026-09-29T00:00:00.000Z,insufficient_evidence,observation_gap,0.02,0.004,ACT-0005,project: execution #2,0.23,120,"[{""eventId"":""EV-0052482"",""sourceType"":""kpi"",""influence"":0.725},{""eventId"":""EV-0052538"",""sourceType"":""kpi"",""influence"":0.192},{""eventId"":""EV-0052511"",""sourceType"":""peer_feedback"",""influence"":0.18}]",
REC-E-0353-collaboration,E-0353,collaboration,2026-09-29T00:00:00.000Z,stagnating,practice_gap,1.21,0.873,ACT-0007,mentor: collaboration #1,0.62,170,"[{""eventId"":""EV-0052503"",""sourceType"":""peer_feedback"",""influence"":1.143},{""eventId"":""EV-0052530"",""sourceType"":""self_assessment"",""influence"":0.665},{""eventId"":""EV-0052490"",""sourceType"":""assessment"",""influence"":0.469}]",
REC-E-0353-problem_solving,E-0353,problem_solving,2026-09-29T00:00:00.000Z,improving,knowledge_gap,0.93,0,ACT-0010,stretch assignment: problem solving #1,0.75,103,"[{""eventId"":""EV-0052492"",""sourceType"":""assessment"",""influence"":1.425},{""eventId"":""EV-0052554"",""sourceType"":""assessment"",""influence"":1.004},{""eventId"":""EV-0052509"",""sourceType"":""peer_feedback"",""influence"":0.32}]",
REC-E-0353-system_design,E-0353,system_design,2026-09-29T00:00:00.000Z,stagnating,practice_gap,0.45,0.351,ACT-0014,coaching: system design #2,0.59,90,"[{""eventId"":""EV-0052484"",""sourceType"":""kpi"",""influence"":1.167},{""eventId"":""EV-0052545"",""sourceType"":""peer_feedback"",""influence"":0.204},{""eventId"":""EV-0052494"",""sourceType"":""assessment"",""influence"":0.201}]",
REC-E-0353-code_quality,E-0353,code_quality,2026-09-29T00:00:00.000Z,stagnating,practice_gap,0.65,0.557,ACT-0017,mentor: code quality #2,0.37,90,"[{""eventId"":""EV-0052558"",""sourceType"":""assessment"",""influence"":1.146},{""eventId"":""EV-0052603"",""sourceType"":""project"",""influence"":0.701},{""eventId"":""EV-0052522"",""sourceType"":""assessment"",""influence"":0.3}]",
REC-E-0354-communication,E-0354,communication,2026-09-29T00:00:00.000Z,stagnating,knowledge_gap,0.92,0.429,ACT-0001,stretch assignment: communication #1,0.52,81,"[{""eventId"":""EV-0052652"",""sourceType"":""assessment"",""influence"":0.747},{""eventId"":""EV-0052613"",""sourceType"":""assessment"",""influence"":0.524},{""eventId"":""EV-0052680"",""sourceType"":""manager_feedback"",""influence"":0.361}]",
REC-E-0354-collaboration,E-0354,collaboration,2026-09-29T00:00:00.000Z,stagnating,practice_gap,0.52,0.277,ACT-0007,mentor: collaboration #1,0.62,170,"[{""eventId"":""EV-0052609"",""sourceType"":""manager_feedback"",""influence"":0.388},{""eventId"":""EV-0052720"",""sourceType"":""assessment"",""influence"":0.227},{""eventId"":""EV-0052744"",""sourceType"":""project"",""influence"":0.169}]",
REC-E-0354-negotiation,E-0354,negotiation,2026-09-29T00:00:00.000Z,declining,practice_gap,1.03,1.852,ACT-0019,project: negotiation #1,0.4,165,"[{""eventId"":""EV-0052610"",""sourceType"":""manager_feedback"",""influence"":2.064},{""eventId"":""EV-0052650"",""sourceType"":""manager_feedback"",""influence"":0.411},{""eventId"":""EV-0052686"",""sourceType"":""assessment"",""influence"":0.325}]",
REC-E-0354-pipeline_mgmt,E-0354,pipeline_mgmt,2026-09-29T00:00:00.000Z,stagnating,practice_gap,0.93,0.926,ACT-0022,stretch assignment: pipeline mgmt #1,0.75,154,"[{""eventId"":""EV-0052660"",""sourceType"":""assessment"",""influence"":0.45},{""eventId"":""EV-0052611"",""sourceType"":""manager_feedback"",""influence"":0.415},{""eventId"":""EV-0052747"",""sourceType"":""project"",""influence"":0.272}]",
REC-E-0355-campaign_strategy,E-0355,campaign_strategy,2026-09-29T00:00:00.000Z,stagnating,knowledge_gap,0.42,0.482,ACT-0027,coaching: campaign strategy #3,0.71,65,"[{""eventId"":""EV-0052763"",""sourceType"":""peer_feedback"",""influence"":0.34},{""eventId"":""EV-0052864"",""sourceType"":""peer_feedback"",""influence"":0.24},{""eventId"":""EV-0052831"",""sourceType"":""manager_feedback"",""influence"":0.207}]",
REC-E-0356-communication,E-0356,communication,2026-09-29T00:00:00.000Z,stagnating,practice_gap,0.61,0.243,ACT-0001,stretch assignment: communication #1,0.52,81,"[{""eventId"":""EV-0052902"",""sourceType"":""assessment"",""influence"":1.16},{""eventId"":""EV-0052959"",""sourceType"":""assessment"",""influence"":0.695},{""eventId"":""EV-0052935"",""sourceType"":""peer_feedback"",""influence"":0.495}]",
REC-E-0356-collaboration,E-0356,collaboration,2026-09-29T00:00:00.000Z,stagnating,knowledge_gap,0.67,0.242,ACT-0007,mentor: collaboration #1,0.62,170,"[{""eventId"":""EV-0052906"",""sourceType"":""assessment"",""influence"":0.55},{""eventId"":""EV-0052961"",""sourceType"":""assessment"",""influence"":0.297},{""eventId"":""EV-0052938"",""sourceType"":""peer_feedback"",""influence"":0.287}]",
REC-E-0356-roadmap_prioritization,E-0356,roadmap_prioritization,2026-09-29T00:00:00.000Z,stagnating,practice_gap,1.13,0.953,ACT-0032,stretch assignment: roadmap prioritization #2,0.77,54,"[{""eventId"":""EV-0052900"",""sourceType"":""kpi"",""influence"":0.783},{""eventId"":""EV-0052923"",""sourceType"":""assessment"",""influence"":0.666},{""eventId"":""EV-0052917"",""sourceType"":""kpi"",""influence"":0.347}]",
REC-E-0356-stakeholder_alignment,E-0356,stakeholder_alignment,2026-09-29T00:00:00.000Z,improving,practice_gap,1.51,0,ACT-0034,stretch assignment: stakeholder alignment #1,0.68,119,"[{""eventId"":""EV-0052949"",""sourceType"":""assessment"",""influence"":1.797},{""eventId"":""EV-0052913"",""sourceType"":""peer_feedback"",""influence"":1.256},{""eventId"":""EV-0052980"",""sourceType"":""project"",""influence"":0.494}]",
REC-E-0357-communication,E-0357,communication,2026-09-29T00:00:00.000Z,insufficient_evidence,observation_gap,0.67,0.494,ACT-0001,stretch assignment: communication #1,0.52,81,"[{""eventId"":""EV-0052993"",""sourceType"":""assessment"",""influence"":1.519},{""eventId"":""EV-0053138"",""sourceType"":""training"",""influence"":0.899},{""eventId"":""EV-0053076"",""sourceType"":""assessment"",""influence"":0.377}]",
REC-E-0357-ux_research,E-0357,ux_research,2026-09-29T00:00:00.000Z,stagnating,practice_gap,0.57,0.745,ACT-0041,stretch assignment: ux research #2,0.78,110,"[{""eventId"":""EV-0053044"",""sourceType"":""assessment"",""influence"":1.221},{""eventId"":""EV-0053003"",""sourceType"":""assessment"",""influence"":0.791},{""eventId"":""EV-0053073"",""sourceType"":""peer_feedback"",""influence"":0.415}]",
REC-E-0358-communication,E-0358,communication,2026-09-29T00:00:00.000Z,stagnating,knowledge_gap,0.42,0.221,ACT-0001,stretch assignment: communication #1,0.52,81,"[{""eventId"":""EV-0053162"",""sourceType"":""assessment"",""influence"":0.793},{""eventId"":""EV-0053195"",""sourceType"":""manager_feedback"",""influence"":0.543},{""eventId"":""EV-0053231"",""sourceType"":""manager_feedback"",""influence"":0.238}]",
REC-E-0358-problem_solving,E-0358,problem_solving,2026-09-29T00:00:00.000Z,stagnating,application_gap,0.53,0.308,ACT-0010,stretch assignment: problem solving #1,0.75,103,"[{""eventId"":""EV-0053292"",""sourceType"":""project"",""influence"":0.573},{""eventId"":""EV-0053273"",""sourceType"":""assessment"",""influence"":0.411},{""eventId"":""EV-0053295"",""sourceType"":""project"",""influence"":0.299}]",
REC-E-0358-financial_modeling,E-0358,financial_modeling,2026-09-29T00:00:00.000Z,stagnating,practice_gap,0.95,1.159,ACT-0045,community: financial modeling #3,0.62,81,"[{""eventId"":""EV-0053232"",""sourceType"":""manager_feedback"",""influence"":0.405},{""eventId"":""EV-0053159"",""sourceType"":""peer_feedback"",""influence"":0.333},{""eventId"":""EV-0053186"",""sourceType"":""kpi"",""influence"":0.256}]",
REC-E-0358-compliance_rigor,E-0358,compliance_rigor,2026-09-29T00:00:00.000Z,stagnating,practice_gap,0.51,0.365,ACT-0046,stretch assignment: compliance rigor #1,0.58,77,"[{""eventId"":""EV-0053172"",""sourceType"":""assessment"",""influence"":0.543},{""eventId"":""EV-0053299"",""sourceType"":""project"",""influence"":0.486},{""eventId"":""EV-0053155"",""sourceType"":""manager_feedback"",""influence"":0.386}]",
REC-E-0360-problem_solving,E-0360,problem_solving,2026-09-29T00:00:00.000Z,insufficient_evidence,observation_gap,-2.26,0,ACT-0010,stretch assignment: problem solving #1,0.75,103,"[{""eventId"":""EV-0053499"",""sourceType"":""assessment"",""influence"":0.823},{""eventId"":""EV-0053613"",""sourceType"":""project"",""influence"":0.246},{""eventId"":""EV-0053484"",""sourceType"":""peer_feedback"",""influence"":0.228}]",
REC-E-0361-execution,E-0361,execution,2026-09-29T00:00:00.000Z,stagnating,application_gap,1.13,0.628,ACT-0006,mentor: execution #3,0.72,113,"[{""eventId"":""EV-0053649"",""sourceType"":""manager_feedback"",""influence"":0.428},{""eventId"":""EV-0053725"",""sourceType"":""manager_feedback"",""influence"":0.305},{""eventId"":""EV-0053682"",""sourceType"":""manager_feedback"",""influence"":0.289}]",
REC-E-0361-code_quality,E-0361,code_quality,2026-09-29T00:00:00.000Z,improving,practice_gap,0.67,0,ACT-0017,mentor: code quality #2,0.37,90,"[{""eventId"":""EV-0053717"",""sourceType"":""assessment"",""influence"":1.269},{""eventId"":""EV-0053702"",""sourceType"":""self_assessment"",""influence"":0.358},{""eventId"":""EV-0053728"",""sourceType"":""peer_feedback"",""influence"":0.256}]",
REC-E-0362-communication,E-0362,communication,2026-09-29T00:00:00.000Z,insufficient_evidence,observation_gap,-0.47,0,ACT-0001,stretch assignment: communication #1,0.52,81,"[{""eventId"":""EV-0053772"",""sourceType"":""self_assessment"",""influence"":0.52},{""eventId"":""EV-0053748"",""sourceType"":""manager_feedback"",""influence"":0.383},{""eventId"":""EV-0053758"",""sourceType"":""assessment"",""influence"":0.317}]",
REC-E-0362-collaboration,E-0362,collaboration,2026-09-29T00:00:00.000Z,insufficient_evidence,observation_gap,-0.37,0,ACT-0009,stretch assignment: collaboration #3,0.37,140,"[{""eventId"":""EV-0053762"",""sourceType"":""assessment"",""influence"":0.601},{""eventId"":""EV-0053774"",""sourceType"":""self_assessment"",""influence"":0.301},{""eventId"":""EV-0053864"",""sourceType"":""manager_feedback"",""influence"":0.229}]",
REC-E-0362-problem_solving,E-0362,problem_solving,2026-09-29T00:00:00.000Z,insufficient_evidence,observation_gap,0.21,0.076,ACT-0010,stretch assignment: problem solving #1,0.75,103,"[{""eventId"":""EV-0053752"",""sourceType"":""peer_feedback"",""influence"":1.08},{""eventId"":""EV-0053892"",""sourceType"":""project"",""influence"":0.443},{""eventId"":""EV-0053764"",""sourceType"":""assessment"",""influence"":0.281}]",
REC-E-0362-negotiation,E-0362,negotiation,2026-09-29T00:00:00.000Z,stagnating,knowledge_gap,0.7,0.635,ACT-0019,project: negotiation #1,0.4,165,"[{""eventId"":""EV-0053813"",""sourceType"":""assessment"",""influence"":0.633},{""eventId"":""EV-0053750"",""sourceType"":""manager_feedback"",""influence"":0.385},{""eventId"":""EV-0053776"",""sourceType"":""self_assessment"",""influence"":0.311}]",
REC-E-0362-pipeline_mgmt,E-0362,pipeline_mgmt,2026-09-29T00:00:00.000Z,stagnating,practice_gap,0.48,0.427,ACT-0022,stretch assignment: pipeline mgmt #1,0.75,154,"[{""eventId"":""EV-0053746"",""sourceType"":""kpi"",""influence"":0.925},{""eventId"":""EV-0053768"",""sourceType"":""assessment"",""influence"":0.697},{""eventId"":""EV-0053784"",""sourceType"":""peer_feedback"",""influence"":0.192}]",
REC-E-0363-communication,E-0363,communication,2026-09-29T00:00:00.000Z,stagnating,practice_gap,0.84,0.441,ACT-0001,stretch assignment: communication #1,0.52,81,"[{""eventId"":""EV-0053899"",""sourceType"":""manager_feedback"",""influence"":0.393},{""eventId"":""EV-0053901"",""sourceType"":""assessment"",""influence"":0.327},{""eventId"":""EV-0053980"",""sourceType"":""assessment"",""influence"":0.29}]",
REC-E-0363-problem_solving,E-0363,problem_solving,2026-09-29T00:00:00.000Z,stagnating,practice_gap,0.7,0.428,ACT-0010,stretch assignment: problem solving #1,0.75,103,"[{""eventId"":""EV-0053916"",""sourceType"":""self_assessment"",""influence"":0.896},{""eventId"":""EV-0053986"",""sourceType"":""assessment"",""influence"":0.39},{""eventId"":""EV-0053945"",""sourceType"":""assessment"",""influence"":0.375}]",
REC-E-0364-communication,E-0364,communication,2026-09-29T00:00:00.000Z,insufficient_evidence,observation_gap,-0.48,0,ACT-0001,stretch assignment: communication #1,0.52,81,"[{""eventId"":""EV-0054059"",""sourceType"":""assessment"",""influence"":0.355},{""eventId"":""EV-0054073"",""sourceType"":""manager_feedback"",""influence"":0.039},{""eventId"":""EV-0054178"",""sourceType"":""project"",""influence"":0.02}]",
REC-E-0364-execution,E-0364,execution,2026-09-29T00:00:00.000Z,stagnating,practice_gap,1.11,0.792,ACT-0006,mentor: execution #3,0.72,113,"[{""eventId"":""EV-0054056"",""sourceType"":""manager_feedback"",""influence"":1.13},{""eventId"":""EV-0054101"",""sourceType"":""kpi"",""influence"":0.337},{""eventId"":""EV-0054114"",""sourceType"":""assessment"",""influence"":0.221}]",
REC-E-0364-problem_solving,E-0364,problem_solving,2026-09-29T00:00:00.000Z,insufficient_evidence,observation_gap,-0.74,0,ACT-0010,stretch assignment: problem solving #1,0.75,103,"[{""eventId"":""EV-0054065"",""sourceType"":""assessment"",""influence"":1.761},{""eventId"":""EV-0054118"",""sourceType"":""assessment"",""influence"":0.511},{""eventId"":""EV-0054097"",""sourceType"":""assessment"",""influence"":0.461}]",
REC-E-0365-collaboration,E-0365,collaboration,2026-09-29T00:00:00.000Z,insufficient_evidence,observation_gap,-1.94,0,ACT-0009,stretch assignment: collaboration #3,0.37,140,"[{""eventId"":""EV-0054254"",""sourceType"":""assessment"",""influence"":0.458},{""eventId"":""EV-0054301"",""sourceType"":""peer_feedback"",""influence"":0.366},{""eventId"":""EV-0054297"",""sourceType"":""self_assessment"",""influence"":0.321}]",
REC-E-0365-problem_solving,E-0365,problem_solving,2026-09-29T00:00:00.000Z,stagnating,practice_gap,0.56,0.37,ACT-0010,stretch assignment: problem solving #1,0.75,103,"[{""eventId"":""EV-0054193"",""sourceType"":""peer_feedback"",""influence"":0.368},{""eventId"":""EV-0054256"",""sourceType"":""assessment"",""influence"":0.331},{""eventId"":""EV-0054215"",""sourceType"":""self_assessment"",""influence"":0.314}]",
REC-E-0366-problem_solving,E-0366,problem_solving,2026-09-29T00:00:00.000Z,insufficient_evidence,observation_gap,-1.64,0,ACT-0010,stretch assignment: problem solving #1,0.75,103,"[{""eventId"":""EV-0054431"",""sourceType"":""peer_feedback"",""influence"":0.793},{""eventId"":""EV-0054365"",""sourceType"":""self_assessment"",""influence"":0.302},{""eventId"":""EV-0054506"",""sourceType"":""manager_feedback"",""influence"":0.223}]",
REC-E-0366-compliance_rigor,E-0366,compliance_rigor,2026-09-29T00:00:00.000Z,insufficient_evidence,observation_gap,-0.66,0,ACT-0046,stretch assignment: compliance rigor #1,0.58,77,"[{""eventId"":""EV-0054358"",""sourceType"":""assessment"",""influence"":0.701},{""eventId"":""EV-0054392"",""sourceType"":""peer_feedback"",""influence"":0.546},{""eventId"":""EV-0054401"",""sourceType"":""assessment"",""influence"":0.434}]",
REC-E-0367-execution,E-0367,execution,2026-09-29T00:00:00.000Z,stagnating,application_gap,0.43,0.197,ACT-0006,mentor: execution #3,0.72,113,"[{""eventId"":""EV-0054657"",""sourceType"":""project"",""influence"":0.883},{""eventId"":""EV-0054637"",""sourceType"":""kpi"",""influence"":0.291},{""eventId"":""EV-0054573"",""sourceType"":""kpi"",""influence"":0.204}]",
REC-E-0367-collaboration,E-0367,collaboration,2026-09-29T00:00:00.000Z,stagnating,knowledge_gap,0.74,0.307,ACT-0007,mentor: collaboration #1,0.62,170,"[{""eventId"":""EV-0054545"",""sourceType"":""manager_feedback"",""influence"":0.475},{""eventId"":""EV-0054518"",""sourceType"":""manager_feedback"",""influence"":0.398},{""eventId"":""EV-0054565"",""sourceType"":""assessment"",""influence"":0.34}]",
REC-E-0367-policy_navigation,E-0367,policy_navigation,2026-09-29T00:00:00.000Z,stagnating,knowledge_gap,1.37,1.78,ACT-0052,mentor: policy navigation #1,0.56,119,"[{""eventId"":""EV-0054611"",""sourceType"":""assessment"",""influence"":0.541},{""eventId"":""EV-0054571"",""sourceType"":""assessment"",""influence"":0.303},{""eventId"":""EV-0054541"",""sourceType"":""self_assessment"",""influence"":0.282}]",
REC-E-0368-communication,E-0368,communication,2026-09-29T00:00:00.000Z,stagnating,practice_gap,0.58,0.224,ACT-0001,stretch assignment: communication #1,0.52,81,"[{""eventId"":""EV-0054673"",""sourceType"":""manager_feedback"",""influence"":1.2},{""eventId"":""EV-0054679"",""sourceType"":""assessment"",""influence"":0.432},{""eventId"":""EV-0054712"",""sourceType"":""manager_feedback"",""influence"":0.334}]",
REC-E-0368-execution,E-0368,execution,2026-09-29T00:00:00.000Z,declining,practice_gap,0.51,0.51,ACT-0006,mentor: execution #3,0.72,113,"[{""eventId"":""EV-0054672"",""sourceType"":""manager_feedback"",""influence"":1.19},{""eventId"":""EV-0054771"",""sourceType"":""peer_feedback"",""influence"":0.187},{""eventId"":""EV-0054731"",""sourceType"":""kpi"",""influence"":0.184}]",
REC-E-0368-customer_resolution,E-0368,customer_resolution,2026-09-29T00:00:00.000Z,insufficient_evidence,observation_gap,-0.16,0,ACT-0055,stretch assignment: customer resolution #1,0.8,73,"[{""eventId"":""EV-0054669"",""sourceType"":""self_assessment"",""influence"":0.852},{""eventId"":""EV-0054663"",""sourceType"":""kpi"",""influence"":0.421},{""eventId"":""EV-0054713"",""sourceType"":""manager_feedback"",""influence"":0.298}]",
REC-E-0369-execution,E-0369,execution,2026-09-29T00:00:00.000Z,stagnating,knowledge_gap,0.81,0.386,ACT-0006,mentor: execution #3,0.72,113,"[{""eventId"":""EV-0054856"",""sourceType"":""kpi"",""influence"":0.411},{""eventId"":""EV-0054818"",""sourceType"":""kpi"",""influence"":0.367},{""eventId"":""EV-0054897"",""sourceType"":""manager_feedback"",""influence"":0.324}]",
REC-E-0369-code_quality,E-0369,code_quality,2026-09-29T00:00:00.000Z,insufficient_evidence,observation_gap,-0.66,0,ACT-0017,mentor: code quality #2,0.37,90,"[{""eventId"":""EV-0054822"",""sourceType"":""manager_feedback"",""influence"":1.217},{""eventId"":""EV-0054865"",""sourceType"":""self_assessment"",""influence"":0.232},{""eventId"":""EV-0054914"",""sourceType"":""peer_feedback"",""influence"":0.213}]",
REC-E-0370-execution,E-0370,execution,2026-09-29T00:00:00.000Z,improving,practice_gap,0.6,0.05,ACT-0006,mentor: execution #3,0.72,113,"[{""eventId"":""EV-0054973"",""sourceType"":""self_assessment"",""influence"":0.812},{""eventId"":""EV-0055058"",""sourceType"":""assessment"",""influence"":0.717},{""eventId"":""EV-0054968"",""sourceType"":""kpi"",""influence"":0.31}]",
REC-E-0370-collaboration,E-0370,collaboration,2026-09-29T00:00:00.000Z,stagnating,application_gap,0.75,0.441,ACT-0007,mentor: collaboration #1,0.62,170,"[{""eventId"":""EV-0054974"",""sourceType"":""self_assessment"",""influence"":0.788},{""eventId"":""EV-0055121"",""sourceType"":""project"",""influence"":0.569},{""eventId"":""EV-0055090"",""sourceType"":""assessment"",""influence"":0.415}]",
REC-E-0370-problem_solving,E-0370,problem_solving,2026-09-29T00:00:00.000Z,insufficient_evidence,observation_gap,-0.26,0,ACT-0010,stretch assignment: problem solving #1,0.75,103,"[{""eventId"":""EV-0054994"",""sourceType"":""self_assessment"",""influence"":0.471},{""eventId"":""EV-0055115"",""sourceType"":""training"",""influence"":0.305},{""eventId"":""EV-0054975"",""sourceType"":""self_assessment"",""influence"":0.301}]",
REC-E-0370-negotiation,E-0370,negotiation,2026-09-29T00:00:00.000Z,declining,practice_gap,2.02,3.432,ACT-0019,project: negotiation #1,0.4,165,"[{""eventId"":""EV-0054976"",""sourceType"":""self_assessment"",""influence"":0.851},{""eventId"":""EV-0055032"",""sourceType"":""assessment"",""influence"":0.497},{""eventId"":""EV-0055062"",""sourceType"":""assessment"",""influence"":0.271}]",
REC-E-0370-pipeline_mgmt,E-0370,pipeline_mgmt,2026-09-29T00:00:00.000Z,stagnating,practice_gap,0.43,0.348,ACT-0022,stretch assignment: pipeline mgmt #1,0.75,154,"[{""eventId"":""EV-0054999"",""sourceType"":""manager_feedback"",""influence"":0.382},{""eventId"":""EV-0055117"",""sourceType"":""project"",""influence"":0.352},{""eventId"":""EV-0055007"",""sourceType"":""kpi"",""influence"":0.299}]",
REC-E-0371-problem_solving,E-0371,problem_solving,2026-09-29T00:00:00.000Z,stagnating,knowledge_gap,0.39,0.151,ACT-0010,stretch assignment: problem solving #1,0.75,103,"[{""eventId"":""EV-0055139"",""sourceType"":""manager_feedback"",""influence"":1.094},{""eventId"":""EV-0055153"",""sourceType"":""assessment"",""influence"":0.632},{""eventId"":""EV-0055201"",""sourceType"":""self_assessment"",""influence"":0.565}]",
REC-E-0371-content_quality,E-0371,content_quality,2026-09-29T00:00:00.000Z,insufficient_evidence,observation_gap,-0.88,0,ACT-0028,course: content quality #1,0.73,107,"[{""eventId"":""EV-0055162"",""sourceType"":""manager_feedback"",""influence"":0.814},{""eventId"":""EV-0055283"",""sourceType"":""training"",""influence"":0.46},{""eventId"":""EV-0055177"",""sourceType"":""self_assessment"",""influence"":0.358}]",
REC-E-0372-communication,E-0372,communication,2026-09-29T00:00:00.000Z,insufficient_evidence,observation_gap,-0.05,0,ACT-0001,stretch assignment: communication #1,0.52,81,"[{""eventId"":""EV-0055327"",""sourceType"":""manager_feedback"",""influence"":1.232},{""eventId"":""EV-0055356"",""sourceType"":""manager_feedback"",""influence"":0.869},{""eventId"":""EV-0055415"",""sourceType"":""training"",""influence"":0.711}]",
REC-E-0372-collaboration,E-0372,collaboration,2026-09-29T00:00:00.000Z,declining,knowledge_gap,0.38,0.377,ACT-0007,mentor: collaboration #1,0.62,170,"[{""eventId"":""EV-0055300"",""sourceType"":""peer_feedback"",""influence"":1.723},{""eventId"":""EV-0055366"",""sourceType"":""assessment"",""influence"":0.883},{""eventId"":""EV-0055338"",""sourceType"":""assessment"",""influence"":0.526}]",
REC-E-0372-problem_solving,E-0372,problem_solving,2026-09-29T00:00:00.000Z,insufficient_evidence,observation_gap,-0.32,0,ACT-0010,stretch assignment: problem solving #1,0.75,103,"[{""eventId"":""EV-0055426"",""sourceType"":""project"",""influence"":1.367},{""eventId"":""EV-0055348"",""sourceType"":""manager_feedback"",""influence"":1.082},{""eventId"":""EV-0055340"",""sourceType"":""assessment"",""influence"":0.645}]",
REC-E-0372-roadmap_prioritization,E-0372,roadmap_prioritization,2026-09-29T00:00:00.000Z,stagnating,practice_gap,1.24,1.319,ACT-0032,stretch assignment: roadmap prioritization #2,0.77,54,"[{""eventId"":""EV-0055428"",""sourceType"":""certification"",""influence"":1.047},{""eventId"":""EV-0055298"",""sourceType"":""kpi"",""influence"":0.784},{""eventId"":""EV-0055368"",""sourceType"":""assessment"",""influence"":0.386}]",
REC-E-0373-communication,E-0373,communication,2026-09-29T00:00:00.000Z,stagnating,knowledge_gap,1.37,0.802,ACT-0001,stretch assignment: communication #1,0.52,81,"[{""eventId"":""EV-0055471"",""sourceType"":""assessment"",""influence"":0.487},{""eventId"":""EV-0055483"",""sourceType"":""self_assessment"",""influence"":0.444},{""eventId"":""EV-0055443"",""sourceType"":""peer_feedback"",""influence"":0.343}]",
REC-E-0373-collaboration,E-0373,collaboration,2026-09-29T00:00:00.000Z,improving,knowledge_gap,0.52,0.049,ACT-0007,mentor: collaboration #1,0.62,170,"[{""eventId"":""EV-0055447"",""sourceType"":""assessment"",""influence"":1.266},{""eventId"":""EV-0055495"",""sourceType"":""manager_feedback"",""influence"":0.769},{""eventId"":""EV-0055540"",""sourceType"":""assessment"",""influence"":0.694}]",
REC-E-0373-visual_craft,E-0373,visual_craft,2026-09-29T00:00:00.000Z,stagnating,practice_gap,0.66,0.598,ACT-0037,mentor: visual craft #1,0.72,171,"[{""eventId"":""EV-0055436"",""sourceType"":""self_assessment"",""influence"":0.264},{""eventId"":""EV-0055544"",""sourceType"":""assessment"",""influence"":0.206},{""eventId"":""EV-0055522"",""sourceType"":""peer_feedback"",""influence"":0.148}]",
REC-E-0373-ux_research,E-0373,ux_research,2026-09-29T00:00:00.000Z,improving,knowledge_gap,0.82,0,ACT-0041,stretch assignment: ux research #2,0.78,110,"[{""eventId"":""EV-0055534"",""sourceType"":""self_assessment"",""influence"":0.599},{""eventId"":""EV-0055546"",""sourceType"":""assessment"",""influence"":0.344},{""eventId"":""EV-0055557"",""sourceType"":""self_assessment"",""influence"":0.01}]",
REC-E-0374-communication,E-0374,communication,2026-09-29T00:00:00.000Z,improving,practice_gap,0.73,0.029,ACT-0001,stretch assignment: communication #1,0.52,81,"[{""eventId"":""EV-0055612"",""sourceType"":""assessment"",""influence"":0.785},{""eventId"":""EV-0055591"",""sourceType"":""self_assessment"",""influence"":0.303},{""eventId"":""EV-0055690"",""sourceType"":""assessment"",""influence"":0.287}]",
REC-E-0374-execution,E-0374,execution,2026-09-29T00:00:00.000Z,declining,application_gap,2.12,1.951,ACT-0006,mentor: execution #3,0.72,113,"[{""eventId"":""EV-0055574"",""sourceType"":""peer_feedback"",""influence"":1.733},{""eventId"":""EV-0055661"",""sourceType"":""kpi"",""influence"":0.194},{""eventId"":""EV-0055567"",""sourceType"":""kpi"",""influence"":0.193}]",
REC-E-0374-collaboration,E-0374,collaboration,2026-09-29T00:00:00.000Z,insufficient_evidence,observation_gap,1.92,1.509,ACT-0009,stretch assignment: collaboration #3,0.37,140,"[{""eventId"":""EV-0055593"",""sourceType"":""self_assessment"",""influence"":1.422},{""eventId"":""EV-0055581"",""sourceType"":""assessment"",""influence"":0.862},{""eventId"":""EV-0055616"",""sourceType"":""assessment"",""influence"":0.405}]",
REC-E-0374-problem_solving,E-0374,problem_solving,2026-09-29T00:00:00.000Z,stagnating,practice_gap,0.64,0.283,ACT-0010,stretch assignment: problem solving #1,0.75,103,"[{""eventId"":""EV-0055583"",""sourceType"":""assessment"",""influence"":0.66},{""eventId"":""EV-0055618"",""sourceType"":""assessment"",""influence"":0.403},{""eventId"":""EV-0055575"",""sourceType"":""peer_feedback"",""influence"":0.362}]",
REC-E-0374-financial_modeling,E-0374,financial_modeling,2026-09-29T00:00:00.000Z,improving,practice_gap,0.57,0,ACT-0045,community: financial modeling #3,0.62,81,"[{""eventId"":""EV-0055569"",""sourceType"":""kpi"",""influence"":1.2},{""eventId"":""EV-0055698"",""sourceType"":""assessment"",""influence"":0.304},{""eventId"":""EV-0055589"",""sourceType"":""kpi"",""influence"":0.295}]",
REC-E-0374-compliance_rigor,E-0374,compliance_rigor,2026-09-29T00:00:00.000Z,improving,practice_gap,0.47,0,ACT-0046,stretch assignment: compliance rigor #1,0.58,77,"[{""eventId"":""EV-0055659"",""sourceType"":""assessment"",""influence"":0.569},{""eventId"":""EV-0055587"",""sourceType"":""assessment"",""influence"":0.357},{""eventId"":""EV-0055572"",""sourceType"":""peer_feedback"",""influence"":0.326}]",
REC-E-0375-communication,E-0375,communication,2026-09-29T00:00:00.000Z,insufficient_evidence,observation_gap,-0.48,0,ACT-0001,stretch assignment: communication #1,0.52,81,"[{""eventId"":""EV-0055838"",""sourceType"":""training"",""influence"":1.062},{""eventId"":""EV-0055729"",""sourceType"":""self_assessment"",""influence"":0.762},{""eventId"":""EV-0055773"",""sourceType"":""assessment"",""influence"":0.259}]",
REC-E-0375-execution,E-0375,execution,2026-09-29T00:00:00.000Z,insufficient_evidence,observation_gap,-0.59,0,ACT-0005,project: execution #2,0.23,120,"[{""eventId"":""EV-0055840"",""sourceType"":""project"",""influence"":0.368},{""eventId"":""EV-0055725"",""sourceType"":""kpi"",""influence"":0.33},{""eventId"":""EV-0055746"",""sourceType"":""assessment"",""influence"":0.315}]",
REC-E-0378-collaboration,E-0378,collaboration,2026-09-29T00:00:00.000Z,insufficient_evidence,observation_gap,-1.22,0,ACT-0009,stretch assignment: collaboration #3,0.37,140,"[{""eventId"":""EV-0056211"",""sourceType"":""assessment"",""influence"":0.974},{""eventId"":""EV-0056168"",""sourceType"":""self_assessment"",""influence"":0.788},{""eventId"":""EV-0056316"",""sourceType"":""training"",""influence"":0.546}]",
REC-E-0379-communication,E-0379,communication,2026-09-29T00:00:00.000Z,stagnating,practice_gap,1.48,0.888,ACT-0001,stretch assignment: communication #1,0.52,81,"[{""eventId"":""EV-0056340"",""sourceType"":""manager_feedback"",""influence"":1.082},{""eventId"":""EV-0056370"",""sourceType"":""manager_feedback"",""influence"":0.674},{""eventId"":""EV-0056346"",""sourceType"":""assessment"",""influence"":0.604}]",
REC-E-0379-collaboration,E-0379,collaboration,2026-09-29T00:00:00.000Z,insufficient_evidence,observation_gap,1.51,1.088,ACT-0009,stretch assignment: collaboration #3,0.37,140,"[{""eventId"":""EV-0056327"",""sourceType"":""self_assessment"",""influence"":0.884},{""eventId"":""EV-0056329"",""sourceType"":""peer_feedback"",""influence"":0.298}]",
REC-E-0380-communication,E-0380,communication,2026-09-29T00:00:00.000Z,insufficient_evidence,observation_gap,0.3,0.08,ACT-0001,stretch assignment: communication #1,0.52,81,"[{""eventId"":""EV-0056496"",""sourceType"":""peer_feedback"",""influence"":1.089},{""eventId"":""EV-0056567"",""sourceType"":""assessment"",""influence"":0.528},{""eventId"":""EV-0056627"",""sourceType"":""project"",""influence"":0.442}]",
REC-E-0380-execution,E-0380,execution,2026-09-29T00:00:00.000Z,stagnating,practice_gap,1.24,0.702,ACT-0006,mentor: execution #3,0.72,113,"[{""eventId"":""EV-0056500"",""sourceType"":""assessment"",""influence"":0.547},{""eventId"":""EV-0056493"",""sourceType"":""manager_feedback"",""influence"":0.406},{""eventId"":""EV-0056495"",""sourceType"":""peer_feedback"",""influence"":0.325}]",
REC-E-0380-problem_solving,E-0380,problem_solving,2026-09-29T00:00:00.000Z,declining,practice_gap,0.59,0.589,ACT-0010,stretch assignment: problem solving #1,0.75,103,"[{""eventId"":""EV-0056491"",""sourceType"":""manager_feedback"",""influence"":1.159},{""eventId"":""EV-0056557"",""sourceType"":""manager_feedback"",""influence"":0.53},{""eventId"":""EV-0056544"",""sourceType"":""self_assessment"",""influence"":0.308}]",
REC-E-0380-roadmap_prioritization,E-0380,roadmap_prioritization,2026-09-29T00:00:00.000Z,insufficient_evidence,observation_gap,1.22,1.657,ACT-0032,stretch assignment: roadmap prioritization #2,0.77,54,"[{""eventId"":""EV-0056489"",""sourceType"":""kpi"",""influence"":0.333},{""eventId"":""EV-0056594"",""sourceType"":""kpi"",""influence"":0.135},{""eventId"":""EV-0056535"",""sourceType"":""assessment"",""influence"":0.134}]",
REC-E-0380-stakeholder_alignment,E-0380,stakeholder_alignment,2026-09-29T00:00:00.000Z,insufficient_evidence,observation_gap,1.36,1.774,ACT-0034,stretch assignment: stakeholder alignment #1,0.68,119,"[{""eventId"":""EV-0056508"",""sourceType"":""assessment"",""influence"":0.839},{""eventId"":""EV-0056590"",""sourceType"":""manager_feedback"",""influence"":0.343},{""eventId"":""EV-0056636"",""sourceType"":""project"",""influence"":0.316}]",
REC-E-0381-communication,E-0381,communication,2026-09-29T00:00:00.000Z,stagnating,practice_gap,1.13,0.499,ACT-0001,stretch assignment: communication #1,0.52,81,"[{""eventId"":""EV-0056733"",""sourceType"":""assessment"",""influence"":0.352},{""eventId"":""EV-0056642"",""sourceType"":""self_assessment"",""influence"":0.272},{""eventId"":""EV-0056788"",""sourceType"":""manager_feedback"",""influence"":0.116}]",
REC-E-0381-execution,E-0381,execution,2026-09-29T00:00:00.000Z,improving,knowledge_gap,0.73,0.006,ACT-0006,mentor: execution #3,0.72,113,"[{""eventId"":""EV-0056640"",""sourceType"":""kpi"",""influence"":1.003},{""eventId"":""EV-0056769"",""sourceType"":""assessment"",""influence"":0.326},{""eventId"":""EV-0056643"",""sourceType"":""self_assessment"",""influence"":0.295}]",
REC-E-0381-collaboration,E-0381,collaboration,2026-09-29T00:00:00.000Z,improving,application_gap,0.67,0.041,ACT-0007,mentor: collaboration #1,0.62,170,"[{""eventId"":""EV-0056644"",""sourceType"":""self_assessment"",""influence"":0.91},{""eventId"":""EV-0056771"",""sourceType"":""assessment"",""influence"":0.797},{""eventId"":""EV-0056653"",""sourceType"":""assessment"",""influence"":0.545}]",
REC-E-0382-communication,E-0382,communication,2026-09-29T00:00:00.000Z,stagnating,application_gap,0.87,0.379,ACT-0001,stretch assignment: communication #1,0.52,81,"[{""eventId"":""EV-0056810"",""sourceType"":""self_assessment"",""influence"":0.786},{""eventId"":""EV-0056864"",""sourceType"":""assessment"",""influence"":0.636},{""eventId"":""EV-0056951"",""sourceType"":""training"",""influence"":0.378}]",
REC-E-0382-execution,E-0382,execution,2026-09-29T00:00:00.000Z,stagnating,practice_gap,0.36,0.17,ACT-0006,mentor: execution #3,0.72,113,"[{""eventId"":""EV-0056957"",""sourceType"":""project"",""influence"":0.425},{""eventId"":""EV-0056806"",""sourceType"":""kpi"",""influence"":0.319},{""eventId"":""EV-0056866"",""sourceType"":""assessment"",""influence"":0.3}]",
REC-E-0382-collaboration,E-0382,collaboration,2026-09-29T00:00:00.000Z,insufficient_evidence,observation_gap,0.42,0.09,ACT-0009,stretch assignment: collaboration #3,0.37,140,"[{""eventId"":""EV-0056812"",""sourceType"":""self_assessment"",""influence"":0.834},{""eventId"":""EV-0056827"",""sourceType"":""assessment"",""influence"":0.654},{""eventId"":""EV-0056919"",""sourceType"":""peer_feedback"",""influence"":0.412}]",
REC-E-0382-problem_solving,E-0382,problem_solving,2026-09-29T00:00:00.000Z,stagnating,knowledge_gap,0.39,0.155,ACT-0010,stretch assignment: problem solving #1,0.75,103,"[{""eventId"":""EV-0056854"",""sourceType"":""manager_feedback"",""influence"":0.589},{""eventId"":""EV-0056829"",""sourceType"":""assessment"",""influence"":0.496},{""eventId"":""EV-0056868"",""sourceType"":""assessment"",""influence"":0.472}]",
REC-E-0382-financial_modeling,E-0382,financial_modeling,2026-09-29T00:00:00.000Z,stagnating,practice_gap,0.53,0.38,ACT-0045,community: financial modeling #3,0.62,81,"[{""eventId"":""EV-0056808"",""sourceType"":""kpi"",""influence"":0.553},{""eventId"":""EV-0056855"",""sourceType"":""manager_feedback"",""influence"":0.323},{""eventId"":""EV-0056814"",""sourceType"":""self_assessment"",""influence"":0.261}]",
REC-E-0382-compliance_rigor,E-0382,compliance_rigor,2026-09-29T00:00:00.000Z,stagnating,practice_gap,0.39,0.338,ACT-0046,stretch assignment: compliance rigor #1,0.58,77,"[{""eventId"":""EV-0056959"",""sourceType"":""certification"",""influence"":1.571},{""eventId"":""EV-0056872"",""sourceType"":""assessment"",""influence"":1.252},{""eventId"":""EV-0056815"",""sourceType"":""self_assessment"",""influence"":0.747}]",
REC-E-0383-communication,E-0383,communication,2026-09-29T00:00:00.000Z,stagnating,knowledge_gap,0.5,0.227,ACT-0001,stretch assignment: communication #1,0.52,81,"[{""eventId"":""EV-0057030"",""sourceType"":""assessment"",""influence"":0.9},{""eventId"":""EV-0056989"",""sourceType"":""self_assessment"",""influence"":0.702},{""eventId"":""EV-0056969"",""sourceType"":""peer_feedback"",""influence"":0.336}]",
REC-E-0383-execution,E-0383,execution,2026-09-29T00:00:00.000Z,declining,consistency_gap,2.75,2.746,ACT-0006,mentor: execution #3,0.72,113,"[{""eventId"":""EV-0056968"",""sourceType"":""peer_feedback"",""influence"":1.033},{""eventId"":""EV-0056998"",""sourceType"":""assessment"",""influence"":0.833},{""eventId"":""EV-0056961"",""sourceType"":""kpi"",""influence"":0.341}]",
REC-E-0383-problem_solving,E-0383,problem_solving,2026-09-29T00:00:00.000Z,improving,practice_gap,0.97,0,ACT-0010,stretch assignment: problem solving #1,0.75,103,"[{""eventId"":""EV-0057034"",""sourceType"":""assessment"",""influence"":0.349},{""eventId"":""EV-0057043"",""sourceType"":""self_assessment"",""influence"":0.245},{""eventId"":""EV-0057048"",""sourceType"":""peer_feedback"",""influence"":0.12}]",
REC-E-0383-talent_assessment,E-0383,talent_assessment,2026-09-29T00:00:00.000Z,improving,practice_gap,0.88,0.027,ACT-0051,community: talent assessment #3,0.29,119,"[{""eventId"":""EV-0056966"",""sourceType"":""peer_feedback"",""influence"":1.065},{""eventId"":""EV-0057085"",""sourceType"":""training"",""influence"":0.728},{""eventId"":""EV-0056963"",""sourceType"":""kpi"",""influence"":0.615}]",
REC-E-0383-policy_navigation,E-0383,policy_navigation,2026-09-29T00:00:00.000Z,improving,application_gap,0.45,0,ACT-0052,mentor: policy navigation #1,0.56,119,"[{""eventId"":""EV-0057055"",""sourceType"":""peer_feedback"",""influence"":0.576},{""eventId"":""EV-0056979"",""sourceType"":""assessment"",""influence"":0.568},{""eventId"":""EV-0057015"",""sourceType"":""self_assessment"",""influence"":0.467}]",
REC-E-0384-communication,E-0384,communication,2026-09-29T00:00:00.000Z,insufficient_evidence,observation_gap,1.05,0.084,ACT-0001,stretch assignment: communication #1,0.52,81,"[{""eventId"":""EV-0057102"",""sourceType"":""peer_feedback"",""influence"":1.077},{""eventId"":""EV-0057138"",""sourceType"":""assessment"",""influence"":0.477},{""eventId"":""EV-0057173"",""sourceType"":""assessment"",""influence"":0.193}]",
REC-E-0384-execution,E-0384,execution,2026-09-29T00:00:00.000Z,improving,practice_gap,0.78,0.077,ACT-0006,mentor: execution #3,0.72,113,"[{""eventId"":""EV-0057097"",""sourceType"":""kpi"",""influence"":0.733},{""eventId"":""EV-0057140"",""sourceType"":""assessment"",""influence"":0.369},{""eventId"":""EV-0057127"",""sourceType"":""kpi"",""influence"":0.265}]",
REC-E-0384-problem_solving,E-0384,problem_solving,2026-09-29T00:00:00.000Z,insufficient_evidence,observation_gap,1.21,0.093,ACT-0010,stretch assignment: problem solving #1,0.75,103,"[{""eventId"":""EV-0057110"",""sourceType"":""assessment"",""influence"":1.198},{""eventId"":""EV-0057179"",""sourceType"":""assessment"",""influence"":0.495},{""eventId"":""EV-0057210"",""sourceType"":""self_assessment"",""influence"":0.3}]",
REC-E-0384-troubleshooting,E-0384,troubleshooting,2026-09-29T00:00:00.000Z,stagnating,practice_gap,1.46,1.556,ACT-0060,stretch assignment: troubleshooting #3,0.62,45,"[{""eventId"":""EV-0057216"",""sourceType"":""project"",""influence"":0.552},{""eventId"":""EV-0057114"",""sourceType"":""assessment"",""influence"":0.378},{""eventId"":""EV-0057101"",""sourceType"":""peer_feedback"",""influence"":0.351}]",
REC-E-0385-communication,E-0385,communication,2026-09-29T00:00:00.000Z,stagnating,knowledge_gap,0.72,0.231,ACT-0001,stretch assignment: communication #1,0.52,81,"[{""eventId"":""EV-0057280"",""sourceType"":""assessment"",""influence"":0.642},{""eventId"":""EV-0057362"",""sourceType"":""assessment"",""influence"":0.558},{""eventId"":""EV-0057278"",""sourceType"":""peer_feedback"",""influence"":0.505}]",
REC-E-0385-problem_solving,E-0385,problem_solving,2026-09-29T00:00:00.000Z,insufficient_evidence,observation_gap,-0.62,0,ACT-0010,stretch assignment: problem solving #1,0.75,103,"[{""eventId"":""EV-0057242"",""sourceType"":""assessment"",""influence"":0.675},{""eventId"":""EV-0057255"",""sourceType"":""self_assessment"",""influence"":0.294},{""eventId"":""EV-0057275"",""sourceType"":""peer_feedback"",""influence"":0.15}]",
REC-E-0385-system_design,E-0385,system_design,2026-09-29T00:00:00.000Z,improving,practice_gap,0.52,0.083,ACT-0014,coaching: system design #2,0.59,90,"[{""eventId"":""EV-0057234"",""sourceType"":""peer_feedback"",""influence"":1.096},{""eventId"":""EV-0057286"",""sourceType"":""assessment"",""influence"":0.295},{""eventId"":""EV-0057309"",""sourceType"":""kpi"",""influence"":0.241}]",
REC-E-0385-code_quality,E-0385,code_quality,2026-09-29T00:00:00.000Z,declining,practice_gap,2.19,3.622,ACT-0017,mentor: code quality #2,0.37,90,"[{""eventId"":""EV-0057288"",""sourceType"":""assessment"",""influence"":0.518},{""eventId"":""EV-0057388"",""sourceType"":""project"",""influence"":0.471},{""eventId"":""EV-0057227"",""sourceType"":""manager_feedback"",""influence"":0.399}]",
REC-E-0386-execution,E-0386,execution,2026-09-29T00:00:00.000Z,declining,knowledge_gap,1.85,1.732,ACT-0006,mentor: execution #3,0.72,113,"[{""eventId"":""EV-0057439"",""sourceType"":""kpi"",""influence"":0.544},{""eventId"":""EV-0057475"",""sourceType"":""kpi"",""influence"":0.315},{""eventId"":""EV-0057472"",""sourceType"":""manager_feedback"",""influence"":0.243}]",
REC-E-0386-collaboration,E-0386,collaboration,2026-09-29T00:00:00.000Z,insufficient_evidence,observation_gap,-0.21,0,ACT-0009,stretch assignment: collaboration #3,0.37,140,"[{""eventId"":""EV-0057434"",""sourceType"":""peer_feedback"",""influence"":0.569},{""eventId"":""EV-0057536"",""sourceType"":""manager_feedback"",""influence"":0.471},{""eventId"":""EV-0057517"",""sourceType"":""assessment"",""influence"":0.3}]",
REC-E-0386-problem_solving,E-0386,problem_solving,2026-09-29T00:00:00.000Z,stagnating,application_gap,0.5,0.163,ACT-0010,stretch assignment: problem solving #1,0.75,103,"[{""eventId"":""EV-0057408"",""sourceType"":""peer_feedback"",""influence"":1.045},{""eventId"":""EV-0057541"",""sourceType"":""training"",""influence"":1.027},{""eventId"":""EV-0057494"",""sourceType"":""assessment"",""influence"":0.966}]",
REC-E-0386-pipeline_mgmt,E-0386,pipeline_mgmt,2026-09-29T00:00:00.000Z,stagnating,application_gap,0.42,0.401,ACT-0022,stretch assignment: pipeline mgmt #1,0.75,154,"[{""eventId"":""EV-0057404"",""sourceType"":""peer_feedback"",""influence"":1.055},{""eventId"":""EV-0057469"",""sourceType"":""kpi"",""influence"":0.377},{""eventId"":""EV-0057498"",""sourceType"":""assessment"",""influence"":0.268}]",
REC-E-0387-communication,E-0387,communication,2026-09-29T00:00:00.000Z,stagnating,practice_gap,0.78,0.389,ACT-0001,stretch assignment: communication #1,0.52,81,"[{""eventId"":""EV-0057708"",""sourceType"":""project"",""influence"":0.439},{""eventId"":""EV-0057577"",""sourceType"":""assessment"",""influence"":0.403},{""eventId"":""EV-0057567"",""sourceType"":""manager_feedback"",""influence"":0.383}]",
REC-E-0387-problem_solving,E-0387,problem_solving,2026-09-29T00:00:00.000Z,stagnating,practice_gap,0.64,0.249,ACT-0010,stretch assignment: problem solving #1,0.75,103,"[{""eventId"":""EV-0057613"",""sourceType"":""assessment"",""influence"":0.897},{""eventId"":""EV-0057583"",""sourceType"":""assessment"",""influence"":0.505},{""eventId"":""EV-0057714"",""sourceType"":""project"",""influence"":0.429}]",
REC-E-0387-campaign_strategy,E-0387,campaign_strategy,2026-09-29T00:00:00.000Z,insufficient_evidence,observation_gap,0.46,0.274,ACT-0027,coaching: campaign strategy #3,0.71,65,"[{""eventId"":""EV-0057557"",""sourceType"":""peer_feedback"",""influence"":1.128},{""eventId"":""EV-0057555"",""sourceType"":""self_assessment"",""influence"":0.303}]",
REC-E-0388-communication,E-0388,communication,2026-09-29T00:00:00.000Z,stagnating,practice_gap,0.43,0.267,ACT-0001,stretch assignment: communication #1,0.52,81,"[{""eventId"":""EV-0057740"",""sourceType"":""assessment"",""influence"":0.542},{""eventId"":""EV-0057766"",""sourceType"":""assessment"",""influence"":0.531},{""eventId"":""EV-0057730"",""sourceType"":""manager_feedback"",""influence"":0.391}]",
REC-E-0388-execution,E-0388,execution,2026-09-29T00:00:00.000Z,stagnating,practice_gap,0.83,0.621,ACT-0006,mentor: execution #3,0.72,113,"[{""eventId"":""EV-0057731"",""sourceType"":""manager_feedback"",""influence"":0.395},{""eventId"":""EV-0057742"",""sourceType"":""assessment"",""influence"":0.377},{""eventId"":""EV-0057738"",""sourceType"":""peer_feedback"",""influence"":0.356}]",
REC-E-0388-roadmap_prioritization,E-0388,roadmap_prioritization,2026-09-29T00:00:00.000Z,insufficient_evidence,observation_gap,-1.61,0,ACT-0032,stretch assignment: roadmap prioritization #2,0.77,54,"[{""eventId"":""EV-0057877"",""sourceType"":""certification"",""influence"":0.54},{""eventId"":""EV-0057748"",""sourceType"":""assessment"",""influence"":0.474},{""eventId"":""EV-0057732"",""sourceType"":""manager_feedback"",""influence"":0.401}]",
REC-E-0389-communication,E-0389,communication,2026-09-29T00:00:00.000Z,declining,practice_gap,2.9,2.728,ACT-0001,stretch assignment: communication #1,0.52,81,"[{""eventId"":""EV-0057970"",""sourceType"":""assessment"",""influence"":0.964},{""eventId"":""EV-0057913"",""sourceType"":""assessment"",""influence"":0.547},{""eventId"":""EV-0057898"",""sourceType"":""self_assessment"",""influence"":0.289}]",
REC-E-0389-execution,E-0389,execution,2026-09-29T00:00:00.000Z,improving,practice_gap,0.72,0.005,ACT-0006,mentor: execution #3,0.72,113,"[{""eventId"":""EV-0057915"",""sourceType"":""assessment"",""influence"":1.453},{""eventId"":""EV-0057879"",""sourceType"":""kpi"",""influence"":0.708},{""eventId"":""EV-0057985"",""sourceType"":""training"",""influence"":0.404}]",
REC-E-0389-collaboration,E-0389,collaboration,2026-09-29T00:00:00.000Z,insufficient_evidence,observation_gap,1.2,0.144,ACT-0009,stretch assignment: collaboration #3,0.37,140,"[{""eventId"":""EV-0057900"",""sourceType"":""self_assessment"",""influence"":0.89},{""eventId"":""EV-0057910"",""sourceType"":""peer_feedback"",""influence"":0.554},{""eventId"":""EV-0057987"",""sourceType"":""training"",""influence"":0.203}]",
REC-E-0389-problem_solving,E-0389,problem_solving,2026-09-29T00:00:00.000Z,declining,practice_gap,2.79,2.792,ACT-0010,stretch assignment: problem solving #1,0.75,103,"[{""eventId"":""EV-0057919"",""sourceType"":""assessment"",""influence"":0.753},{""eventId"":""EV-0057933"",""sourceType"":""peer_feedback"",""influence"":0.571},{""eventId"":""EV-0057890"",""sourceType"":""assessment"",""influence"":0.552}]",
REC-E-0389-visual_craft,E-0389,visual_craft,2026-09-29T00:00:00.000Z,stagnating,practice_gap,0.35,0.291,ACT-0037,mentor: visual craft #1,0.72,171,"[{""eventId"":""EV-0057883"",""sourceType"":""peer_feedback"",""influence"":1.096},{""eventId"":""EV-0057989"",""sourceType"":""project"",""influence"":0.297},{""eventId"":""EV-0057921"",""sourceType"":""assessment"",""influence"":0.268}]",
REC-E-0389-ux_research,E-0389,ux_research,2026-09-29T00:00:00.000Z,stagnating,practice_gap,1.48,1.748,ACT-0041,stretch assignment: ux research #2,0.78,110,"[{""eventId"":""EV-0057978"",""sourceType"":""assessment"",""influence"":0.706},{""eventId"":""EV-0057944"",""sourceType"":""assessment"",""influence"":0.628},{""eventId"":""EV-0057884"",""sourceType"":""peer_feedback"",""influence"":0.349}]",
REC-E-0390-communication,E-0390,communication,2026-09-29T00:00:00.000Z,stagnating,application_gap,1.64,1.151,ACT-0001,stretch assignment: communication #1,0.52,81,"[{""eventId"":""EV-0058015"",""sourceType"":""assessment"",""influence"":0.718},{""eventId"":""EV-0058056"",""sourceType"":""assessment"",""influence"":0.653},{""eventId"":""EV-0058144"",""sourceType"":""training"",""influence"":0.46}]",
REC-E-0390-execution,E-0390,execution,2026-09-29T00:00:00.000Z,declining,practice_gap,0.45,0.43,ACT-0006,mentor: execution #3,0.72,113,"[{""eventId"":""EV-0058012"",""sourceType"":""manager_feedback"",""influence"":0.782},{""eventId"":""EV-0058070"",""sourceType"":""manager_feedback"",""influence"":0.48},{""eventId"":""EV-0058005"",""sourceType"":""self_assessment"",""influence"":0.291}]",
REC-E-0390-collaboration,E-0390,collaboration,2026-09-29T00:00:00.000Z,stagnating,practice_gap,0.75,0.201,ACT-0007,mentor: collaboration #1,0.62,170,"[{""eventId"":""EV-0058006"",""sourceType"":""self_assessment"",""influence"":0.833},{""eventId"":""EV-0058013"",""sourceType"":""manager_feedback"",""influence"":0.439},{""eventId"":""EV-0058071"",""sourceType"":""manager_feedback"",""influence"":0.414}]",
REC-E-0391-communication,E-0391,communication,2026-09-29T00:00:00.000Z,stagnating,knowledge_gap,0.42,0.177,ACT-0001,stretch assignment: communication #1,0.52,81,"[{""eventId"":""EV-0058161"",""sourceType"":""peer_feedback"",""influence"":1.063},{""eventId"":""EV-0058196"",""sourceType"":""assessment"",""influence"":0.541},{""eventId"":""EV-0058193"",""sourceType"":""manager_feedback"",""influence"":0.424}]",
REC-E-0391-execution,E-0391,execution,2026-09-29T00:00:00.000Z,stagnating,practice_gap,1.2,0.649,ACT-0006,mentor: execution #3,0.72,113,"[{""eventId"":""EV-0058156"",""sourceType"":""kpi"",""influence"":0.742},{""eventId"":""EV-0058173"",""sourceType"":""kpi"",""influence"":0.462},{""eventId"":""EV-0058303"",""sourceType"":""project"",""influence"":0.376}]",
REC-E-0391-problem_solving,E-0391,problem_solving,2026-09-29T00:00:00.000Z,insufficient_evidence,observation_gap,-0.94,0,ACT-0010,stretch assignment: problem solving #1,0.75,103,"[{""eventId"":""EV-0058299"",""sourceType"":""project"",""influence"":1.038},{""eventId"":""EV-0058169"",""sourceType"":""assessment"",""influence"":0.499},{""eventId"":""EV-0058296"",""sourceType"":""training"",""influence"":0.304}]",
REC-E-0391-talent_assessment,E-0391,talent_assessment,2026-09-29T00:00:00.000Z,stagnating,practice_gap,0.48,0.43,ACT-0051,community: talent assessment #3,0.29,119,"[{""eventId"":""EV-0058175"",""sourceType"":""kpi"",""influence"":0.493},{""eventId"":""EV-0058252"",""sourceType"":""kpi"",""influence"":0.36},{""eventId"":""EV-0058297"",""sourceType"":""training"",""influence"":0.285}]",
REC-E-0392-communication,E-0392,communication,2026-09-29T00:00:00.000Z,stagnating,knowledge_gap,0.74,0.316,ACT-0001,stretch assignment: communication #1,0.52,81,"[{""eventId"":""EV-0058454"",""sourceType"":""certification"",""influence"":0.753},{""eventId"":""EV-0058388"",""sourceType"":""assessment"",""influence"":0.465},{""eventId"":""EV-0058314"",""sourceType"":""manager_feedback"",""influence"":0.384}]",
REC-E-0392-execution,E-0392,execution,2026-09-29T00:00:00.000Z,stagnating,knowledge_gap,1.45,0.93,ACT-0006,mentor: execution #3,0.72,113,"[{""eventId"":""EV-0058313"",""sourceType"":""manager_feedback"",""influence"":0.392},{""eventId"":""EV-0058328"",""sourceType"":""kpi"",""influence"":0.383},{""eventId"":""EV-0058370"",""sourceType"":""kpi"",""influence"":0.31}]",
REC-E-0392-collaboration,E-0392,collaboration,2026-09-29T00:00:00.000Z,declining,practice_gap,1.48,1.479,ACT-0007,mentor: collaboration #1,0.62,170,"[{""eventId"":""EV-0058315"",""sourceType"":""manager_feedback"",""influence"":1.135},{""eventId"":""EV-0058359"",""sourceType"":""self_assessment"",""influence"":0.649},{""eventId"":""EV-0058392"",""sourceType"":""assessment"",""influence"":0.392}]",
REC-E-0392-problem_solving,E-0392,problem_solving,2026-09-29T00:00:00.000Z,stagnating,practice_gap,1.94,1.241,ACT-0010,stretch assignment: problem solving #1,0.75,103,"[{""eventId"":""EV-0058394"",""sourceType"":""assessment"",""influence"":0.519},{""eventId"":""EV-0058319"",""sourceType"":""assessment"",""influence"":0.502},{""eventId"":""EV-0058335"",""sourceType"":""self_assessment"",""influence"":0.384}]",
REC-E-0392-customer_resolution,E-0392,customer_resolution,2026-09-29T00:00:00.000Z,stagnating,knowledge_gap,0.45,0.409,ACT-0055,stretch assignment: customer resolution #1,0.8,73,"[{""eventId"":""EV-0058353"",""sourceType"":""assessment"",""influence"":0.552},{""eventId"":""EV-0058372"",""sourceType"":""kpi"",""influence"":0.424},{""eventId"":""EV-0058325"",""sourceType"":""peer_feedback"",""influence"":0.397}]",
REC-E-0392-troubleshooting,E-0392,troubleshooting,2026-09-29T00:00:00.000Z,stagnating,practice_gap,1.16,0.935,ACT-0060,stretch assignment: troubleshooting #3,0.62,45,"[{""eventId"":""EV-0058355"",""sourceType"":""assessment"",""influence"":0.511},{""eventId"":""EV-0058323"",""sourceType"":""assessment"",""influence"":0.355},{""eventId"":""EV-0058337"",""sourceType"":""self_assessment"",""influence"":0.248}]",
REC-E-0393-communication,E-0393,communication,2026-09-29T00:00:00.000Z,stagnating,practice_gap,0.93,0.486,ACT-0001,stretch assignment: communication #1,0.52,81,"[{""eventId"":""EV-0058460"",""sourceType"":""manager_feedback"",""influence"":1.189},{""eventId"":""EV-0058591"",""sourceType"":""project"",""influence"":0.701},{""eventId"":""EV-0058467"",""sourceType"":""assessment"",""influence"":0.687}]",
REC-E-0393-collaboration,E-0393,collaboration,2026-09-29T00:00:00.000Z,stagnating,application_gap,0.35,0.148,ACT-0007,mentor: collaboration #1,0.62,170,"[{""eventId"":""EV-0058483"",""sourceType"":""self_assessment"",""influence"":0.303},{""eventId"":""EV-0058537"",""sourceType"":""assessment"",""influence"":0.251},{""eventId"":""EV-0058471"",""sourceType"":""assessment"",""influence"":0.156}]",
REC-E-0393-code_quality,E-0393,code_quality,2026-09-29T00:00:00.000Z,insufficient_evidence,observation_gap,0.15,0.207,ACT-0017,mentor: code quality #2,0.37,90,"[{""eventId"":""EV-0058506"",""sourceType"":""assessment"",""influence"":0.721},{""eventId"":""EV-0058462"",""sourceType"":""manager_feedback"",""influence"":0.367},{""eventId"":""EV-0058593"",""sourceType"":""project"",""influence"":0.073}]",
REC-E-0394-execution,E-0394,execution,2026-09-29T00:00:00.000Z,insufficient_evidence,observation_gap,0.21,0.16,ACT-0005,project: execution #2,0.23,120,"[{""eventId"":""EV-0058610"",""sourceType"":""manager_feedback"",""influence"":0.762},{""eventId"":""EV-0058604"",""sourceType"":""self_assessment"",""influence"":0.278},{""eventId"":""EV-0058625"",""sourceType"":""manager_feedback"",""influence"":0.203}]",
REC-E-0394-collaboration,E-0394,collaboration,2026-09-29T00:00:00.000Z,insufficient_evidence,observation_gap,-0.68,0,ACT-0009,stretch assignment: collaboration #3,0.37,140,"[{""eventId"":""EV-0058605"",""sourceType"":""self_assessment"",""influence"":0.846},{""eventId"":""EV-0058691"",""sourceType"":""project"",""influence"":0.646},{""eventId"":""EV-0058628"",""sourceType"":""peer_feedback"",""influence"":0.171}]",
REC-E-0394-problem_solving,E-0394,problem_solving,2026-09-29T00:00:00.000Z,stagnating,practice_gap,0.5,0.358,ACT-0010,stretch assignment: problem solving #1,0.75,103,"[{""eventId"":""EV-0058638"",""sourceType"":""peer_feedback"",""influence"":0.485},{""eventId"":""EV-0058648"",""sourceType"":""peer_feedback"",""influence"":0.363},{""eventId"":""EV-0058656"",""sourceType"":""manager_feedback"",""influence"":0.307}]",
REC-E-0394-negotiation,E-0394,negotiation,2026-09-29T00:00:00.000Z,stagnating,application_gap,0.54,0.671,ACT-0019,project: negotiation #1,0.4,165,"[{""eventId"":""EV-0058695"",""sourceType"":""certification"",""influence"":1.04},{""eventId"":""EV-0058693"",""sourceType"":""project"",""influence"":0.738},{""eventId"":""EV-0058651"",""sourceType"":""manager_feedback"",""influence"":0.599}]",
REC-E-0394-pipeline_mgmt,E-0394,pipeline_mgmt,2026-09-29T00:00:00.000Z,insufficient_evidence,observation_gap,-0.39,0,ACT-0022,stretch assignment: pipeline mgmt #1,0.75,154,"[{""eventId"":""EV-0058597"",""sourceType"":""self_assessment"",""influence"":0.284},{""eventId"":""EV-0058599"",""sourceType"":""peer_feedback"",""influence"":0.124}]",
REC-E-0395-campaign_strategy,E-0395,campaign_strategy,2026-09-29T00:00:00.000Z,insufficient_evidence,observation_gap,-0.39,0,ACT-0027,coaching: campaign strategy #3,0.71,65,"[{""eventId"":""EV-0058697"",""sourceType"":""self_assessment"",""influence"":0.325},{""eventId"":""EV-0058699"",""sourceType"":""peer_feedback"",""influence"":0.182}]",
REC-E-0396-communication,E-0396,communication,2026-09-29T00:00:00.000Z,insufficient_evidence,observation_gap,1.36,0.286,ACT-0001,stretch assignment: communication #1,0.52,81,"[{""eventId"":""EV-0058918"",""sourceType"":""assessment"",""influence"":0.554},{""eventId"":""EV-0058851"",""sourceType"":""assessment"",""influence"":0.511},{""eventId"":""EV-0058875"",""sourceType"":""self_assessment"",""influence"":0.417}]",
REC-E-0396-execution,E-0396,execution,2026-09-29T00:00:00.000Z,stagnating,knowledge_gap,0.34,0.155,ACT-0006,mentor: execution #3,0.72,113,"[{""eventId"":""EV-0058845"",""sourceType"":""peer_feedback"",""influence"":1.056},{""eventId"":""EV-0058836"",""sourceType"":""kpi"",""influence"":0.441},{""eventId"":""EV-0058865"",""sourceType"":""peer_feedback"",""influence"":0.435}]",
REC-E-0396-collaboration,E-0396,collaboration,2026-09-29T00:00:00.000Z,improving,practice_gap,1.31,0,ACT-0007,mentor: collaboration #1,0.62,170,"[{""eventId"":""EV-0058973"",""sourceType"":""project"",""influence"":0.732},{""eventId"":""EV-0058941"",""sourceType"":""peer_feedback"",""influence"":0.548},{""eventId"":""EV-0058936"",""sourceType"":""self_assessment"",""influence"":0.324}]",
REC-E-0396-problem_solving,E-0396,problem_solving,2026-09-29T00:00:00.000Z,insufficient_evidence,observation_gap,0.55,0.082,ACT-0010,stretch assignment: problem solving #1,0.75,103,"[{""eventId"":""EV-0058901"",""sourceType"":""self_assessment"",""influence"":0.356},{""eventId"":""EV-0058960"",""sourceType"":""assessment"",""influence"":0.312},{""eventId"":""EV-0058888"",""sourceType"":""assessment"",""influence"":0.299}]",
REC-E-0396-roadmap_prioritization,E-0396,roadmap_prioritization,2026-09-29T00:00:00.000Z,stagnating,practice_gap,0.82,0.822,ACT-0032,stretch assignment: roadmap prioritization #2,0.77,54,"[{""eventId"":""EV-0058842"",""sourceType"":""self_assessment"",""influence"":0.841},{""eventId"":""EV-0058849"",""sourceType"":""peer_feedback"",""influence"":0.408},{""eventId"":""EV-0058866"",""sourceType"":""peer_feedback"",""influence"":0.364}]",
REC-E-0396-stakeholder_alignment,E-0396,stakeholder_alignment,2026-09-29T00:00:00.000Z,stagnating,practice_gap,1.73,1.991,ACT-0034,stretch assignment: stakeholder alignment #1,0.68,119,"[{""eventId"":""EV-0058843"",""sourceType"":""self_assessment"",""influence"":0.89},{""eventId"":""EV-0058892"",""sourceType"":""assessment"",""influence"":0.528},{""eventId"":""EV-0058859"",""sourceType"":""assessment"",""influence"":0.436}]",
REC-E-0397-collaboration,E-0397,collaboration,2026-09-29T00:00:00.000Z,insufficient_evidence,observation_gap,1.31,0.979,ACT-0008,community: collaboration #2,0.21,93,"[{""eventId"":""EV-0058986"",""sourceType"":""self_assessment"",""influence"":0.751},{""eventId"":""EV-0058999"",""sourceType"":""assessment"",""influence"":0.743},{""eventId"":""EV-0059062"",""sourceType"":""assessment"",""influence"":0.495}]",
REC-E-0397-problem_solving,E-0397,problem_solving,2026-09-29T00:00:00.000Z,insufficient_evidence,observation_gap,-0.58,0,ACT-0010,stretch assignment: problem solving #1,0.75,103,"[{""eventId"":""EV-0058992"",""sourceType"":""manager_feedback"",""influence"":1.103},{""eventId"":""EV-0059053"",""sourceType"":""peer_feedback"",""influence"":0.371},{""eventId"":""EV-0059044"",""sourceType"":""self_assessment"",""influence"":0.341}]",
REC-E-0398-communication,E-0398,communication,2026-09-29T00:00:00.000Z,insufficient_evidence,observation_gap,-1.13,0,ACT-0001,stretch assignment: communication #1,0.52,81,"[{""eventId"":""EV-0059154"",""sourceType"":""assessment"",""influence"":0.381},{""eventId"":""EV-0059220"",""sourceType"":""manager_feedback"",""influence"":0.334},{""eventId"":""EV-0059140"",""sourceType"":""self_assessment"",""influence"":0.257}]",
REC-E-0398-problem_solving,E-0398,problem_solving,2026-09-29T00:00:00.000Z,stagnating,practice_gap,0.35,0.212,ACT-0010,stretch assignment: problem solving #1,0.75,103,"[{""eventId"":""EV-0059143"",""sourceType"":""self_assessment"",""influence"":0.795},{""eventId"":""EV-0059251"",""sourceType"":""peer_feedback"",""influence"":0.452},{""eventId"":""EV-0059147"",""sourceType"":""manager_feedback"",""influence"":0.425}]",
REC-E-0398-compliance_rigor,E-0398,compliance_rigor,2026-09-29T00:00:00.000Z,insufficient_evidence,observation_gap,-0.18,0,ACT-0046,stretch assignment: compliance rigor #1,0.58,77,"[{""eventId"":""EV-0059145"",""sourceType"":""self_assessment"",""influence"":0.741},{""eventId"":""EV-0059293"",""sourceType"":""project"",""influence"":0.435},{""eventId"":""EV-0059175"",""sourceType"":""manager_feedback"",""influence"":0.385}]",
REC-E-0399-execution,E-0399,execution,2026-09-29T00:00:00.000Z,insufficient_evidence,observation_gap,0.12,0.027,ACT-0005,project: execution #2,0.23,120,"[{""eventId"":""EV-0059301"",""sourceType"":""self_assessment"",""influence"":0.817},{""eventId"":""EV-0059364"",""sourceType"":""assessment"",""influence"":0.411},{""eventId"":""EV-0059372"",""sourceType"":""kpi"",""influence"":0.384}]",
REC-E-0399-collaboration,E-0399,collaboration,2026-09-29T00:00:00.000Z,stagnating,practice_gap,0.67,0.206,ACT-0007,mentor: collaboration #1,0.62,170,"[{""eventId"":""EV-0059425"",""sourceType"":""peer_feedback"",""influence"":0.334},{""eventId"":""EV-0059366"",""sourceType"":""assessment"",""influence"":0.302},{""eventId"":""EV-0059405"",""sourceType"":""assessment"",""influence"":0.3}]",
REC-E-0399-talent_assessment,E-0399,talent_assessment,2026-09-29T00:00:00.000Z,stagnating,practice_gap,1.34,1.11,ACT-0051,community: talent assessment #3,0.29,119,"[{""eventId"":""EV-0059321"",""sourceType"":""assessment"",""influence"":0.375},{""eventId"":""EV-0059343"",""sourceType"":""kpi"",""influence"":0.312},{""eventId"":""EV-0059446"",""sourceType"":""assessment"",""influence"":0.297}]",
REC-E-0399-policy_navigation,E-0399,policy_navigation,2026-09-29T00:00:00.000Z,declining,practice_gap,1.3,2.209,ACT-0052,mentor: policy navigation #1,0.56,119,"[{""eventId"":""EV-0059305"",""sourceType"":""self_assessment"",""influence"":0.8},{""eventId"":""EV-0059323"",""sourceType"":""assessment"",""influence"":0.555},{""eventId"":""EV-0059370"",""sourceType"":""assessment"",""influence"":0.476}]",
REC-E-0400-execution,E-0400,execution,2026-09-29T00:00:00.000Z,insufficient_evidence,observation_gap,-1.26,0,ACT-0005,project: execution #2,0.23,120,"[{""eventId"":""EV-0059473"",""sourceType"":""peer_feedback"",""influence"":2.474},{""eventId"":""EV-0059471"",""sourceType"":""self_assessment"",""influence"":0.929}]",
REC-E-0400-collaboration,E-0400,collaboration,2026-09-29T00:00:00.000Z,stagnating,practice_gap,0.67,0.48,ACT-0007,mentor: collaboration #1,0.62,170,"[{""eventId"":""EV-0059489"",""sourceType"":""assessment"",""influence"":0.504},{""eventId"":""EV-0059478"",""sourceType"":""self_assessment"",""influence"":0.245},{""eventId"":""EV-0059604"",""sourceType"":""project"",""influence"":0.172}]",
REC-E-0401-code_quality,E-0401,code_quality,2026-09-29T00:00:00.000Z,insufficient_evidence,observation_gap,0.09,0.141,ACT-0017,mentor: code quality #2,0.37,90,"[{""eventId"":""EV-0059629"",""sourceType"":""peer_feedback"",""influence"":0.73},{""eventId"":""EV-0059619"",""sourceType"":""self_assessment"",""influence"":0.254}]","{""lever"":""fresh_observation"",""description"":""1 current observation (any source) — the existing evidence has gone stale"",""n_needed"":1,""projected_score"":0.56,""current_score"":0.197}"
REC-E-0402-communication,E-0402,communication,2026-09-29T00:00:00.000Z,stagnating,practice_gap,0.36,0.15,ACT-0001,stretch assignment: communication #1,0.52,81,"[{""eventId"":""EV-0059778"",""sourceType"":""assessment"",""influence"":0.639},{""eventId"":""EV-0059794"",""sourceType"":""peer_feedback"",""influence"":0.274},{""eventId"":""EV-0059850"",""sourceType"":""assessment"",""influence"":0.143}]",
REC-E-0402-execution,E-0402,execution,2026-09-29T00:00:00.000Z,stagnating,knowledge_gap,1.41,0.915,ACT-0006,mentor: execution #3,0.72,113,"[{""eventId"":""EV-0059774"",""sourceType"":""manager_feedback"",""influence"":1.127},{""eventId"":""EV-0059770"",""sourceType"":""kpi"",""influence"":0.362},{""eventId"":""EV-0059869"",""sourceType"":""manager_feedback"",""influence"":0.239}]",
REC-E-0402-collaboration,E-0402,collaboration,2026-09-29T00:00:00.000Z,stagnating,practice_gap,0.75,0.303,ACT-0007,mentor: collaboration #1,0.62,170,"[{""eventId"":""EV-0059836"",""sourceType"":""peer_feedback"",""influence"":0.566},{""eventId"":""EV-0059782"",""sourceType"":""assessment"",""influence"":0.547},{""eventId"":""EV-0059776"",""sourceType"":""manager_feedback"",""influence"":0.364}]",
REC-E-0402-problem_solving,E-0402,problem_solving,2026-09-29T00:00:00.000Z,stagnating,practice_gap,0.52,0.312,ACT-0010,stretch assignment: problem solving #1,0.75,103,"[{""eventId"":""EV-0059775"",""sourceType"":""manager_feedback"",""influence"":0.386},{""eventId"":""EV-0059791"",""sourceType"":""self_assessment"",""influence"":0.313},{""eventId"":""EV-0059821"",""sourceType"":""assessment"",""influence"":0.283}]",
REC-E-0402-negotiation,E-0402,negotiation,2026-09-29T00:00:00.000Z,insufficient_evidence,observation_gap,1.54,2.052,ACT-0019,project: negotiation #1,0.4,165,"[{""eventId"":""EV-0059766"",""sourceType"":""self_assessment"",""influence"":0.985},{""eventId"":""EV-0059768"",""sourceType"":""peer_feedback"",""influence"":0.605}]",
REC-E-0403-content_quality,E-0403,content_quality,2026-09-29T00:00:00.000Z,insufficient_evidence,observation_gap,-0.65,0,ACT-0028,course: content quality #1,0.73,107,"[{""eventId"":""EV-0059961"",""sourceType"":""assessment"",""influence"":1.191},{""eventId"":""EV-0059907"",""sourceType"":""self_assessment"",""influence"":0.731},{""eventId"":""EV-0059996"",""sourceType"":""assessment"",""influence"":0.611}]",
REC-E-0404-execution,E-0404,execution,2026-09-29T00:00:00.000Z,declining,practice_gap,0.46,0.459,ACT-0006,mentor: execution #3,0.72,113,"[{""eventId"":""EV-0060064"",""sourceType"":""manager_feedback"",""influence"":1.169},{""eventId"":""EV-0060067"",""sourceType"":""assessment"",""influence"":0.405},{""eventId"":""EV-0060173"",""sourceType"":""manager_feedback"",""influence"":0.251}]",
REC-E-0404-collaboration,E-0404,collaboration,2026-09-29T00:00:00.000Z,insufficient_evidence,observation_gap,-1.29,0,ACT-0009,stretch assignment: collaboration #3,0.37,140,"[{""eventId"":""EV-0060110"",""sourceType"":""assessment"",""influence"":0.643},{""eventId"":""EV-0060069"",""sourceType"":""assessment"",""influence"":0.504},{""eventId"":""EV-0060058"",""sourceType"":""self_assessment"",""influence"":0.281}]",
REC-E-0404-stakeholder_alignment,E-0404,stakeholder_alignment,2026-09-29T00:00:00.000Z,insufficient_evidence,observation_gap,-0.56,0,ACT-0034,stretch assignment: stakeholder alignment #1,0.68,119,"[{""eventId"":""EV-0060065"",""sourceType"":""manager_feedback"",""influence"":1.165},{""eventId"":""EV-0060190"",""sourceType"":""project"",""influence"":0.518},{""eventId"":""EV-0060081"",""sourceType"":""manager_feedback"",""influence"":0.402}]",
REC-E-0405-visual_craft,E-0405,visual_craft,2026-09-29T00:00:00.000Z,stagnating,knowledge_gap,0.53,0.518,ACT-0037,mentor: visual craft #1,0.72,171,"[{""eventId"":""EV-0060199"",""sourceType"":""manager_feedback"",""influence"":1.158},{""eventId"":""EV-0060247"",""sourceType"":""assessment"",""influence"":0.216},{""eventId"":""EV-0060318"",""sourceType"":""assessment"",""influence"":0.197}]",
REC-E-0405-ux_research,E-0405,ux_research,2026-09-29T00:00:00.000Z,insufficient_evidence,observation_gap,-1.53,0,ACT-0041,stretch assignment: ux research #2,0.78,110,"[{""eventId"":""EV-0060223"",""sourceType"":""self_assessment"",""influence"":0.88},{""eventId"":""EV-0060249"",""sourceType"":""assessment"",""influence"":0.682},{""eventId"":""EV-0060337"",""sourceType"":""training"",""influence"":0.609}]",
REC-E-0406-communication,E-0406,communication,2026-09-29T00:00:00.000Z,declining,knowledge_gap,1.63,1.626,ACT-0001,stretch assignment: communication #1,0.52,81,"[{""eventId"":""EV-0060387"",""sourceType"":""assessment"",""influence"":1.821},{""eventId"":""EV-0060354"",""sourceType"":""self_assessment"",""influence"":1.362},{""eventId"":""EV-0060363"",""sourceType"":""assessment"",""influence"":0.132}]",
REC-E-0406-collaboration,E-0406,collaboration,2026-09-29T00:00:00.000Z,insufficient_evidence,observation_gap,0.34,0.062,ACT-0009,stretch assignment: collaboration #3,0.37,140,"[{""eventId"":""EV-0060348"",""sourceType"":""peer_feedback"",""influence"":0.749},{""eventId"":""EV-0060346"",""sourceType"":""self_assessment"",""influence"":0.312}]",
REC-E-0406-problem_solving,E-0406,problem_solving,2026-09-29T00:00:00.000Z,insufficient_evidence,observation_gap,2.6,0.92,ACT-0010,stretch assignment: problem solving #1,0.75,103,"[{""eventId"":""EV-0060399"",""sourceType"":""self_assessment"",""influence"":1.279},{""eventId"":""EV-0060356"",""sourceType"":""self_assessment"",""influence"":0.745},{""eventId"":""EV-0060415"",""sourceType"":""project"",""influence"":0.574}]",
REC-E-0406-financial_modeling,E-0406,financial_modeling,2026-09-29T00:00:00.000Z,insufficient_evidence,observation_gap,0.56,0.337,ACT-0043,project: financial modeling #1,0.45,104,"[{""eventId"":""EV-0060357"",""sourceType"":""self_assessment"",""influence"":0.837},{""eventId"":""EV-0060373"",""sourceType"":""kpi"",""influence"":0.307},{""eventId"":""EV-0060382"",""sourceType"":""peer_feedback"",""influence"":0.217}]",
REC-E-0406-compliance_rigor,E-0406,compliance_rigor,2026-09-29T00:00:00.000Z,insufficient_evidence,observation_gap,0.45,0.211,ACT-0046,stretch assignment: compliance rigor #1,0.58,77,"[{""eventId"":""EV-0060369"",""sourceType"":""assessment"",""influence"":0.398},{""eventId"":""EV-0060393"",""sourceType"":""assessment"",""influence"":0.292},{""eventId"":""EV-0060358"",""sourceType"":""self_assessment"",""influence"":0.291}]",
REC-E-0407-collaboration,E-0407,collaboration,2026-09-29T00:00:00.000Z,stagnating,practice_gap,0.92,0.475,ACT-0007,mentor: collaboration #1,0.62,170,"[{""eventId"":""EV-0060425"",""sourceType"":""manager_feedback"",""influence"":1.169},{""eventId"":""EV-0060491"",""sourceType"":""manager_feedback"",""influence"":0.746},{""eventId"":""EV-0060499"",""sourceType"":""assessment"",""influence"":0.298}]",
REC-E-0407-problem_solving,E-0407,problem_solving,2026-09-29T00:00:00.000Z,declining,practice_gap,0.6,0.597,ACT-0010,stretch assignment: problem solving #1,0.75,103,"[{""eventId"":""EV-0060433"",""sourceType"":""assessment"",""influence"":0.951},{""eventId"":""EV-0060485"",""sourceType"":""peer_feedback"",""influence"":0.65},{""eventId"":""EV-0060541"",""sourceType"":""assessment"",""influence"":0.298}]",
REC-E-0408-execution,E-0408,execution,2026-09-29T00:00:00.000Z,stagnating,practice_gap,1.3,0.42,ACT-0006,mentor: execution #3,0.72,113,"[{""eventId"":""EV-0060577"",""sourceType"":""peer_feedback"",""influence"":1.042},{""eventId"":""EV-0060619"",""sourceType"":""assessment"",""influence"":0.651},{""eventId"":""EV-0060712"",""sourceType"":""training"",""influence"":0.399}]",
REC-E-0408-collaboration,E-0408,collaboration,2026-09-29T00:00:00.000Z,declining,knowledge_gap,2.17,2.175,ACT-0007,mentor: collaboration #1,0.62,170,"[{""eventId"":""EV-0060594"",""sourceType"":""manager_feedback"",""influence"":1.221},{""eventId"":""EV-0060615"",""sourceType"":""manager_feedback"",""influence"":0.593},{""eventId"":""EV-0060621"",""sourceType"":""assessment"",""influence"":0.524}]",
REC-E-0408-customer_resolution,E-0408,customer_resolution,2026-09-29T00:00:00.000Z,stagnating,practice_gap,0.39,0.367,ACT-0055,stretch assignment: customer resolution #1,0.8,73,"[{""eventId"":""EV-0060596"",""sourceType"":""manager_feedback"",""influence"":0.393},{""eventId"":""EV-0060574"",""sourceType"":""peer_feedback"",""influence"":0.37},{""eventId"":""EV-0060604"",""sourceType"":""kpi"",""influence"":0.241}]",
REC-E-0409-collaboration,E-0409,collaboration,2026-09-29T00:00:00.000Z,insufficient_evidence,observation_gap,0.55,0.491,ACT-0009,stretch assignment: collaboration #3,0.37,140,"[{""eventId"":""EV-0060742"",""sourceType"":""self_assessment"",""influence"":0.877},{""eventId"":""EV-0060787"",""sourceType"":""manager_feedback"",""influence"":0.634},{""eventId"":""EV-0060806"",""sourceType"":""peer_feedback"",""influence"":0.383}]",
REC-E-0409-code_quality,E-0409,code_quality,2026-09-29T00:00:00.000Z,stagnating,practice_gap,0.33,0.331,ACT-0017,mentor: code quality #2,0.37,90,"[{""eventId"":""EV-0060797"",""sourceType"":""assessment"",""influence"":0.392},{""eventId"":""EV-0060723"",""sourceType"":""peer_feedback"",""influence"":0.319},{""eventId"":""EV-0060745"",""sourceType"":""self_assessment"",""influence"":0.281}]",
REC-E-0410-communication,E-0410,communication,2026-09-29T00:00:00.000Z,stagnating,application_gap,0.41,0.213,ACT-0001,stretch assignment: communication #1,0.52,81,"[{""eventId"":""EV-0060941"",""sourceType"":""assessment"",""influence"":0.666},{""eventId"":""EV-0060856"",""sourceType"":""self_assessment"",""influence"":0.303},{""eventId"":""EV-0061001"",""sourceType"":""training"",""influence"":0.301}]",
REC-E-0410-problem_solving,E-0410,problem_solving,2026-09-29T00:00:00.000Z,declining,application_gap,0.72,0.697,ACT-0010,stretch assignment: problem solving #1,0.75,103,"[{""eventId"":""EV-0060859"",""sourceType"":""self_assessment"",""influence"":0.854},{""eventId"":""EV-0060945"",""sourceType"":""assessment"",""influence"":0.571},{""eventId"":""EV-0060899"",""sourceType"":""peer_feedback"",""influence"":0.456}]",
REC-E-0411-communication,E-0411,communication,2026-09-29T00:00:00.000Z,stagnating,practice_gap,0.59,0.39,ACT-0001,stretch assignment: communication #1,0.52,81,"[{""eventId"":""EV-0061020"",""sourceType"":""assessment"",""influence"":0.555},{""eventId"":""EV-0061012"",""sourceType"":""manager_feedback"",""influence"":0.385},{""eventId"":""EV-0061078"",""sourceType"":""peer_feedback"",""influence"":0.334}]",
REC-E-0411-problem_solving,E-0411,problem_solving,2026-09-29T00:00:00.000Z,stagnating,application_gap,0.65,0.426,ACT-0010,stretch assignment: problem solving #1,0.75,103,"[{""eventId"":""EV-0061010"",""sourceType"":""manager_feedback"",""influence"":1.198},{""eventId"":""EV-0061090"",""sourceType"":""assessment"",""influence"":0.849},{""eventId"":""EV-0061024"",""sourceType"":""assessment"",""influence"":0.458}]",
REC-E-0411-campaign_strategy,E-0411,campaign_strategy,2026-09-29T00:00:00.000Z,stagnating,practice_gap,0.78,1.045,ACT-0027,coaching: campaign strategy #3,0.71,65,"[{""eventId"":""EV-0061014"",""sourceType"":""peer_feedback"",""influence"":1.084},{""eventId"":""EV-0061057"",""sourceType"":""assessment"",""influence"":0.355},{""eventId"":""EV-0061011"",""sourceType"":""manager_feedback"",""influence"":0.315}]",
REC-E-0412-communication,E-0412,communication,2026-09-29T00:00:00.000Z,declining,practice_gap,0.42,0.412,ACT-0001,stretch assignment: communication #1,0.52,81,"[{""eventId"":""EV-0061215"",""sourceType"":""peer_feedback"",""influence"":1.38},{""eventId"":""EV-0061151"",""sourceType"":""self_assessment"",""influence"":1.309},{""eventId"":""EV-0061198"",""sourceType"":""assessment"",""influence"":0.304}]",
REC-E-0412-execution,E-0412,execution,2026-09-29T00:00:00.000Z,stagnating,application_gap,1.38,0.868,ACT-0006,mentor: execution #3,0.72,113,"[{""eventId"":""EV-0061152"",""sourceType"":""self_assessment"",""influence"":0.858},{""eventId"":""EV-0061200"",""sourceType"":""assessment"",""influence"":0.536},{""eventId"":""EV-0061186"",""sourceType"":""kpi"",""influence"":0.334}]",
REC-E-0412-collaboration,E-0412,collaboration,2026-09-29T00:00:00.000Z,stagnating,practice_gap,0.68,0.344,ACT-0007,mentor: collaboration #1,0.62,170,"[{""eventId"":""EV-0061163"",""sourceType"":""peer_feedback"",""influence"":0.358},{""eventId"":""EV-0061181"",""sourceType"":""self_assessment"",""influence"":0.243},{""eventId"":""EV-0061231"",""sourceType"":""manager_feedback"",""influence"":0.213}]",
REC-E-0412-stakeholder_alignment,E-0412,stakeholder_alignment,2026-09-29T00:00:00.000Z,declining,knowledge_gap,1.31,2.364,ACT-0034,stretch assignment: stakeholder alignment #1,0.68,119,"[{""eventId"":""EV-0061159"",""sourceType"":""manager_feedback"",""influence"":1.234},{""eventId"":""EV-0061208"",""sourceType"":""assessment"",""influence"":0.555},{""eventId"":""EV-0061173"",""sourceType"":""assessment"",""influence"":0.381}]",
REC-E-0413-execution,E-0413,execution,2026-09-29T00:00:00.000Z,insufficient_evidence,observation_gap,-0.57,0,ACT-0005,project: execution #2,0.23,120,"[{""eventId"":""EV-0061293"",""sourceType"":""kpi"",""influence"":0.456},{""eventId"":""EV-0061335"",""sourceType"":""assessment"",""influence"":0.39},{""eventId"":""EV-0061401"",""sourceType"":""assessment"",""influence"":0.292}]",
REC-E-0413-collaboration,E-0413,collaboration,2026-09-29T00:00:00.000Z,stagnating,practice_gap,1.17,0.685,ACT-0007,mentor: collaboration #1,0.62,170,"[{""eventId"":""EV-0061303"",""sourceType"":""manager_feedback"",""influence"":1.162},{""eventId"":""EV-0061368"",""sourceType"":""assessment"",""influence"":0.422},{""eventId"":""EV-0061320"",""sourceType"":""manager_feedback"",""influence"":0.376}]",
REC-E-0413-visual_craft,E-0413,visual_craft,2026-09-29T00:00:00.000Z,stagnating,practice_gap,1.12,1.07,ACT-0037,mentor: visual craft #1,0.72,171,"[{""eventId"":""EV-0061341"",""sourceType"":""assessment"",""influence"":0.684},{""eventId"":""EV-0061302"",""sourceType"":""manager_feedback"",""influence"":0.555},{""eventId"":""EV-0061360"",""sourceType"":""manager_feedback"",""influence"":0.538}]",
REC-E-0413-ux_research,E-0413,ux_research,2026-09-29T00:00:00.000Z,insufficient_evidence,observation_gap,1.98,2.636,ACT-0041,stretch assignment: ux research #2,0.78,110,"[{""eventId"":""EV-0061330"",""sourceType"":""peer_feedback"",""influence"":1.446},{""eventId"":""EV-0061343"",""sourceType"":""assessment"",""influence"":0.29},{""eventId"":""EV-0061380"",""sourceType"":""manager_feedback"",""influence"":0.286}]",
REC-E-0414-communication,E-0414,communication,2026-09-29T00:00:00.000Z,insufficient_evidence,observation_gap,-1.03,0,ACT-0001,stretch assignment: communication #1,0.52,81,"[{""eventId"":""EV-0061444"",""sourceType"":""self_assessment"",""influence"":1.224},{""eventId"":""EV-0061452"",""sourceType"":""manager_feedback"",""influence"":0.85},{""eventId"":""EV-0061458"",""sourceType"":""assessment"",""influence"":0.634}]",
REC-E-0414-problem_solving,E-0414,problem_solving,2026-09-29T00:00:00.000Z,insufficient_evidence,observation_gap,1.19,0.953,,,,,"[{""eventId"":""EV-0061479"",""sourceType"":""manager_feedback"",""influence"":0.706},{""eventId"":""EV-0061601"",""sourceType"":""training"",""influence"":0.656},{""eventId"":""EV-0061510"",""sourceType"":""manager_feedback"",""influence"":0.312}]",
REC-E-0414-financial_modeling,E-0414,financial_modeling,2026-09-29T00:00:00.000Z,insufficient_evidence,observation_gap,-0.33,0,ACT-0043,project: financial modeling #1,0.45,104,"[{""eventId"":""EV-0061453"",""sourceType"":""manager_feedback"",""influence"":0.794},{""eventId"":""EV-0061448"",""sourceType"":""self_assessment"",""influence"":0.262},{""eventId"":""EV-0061486"",""sourceType"":""peer_feedback"",""influence"":0.19}]",
REC-E-0415-communication,E-0415,communication,2026-09-29T00:00:00.000Z,stagnating,practice_gap,1.77,1.015,ACT-0001,stretch assignment: communication #1,0.52,81,"[{""eventId"":""EV-0061717"",""sourceType"":""project"",""influence"":0.339},{""eventId"":""EV-0061671"",""sourceType"":""assessment"",""influence"":0.286},{""eventId"":""EV-0061618"",""sourceType"":""self_assessment"",""influence"":0.252}]",
REC-E-0415-execution,E-0415,execution,2026-09-29T00:00:00.000Z,insufficient_evidence,observation_gap,1.69,0.311,ACT-0005,project: execution #2,0.23,120,"[{""eventId"":""EV-0061616"",""sourceType"":""kpi"",""influence"":0.771},{""eventId"":""EV-0061710"",""sourceType"":""training"",""influence"":0.297},{""eventId"":""EV-0061673"",""sourceType"":""assessment"",""influence"":0.278}]",
REC-E-0415-collaboration,E-0415,collaboration,2026-09-29T00:00:00.000Z,stagnating,practice_gap,0.35,0.164,ACT-0007,mentor: collaboration #1,0.62,170,"[{""eventId"":""EV-0061620"",""sourceType"":""self_assessment"",""influence"":0.756},{""eventId"":""EV-0061722"",""sourceType"":""project"",""influence"":0.669},{""eventId"":""EV-0061632"",""sourceType"":""assessment"",""influence"":0.175}]",
REC-E-0415-talent_assessment,E-0415,talent_assessment,2026-09-29T00:00:00.000Z,insufficient_evidence,observation_gap,0.26,0.122,ACT-0050,project: talent assessment #2,0.25,149,"[{""eventId"":""EV-0061612"",""sourceType"":""self_assessment"",""influence"":0.989},{""eventId"":""EV-0061614"",""sourceType"":""peer_feedback"",""influence"":0.587}]",
REC-E-0415-policy_navigation,E-0415,policy_navigation,2026-09-29T00:00:00.000Z,insufficient_evidence,observation_gap,0.91,0.707,ACT-0052,mentor: policy navigation #1,0.56,119,"[{""eventId"":""EV-0061622"",""sourceType"":""self_assessment"",""influence"":0.882},{""eventId"":""EV-0061657"",""sourceType"":""assessment"",""influence"":0.43},{""eventId"":""EV-0061636"",""sourceType"":""assessment"",""influence"":0.351}]",
REC-E-0416-communication,E-0416,communication,2026-09-29T00:00:00.000Z,stagnating,practice_gap,1.21,0.698,ACT-0001,stretch assignment: communication #1,0.52,81,"[{""eventId"":""EV-0061807"",""sourceType"":""manager_feedback"",""influence"":0.442},{""eventId"":""EV-0061729"",""sourceType"":""assessment"",""influence"":0.429},{""eventId"":""EV-0061773"",""sourceType"":""assessment"",""influence"":0.31}]",
REC-E-0416-execution,E-0416,execution,2026-09-29T00:00:00.000Z,stagnating,practice_gap,0.65,0.337,ACT-0006,mentor: execution #3,0.72,113,"[{""eventId"":""EV-0061750"",""sourceType"":""manager_feedback"",""influence"":0.329},{""eventId"":""EV-0061815"",""sourceType"":""assessment"",""influence"":0.24},{""eventId"":""EV-0061725"",""sourceType"":""kpi"",""influence"":0.233}]",
REC-E-0416-collaboration,E-0416,collaboration,2026-09-29T00:00:00.000Z,insufficient_evidence,observation_gap,-0.35,0,ACT-0009,stretch assignment: collaboration #3,0.37,140,"[{""eventId"":""EV-0061743"",""sourceType"":""self_assessment"",""influence"":1},{""eventId"":""EV-0061769"",""sourceType"":""manager_feedback"",""influence"":0.597},{""eventId"":""EV-0061748"",""sourceType"":""manager_feedback"",""influence"":0.301}]",
REC-E-0416-problem_solving,E-0416,problem_solving,2026-09-29T00:00:00.000Z,stagnating,practice_gap,0.53,0.213,ACT-0010,stretch assignment: problem solving #1,0.75,103,"[{""eventId"":""EV-0061882"",""sourceType"":""certification"",""influence"":1.014},{""eventId"":""EV-0061733"",""sourceType"":""assessment"",""influence"":0.693},{""eventId"":""EV-0061779"",""sourceType"":""assessment"",""influence"":0.345}]",
REC-E-0416-customer_resolution,E-0416,customer_resolution,2026-09-29T00:00:00.000Z,stagnating,practice_gap,0.66,0.619,ACT-0055,stretch assignment: customer resolution #1,0.8,73,"[{""eventId"":""EV-0061771"",""sourceType"":""manager_feedback"",""influence"":0.383},{""eventId"":""EV-0061727"",""sourceType"":""kpi"",""influence"":0.342},{""eventId"":""EV-0061781"",""sourceType"":""assessment"",""influence"":0.274}]",
REC-E-0416-troubleshooting,E-0416,troubleshooting,2026-09-29T00:00:00.000Z,stagnating,knowledge_gap,0.85,0.757,ACT-0060,stretch assignment: troubleshooting #3,0.62,45,"[{""eventId"":""EV-0061753"",""sourceType"":""peer_feedback"",""influence"":1.121},{""eventId"":""EV-0061783"",""sourceType"":""assessment"",""influence"":0.508},{""eventId"":""EV-0061823"",""sourceType"":""assessment"",""influence"":0.481}]",
REC-E-0417-execution,E-0417,execution,2026-09-29T00:00:00.000Z,stagnating,application_gap,0.54,0.271,ACT-0006,mentor: execution #3,0.72,113,"[{""eventId"":""EV-0061888"",""sourceType"":""peer_feedback"",""influence"":1.055},{""eventId"":""EV-0061896"",""sourceType"":""assessment"",""influence"":0.556},{""eventId"":""EV-0061884"",""sourceType"":""kpi"",""influence"":0.387}]",
REC-E-0417-collaboration,E-0417,collaboration,2026-09-29T00:00:00.000Z,insufficient_evidence,observation_gap,-0.17,0,ACT-0009,stretch assignment: collaboration #3,0.37,140,"[{""eventId"":""EV-0061898"",""sourceType"":""assessment"",""influence"":1.37},{""eventId"":""EV-0061926"",""sourceType"":""assessment"",""influence"":0.299},{""eventId"":""EV-0061911"",""sourceType"":""peer_feedback"",""influence"":0.294}]",
REC-E-0417-problem_solving,E-0417,problem_solving,2026-09-29T00:00:00.000Z,improving,practice_gap,1.25,0,ACT-0010,stretch assignment: problem solving #1,0.75,103,"[{""eventId"":""EV-0061900"",""sourceType"":""assessment"",""influence"":1.504},{""eventId"":""EV-0061961"",""sourceType"":""assessment"",""influence"":0.548},{""eventId"":""EV-0061947"",""sourceType"":""self_assessment"",""influence"":0.498}]",
REC-E-0417-system_design,E-0417,system_design,2026-09-29T00:00:00.000Z,stagnating,application_gap,1.71,1.723,ACT-0015,stretch assignment: system design #3,0.28,161,"[{""eventId"":""EV-0061940"",""sourceType"":""peer_feedback"",""influence"":0.535},{""eventId"":""EV-0061891"",""sourceType"":""peer_feedback"",""influence"":0.331},{""eventId"":""EV-0061989"",""sourceType"":""assessment"",""influence"":0.3}]",
REC-E-0417-code_quality,E-0417,code_quality,2026-09-29T00:00:00.000Z,improving,practice_gap,2.33,0,ACT-0017,mentor: code quality #2,0.37,90,"[{""eventId"":""EV-0061997"",""sourceType"":""training"",""influence"":1.108},{""eventId"":""EV-0061951"",""sourceType"":""peer_feedback"",""influence"":0.375},{""eventId"":""EV-0061991"",""sourceType"":""assessment"",""influence"":0.149}]",
REC-E-0418-collaboration,E-0418,collaboration,2026-09-29T00:00:00.000Z,insufficient_evidence,observation_gap,-1.36,0,ACT-0009,stretch assignment: collaboration #3,0.37,140,"[{""eventId"":""EV-0062015"",""sourceType"":""manager_feedback"",""influence"":1.975},{""eventId"":""EV-0062064"",""sourceType"":""self_assessment"",""influence"":0.924},{""eventId"":""EV-0062032"",""sourceType"":""manager_feedback"",""influence"":0.478}]",
REC-E-0419-communication,E-0419,communication,2026-09-29T00:00:00.000Z,stagnating,practice_gap,0.5,0.348,ACT-0001,stretch assignment: communication #1,0.52,81,"[{""eventId"":""EV-0062241"",""sourceType"":""assessment"",""influence"":0.815},{""eventId"":""EV-0062273"",""sourceType"":""assessment"",""influence"":0.604},{""eventId"":""EV-0062178"",""sourceType"":""peer_feedback"",""influence"":0.539}]",
REC-E-0419-collaboration,E-0419,collaboration,2026-09-29T00:00:00.000Z,stagnating,practice_gap,0.81,0.5,ACT-0007,mentor: collaboration #1,0.62,170,"[{""eventId"":""EV-0062159"",""sourceType"":""manager_feedback"",""influence"":1.194},{""eventId"":""EV-0062177"",""sourceType"":""peer_feedback"",""influence"":0.498},{""eventId"":""EV-0062245"",""sourceType"":""assessment"",""influence"":0.428}]",
REC-E-0420-communication,E-0420,communication,2026-09-29T00:00:00.000Z,stagnating,application_gap,0.68,0.429,ACT-0001,stretch assignment: communication #1,0.52,81,"[{""eventId"":""EV-0062307"",""sourceType"":""self_assessment"",""influence"":0.827},{""eventId"":""EV-0062389"",""sourceType"":""peer_feedback"",""influence"":0.481},{""eventId"":""EV-0062364"",""sourceType"":""assessment"",""influence"":0.347}]",
REC-E-0420-problem_solving,E-0420,problem_solving,2026-09-29T00:00:00.000Z,stagnating,knowledge_gap,0.34,0.192,ACT-0010,stretch assignment: problem solving #1,0.75,103,"[{""eventId"":""EV-0062310"",""sourceType"":""self_assessment"",""influence"":0.78},{""eventId"":""EV-0062393"",""sourceType"":""peer_feedback"",""influence"":0.529},{""eventId"":""EV-0062314"",""sourceType"":""manager_feedback"",""influence"":0.488}]",
REC-E-0421-communication,E-0421,communication,2026-09-29T00:00:00.000Z,insufficient_evidence,observation_gap,0.04,0.006,ACT-0001,stretch assignment: communication #1,0.52,81,"[{""eventId"":""EV-0062610"",""sourceType"":""project"",""influence"":0.739},{""eventId"":""EV-0062489"",""sourceType"":""manager_feedback"",""influence"":0.397},{""eventId"":""EV-0062606"",""sourceType"":""peer_feedback"",""influence"":0.19}]",
REC-E-0421-collaboration,E-0421,collaboration,2026-09-29T00:00:00.000Z,stagnating,knowledge_gap,0.52,0.299,ACT-0007,mentor: collaboration #1,0.62,170,"[{""eventId"":""EV-0062511"",""sourceType"":""manager_feedback"",""influence"":0.432},{""eventId"":""EV-0062552"",""sourceType"":""assessment"",""influence"":0.426},{""eventId"":""EV-0062582"",""sourceType"":""assessment"",""influence"":0.271}]",
REC-E-0421-problem_solving,E-0421,problem_solving,2026-09-29T00:00:00.000Z,stagnating,knowledge_gap,1.16,0.723,ACT-0010,stretch assignment: problem solving #1,0.75,103,"[{""eventId"":""EV-0062584"",""sourceType"":""assessment"",""influence"":1.042},{""eventId"":""EV-0062524"",""sourceType"":""peer_feedback"",""influence"":0.262},{""eventId"":""EV-0062536"",""sourceType"":""assessment"",""influence"":0.253}]",
REC-E-0421-visual_craft,E-0421,visual_craft,2026-09-29T00:00:00.000Z,declining,consistency_gap,1.67,2.997,ACT-0037,mentor: visual craft #1,0.72,171,"[{""eventId"":""EV-0062488"",""sourceType"":""manager_feedback"",""influence"":2.003},{""eventId"":""EV-0062501"",""sourceType"":""assessment"",""influence"":0.421},{""eventId"":""EV-0062544"",""sourceType"":""kpi"",""influence"":0.209}]",
REC-E-0422-communication,E-0422,communication,2026-09-29T00:00:00.000Z,improving,practice_gap,0.33,0,ACT-0001,stretch assignment: communication #1,0.52,81,"[{""eventId"":""EV-0062635"",""sourceType"":""self_assessment"",""influence"":0.954},{""eventId"":""EV-0062705"",""sourceType"":""assessment"",""influence"":0.654},{""eventId"":""EV-0062741"",""sourceType"":""assessment"",""influence"":0.28}]",
REC-E-0422-execution,E-0422,execution,2026-09-29T00:00:00.000Z,stagnating,practice_gap,1.13,0.553,ACT-0006,mentor: execution #3,0.72,113,"[{""eventId"":""EV-0062615"",""sourceType"":""kpi"",""influence"":0.442},{""eventId"":""EV-0062662"",""sourceType"":""assessment"",""influence"":0.441},{""eventId"":""EV-0062724"",""sourceType"":""manager_feedback"",""influence"":0.211}]",
REC-E-0422-collaboration,E-0422,collaboration,2026-09-29T00:00:00.000Z,improving,practice_gap,0.45,0,ACT-0007,mentor: collaboration #1,0.62,170,"[{""eventId"":""EV-0062755"",""sourceType"":""self_assessment"",""influence"":0.672},{""eventId"":""EV-0062733"",""sourceType"":""self_assessment"",""influence"":0.138},{""eventId"":""EV-0062719"",""sourceType"":""self_assessment"",""influence"":0.102}]",
REC-E-0422-problem_solving,E-0422,problem_solving,2026-09-29T00:00:00.000Z,insufficient_evidence,observation_gap,1.13,0.171,ACT-0010,stretch assignment: problem solving #1,0.75,103,"[{""eventId"":""EV-0062642"",""sourceType"":""manager_feedback"",""influence"":1.303},{""eventId"":""EV-0062666"",""sourceType"":""assessment"",""influence"":0.478},{""eventId"":""EV-0062725"",""sourceType"":""manager_feedback"",""influence"":0.336}]",
REC-E-0422-financial_modeling,E-0422,financial_modeling,2026-09-29T00:00:00.000Z,declining,practice_gap,1.74,2.863,ACT-0045,community: financial modeling #3,0.62,81,"[{""eventId"":""EV-0062620"",""sourceType"":""manager_feedback"",""influence"":1.206},{""eventId"":""EV-0062688"",""sourceType"":""peer_feedback"",""influence"":0.446},{""eventId"":""EV-0062668"",""sourceType"":""assessment"",""influence"":0.365}]",
REC-E-0423-execution,E-0423,execution,2026-09-29T00:00:00.000Z,stagnating,application_gap,1.06,0.688,ACT-0006,mentor: execution #3,0.72,113,"[{""eventId"":""EV-0062790"",""sourceType"":""manager_feedback"",""influence"":0.391},{""eventId"":""EV-0062840"",""sourceType"":""assessment"",""influence"":0.374},{""eventId"":""EV-0062911"",""sourceType"":""assessment"",""influence"":0.323}]",
REC-E-0423-collaboration,E-0423,collaboration,2026-09-29T00:00:00.000Z,stagnating,practice_gap,0.59,0.254,ACT-0007,mentor: collaboration #1,0.62,170,"[{""eventId"":""EV-0062793"",""sourceType"":""peer_feedback"",""influence"":1.038},{""eventId"":""EV-0062937"",""sourceType"":""training"",""influence"":0.749},{""eventId"":""EV-0062842"",""sourceType"":""assessment"",""influence"":0.479}]",
REC-E-0423-talent_assessment,E-0423,talent_assessment,2026-09-29T00:00:00.000Z,stagnating,application_gap,0.54,0.491,ACT-0050,project: talent assessment #2,0.25,149,"[{""eventId"":""EV-0062780"",""sourceType"":""kpi"",""influence"":0.747},{""eventId"":""EV-0062829"",""sourceType"":""kpi"",""influence"":0.433},{""eventId"":""EV-0062804"",""sourceType"":""assessment"",""influence"":0.387}]",
REC-E-0423-policy_navigation,E-0423,policy_navigation,2026-09-29T00:00:00.000Z,stagnating,application_gap,1.73,2.192,ACT-0052,mentor: policy navigation #1,0.56,119,"[{""eventId"":""EV-0062939"",""sourceType"":""training"",""influence"":0.583},{""eventId"":""EV-0062817"",""sourceType"":""manager_feedback"",""influence"":0.579},{""eventId"":""EV-0062846"",""sourceType"":""assessment"",""influence"":0.527}]",
REC-E-0424-communication,E-0424,communication,2026-09-29T00:00:00.000Z,insufficient_evidence,observation_gap,-0.87,0,ACT-0001,stretch assignment: communication #1,0.52,81,"[{""eventId"":""EV-0063001"",""sourceType"":""assessment"",""influence"":0.83},{""eventId"":""EV-0063045"",""sourceType"":""assessment"",""influence"":0.548},{""eventId"":""EV-0062962"",""sourceType"":""assessment"",""influence"":0.495}]",
REC-E-0424-execution,E-0424,execution,2026-09-29T00:00:00.000Z,stagnating,knowledge_gap,0.83,0.435,ACT-0006,mentor: execution #3,0.72,113,"[{""eventId"":""EV-0062948"",""sourceType"":""kpi"",""influence"":0.808},{""eventId"":""EV-0063003"",""sourceType"":""assessment"",""influence"":0.412},{""eventId"":""EV-0062970"",""sourceType"":""kpi"",""influence"":0.301}]",
REC-E-0424-collaboration,E-0424,collaboration,2026-09-29T00:00:00.000Z,stagnating,practice_gap,0.86,0.545,ACT-0007,mentor: collaboration #1,0.62,170,"[{""eventId"":""EV-0062956"",""sourceType"":""peer_feedback"",""influence"":0.353},{""eventId"":""EV-0063115"",""sourceType"":""project"",""influence"":0.323},{""eventId"":""EV-0063005"",""sourceType"":""assessment"",""influence"":0.254}]",
REC-E-0425-communication,E-0425,communication,2026-09-29T00:00:00.000Z,stagnating,knowledge_gap,0.56,0.35,ACT-0001,stretch assignment: communication #1,0.52,81,"[{""eventId"":""EV-0063122"",""sourceType"":""self_assessment"",""influence"":0.805},{""eventId"":""EV-0063194"",""sourceType"":""assessment"",""influence"":0.61},{""eventId"":""EV-0063163"",""sourceType"":""assessment"",""influence"":0.535}]",
REC-E-0425-execution,E-0425,execution,2026-09-29T00:00:00.000Z,insufficient_evidence,observation_gap,0.87,0.159,ACT-0005,project: execution #2,0.23,120,"[{""eventId"":""EV-0063123"",""sourceType"":""self_assessment"",""influence"":0.761},{""eventId"":""EV-0063165"",""sourceType"":""assessment"",""influence"":0.483},{""eventId"":""EV-0063236"",""sourceType"":""assessment"",""influence"":0.211}]",
REC-E-0425-collaboration,E-0425,collaboration,2026-09-29T00:00:00.000Z,insufficient_evidence,observation_gap,2.09,0.52,ACT-0009,stretch assignment: collaboration #3,0.37,140,"[{""eventId"":""EV-0063124"",""sourceType"":""self_assessment"",""influence"":0.718},{""eventId"":""EV-0063270"",""sourceType"":""project"",""influence"":0.599},{""eventId"":""EV-0063167"",""sourceType"":""assessment"",""influence"":0.356}]",
REC-E-0425-problem_solving,E-0425,problem_solving,2026-09-29T00:00:00.000Z,insufficient_evidence,observation_gap,1.43,0.15,ACT-0010,stretch assignment: problem solving #1,0.75,103,"[{""eventId"":""EV-0063160"",""sourceType"":""peer_feedback"",""influence"":0.823},{""eventId"":""EV-0063130"",""sourceType"":""peer_feedback"",""influence"":0.695},{""eventId"":""EV-0063169"",""sourceType"":""assessment"",""influence"":0.492}]",
REC-E-0425-system_design,E-0425,system_design,2026-09-29T00:00:00.000Z,improving,application_gap,0.82,0,ACT-0015,stretch assignment: system design #3,0.28,161,"[{""eventId"":""EV-0063202"",""sourceType"":""assessment"",""influence"":0.598},{""eventId"":""EV-0063242"",""sourceType"":""assessment"",""influence"":0.218},{""eventId"":""EV-0063222"",""sourceType"":""kpi"",""influence"":0.191}]",
REC-E-0425-code_quality,E-0425,code_quality,2026-09-29T00:00:00.000Z,stagnating,knowledge_gap,1.24,1.292,ACT-0017,mentor: code quality #2,0.37,90,"[{""eventId"":""EV-0063127"",""sourceType"":""self_assessment"",""influence"":0.75},{""eventId"":""EV-0063204"",""sourceType"":""assessment"",""influence"":0.533},{""eventId"":""EV-0063191"",""sourceType"":""peer_feedback"",""influence"":0.336}]",
REC-E-0427-problem_solving,E-0427,problem_solving,2026-09-29T00:00:00.000Z,stagnating,practice_gap,0.47,0.288,ACT-0010,stretch assignment: problem solving #1,0.75,103,"[{""eventId"":""EV-0063483"",""sourceType"":""self_assessment"",""influence"":0.614},{""eventId"":""EV-0063500"",""sourceType"":""assessment"",""influence"":0.464},{""eventId"":""EV-0063568"",""sourceType"":""project"",""influence"":0.44}]",
REC-E-0427-campaign_strategy,E-0427,campaign_strategy,2026-09-29T00:00:00.000Z,insufficient_evidence,observation_gap,-1.26,0,ACT-0027,coaching: campaign strategy #3,0.71,65,"[{""eventId"":""EV-0063428"",""sourceType"":""kpi"",""influence"":1.158},{""eventId"":""EV-0063462"",""sourceType"":""manager_feedback"",""influence"":0.407},{""eventId"":""EV-0063533"",""sourceType"":""assessment"",""influence"":0.395}]",
REC-E-0428-communication,E-0428,communication,2026-09-29T00:00:00.000Z,insufficient_evidence,observation_gap,0.32,0.092,ACT-0001,stretch assignment: communication #1,0.52,81,"[{""eventId"":""EV-0063605"",""sourceType"":""peer_feedback"",""influence"":0.764},{""eventId"":""EV-0063660"",""sourceType"":""manager_feedback"",""influence"":0.713},{""eventId"":""EV-0063669"",""sourceType"":""assessment"",""influence"":0.561}]",
REC-E-0428-collaboration,E-0428,collaboration,2026-09-29T00:00:00.000Z,stagnating,practice_gap,0.95,0.504,ACT-0007,mentor: collaboration #1,0.62,170,"[{""eventId"":""EV-0063582"",""sourceType"":""assessment"",""influence"":0.58},{""eventId"":""EV-0063661"",""sourceType"":""manager_feedback"",""influence"":0.288},{""eventId"":""EV-0063621"",""sourceType"":""assessment"",""influence"":0.247}]",
REC-E-0429-communication,E-0429,communication,2026-09-29T00:00:00.000Z,improving,practice_gap,0.41,0.02,ACT-0001,stretch assignment: communication #1,0.52,81,"[{""eventId"":""EV-0063734"",""sourceType"":""manager_feedback"",""influence"":1.196},{""eventId"":""EV-0063820"",""sourceType"":""assessment"",""influence"":0.401},{""eventId"":""EV-0063740"",""sourceType"":""assessment"",""influence"":0.334}]",
REC-E-0429-execution,E-0429,execution,2026-09-29T00:00:00.000Z,stagnating,knowledge_gap,0.47,0.206,ACT-0006,mentor: execution #3,0.72,113,"[{""eventId"":""EV-0063761"",""sourceType"":""manager_feedback"",""influence"":0.484},{""eventId"":""EV-0063738"",""sourceType"":""peer_feedback"",""influence"":0.359},{""eventId"":""EV-0063822"",""sourceType"":""assessment"",""influence"":0.253}]",
REC-E-0429-collaboration,E-0429,collaboration,2026-09-29T00:00:00.000Z,stagnating,knowledge_gap,0.96,0.476,ACT-0007,mentor: collaboration #1,0.62,170,"[{""eventId"":""EV-0063840"",""sourceType"":""peer_feedback"",""influence"":0.578},{""eventId"":""EV-0063788"",""sourceType"":""assessment"",""influence"":0.492},{""eventId"":""EV-0063754"",""sourceType"":""self_assessment"",""influence"":0.303}]",
REC-E-0429-problem_solving,E-0429,problem_solving,2026-09-29T00:00:00.000Z,insufficient_evidence,observation_gap,0.11,0.029,ACT-0010,stretch assignment: problem solving #1,0.75,103,"[{""eventId"":""EV-0063755"",""sourceType"":""self_assessment"",""influence"":0.392},{""eventId"":""EV-0063774"",""sourceType"":""manager_feedback"",""influence"":0.384},{""eventId"":""EV-0063733"",""sourceType"":""manager_feedback"",""influence"":0.381}]",
REC-E-0429-visual_craft,E-0429,visual_craft,2026-09-29T00:00:00.000Z,stagnating,application_gap,0.6,0.582,ACT-0037,mentor: visual craft #1,0.72,171,"[{""eventId"":""EV-0063792"",""sourceType"":""assessment"",""influence"":0.652},{""eventId"":""EV-0063731"",""sourceType"":""kpi"",""influence"":0.433},{""eventId"":""EV-0063771"",""sourceType"":""self_assessment"",""influence"":0.223}]",
REC-E-0429-ux_research,E-0429,ux_research,2026-09-29T00:00:00.000Z,declining,application_gap,1.63,2.928,ACT-0041,stretch assignment: ux research #2,0.78,110,"[{""eventId"":""EV-0063735"",""sourceType"":""manager_feedback"",""influence"":2.008},{""eventId"":""EV-0063794"",""sourceType"":""assessment"",""influence"":0.429},{""eventId"":""EV-0063782"",""sourceType"":""peer_feedback"",""influence"":0.374}]",
REC-E-0430-execution,E-0430,execution,2026-09-29T00:00:00.000Z,stagnating,practice_gap,0.97,0.444,ACT-0006,mentor: execution #3,0.72,113,"[{""eventId"":""EV-0063897"",""sourceType"":""manager_feedback"",""influence"":1.129},{""eventId"":""EV-0063891"",""sourceType"":""kpi"",""influence"":0.446},{""eventId"":""EV-0063907"",""sourceType"":""assessment"",""influence"":0.394}]",
REC-E-0430-problem_solving,E-0430,problem_solving,2026-09-29T00:00:00.000Z,stagnating,practice_gap,1.27,0.667,ACT-0010,stretch assignment: problem solving #1,0.75,103,"[{""eventId"":""EV-0063903"",""sourceType"":""peer_feedback"",""influence"":1.07},{""eventId"":""EV-0063974"",""sourceType"":""self_assessment"",""influence"":0.247},{""eventId"":""EV-0063911"",""sourceType"":""assessment"",""influence"":0.222}]",
REC-E-0430-compliance_rigor,E-0430,compliance_rigor,2026-09-29T00:00:00.000Z,stagnating,knowledge_gap,0.96,0.594,ACT-0046,stretch assignment: compliance rigor #1,0.58,77,"[{""eventId"":""EV-0063915"",""sourceType"":""assessment"",""influence"":1.148},{""eventId"":""EV-0064005"",""sourceType"":""peer_feedback"",""influence"":0.887},{""eventId"":""EV-0063991"",""sourceType"":""assessment"",""influence"":0.48}]",
REC-E-0431-collaboration,E-0431,collaboration,2026-09-29T00:00:00.000Z,declining,practice_gap,1.57,1.573,ACT-0007,mentor: collaboration #1,0.62,170,"[{""eventId"":""EV-0064095"",""sourceType"":""self_assessment"",""influence"":1.375},{""eventId"":""EV-0064136"",""sourceType"":""manager_feedback"",""influence"":0.82},{""eventId"":""EV-0064208"",""sourceType"":""assessment"",""influence"":0.314}]",
REC-E-0431-talent_assessment,E-0431,talent_assessment,2026-09-29T00:00:00.000Z,stagnating,practice_gap,0.41,0.348,ACT-0051,community: talent assessment #3,0.29,119,"[{""eventId"":""EV-0064073"",""sourceType"":""kpi"",""influence"":0.442},{""eventId"":""EV-0064091"",""sourceType"":""kpi"",""influence"":0.43},{""eventId"":""EV-0064166"",""sourceType"":""assessment"",""influence"":0.231}]",
REC-E-0431-policy_navigation,E-0431,policy_navigation,2026-09-29T00:00:00.000Z,improving,practice_gap,0.69,0,ACT-0052,mentor: policy navigation #1,0.56,119,"[{""eventId"":""EV-0064077"",""sourceType"":""manager_feedback"",""influence"":1.214},{""eventId"":""EV-0064087"",""sourceType"":""assessment"",""influence"":0.689},{""eventId"":""EV-0064168"",""sourceType"":""assessment"",""influence"":0.473}]",
REC-E-0432-communication,E-0432,communication,2026-09-29T00:00:00.000Z,stagnating,practice_gap,1.25,0.626,ACT-0001,stretch assignment: communication #1,0.52,81,"[{""eventId"":""EV-0064287"",""sourceType"":""assessment"",""influence"":0.731},{""eventId"":""EV-0064243"",""sourceType"":""assessment"",""influence"":0.45},{""eventId"":""EV-0064285"",""sourceType"":""peer_feedback"",""influence"":0.345}]",
REC-E-0432-execution,E-0432,execution,2026-09-29T00:00:00.000Z,improving,application_gap,1.06,0.016,ACT-0006,mentor: execution #3,0.72,113,"[{""eventId"":""EV-0064258"",""sourceType"":""kpi"",""influence"":0.824},{""eventId"":""EV-0064239"",""sourceType"":""kpi"",""influence"":0.708},{""eventId"":""EV-0064251"",""sourceType"":""kpi"",""influence"":0.511}]",
REC-E-0432-collaboration,E-0432,collaboration,2026-09-29T00:00:00.000Z,improving,practice_gap,0.42,0,ACT-0007,mentor: collaboration #1,0.62,170,"[{""eventId"":""EV-0064256"",""sourceType"":""peer_feedback"",""influence"":1.135},{""eventId"":""EV-0064277"",""sourceType"":""peer_feedback"",""influence"":0.726},{""eventId"":""EV-0064321"",""sourceType"":""training"",""influence"":0.569}]",
REC-E-0432-problem_solving,E-0432,problem_solving,2026-09-29T00:00:00.000Z,insufficient_evidence,observation_gap,1.11,0.136,ACT-0010,stretch assignment: problem solving #1,0.75,103,"[{""eventId"":""EV-0064245"",""sourceType"":""assessment"",""influence"":0.715},{""eventId"":""EV-0064309"",""sourceType"":""assessment"",""influence"":0.455},{""eventId"":""EV-0064271"",""sourceType"":""assessment"",""influence"":0.436}]",
REC-E-0432-customer_resolution,E-0432,customer_resolution,2026-09-29T00:00:00.000Z,improving,practice_gap,0.96,0,ACT-0055,stretch assignment: customer resolution #1,0.8,73,"[{""eventId"":""EV-0064241"",""sourceType"":""kpi"",""influence"":1.267},{""eventId"":""EV-0064295"",""sourceType"":""assessment"",""influence"":0.719},{""eventId"":""EV-0064282"",""sourceType"":""kpi"",""influence"":0.586}]",
REC-E-0432-troubleshooting,E-0432,troubleshooting,2026-09-29T00:00:00.000Z,insufficient_evidence,observation_gap,-0.57,0,ACT-0060,stretch assignment: troubleshooting #3,0.62,45,"[{""eventId"":""EV-0064249"",""sourceType"":""assessment"",""influence"":1.519},{""eventId"":""EV-0064317"",""sourceType"":""training"",""influence"":0.268},{""eventId"":""EV-0064329"",""sourceType"":""project"",""influence"":0.179}]",
REC-E-0433-communication,E-0433,communication,2026-09-29T00:00:00.000Z,insufficient_evidence,observation_gap,0.87,0.729,ACT-0001,stretch assignment: communication #1,0.52,81,"[{""eventId"":""EV-0064352"",""sourceType"":""self_assessment"",""influence"":0.872},{""eventId"":""EV-0064363"",""sourceType"":""peer_feedback"",""influence"":0.837},{""eventId"":""EV-0064340"",""sourceType"":""assessment"",""influence"":0.454}]",
REC-E-0433-execution,E-0433,execution,2026-09-29T00:00:00.000Z,stagnating,practice_gap,0.47,0.243,ACT-0006,mentor: execution #3,0.72,113,"[{""eventId"":""EV-0064333"",""sourceType"":""kpi"",""influence"":0.401},{""eventId"":""EV-0064385"",""sourceType"":""assessment"",""influence"":0.34},{""eventId"":""EV-0064416"",""sourceType"":""assessment"",""influence"":0.152}]",
REC-E-0433-collaboration,E-0433,collaboration,2026-09-29T00:00:00.000Z,insufficient_evidence,observation_gap,1.5,1.271,ACT-0009,stretch assignment: collaboration #3,0.37,140,"[{""eventId"":""EV-0064387"",""sourceType"":""assessment"",""influence"":0.456},{""eventId"":""EV-0064354"",""sourceType"":""self_assessment"",""influence"":0.444},{""eventId"":""EV-0064397"",""sourceType"":""manager_feedback"",""influence"":0.376}]",
REC-E-0433-code_quality,E-0433,code_quality,2026-09-29T00:00:00.000Z,stagnating,practice_gap,1.32,1.207,ACT-0017,mentor: code quality #2,0.37,90,"[{""eventId"":""EV-0064473"",""sourceType"":""training"",""influence"":0.481},{""eventId"":""EV-0064357"",""sourceType"":""self_assessment"",""influence"":0.276},{""eventId"":""EV-0064478"",""sourceType"":""project"",""influence"":0.228}]",
REC-E-0434-communication,E-0434,communication,2026-09-29T00:00:00.000Z,stagnating,knowledge_gap,1.34,0.876,ACT-0001,stretch assignment: communication #1,0.52,81,"[{""eventId"":""EV-0064514"",""sourceType"":""assessment"",""influence"":1.456},{""eventId"":""EV-0064495"",""sourceType"":""assessment"",""influence"":0.669},{""eventId"":""EV-0064505"",""sourceType"":""self_assessment"",""influence"":0.502}]",
REC-E-0434-execution,E-0434,execution,2026-09-29T00:00:00.000Z,improving,knowledge_gap,0.74,0.025,ACT-0006,mentor: execution #3,0.72,113,"[{""eventId"":""EV-0064485"",""sourceType"":""kpi"",""influence"":0.842},{""eventId"":""EV-0064516"",""sourceType"":""assessment"",""influence"":0.545},{""eventId"":""EV-0064512"",""sourceType"":""kpi"",""influence"":0.302}]",
REC-E-0434-collaboration,E-0434,collaboration,2026-09-29T00:00:00.000Z,improving,consistency_gap,0.9,0,ACT-0007,mentor: collaboration #1,0.62,170,"[{""eventId"":""EV-0064518"",""sourceType"":""assessment"",""influence"":1.054},{""eventId"":""EV-0064490"",""sourceType"":""peer_feedback"",""influence"":1.031},{""eventId"":""EV-0064577"",""sourceType"":""peer_feedback"",""influence"":0.224}]",
REC-E-0434-problem_solving,E-0434,problem_solving,2026-09-29T00:00:00.000Z,stagnating,knowledge_gap,0.77,0.395,ACT-0010,stretch assignment: problem solving #1,0.75,103,"[{""eventId"":""EV-0064499"",""sourceType"":""assessment"",""influence"":0.684},{""eventId"":""EV-0064552"",""sourceType"":""assessment"",""influence"":0.414},{""eventId"":""EV-0064508"",""sourceType"":""self_assessment"",""influence"":0.309}]",
REC-E-0434-negotiation,E-0434,negotiation,2026-09-29T00:00:00.000Z,improving,practice_gap,0.33,0.045,ACT-0019,project: negotiation #1,0.4,165,"[{""eventId"":""EV-0064522"",""sourceType"":""assessment"",""influence"":0.537},{""eventId"":""EV-0064489"",""sourceType"":""peer_feedback"",""influence"":0.35},{""eventId"":""EV-0064537"",""sourceType"":""self_assessment"",""influence"":0.348}]",
REC-E-0434-pipeline_mgmt,E-0434,pipeline_mgmt,2026-09-29T00:00:00.000Z,stagnating,practice_gap,0.4,0.372,ACT-0022,stretch assignment: pipeline mgmt #1,0.75,154,"[{""eventId"":""EV-0064493"",""sourceType"":""peer_feedback"",""influence"":0.955},{""eventId"":""EV-0064526"",""sourceType"":""kpi"",""influence"":0.601},{""eventId"":""EV-0064510"",""sourceType"":""self_assessment"",""influence"":0.226}]",
REC-E-0435-campaign_strategy,E-0435,campaign_strategy,2026-09-29T00:00:00.000Z,stagnating,application_gap,0.43,0.478,ACT-0027,coaching: campaign strategy #3,0.71,65,"[{""eventId"":""EV-0064604"",""sourceType"":""kpi"",""influence"":0.875},{""eventId"":""EV-0064746"",""sourceType"":""assessment"",""influence"":0.365},{""eventId"":""EV-0064707"",""sourceType"":""assessment"",""influence"":0.356}]",
REC-E-0437-problem_solving,E-0437,problem_solving,2026-09-29T00:00:00.000Z,stagnating,practice_gap,0.72,0.476,ACT-0010,stretch assignment: problem solving #1,0.75,103,"[{""eventId"":""EV-0064938"",""sourceType"":""self_assessment"",""influence"":0.8},{""eventId"":""EV-0064947"",""sourceType"":""assessment"",""influence"":0.47},{""eventId"":""EV-0064965"",""sourceType"":""peer_feedback"",""influence"":0.396}]",
REC-E-0437-visual_craft,E-0437,visual_craft,2026-09-29T00:00:00.000Z,stagnating,practice_gap,0.34,0.414,ACT-0037,mentor: visual craft #1,0.72,171,"[{""eventId"":""EV-0064943"",""sourceType"":""peer_feedback"",""influence"":1.082},{""eventId"":""EV-0064949"",""sourceType"":""assessment"",""influence"":0.618},{""eventId"":""EV-0064961"",""sourceType"":""peer_feedback"",""influence"":0.255}]",
REC-E-0438-communication,E-0438,communication,2026-09-29T00:00:00.000Z,declining,practice_gap,0.99,0.986,ACT-0001,stretch assignment: communication #1,0.52,81,"[{""eventId"":""EV-0065107"",""sourceType"":""self_assessment"",""influence"":0.91},{""eventId"":""EV-0065169"",""sourceType"":""peer_feedback"",""influence"":0.822},{""eventId"":""EV-0065115"",""sourceType"":""manager_feedback"",""influence"":0.483}]",
REC-E-0438-execution,E-0438,execution,2026-09-29T00:00:00.000Z,stagnating,practice_gap,0.36,0.229,ACT-0006,mentor: execution #3,0.72,113,"[{""eventId"":""EV-0065237"",""sourceType"":""training"",""influence"":0.802},{""eventId"":""EV-0065085"",""sourceType"":""kpi"",""influence"":0.558},{""eventId"":""EV-0065128"",""sourceType"":""manager_feedback"",""influence"":0.477}]",
REC-E-0438-collaboration,E-0438,collaboration,2026-09-29T00:00:00.000Z,stagnating,practice_gap,0.49,0.309,ACT-0007,mentor: collaboration #1,0.62,170,"[{""eventId"":""EV-0065134"",""sourceType"":""assessment"",""influence"":0.605},{""eventId"":""EV-0065245"",""sourceType"":""project"",""influence"":0.537},{""eventId"":""EV-0065093"",""sourceType"":""peer_feedback"",""influence"":0.349}]",
REC-E-0439-problem_solving,E-0439,problem_solving,2026-09-29T00:00:00.000Z,insufficient_evidence,observation_gap,-0.26,0,ACT-0010,stretch assignment: problem solving #1,0.75,103,"[{""eventId"":""EV-0065256"",""sourceType"":""peer_feedback"",""influence"":1.694},{""eventId"":""EV-0065254"",""sourceType"":""self_assessment"",""influence"":1.059}]",
REC-E-0439-talent_assessment,E-0439,talent_assessment,2026-09-29T00:00:00.000Z,insufficient_evidence,observation_gap,-0.39,0,ACT-0050,project: talent assessment #2,0.25,149,"[{""eventId"":""EV-0065258"",""sourceType"":""self_assessment"",""influence"":0.281},{""eventId"":""EV-0065260"",""sourceType"":""peer_feedback"",""influence"":0.09}]",
REC-E-0440-communication,E-0440,communication,2026-09-29T00:00:00.000Z,declining,practice_gap,0.67,0.669,ACT-0001,stretch assignment: communication #1,0.52,81,"[{""eventId"":""EV-0065379"",""sourceType"":""assessment"",""influence"":1.376},{""eventId"":""EV-0065524"",""sourceType"":""project"",""influence"":0.589},{""eventId"":""EV-0065421"",""sourceType"":""self_assessment"",""influence"":0.408}]",
REC-E-0440-customer_resolution,E-0440,customer_resolution,2026-09-29T00:00:00.000Z,stagnating,practice_gap,0.41,0.455,ACT-0055,stretch assignment: customer resolution #1,0.8,73,"[{""eventId"":""EV-0065371"",""sourceType"":""manager_feedback"",""influence"":1.185},{""eventId"":""EV-0065395"",""sourceType"":""manager_feedback"",""influence"":0.482},{""eventId"":""EV-0065387"",""sourceType"":""assessment"",""influence"":0.468}]",
REC-E-0440-troubleshooting,E-0440,troubleshooting,2026-09-29T00:00:00.000Z,insufficient_evidence,observation_gap,-1.36,0,ACT-0060,stretch assignment: troubleshooting #3,0.62,45,"[{""eventId"":""EV-0065369"",""sourceType"":""manager_feedback"",""influence"":1.152},{""eventId"":""EV-0065501"",""sourceType"":""assessment"",""influence"":0.442},{""eventId"":""EV-0065404"",""sourceType"":""peer_feedback"",""influence"":0.332}]",
REC-E-0441-problem_solving,E-0441,problem_solving,2026-09-29T00:00:00.000Z,stagnating,practice_gap,0.71,0.449,ACT-0010,stretch assignment: problem solving #1,0.75,103,"[{""eventId"":""EV-0065685"",""sourceType"":""project"",""influence"":0.278},{""eventId"":""EV-0065549"",""sourceType"":""assessment"",""influence"":0.267},{""eventId"":""EV-0065533"",""sourceType"":""self_assessment"",""influence"":0.245}]",
REC-E-0442-communication,E-0442,communication,2026-09-29T00:00:00.000Z,stagnating,knowledge_gap,1.35,0.809,ACT-0001,stretch assignment: communication #1,0.52,81,"[{""eventId"":""EV-0065698"",""sourceType"":""manager_feedback"",""influence"":0.39},{""eventId"":""EV-0065818"",""sourceType"":""assessment"",""influence"":0.381},{""eventId"":""EV-0065707"",""sourceType"":""assessment"",""influence"":0.364}]",
REC-E-0442-execution,E-0442,execution,2026-09-29T00:00:00.000Z,declining,knowledge_gap,1.26,1.258,ACT-0006,mentor: execution #3,0.72,113,"[{""eventId"":""EV-0065697"",""sourceType"":""manager_feedback"",""influence"":1.204},{""eventId"":""EV-0065709"",""sourceType"":""assessment"",""influence"":0.54},{""eventId"":""EV-0065789"",""sourceType"":""kpi"",""influence"":0.335}]",
REC-E-0442-collaboration,E-0442,collaboration,2026-09-29T00:00:00.000Z,stagnating,practice_gap,0.4,0.21,ACT-0007,mentor: collaboration #1,0.62,170,"[{""eventId"":""EV-0065701"",""sourceType"":""peer_feedback"",""influence"":0.321},{""eventId"":""EV-0065711"",""sourceType"":""assessment"",""influence"":0.202},{""eventId"":""EV-0065781"",""sourceType"":""assessment"",""influence"":0.196}]",
REC-E-0442-problem_solving,E-0442,problem_solving,2026-09-29T00:00:00.000Z,stagnating,practice_gap,0.53,0.293,ACT-0010,stretch assignment: problem solving #1,0.75,103,"[{""eventId"":""EV-0065779"",""sourceType"":""peer_feedback"",""influence"":0.578},{""eventId"":""EV-0065776"",""sourceType"":""peer_feedback"",""influence"":0.406},{""eventId"":""EV-0065699"",""sourceType"":""manager_feedback"",""influence"":0.394}]",
REC-E-0443-communication,E-0443,communication,2026-09-29T00:00:00.000Z,improving,application_gap,0.56,0.008,ACT-0001,stretch assignment: communication #1,0.52,81,"[{""eventId"":""EV-0065867"",""sourceType"":""self_assessment"",""influence"":0.852},{""eventId"":""EV-0065972"",""sourceType"":""training"",""influence"":0.729},{""eventId"":""EV-0065857"",""sourceType"":""assessment"",""influence"":0.599}]",
REC-E-0443-problem_solving,E-0443,problem_solving,2026-09-29T00:00:00.000Z,improving,knowledge_gap,0.51,0.041,ACT-0010,stretch assignment: problem solving #1,0.75,103,"[{""eventId"":""EV-0065850"",""sourceType"":""manager_feedback"",""influence"":1.177},{""eventId"":""EV-0065893"",""sourceType"":""assessment"",""influence"":0.873},{""eventId"":""EV-0065947"",""sourceType"":""assessment"",""influence"":0.418}]",
REC-E-0443-campaign_strategy,E-0443,campaign_strategy,2026-09-29T00:00:00.000Z,declining,application_gap,1.26,2.167,ACT-0027,coaching: campaign strategy #3,0.71,65,"[{""eventId"":""EV-0065852"",""sourceType"":""manager_feedback"",""influence"":1.202},{""eventId"":""EV-0065899"",""sourceType"":""kpi"",""influence"":0.446},{""eventId"":""EV-0065949"",""sourceType"":""assessment"",""influence"":0.261}]",
REC-E-0443-content_quality,E-0443,content_quality,2026-09-29T00:00:00.000Z,stagnating,practice_gap,1.96,2.47,ACT-0028,course: content quality #1,0.73,107,"[{""eventId"":""EV-0065979"",""sourceType"":""project"",""influence"":0.606},{""eventId"":""EV-0065874"",""sourceType"":""manager_feedback"",""influence"":0.549},{""eventId"":""EV-0065939"",""sourceType"":""manager_feedback"",""influence"":0.427}]",
REC-E-0444-communication,E-0444,communication,2026-09-29T00:00:00.000Z,declining,practice_gap,0.8,0.741,ACT-0001,stretch assignment: communication #1,0.52,81,"[{""eventId"":""EV-0065992"",""sourceType"":""self_assessment"",""influence"":0.73},{""eventId"":""EV-0066032"",""sourceType"":""manager_feedback"",""influence"":0.443},{""eventId"":""EV-0066078"",""sourceType"":""assessment"",""influence"":0.362}]",
REC-E-0444-collaboration,E-0444,collaboration,2026-09-29T00:00:00.000Z,insufficient_evidence,observation_gap,0.6,0.296,ACT-0009,stretch assignment: collaboration #3,0.37,140,"[{""eventId"":""EV-0065986"",""sourceType"":""peer_feedback"",""influence"":1.42},{""eventId"":""EV-0065984"",""sourceType"":""self_assessment"",""influence"":0.946}]",
REC-E-0444-problem_solving,E-0444,problem_solving,2026-09-29T00:00:00.000Z,declining,practice_gap,0.73,0.654,ACT-0010,stretch assignment: problem solving #1,0.75,103,"[{""eventId"":""EV-0066082"",""sourceType"":""assessment"",""influence"":0.579},{""eventId"":""EV-0066016"",""sourceType"":""self_assessment"",""influence"":0.503},{""eventId"":""EV-0065994"",""sourceType"":""self_assessment"",""influence"":0.261}]",
REC-E-0444-roadmap_prioritization,E-0444,roadmap_prioritization,2026-09-29T00:00:00.000Z,declining,knowledge_gap,0.64,1.154,ACT-0032,stretch assignment: roadmap prioritization #2,0.77,54,"[{""eventId"":""EV-0065990"",""sourceType"":""kpi"",""influence"":1.064},{""eventId"":""EV-0065995"",""sourceType"":""self_assessment"",""influence"":0.73},{""eventId"":""EV-0066041"",""sourceType"":""assessment"",""influence"":0.645}]",
REC-E-0444-stakeholder_alignment,E-0444,stakeholder_alignment,2026-09-29T00:00:00.000Z,stagnating,practice_gap,0.61,0.504,ACT-0034,stretch assignment: stakeholder alignment #1,0.68,119,"[{""eventId"":""EV-0066043"",""sourceType"":""assessment"",""influence"":0.492},{""eventId"":""EV-0066010"",""sourceType"":""assessment"",""influence"":0.275},{""eventId"":""EV-0065996"",""sourceType"":""self_assessment"",""influence"":0.268}]",
REC-E-0445-execution,E-0445,execution,2026-09-29T00:00:00.000Z,declining,application_gap,0.35,0.351,ACT-0006,mentor: execution #3,0.72,113,"[{""eventId"":""EV-0066156"",""sourceType"":""self_assessment"",""influence"":1.362},{""eventId"":""EV-0066259"",""sourceType"":""manager_feedback"",""influence"":0.357},{""eventId"":""EV-0066151"",""sourceType"":""kpi"",""influence"":0.348}]",
REC-E-0445-collaboration,E-0445,collaboration,2026-09-29T00:00:00.000Z,insufficient_evidence,observation_gap,1.81,1.462,ACT-0009,stretch assignment: collaboration #3,0.37,140,"[{""eventId"":""EV-0066213"",""sourceType"":""assessment"",""influence"":0.941},{""eventId"":""EV-0066157"",""sourceType"":""self_assessment"",""influence"":0.831},{""eventId"":""EV-0066253"",""sourceType"":""self_assessment"",""influence"":0.341}]",
REC-E-0445-problem_solving,E-0445,problem_solving,2026-09-29T00:00:00.000Z,declining,practice_gap,0.76,0.76,ACT-0010,stretch assignment: problem solving #1,0.75,103,"[{""eventId"":""EV-0066170"",""sourceType"":""peer_feedback"",""influence"":1.083},{""eventId"":""EV-0066243"",""sourceType"":""assessment"",""influence"":0.412},{""eventId"":""EV-0066317"",""sourceType"":""certification"",""influence"":0.283}]",
REC-E-0445-visual_craft,E-0445,visual_craft,2026-09-29T00:00:00.000Z,stagnating,practice_gap,0.95,1.042,ACT-0037,mentor: visual craft #1,0.72,171,"[{""eventId"":""EV-0066153"",""sourceType"":""kpi"",""influence"":0.459},{""eventId"":""EV-0066245"",""sourceType"":""assessment"",""influence"":0.404},{""eventId"":""EV-0066308"",""sourceType"":""project"",""influence"":0.273}]",
REC-E-0445-ux_research,E-0445,ux_research,2026-09-29T00:00:00.000Z,stagnating,practice_gap,0.76,0.568,ACT-0041,stretch assignment: ux research #2,0.78,110,"[{""eventId"":""EV-0066169"",""sourceType"":""peer_feedback"",""influence"":1.102},{""eventId"":""EV-0066260"",""sourceType"":""manager_feedback"",""influence"":0.578},{""eventId"":""EV-0066302"",""sourceType"":""training"",""influence"":0.353}]",
REC-E-0446-communication,E-0446,communication,2026-09-29T00:00:00.000Z,stagnating,practice_gap,0.74,0.388,ACT-0001,stretch assignment: communication #1,0.52,81,"[{""eventId"":""EV-0066321"",""sourceType"":""manager_feedback"",""influence"":0.397},{""eventId"":""EV-0066448"",""sourceType"":""project"",""influence"":0.361},{""eventId"":""EV-0066360"",""sourceType"":""assessment"",""influence"":0.33}]",
REC-E-0446-collaboration,E-0446,collaboration,2026-09-29T00:00:00.000Z,insufficient_evidence,observation_gap,-0.69,0,ACT-0009,stretch assignment: collaboration #3,0.37,140,"[{""eventId"":""EV-0066364"",""sourceType"":""assessment"",""influence"":1.013},{""eventId"":""EV-0066399"",""sourceType"":""assessment"",""influence"":0.771},{""eventId"":""EV-0066327"",""sourceType"":""assessment"",""influence"":0.598}]",
REC-E-0446-financial_modeling,E-0446,financial_modeling,2026-09-29T00:00:00.000Z,stagnating,practice_gap,0.97,0.961,ACT-0045,community: financial modeling #3,0.62,81,"[{""eventId"":""EV-0066319"",""sourceType"":""kpi"",""influence"":0.583},{""eventId"":""EV-0066331"",""sourceType"":""assessment"",""influence"":0.489},{""eventId"":""EV-0066403"",""sourceType"":""assessment"",""influence"":0.317}]",
REC-E-0446-compliance_rigor,E-0446,compliance_rigor,2026-09-29T00:00:00.000Z,insufficient_evidence,observation_gap,-0.34,0,ACT-0046,stretch assignment: compliance rigor #1,0.58,77,"[{""eventId"":""EV-0066323"",""sourceType"":""manager_feedback"",""influence"":2.015},{""eventId"":""EV-0066370"",""sourceType"":""assessment"",""influence"":0.863},{""eventId"":""EV-0066405"",""sourceType"":""assessment"",""influence"":0.677}]",
REC-E-0447-execution,E-0447,execution,2026-09-29T00:00:00.000Z,stagnating,knowledge_gap,0.61,0.247,ACT-0006,mentor: execution #3,0.72,113,"[{""eventId"":""EV-0066456"",""sourceType"":""self_assessment"",""influence"":0.778},{""eventId"":""EV-0066464"",""sourceType"":""manager_feedback"",""influence"":0.469},{""eventId"":""EV-0066474"",""sourceType"":""assessment"",""influence"":0.426}]",
REC-E-0448-communication,E-0448,communication,2026-09-29T00:00:00.000Z,insufficient_evidence,observation_gap,-0.34,0,ACT-0001,stretch assignment: communication #1,0.52,81,"[{""eventId"":""EV-0066626"",""sourceType"":""peer_feedback"",""influence"":1.404},{""eventId"":""EV-0066624"",""sourceType"":""self_assessment"",""influence"":0.902}]",
REC-E-0448-collaboration,E-0448,collaboration,2026-09-29T00:00:00.000Z,stagnating,knowledge_gap,0.54,0.338,ACT-0007,mentor: collaboration #1,0.62,170,"[{""eventId"":""EV-0066638"",""sourceType"":""assessment"",""influence"":0.743},{""eventId"":""EV-0066675"",""sourceType"":""assessment"",""influence"":0.6},{""eventId"":""EV-0066633"",""sourceType"":""manager_feedback"",""influence"":0.403}]",
REC-E-0448-problem_solving,E-0448,problem_solving,2026-09-29T00:00:00.000Z,insufficient_evidence,observation_gap,-0.66,0,ACT-0010,stretch assignment: problem solving #1,0.75,103,"[{""eventId"":""EV-0066640"",""sourceType"":""assessment"",""influence"":0.396},{""eventId"":""EV-0066652"",""sourceType"":""self_assessment"",""influence"":0.21}]","{""lever"":""fresh_observation"",""description"":""1 current observation (any source) — the existing evidence has gone stale"",""n_needed"":1,""projected_score"":0.65,""current_score"":0.251}"
REC-E-0449-communication,E-0449,communication,2026-09-29T00:00:00.000Z,improving,knowledge_gap,0.9,0,ACT-0001,stretch assignment: communication #1,0.52,81,"[{""eventId"":""EV-0066762"",""sourceType"":""self_assessment"",""influence"":0.872},{""eventId"":""EV-0066775"",""sourceType"":""assessment"",""influence"":0.727},{""eventId"":""EV-0066808"",""sourceType"":""peer_feedback"",""influence"":0.505}]",
REC-E-0449-execution,E-0449,execution,2026-09-29T00:00:00.000Z,improving,practice_gap,0.5,0.018,ACT-0006,mentor: execution #3,0.72,113,"[{""eventId"":""EV-0066772"",""sourceType"":""peer_feedback"",""influence"":1.08},{""eventId"":""EV-0066870"",""sourceType"":""training"",""influence"":0.62},{""eventId"":""EV-0066758"",""sourceType"":""kpi"",""influence"":0.389}]",
REC-E-0449-collaboration,E-0449,collaboration,2026-09-29T00:00:00.000Z,stagnating,knowledge_gap,1.8,0.575,ACT-0007,mentor: collaboration #1,0.62,170,"[{""eventId"":""EV-0066764"",""sourceType"":""self_assessment"",""influence"":0.828},{""eventId"":""EV-0066847"",""sourceType"":""assessment"",""influence"":0.518},{""eventId"":""EV-0066826"",""sourceType"":""self_assessment"",""influence"":0.355}]",
REC-E-0449-problem_solving,E-0449,problem_solving,2026-09-29T00:00:00.000Z,insufficient_evidence,observation_gap,1.62,0.159,ACT-0010,stretch assignment: problem solving #1,0.75,103,"[{""eventId"":""EV-0066862"",""sourceType"":""assessment"",""influence"":1.685},{""eventId"":""EV-0066770"",""sourceType"":""peer_feedback"",""influence"":1.063},{""eventId"":""EV-0066874"",""sourceType"":""project"",""influence"":0.356}]",
REC-E-0449-system_design,E-0449,system_design,2026-09-29T00:00:00.000Z,stagnating,practice_gap,0.83,0.886,ACT-0014,coaching: system design #2,0.59,90,"[{""eventId"":""EV-0066773"",""sourceType"":""peer_feedback"",""influence"":1.736},{""eventId"":""EV-0066760"",""sourceType"":""kpi"",""influence"":0.289},{""eventId"":""EV-0066838"",""sourceType"":""kpi"",""influence"":0.225}]",
REC-E-0449-code_quality,E-0449,code_quality,2026-09-29T00:00:00.000Z,insufficient_evidence,observation_gap,0.72,0.607,ACT-0017,mentor: code quality #2,0.37,90,"[{""eventId"":""EV-0066769"",""sourceType"":""peer_feedback"",""influence"":1.085},{""eventId"":""EV-0066783"",""sourceType"":""assessment"",""influence"":0.28},{""eventId"":""EV-0066767"",""sourceType"":""self_assessment"",""influence"":0.112}]",
REC-E-0450-communication,E-0450,communication,2026-09-29T00:00:00.000Z,stagnating,practice_gap,0.67,0.374,ACT-0001,stretch assignment: communication #1,0.52,81,"[{""eventId"":""EV-0066882"",""sourceType"":""self_assessment"",""influence"":0.776},{""eventId"":""EV-0066889"",""sourceType"":""assessment"",""influence"":0.635},{""eventId"":""EV-0066990"",""sourceType"":""project"",""influence"":0.419}]",
REC-E-0450-execution,E-0450,execution,2026-09-29T00:00:00.000Z,improving,practice_gap,0.82,0,ACT-0006,mentor: execution #3,0.72,113,"[{""eventId"":""EV-0066945"",""sourceType"":""assessment"",""influence"":0.818},{""eventId"":""EV-0066963"",""sourceType"":""assessment"",""influence"":0.32},{""eventId"":""EV-0066959"",""sourceType"":""kpi"",""influence"":0.192}]",
REC-E-0450-collaboration,E-0450,collaboration,2026-09-29T00:00:00.000Z,stagnating,practice_gap,2.05,0.896,ACT-0007,mentor: collaboration #1,0.62,170,"[{""eventId"":""EV-0066965"",""sourceType"":""assessment"",""influence"":0.561},{""eventId"":""EV-0066928"",""sourceType"":""self_assessment"",""influence"":0.475},{""eventId"":""EV-0066884"",""sourceType"":""self_assessment"",""influence"":0.27}]",
REC-E-0450-problem_solving,E-0450,problem_solving,2026-09-29T00:00:00.000Z,stagnating,knowledge_gap,1.65,1.033,ACT-0010,stretch assignment: problem solving #1,0.75,103,"[{""eventId"":""EV-0066898"",""sourceType"":""peer_feedback"",""influence"":0.593},{""eventId"":""EV-0066949"",""sourceType"":""assessment"",""influence"":0.421},{""eventId"":""EV-0066967"",""sourceType"":""assessment"",""influence"":0.328}]",
REC-E-0450-negotiation,E-0450,negotiation,2026-09-29T00:00:00.000Z,improving,practice_gap,0.55,0,ACT-0019,project: negotiation #1,0.4,165,"[{""eventId"":""EV-0066918"",""sourceType"":""assessment"",""influence"":1.176},{""eventId"":""EV-0066886"",""sourceType"":""self_assessment"",""influence"":0.863},{""eventId"":""EV-0066951"",""sourceType"":""assessment"",""influence"":0.789}]",
REC-E-0450-pipeline_mgmt,E-0450,pipeline_mgmt,2026-09-29T00:00:00.000Z,stagnating,practice_gap,1.81,0.955,ACT-0022,stretch assignment: pipeline mgmt #1,0.75,154,"[{""eventId"":""EV-0066887"",""sourceType"":""self_assessment"",""influence"":0.926},{""eventId"":""EV-0066971"",""sourceType"":""assessment"",""influence"":0.375},{""eventId"":""EV-0066920"",""sourceType"":""assessment"",""influence"":0.324}]",
REC-E-0451-communication,E-0451,communication,2026-09-29T00:00:00.000Z,stagnating,practice_gap,0.74,0.278,ACT-0001,stretch assignment: communication #1,0.52,81,"[{""eventId"":""EV-0067018"",""sourceType"":""manager_feedback"",""influence"":1.253},{""eventId"":""EV-0067036"",""sourceType"":""manager_feedback"",""influence"":0.401},{""eventId"":""EV-0067104"",""sourceType"":""assessment"",""influence"":0.269}]",
REC-E-0451-execution,E-0451,execution,2026-09-29T00:00:00.000Z,declining,practice_gap,0.44,0.418,ACT-0006,mentor: execution #3,0.72,113,"[{""eventId"":""EV-0066998"",""sourceType"":""kpi"",""influence"":1.792},{""eventId"":""EV-0067002"",""sourceType"":""assessment"",""influence"":0.782},{""eventId"":""EV-0067053"",""sourceType"":""peer_feedback"",""influence"":0.203}]",
REC-E-0451-problem_solving,E-0451,problem_solving,2026-09-29T00:00:00.000Z,declining,knowledge_gap,0.48,0.464,ACT-0010,stretch assignment: problem solving #1,0.75,103,"[{""eventId"":""EV-0067017"",""sourceType"":""manager_feedback"",""influence"":1.284},{""eventId"":""EV-0067044"",""sourceType"":""assessment"",""influence"":1.061},{""eventId"":""EV-0067076"",""sourceType"":""assessment"",""influence"":0.481}]",
REC-E-0451-campaign_strategy,E-0451,campaign_strategy,2026-09-29T00:00:00.000Z,insufficient_evidence,observation_gap,0.51,0.53,ACT-0027,coaching: campaign strategy #3,0.71,65,"[{""eventId"":""EV-0066994"",""sourceType"":""self_assessment"",""influence"":0.313},{""eventId"":""EV-0066996"",""sourceType"":""peer_feedback"",""influence"":0.152}]",
REC-E-0451-content_quality,E-0451,content_quality,2026-09-29T00:00:00.000Z,stagnating,practice_gap,1.01,1.078,ACT-0028,course: content quality #1,0.73,107,"[{""eventId"":""EV-0067006"",""sourceType"":""assessment"",""influence"":0.841},{""eventId"":""EV-0067078"",""sourceType"":""assessment"",""influence"":0.822},{""eventId"":""EV-0067050"",""sourceType"":""manager_feedback"",""influence"":0.588}]",
REC-E-0452-communication,E-0452,communication,2026-09-29T00:00:00.000Z,stagnating,practice_gap,0.5,0.329,ACT-0001,stretch assignment: communication #1,0.52,81,"[{""eventId"":""EV-0067184"",""sourceType"":""manager_feedback"",""influence"":1.701},{""eventId"":""EV-0067156"",""sourceType"":""assessment"",""influence"":0.82},{""eventId"":""EV-0067150"",""sourceType"":""manager_feedback"",""influence"":0.395}]",
REC-E-0452-problem_solving,E-0452,problem_solving,2026-09-29T00:00:00.000Z,stagnating,knowledge_gap,0.77,0.474,ACT-0010,stretch assignment: problem solving #1,0.75,103,"[{""eventId"":""EV-0067149"",""sourceType"":""manager_feedback"",""influence"":0.388},{""eventId"":""EV-0067216"",""sourceType"":""self_assessment"",""influence"":0.371},{""eventId"":""EV-0067160"",""sourceType"":""assessment"",""influence"":0.322}]",
REC-E-0453-communication,E-0453,communication,2026-09-29T00:00:00.000Z,insufficient_evidence,observation_gap,-1.06,0,ACT-0001,stretch assignment: communication #1,0.52,81,"[{""eventId"":""EV-0067307"",""sourceType"":""self_assessment"",""influence"":0.811},{""eventId"":""EV-0067383"",""sourceType"":""manager_feedback"",""influence"":0.509},{""eventId"":""EV-0067391"",""sourceType"":""manager_feedback"",""influence"":0.222}]",
REC-E-0454-communication,E-0454,communication,2026-09-29T00:00:00.000Z,insufficient_evidence,observation_gap,1.41,0.83,ACT-0001,stretch assignment: communication #1,0.52,81,"[{""eventId"":""EV-0067466"",""sourceType"":""self_assessment"",""influence"":0.311},{""eventId"":""EV-0067468"",""sourceType"":""peer_feedback"",""influence"":0.137}]",
REC-E-0454-execution,E-0454,execution,2026-09-29T00:00:00.000Z,stagnating,practice_gap,1.35,0.852,ACT-0006,mentor: execution #3,0.72,113,"[{""eventId"":""EV-0067519"",""sourceType"":""assessment"",""influence"":0.415},{""eventId"":""EV-0067472"",""sourceType"":""manager_feedback"",""influence"":0.384},{""eventId"":""EV-0067479"",""sourceType"":""peer_feedback"",""influence"":0.315}]",
REC-E-0454-financial_modeling,E-0454,financial_modeling,2026-09-29T00:00:00.000Z,stagnating,practice_gap,0.63,0.509,ACT-0045,community: financial modeling #3,0.62,81,"[{""eventId"":""EV-0067615"",""sourceType"":""certification"",""influence"":0.558},{""eventId"":""EV-0067492"",""sourceType"":""kpi"",""influence"":0.402},{""eventId"":""EV-0067473"",""sourceType"":""manager_feedback"",""influence"":0.384}]",
REC-E-0455-policy_navigation,E-0455,policy_navigation,2026-09-29T00:00:00.000Z,insufficient_evidence,observation_gap,-0.55,0,ACT-0052,mentor: policy navigation #1,0.56,119,"[{""eventId"":""EV-0067645"",""sourceType"":""manager_feedback"",""influence"":0.405},{""eventId"":""EV-0067631"",""sourceType"":""assessment"",""influence"":0.35},{""eventId"":""EV-0067659"",""sourceType"":""manager_feedback"",""influence"":0.239}]",
REC-E-0456-execution,E-0456,execution,2026-09-29T00:00:00.000Z,stagnating,practice_gap,0.61,0.315,ACT-0006,mentor: execution #3,0.72,113,"[{""eventId"":""EV-0067797"",""sourceType"":""assessment"",""influence"":0.576},{""eventId"":""EV-0067818"",""sourceType"":""kpi"",""influence"":0.254},{""eventId"":""EV-0067757"",""sourceType"":""assessment"",""influence"":0.249}]",
REC-E-0456-collaboration,E-0456,collaboration,2026-09-29T00:00:00.000Z,stagnating,practice_gap,0.75,0.554,ACT-0007,mentor: collaboration #1,0.62,170,"[{""eventId"":""EV-0067811"",""sourceType"":""manager_feedback"",""influence"":0.738},{""eventId"":""EV-0067780"",""sourceType"":""peer_feedback"",""influence"":0.711},{""eventId"":""EV-0067759"",""sourceType"":""assessment"",""influence"":0.389}]",
REC-E-0456-problem_solving,E-0456,problem_solving,2026-09-29T00:00:00.000Z,stagnating,practice_gap,1.25,0.799,ACT-0010,stretch assignment: problem solving #1,0.75,103,"[{""eventId"":""EV-0067753"",""sourceType"":""manager_feedback"",""influence"":0.389},{""eventId"":""EV-0067772"",""sourceType"":""self_assessment"",""influence"":0.36},{""eventId"":""EV-0067792"",""sourceType"":""peer_feedback"",""influence"":0.249}]",
REC-E-0456-customer_resolution,E-0456,customer_resolution,2026-09-29T00:00:00.000Z,stagnating,practice_gap,0.93,0.914,ACT-0055,stretch assignment: customer resolution #1,0.8,73,"[{""eventId"":""EV-0067749"",""sourceType"":""kpi"",""influence"":1.05},{""eventId"":""EV-0067803"",""sourceType"":""assessment"",""influence"":0.724},{""eventId"":""EV-0067861"",""sourceType"":""assessment"",""influence"":0.325}]",
REC-E-0456-troubleshooting,E-0456,troubleshooting,2026-09-29T00:00:00.000Z,declining,knowledge_gap,1.31,2.212,ACT-0060,stretch assignment: troubleshooting #3,0.62,45,"[{""eventId"":""EV-0067821"",""sourceType"":""manager_feedback"",""influence"":0.508},{""eventId"":""EV-0067751"",""sourceType"":""manager_feedback"",""influence"":0.39},{""eventId"":""EV-0067863"",""sourceType"":""assessment"",""influence"":0.364}]",
REC-E-0457-execution,E-0457,execution,2026-09-29T00:00:00.000Z,stagnating,practice_gap,0.52,0.337,ACT-0006,mentor: execution #3,0.72,113,"[{""eventId"":""EV-0067888"",""sourceType"":""kpi"",""influence"":0.479},{""eventId"":""EV-0067941"",""sourceType"":""assessment"",""influence"":0.352},{""eventId"":""EV-0067957"",""sourceType"":""peer_feedback"",""influence"":0.259}]",
REC-E-0457-problem_solving,E-0457,problem_solving,2026-09-29T00:00:00.000Z,stagnating,practice_gap,0.92,0.678,ACT-0010,stretch assignment: problem solving #1,0.75,103,"[{""eventId"":""EV-0067901"",""sourceType"":""manager_feedback"",""influence"":0.809},{""eventId"":""EV-0067958"",""sourceType"":""peer_feedback"",""influence"":0.425},{""eventId"":""EV-0067943"",""sourceType"":""assessment"",""influence"":0.319}]",
REC-E-0457-system_design,E-0457,system_design,2026-09-29T00:00:00.000Z,stagnating,practice_gap,0.35,0.367,ACT-0014,coaching: system design #2,0.59,90,"[{""eventId"":""EV-0067896"",""sourceType"":""self_assessment"",""influence"":0.828},{""eventId"":""EV-0067890"",""sourceType"":""kpi"",""influence"":0.355},{""eventId"":""EV-0067923"",""sourceType"":""peer_feedback"",""influence"":0.266}]",
REC-E-0458-communication,E-0458,communication,2026-09-29T00:00:00.000Z,insufficient_evidence,observation_gap,0.03,0.005,ACT-0001,stretch assignment: communication #1,0.52,81,"[{""eventId"":""EV-0068115"",""sourceType"":""manager_feedback"",""influence"":1.307},{""eventId"":""EV-0068074"",""sourceType"":""manager_feedback"",""influence"":0.873},{""eventId"":""EV-0068101"",""sourceType"":""manager_feedback"",""influence"":0.348}]",
REC-E-0458-problem_solving,E-0458,problem_solving,2026-09-29T00:00:00.000Z,declining,practice_gap,0.64,0.622,ACT-0010,stretch assignment: problem solving #1,0.75,103,"[{""eventId"":""EV-0068069"",""sourceType"":""self_assessment"",""influence"":0.884},{""eventId"":""EV-0068056"",""sourceType"":""assessment"",""influence"":0.729},{""eventId"":""EV-0068081"",""sourceType"":""manager_feedback"",""influence"":0.64}]",
REC-E-0459-problem_solving,E-0459,problem_solving,2026-09-29T00:00:00.000Z,stagnating,practice_gap,0.51,0.297,ACT-0010,stretch assignment: problem solving #1,0.75,103,"[{""eventId"":""EV-0068185"",""sourceType"":""manager_feedback"",""influence"":0.883},{""eventId"":""EV-0068336"",""sourceType"":""project"",""influence"":0.605},{""eventId"":""EV-0068235"",""sourceType"":""assessment"",""influence"":0.473}]",
REC-E-0460-execution,E-0460,execution,2026-09-29T00:00:00.000Z,stagnating,practice_gap,0.33,0.188,ACT-0006,mentor: execution #3,0.72,113,"[{""eventId"":""EV-0068342"",""sourceType"":""kpi"",""influence"":0.541},{""eventId"":""EV-0068444"",""sourceType"":""assessment"",""influence"":0.512},{""eventId"":""EV-0068347"",""sourceType"":""manager_feedback"",""influence"":0.396}]",
REC-E-0460-collaboration,E-0460,collaboration,2026-09-29T00:00:00.000Z,insufficient_evidence,observation_gap,0.86,0.722,ACT-0009,stretch assignment: collaboration #3,0.37,140,"[{""eventId"":""EV-0068496"",""sourceType"":""project"",""influence"":0.929},{""eventId"":""EV-0068354"",""sourceType"":""assessment"",""influence"":0.437},{""eventId"":""EV-0068395"",""sourceType"":""assessment"",""influence"":0.345}]",
REC-E-0460-stakeholder_alignment,E-0460,stakeholder_alignment,2026-09-29T00:00:00.000Z,insufficient_evidence,observation_gap,-2.29,0,ACT-0034,stretch assignment: stakeholder alignment #1,0.68,119,"[{""eventId"":""EV-0068401"",""sourceType"":""assessment"",""influence"":0.996},{""eventId"":""EV-0068360"",""sourceType"":""assessment"",""influence"":0.81},{""eventId"":""EV-0068476"",""sourceType"":""assessment"",""influence"":0.537}]",
REC-E-0462-financial_modeling,E-0462,financial_modeling,2026-09-29T00:00:00.000Z,stagnating,application_gap,1.08,1.16,ACT-0043,project: financial modeling #1,0.45,104,"[{""eventId"":""EV-0068673"",""sourceType"":""assessment"",""influence"":0.433},{""eventId"":""EV-0068638"",""sourceType"":""kpi"",""influence"":0.407},{""eventId"":""EV-0068619"",""sourceType"":""self_assessment"",""influence"":0.297}]",
REC-E-0463-communication,E-0463,communication,2026-09-29T00:00:00.000Z,insufficient_evidence,observation_gap,-0.4,0,ACT-0001,stretch assignment: communication #1,0.52,81,"[{""eventId"":""EV-0068771"",""sourceType"":""self_assessment"",""influence"":0.278},{""eventId"":""EV-0068773"",""sourceType"":""peer_feedback"",""influence"":0.106}]",
REC-E-0464-execution,E-0464,execution,2026-09-29T00:00:00.000Z,declining,practice_gap,0.92,0.923,ACT-0006,mentor: execution #3,0.72,113,"[{""eventId"":""EV-0068933"",""sourceType"":""manager_feedback"",""influence"":1.161},{""eventId"":""EV-0068968"",""sourceType"":""manager_feedback"",""influence"":0.544},{""eventId"":""EV-0068957"",""sourceType"":""manager_feedback"",""influence"":0.189}]",
REC-E-0464-collaboration,E-0464,collaboration,2026-09-29T00:00:00.000Z,stagnating,practice_gap,1.1,0.54,ACT-0007,mentor: collaboration #1,0.62,170,"[{""eventId"":""EV-0068931"",""sourceType"":""manager_feedback"",""influence"":1.212},{""eventId"":""EV-0068956"",""sourceType"":""manager_feedback"",""influence"":0.416},{""eventId"":""EV-0068975"",""sourceType"":""assessment"",""influence"":0.359}]",
REC-E-0464-problem_solving,E-0464,problem_solving,2026-09-29T00:00:00.000Z,insufficient_evidence,observation_gap,0.88,0.69,ACT-0010,stretch assignment: problem solving #1,0.75,103,"[{""eventId"":""EV-0069099"",""sourceType"":""certification"",""influence"":1.227},{""eventId"":""EV-0068977"",""sourceType"":""assessment"",""influence"":0.687},{""eventId"":""EV-0068990"",""sourceType"":""self_assessment"",""influence"":0.582}]",
REC-E-0464-customer_resolution,E-0464,customer_resolution,2026-09-29T00:00:00.000Z,stagnating,practice_gap,1.44,1.853,ACT-0055,stretch assignment: customer resolution #1,0.8,73,"[{""eventId"":""EV-0068929"",""sourceType"":""kpi"",""influence"":0.708},{""eventId"":""EV-0069084"",""sourceType"":""training"",""influence"":0.274},{""eventId"":""EV-0069023"",""sourceType"":""assessment"",""influence"":0.267}]",
REC-E-0464-troubleshooting,E-0464,troubleshooting,2026-09-29T00:00:00.000Z,stagnating,practice_gap,1.32,1.57,ACT-0060,stretch assignment: troubleshooting #3,0.62,45,"[{""eventId"":""EV-0068958"",""sourceType"":""manager_feedback"",""influence"":0.425},{""eventId"":""EV-0068995"",""sourceType"":""manager_feedback"",""influence"":0.325},{""eventId"":""EV-0069095"",""sourceType"":""project"",""influence"":0.264}]",
REC-E-0465-communication,E-0465,communication,2026-09-29T00:00:00.000Z,stagnating,practice_gap,1.2,0.816,ACT-0001,stretch assignment: communication #1,0.52,81,"[{""eventId"":""EV-0069188"",""sourceType"":""assessment"",""influence"":0.31},{""eventId"":""EV-0069112"",""sourceType"":""assessment"",""influence"":0.292},{""eventId"":""EV-0069105"",""sourceType"":""self_assessment"",""influence"":0.273}]",
REC-E-0465-execution,E-0465,execution,2026-09-29T00:00:00.000Z,declining,consistency_gap,1.42,1.421,ACT-0006,mentor: execution #3,0.72,113,"[{""eventId"":""EV-0069106"",""sourceType"":""self_assessment"",""influence"":0.815},{""eventId"":""EV-0069254"",""sourceType"":""project"",""influence"":0.548},{""eventId"":""EV-0069154"",""sourceType"":""assessment"",""influence"":0.343}]",
REC-E-0465-collaboration,E-0465,collaboration,2026-09-29T00:00:00.000Z,stagnating,application_gap,0.48,0.271,ACT-0007,mentor: collaboration #1,0.62,170,"[{""eventId"":""EV-0069222"",""sourceType"":""manager_feedback"",""influence"":0.497},{""eventId"":""EV-0069192"",""sourceType"":""assessment"",""influence"":0.36},{""eventId"":""EV-0069156"",""sourceType"":""assessment"",""influence"":0.302}]",
REC-E-0465-system_design,E-0465,system_design,2026-09-29T00:00:00.000Z,stagnating,practice_gap,0.64,0.522,ACT-0014,coaching: system design #2,0.59,90,"[{""eventId"":""EV-0069109"",""sourceType"":""self_assessment"",""influence"":0.808},{""eventId"":""EV-0069133"",""sourceType"":""manager_feedback"",""influence"":0.216},{""eventId"":""EV-0069140"",""sourceType"":""kpi"",""influence"":0.197}]",
REC-E-0465-code_quality,E-0465,code_quality,2026-09-29T00:00:00.000Z,declining,practice_gap,0.78,1.396,ACT-0017,mentor: code quality #2,0.37,90,"[{""eventId"":""EV-0069110"",""sourceType"":""self_assessment"",""influence"":1.336},{""eventId"":""EV-0069259"",""sourceType"":""project"",""influence"":1.15},{""eventId"":""EV-0069256"",""sourceType"":""project"",""influence"":0.308}]",
REC-E-0466-collaboration,E-0466,collaboration,2026-09-29T00:00:00.000Z,stagnating,application_gap,0.76,0.347,ACT-0007,mentor: collaboration #1,0.62,170,"[{""eventId"":""EV-0069407"",""sourceType"":""training"",""influence"":0.728},{""eventId"":""EV-0069381"",""sourceType"":""assessment"",""influence"":0.507},{""eventId"":""EV-0069330"",""sourceType"":""assessment"",""influence"":0.454}]",
REC-E-0466-problem_solving,E-0466,problem_solving,2026-09-29T00:00:00.000Z,declining,application_gap,0.34,0.324,ACT-0010,stretch assignment: problem solving #1,0.75,103,"[{""eventId"":""EV-0069275"",""sourceType"":""manager_feedback"",""influence"":1.2},{""eventId"":""EV-0069332"",""sourceType"":""assessment"",""influence"":0.513},{""eventId"":""EV-0069271"",""sourceType"":""self_assessment"",""influence"":0.44}]",
REC-E-0466-pipeline_mgmt,E-0466,pipeline_mgmt,2026-09-29T00:00:00.000Z,stagnating,knowledge_gap,0.62,0.61,ACT-0022,stretch assignment: pipeline mgmt #1,0.75,154,"[{""eventId"":""EV-0069277"",""sourceType"":""manager_feedback"",""influence"":0.396},{""eventId"":""EV-0069314"",""sourceType"":""kpi"",""influence"":0.144},{""eventId"":""EV-0069361"",""sourceType"":""kpi"",""influence"":0.11}]",
REC-E-0467-collaboration,E-0467,collaboration,2026-09-29T00:00:00.000Z,insufficient_evidence,observation_gap,0.62,0.563,ACT-0009,stretch assignment: collaboration #3,0.37,140,"[{""eventId"":""EV-0069453"",""sourceType"":""manager_feedback"",""influence"":0.365},{""eventId"":""EV-0069431"",""sourceType"":""assessment"",""influence"":0.341},{""eventId"":""EV-0069421"",""sourceType"":""self_assessment"",""influence"":0.264}]",
REC-E-0467-content_quality,E-0467,content_quality,2026-09-29T00:00:00.000Z,stagnating,knowledge_gap,0.46,0.526,ACT-0028,course: content quality #1,0.73,107,"[{""eventId"":""EV-0069437"",""sourceType"":""assessment"",""influence"":0.627},{""eventId"":""EV-0069469"",""sourceType"":""assessment"",""influence"":0.465},{""eventId"":""EV-0069498"",""sourceType"":""assessment"",""influence"":0.291}]",
REC-E-0468-execution,E-0468,execution,2026-09-29T00:00:00.000Z,improving,knowledge_gap,0.36,0.009,ACT-0006,mentor: execution #3,0.72,113,"[{""eventId"":""EV-0069569"",""sourceType"":""peer_feedback"",""influence"":0.97},{""eventId"":""EV-0069613"",""sourceType"":""self_assessment"",""influence"":0.635},{""eventId"":""EV-0069560"",""sourceType"":""kpi"",""influence"":0.449}]",
REC-E-0468-collaboration,E-0468,collaboration,2026-09-29T00:00:00.000Z,improving,practice_gap,0.32,0.002,ACT-0007,mentor: collaboration #1,0.62,170,"[{""eventId"":""EV-0069704"",""sourceType"":""training"",""influence"":1.351},{""eventId"":""EV-0069568"",""sourceType"":""peer_feedback"",""influence"":0.875},{""eventId"":""EV-0069594"",""sourceType"":""manager_feedback"",""influence"":0.722}]",
REC-E-0468-roadmap_prioritization,E-0468,roadmap_prioritization,2026-09-29T00:00:00.000Z,stagnating,application_gap,1.02,0.962,ACT-0032,stretch assignment: roadmap prioritization #2,0.77,54,"[{""eventId"":""EV-0069595"",""sourceType"":""manager_feedback"",""influence"":0.433},{""eventId"":""EV-0069566"",""sourceType"":""manager_feedback"",""influence"":0.416},{""eventId"":""EV-0069619"",""sourceType"":""manager_feedback"",""influence"":0.355}]",
REC-E-0468-stakeholder_alignment,E-0468,stakeholder_alignment,2026-09-29T00:00:00.000Z,stagnating,application_gap,1.48,1.82,ACT-0034,stretch assignment: stakeholder alignment #1,0.68,119,"[{""eventId"":""EV-0069565"",""sourceType"":""manager_feedback"",""influence"":0.413},{""eventId"":""EV-0069581"",""sourceType"":""assessment"",""influence"":0.391},{""eventId"":""EV-0069606"",""sourceType"":""assessment"",""influence"":0.291}]",
REC-E-0469-ux_research,E-0469,ux_research,2026-09-29T00:00:00.000Z,insufficient_evidence,observation_gap,-0.69,0,ACT-0041,stretch assignment: ux research #2,0.78,110,"[{""eventId"":""EV-0069718"",""sourceType"":""manager_feedback"",""influence"":1.226},{""eventId"":""EV-0069804"",""sourceType"":""assessment"",""influence"":0.54},{""eventId"":""EV-0069736"",""sourceType"":""assessment"",""influence"":0.509}]",
REC-E-0471-execution,E-0471,execution,2026-09-29T00:00:00.000Z,stagnating,practice_gap,1.45,0.899,ACT-0006,mentor: execution #3,0.72,113,"[{""eventId"":""EV-0070174"",""sourceType"":""training"",""influence"":0.271},{""eventId"":""EV-0070019"",""sourceType"":""self_assessment"",""influence"":0.248},{""eventId"":""EV-0070057"",""sourceType"":""self_assessment"",""influence"":0.226}]",
REC-E-0471-collaboration,E-0471,collaboration,2026-09-29T00:00:00.000Z,stagnating,application_gap,1.24,0.834,ACT-0007,mentor: collaboration #1,0.62,170,"[{""eventId"":""EV-0070108"",""sourceType"":""manager_feedback"",""influence"":0.992},{""eventId"":""EV-0070026"",""sourceType"":""manager_feedback"",""influence"":0.455},{""eventId"":""EV-0070181"",""sourceType"":""project"",""influence"":0.382}]",
REC-E-0471-talent_assessment,E-0471,talent_assessment,2026-09-29T00:00:00.000Z,stagnating,application_gap,0.33,0.244,ACT-0050,project: talent assessment #2,0.25,149,"[{""eventId"":""EV-0070025"",""sourceType"":""manager_feedback"",""influence"":0.47},{""eventId"":""EV-0070022"",""sourceType"":""self_assessment"",""influence"":0.283},{""eventId"":""EV-0070060"",""sourceType"":""self_assessment"",""influence"":0.259}]",
REC-E-0471-policy_navigation,E-0471,policy_navigation,2026-09-29T00:00:00.000Z,stagnating,practice_gap,1.18,1.03,ACT-0052,mentor: policy navigation #1,0.56,119,"[{""eventId"":""EV-0070027"",""sourceType"":""manager_feedback"",""influence"":0.463},{""eventId"":""EV-0070023"",""sourceType"":""self_assessment"",""influence"":0.259},{""eventId"":""EV-0070081"",""sourceType"":""assessment"",""influence"":0.215}]",
REC-E-0472-collaboration,E-0472,collaboration,2026-09-29T00:00:00.000Z,stagnating,knowledge_gap,0.52,0.312,ACT-0007,mentor: collaboration #1,0.62,170,"[{""eventId"":""EV-0070319"",""sourceType"":""assessment"",""influence"":0.613},{""eventId"":""EV-0070208"",""sourceType"":""self_assessment"",""influence"":0.485},{""eventId"":""EV-0070189"",""sourceType"":""self_assessment"",""influence"":0.278}]",
REC-E-0472-problem_solving,E-0472,problem_solving,2026-09-29T00:00:00.000Z,declining,practice_gap,0.44,0.442,ACT-0010,stretch assignment: problem solving #1,0.75,103,"[{""eventId"":""EV-0070349"",""sourceType"":""project"",""influence"":0.404},{""eventId"":""EV-0070209"",""sourceType"":""self_assessment"",""influence"":0.34},{""eventId"":""EV-0070190"",""sourceType"":""self_assessment"",""influence"":0.291}]",
REC-E-0473-code_quality,E-0473,code_quality,2026-09-29T00:00:00.000Z,insufficient_evidence,observation_gap,-0.57,0,ACT-0017,mentor: code quality #2,0.37,90,"[{""eventId"":""EV-0070420"",""sourceType"":""peer_feedback"",""influence"":1.044},{""eventId"":""EV-0070414"",""sourceType"":""self_assessment"",""influence"":0.705},{""eventId"":""EV-0070442"",""sourceType"":""assessment"",""influence"":0.547}]",
REC-E-0474-communication,E-0474,communication,2026-09-29T00:00:00.000Z,stagnating,knowledge_gap,1.57,1.063,ACT-0001,stretch assignment: communication #1,0.52,81,"[{""eventId"":""EV-0070566"",""sourceType"":""assessment"",""influence"":0.53},{""eventId"":""EV-0070521"",""sourceType"":""assessment"",""influence"":0.478},{""eventId"":""EV-0070504"",""sourceType"":""self_assessment"",""influence"":0.278}]",
REC-E-0474-collaboration,E-0474,collaboration,2026-09-29T00:00:00.000Z,stagnating,practice_gap,0.9,0.525,ACT-0007,mentor: collaboration #1,0.62,170,"[{""eventId"":""EV-0070516"",""sourceType"":""peer_feedback"",""influence"":1.055},{""eventId"":""EV-0070585"",""sourceType"":""peer_feedback"",""influence"":0.793},{""eventId"":""EV-0070648"",""sourceType"":""assessment"",""influence"":0.36}]",
REC-E-0474-negotiation,E-0474,negotiation,2026-09-29T00:00:00.000Z,declining,practice_gap,0.69,1.213,ACT-0019,project: negotiation #1,0.4,165,"[{""eventId"":""EV-0070508"",""sourceType"":""self_assessment"",""influence"":1.335},{""eventId"":""EV-0070581"",""sourceType"":""manager_feedback"",""influence"":0.917},{""eventId"":""EV-0070564"",""sourceType"":""peer_feedback"",""influence"":0.403}]",
REC-E-0475-execution,E-0475,execution,2026-09-29T00:00:00.000Z,stagnating,practice_gap,2.16,0.573,ACT-0006,mentor: execution #3,0.72,113,"[{""eventId"":""EV-0070684"",""sourceType"":""kpi"",""influence"":0.807},{""eventId"":""EV-0070769"",""sourceType"":""assessment"",""influence"":0.317},{""eventId"":""EV-0070786"",""sourceType"":""training"",""influence"":0.289}]",
REC-E-0475-collaboration,E-0475,collaboration,2026-09-29T00:00:00.000Z,stagnating,knowledge_gap,1.05,0.635,ACT-0007,mentor: collaboration #1,0.62,170,"[{""eventId"":""EV-0070799"",""sourceType"":""certification"",""influence"":1.2},{""eventId"":""EV-0070721"",""sourceType"":""assessment"",""influence"":0.92},{""eventId"":""EV-0070710"",""sourceType"":""self_assessment"",""influence"":0.333}]",
REC-E-0475-problem_solving,E-0475,problem_solving,2026-09-29T00:00:00.000Z,insufficient_evidence,observation_gap,-0.01,0,ACT-0010,stretch assignment: problem solving #1,0.75,103,"[{""eventId"":""EV-0070691"",""sourceType"":""peer_feedback"",""influence"":1.103},{""eventId"":""EV-0070698"",""sourceType"":""assessment"",""influence"":0.677},{""eventId"":""EV-0070723"",""sourceType"":""assessment"",""influence"":0.628}]",
REC-E-0475-campaign_strategy,E-0475,campaign_strategy,2026-09-29T00:00:00.000Z,improving,application_gap,1.69,0,ACT-0027,coaching: campaign strategy #3,0.71,65,"[{""eventId"":""EV-0070754"",""sourceType"":""assessment"",""influence"":0.78},{""eventId"":""EV-0070781"",""sourceType"":""kpi"",""influence"":0.177},{""eventId"":""EV-0070775"",""sourceType"":""assessment"",""influence"":0.163}]",
REC-E-0475-content_quality,E-0475,content_quality,2026-09-29T00:00:00.000Z,stagnating,practice_gap,1.29,1.216,ACT-0028,course: content quality #1,0.73,107,"[{""eventId"":""EV-0070777"",""sourceType"":""assessment"",""influence"":0.499},{""eventId"":""EV-0070794"",""sourceType"":""project"",""influence"":0.435},{""eventId"":""EV-0070727"",""sourceType"":""assessment"",""influence"":0.405}]",
REC-E-0476-collaboration,E-0476,collaboration,2026-09-29T00:00:00.000Z,stagnating,practice_gap,1.21,0.434,ACT-0007,mentor: collaboration #1,0.62,170,"[{""eventId"":""EV-0070807"",""sourceType"":""self_assessment"",""influence"":0.835},{""eventId"":""EV-0070820"",""sourceType"":""assessment"",""influence"":0.596},{""eventId"":""EV-0070859"",""sourceType"":""assessment"",""influence"":0.358}]",
REC-E-0476-problem_solving,E-0476,problem_solving,2026-09-29T00:00:00.000Z,stagnating,knowledge_gap,0.57,0.271,ACT-0010,stretch assignment: problem solving #1,0.75,103,"[{""eventId"":""EV-0070889"",""sourceType"":""manager_feedback"",""influence"":0.303},{""eventId"":""EV-0070808"",""sourceType"":""self_assessment"",""influence"":0.272},{""eventId"":""EV-0070850"",""sourceType"":""self_assessment"",""influence"":0.211}]",
REC-E-0476-stakeholder_alignment,E-0476,stakeholder_alignment,2026-09-29T00:00:00.000Z,insufficient_evidence,observation_gap,0.21,0.337,ACT-0034,stretch assignment: stakeholder alignment #1,0.68,119,"[{""eventId"":""EV-0070812"",""sourceType"":""peer_feedback"",""influence"":1.075},{""eventId"":""EV-0070826"",""sourceType"":""assessment"",""influence"":0.567},{""eventId"":""EV-0070865"",""sourceType"":""assessment"",""influence"":0.436}]",
REC-E-0477-execution,E-0477,execution,2026-09-29T00:00:00.000Z,stagnating,practice_gap,1.1,0.596,ACT-0006,mentor: execution #3,0.72,113,"[{""eventId"":""EV-0070960"",""sourceType"":""kpi"",""influence"":0.608},{""eventId"":""EV-0071020"",""sourceType"":""assessment"",""influence"":0.378},{""eventId"":""EV-0070993"",""sourceType"":""peer_feedback"",""influence"":0.267}]",
REC-E-0477-collaboration,E-0477,collaboration,2026-09-29T00:00:00.000Z,stagnating,practice_gap,0.8,0.426,ACT-0007,mentor: collaboration #1,0.62,170,"[{""eventId"":""EV-0070970"",""sourceType"":""assessment"",""influence"":0.7},{""eventId"":""EV-0071063"",""sourceType"":""peer_feedback"",""influence"":0.643},{""eventId"":""EV-0071022"",""sourceType"":""assessment"",""influence"":0.614}]",
REC-E-0478-collaboration,E-0478,collaboration,2026-09-29T00:00:00.000Z,insufficient_evidence,observation_gap,0.24,0.208,ACT-0009,stretch assignment: collaboration #3,0.37,140,"[{""eventId"":""EV-0071105"",""sourceType"":""manager_feedback"",""influence"":1.185},{""eventId"":""EV-0071113"",""sourceType"":""assessment"",""influence"":0.578},{""eventId"":""EV-0071101"",""sourceType"":""self_assessment"",""influence"":0.267}]",
REC-E-0478-problem_solving,E-0478,problem_solving,2026-09-29T00:00:00.000Z,insufficient_evidence,observation_gap,0.58,0.462,ACT-0010,stretch assignment: problem solving #1,0.75,103,"[{""eventId"":""EV-0071102"",""sourceType"":""self_assessment"",""influence"":0.752},{""eventId"":""EV-0071115"",""sourceType"":""assessment"",""influence"":0.572},{""eventId"":""EV-0071133"",""sourceType"":""self_assessment"",""influence"":0.312}]",
REC-E-0478-financial_modeling,E-0478,financial_modeling,2026-09-29T00:00:00.000Z,insufficient_evidence,observation_gap,0.3,0.449,ACT-0043,project: financial modeling #1,0.45,104,"[{""eventId"":""EV-0071107"",""sourceType"":""manager_feedback"",""influence"":1.187},{""eventId"":""EV-0071117"",""sourceType"":""assessment"",""influence"":0.387},{""eventId"":""EV-0071151"",""sourceType"":""assessment"",""influence"":0.366}]",
REC-E-0478-compliance_rigor,E-0478,compliance_rigor,2026-09-29T00:00:00.000Z,insufficient_evidence,observation_gap,-0.29,0,ACT-0046,stretch assignment: compliance rigor #1,0.58,77,"[{""eventId"":""EV-0071095"",""sourceType"":""peer_feedback"",""influence"":2.42},{""eventId"":""EV-0071093"",""sourceType"":""self_assessment"",""influence"":1.002}]",
REC-E-0479-communication,E-0479,communication,2026-09-29T00:00:00.000Z,stagnating,application_gap,0.95,0.412,ACT-0001,stretch assignment: communication #1,0.52,81,"[{""eventId"":""EV-0071251"",""sourceType"":""manager_feedback"",""influence"":1.227},{""eventId"":""EV-0071280"",""sourceType"":""self_assessment"",""influence"":0.534},{""eventId"":""EV-0071258"",""sourceType"":""assessment"",""influence"":0.458}]",
REC-E-0479-execution,E-0479,execution,2026-09-29T00:00:00.000Z,stagnating,practice_gap,0.95,0.512,ACT-0006,mentor: execution #3,0.72,113,"[{""eventId"":""EV-0071256"",""sourceType"":""peer_feedback"",""influence"":0.345},{""eventId"":""EV-0071260"",""sourceType"":""assessment"",""influence"":0.265},{""eventId"":""EV-0071406"",""sourceType"":""project"",""influence"":0.246}]",
REC-E-0479-collaboration,E-0479,collaboration,2026-09-29T00:00:00.000Z,stagnating,knowledge_gap,0.3,0.173,ACT-0007,mentor: collaboration #1,0.62,170,"[{""eventId"":""EV-0071340"",""sourceType"":""assessment"",""influence"":0.913},{""eventId"":""EV-0071297"",""sourceType"":""assessment"",""influence"":0.549},{""eventId"":""EV-0071262"",""sourceType"":""assessment"",""influence"":0.414}]",
REC-E-0479-policy_navigation,E-0479,policy_navigation,2026-09-29T00:00:00.000Z,stagnating,knowledge_gap,0.67,0.585,ACT-0052,mentor: policy navigation #1,0.56,119,"[{""eventId"":""EV-0071303"",""sourceType"":""assessment"",""influence"":0.849},{""eventId"":""EV-0071273"",""sourceType"":""manager_feedback"",""influence"":0.796},{""eventId"":""EV-0071255"",""sourceType"":""peer_feedback"",""influence"":0.351}]",
REC-E-0481-communication,E-0481,communication,2026-09-29T00:00:00.000Z,stagnating,practice_gap,0.87,0.555,ACT-0001,stretch assignment: communication #1,0.52,81,"[{""eventId"":""EV-0071641"",""sourceType"":""peer_feedback"",""influence"":0.697},{""eventId"":""EV-0071581"",""sourceType"":""assessment"",""influence"":0.642},{""eventId"":""EV-0071617"",""sourceType"":""peer_feedback"",""influence"":0.496}]",
REC-E-0481-execution,E-0481,execution,2026-09-29T00:00:00.000Z,declining,practice_gap,0.81,0.806,ACT-0006,mentor: execution #3,0.72,113,"[{""eventId"":""EV-0071571"",""sourceType"":""self_assessment"",""influence"":0.76},{""eventId"":""EV-0071612"",""sourceType"":""manager_feedback"",""influence"":0.497},{""eventId"":""EV-0071685"",""sourceType"":""assessment"",""influence"":0.284}]",
REC-E-0481-collaboration,E-0481,collaboration,2026-09-29T00:00:00.000Z,stagnating,application_gap,1.48,0.996,ACT-0007,mentor: collaboration #1,0.62,170,"[{""eventId"":""EV-0071572"",""sourceType"":""self_assessment"",""influence"":0.749},{""eventId"":""EV-0071585"",""sourceType"":""assessment"",""influence"":0.444},{""eventId"":""EV-0071709"",""sourceType"":""training"",""influence"":0.321}]",
REC-E-0481-problem_solving,E-0481,problem_solving,2026-09-29T00:00:00.000Z,stagnating,practice_gap,1.09,0.634,ACT-0010,stretch assignment: problem solving #1,0.75,103,"[{""eventId"":""EV-0071724"",""sourceType"":""project"",""influence"":0.615},{""eventId"":""EV-0071602"",""sourceType"":""manager_feedback"",""influence"":0.494},{""eventId"":""EV-0071636"",""sourceType"":""manager_feedback"",""influence"":0.371}]",
REC-E-0481-code_quality,E-0481,code_quality,2026-09-29T00:00:00.000Z,stagnating,practice_gap,0.67,0.58,ACT-0017,mentor: code quality #2,0.37,90,"[{""eventId"":""EV-0071610"",""sourceType"":""manager_feedback"",""influence"":0.509},{""eventId"":""EV-0071726"",""sourceType"":""project"",""influence"":0.491},{""eventId"":""EV-0071702"",""sourceType"":""peer_feedback"",""influence"":0.252}]",
REC-E-0482-communication,E-0482,communication,2026-09-29T00:00:00.000Z,insufficient_evidence,observation_gap,0.57,0.14,ACT-0001,stretch assignment: communication #1,0.52,81,"[{""eventId"":""EV-0071775"",""sourceType"":""assessment"",""influence"":0.976},{""eventId"":""EV-0071813"",""sourceType"":""assessment"",""influence"":0.464},{""eventId"":""EV-0071765"",""sourceType"":""self_assessment"",""influence"":0.435}]",
REC-E-0482-execution,E-0482,execution,2026-09-29T00:00:00.000Z,declining,practice_gap,1.13,1.126,ACT-0006,mentor: execution #3,0.72,113,"[{""eventId"":""EV-0071737"",""sourceType"":""manager_feedback"",""influence"":1.964},{""eventId"":""EV-0071789"",""sourceType"":""manager_feedback"",""influence"":0.437},{""eventId"":""EV-0071744"",""sourceType"":""peer_feedback"",""influence"":0.224}]",
REC-E-0482-collaboration,E-0482,collaboration,2026-09-29T00:00:00.000Z,improving,practice_gap,0.81,0.039,ACT-0007,mentor: collaboration #1,0.62,170,"[{""eventId"":""EV-0071740"",""sourceType"":""peer_feedback"",""influence"":1.062},{""eventId"":""EV-0071843"",""sourceType"":""assessment"",""influence"":0.638},{""eventId"":""EV-0071866"",""sourceType"":""training"",""influence"":0.442}]",
REC-E-0482-problem_solving,E-0482,problem_solving,2026-09-29T00:00:00.000Z,improving,practice_gap,0.59,0,ACT-0010,stretch assignment: problem solving #1,0.75,103,"[{""eventId"":""EV-0071845"",""sourceType"":""assessment"",""influence"":1.289},{""eventId"":""EV-0071752"",""sourceType"":""assessment"",""influence"":0.823},{""eventId"":""EV-0071831"",""sourceType"":""manager_feedback"",""influence"":0.69}]",
REC-E-0482-negotiation,E-0482,negotiation,2026-09-29T00:00:00.000Z,insufficient_evidence,observation_gap,0.39,0.297,ACT-0019,project: negotiation #1,0.4,165,"[{""eventId"":""EV-0071728"",""sourceType"":""self_assessment"",""influence"":0.297},{""eventId"":""EV-0071730"",""sourceType"":""peer_feedback"",""influence"":0.117}]",
REC-E-0482-pipeline_mgmt,E-0482,pipeline_mgmt,2026-09-29T00:00:00.000Z,stagnating,practice_gap,1.98,2.675,ACT-0022,stretch assignment: pipeline mgmt #1,0.75,154,"[{""eventId"":""EV-0071736"",""sourceType"":""manager_feedback"",""influence"":0.397},{""eventId"":""EV-0071743"",""sourceType"":""peer_feedback"",""influence"":0.359},{""eventId"":""EV-0071769"",""sourceType"":""self_assessment"",""influence"":0.233}]",
REC-E-0483-communication,E-0483,communication,2026-09-29T00:00:00.000Z,stagnating,practice_gap,1.64,0.599,ACT-0001,stretch assignment: communication #1,0.52,81,"[{""eventId"":""EV-0071886"",""sourceType"":""manager_feedback"",""influence"":1.185},{""eventId"":""EV-0071959"",""sourceType"":""assessment"",""influence"":0.378},{""eventId"":""EV-0071926"",""sourceType"":""assessment"",""influence"":0.257}]",
REC-E-0483-execution,E-0483,execution,2026-09-29T00:00:00.000Z,improving,practice_gap,0.7,0.027,ACT-0006,mentor: execution #3,0.72,113,"[{""eventId"":""EV-0071880"",""sourceType"":""self_assessment"",""influence"":0.787},{""eventId"":""EV-0071961"",""sourceType"":""assessment"",""influence"":0.683},{""eventId"":""EV-0071991"",""sourceType"":""assessment"",""influence"":0.404}]",
REC-E-0483-problem_solving,E-0483,problem_solving,2026-09-29T00:00:00.000Z,improving,practice_gap,0.32,0.028,ACT-0010,stretch assignment: problem solving #1,0.75,103,"[{""eventId"":""EV-0071888"",""sourceType"":""manager_feedback"",""influence"":1.196},{""eventId"":""EV-0071920"",""sourceType"":""manager_feedback"",""influence"":0.796},{""eventId"":""EV-0071902"",""sourceType"":""assessment"",""influence"":0.597}]",
REC-E-0483-campaign_strategy,E-0483,campaign_strategy,2026-09-29T00:00:00.000Z,stagnating,practice_gap,0.89,0.912,ACT-0027,coaching: campaign strategy #3,0.71,65,"[{""eventId"":""EV-0071904"",""sourceType"":""assessment"",""influence"":0.646},{""eventId"":""EV-0071938"",""sourceType"":""kpi"",""influence"":0.403},{""eventId"":""EV-0071887"",""sourceType"":""manager_feedback"",""influence"":0.389}]",
REC-E-0483-content_quality,E-0483,content_quality,2026-09-29T00:00:00.000Z,declining,practice_gap,1.97,3.553,ACT-0028,course: content quality #1,0.73,107,"[{""eventId"":""EV-0071884"",""sourceType"":""self_assessment"",""influence"":0.78},{""eventId"":""EV-0071953"",""sourceType"":""manager_feedback"",""influence"":0.302},{""eventId"":""EV-0071999"",""sourceType"":""assessment"",""influence"":0.281}]",
REC-E-0484-problem_solving,E-0484,problem_solving,2026-09-29T00:00:00.000Z,stagnating,practice_gap,0.43,0.311,ACT-0010,stretch assignment: problem solving #1,0.75,103,"[{""eventId"":""EV-0072025"",""sourceType"":""assessment"",""influence"":0.81},{""eventId"":""EV-0072115"",""sourceType"":""peer_feedback"",""influence"":0.486},{""eventId"":""EV-0072145"",""sourceType"":""project"",""influence"":0.2}]",
REC-E-0484-stakeholder_alignment,E-0484,stakeholder_alignment,2026-09-29T00:00:00.000Z,stagnating,knowledge_gap,0.72,0.89,ACT-0034,stretch assignment: stakeholder alignment #1,0.68,119,"[{""eventId"":""EV-0072072"",""sourceType"":""assessment"",""influence"":0.59},{""eventId"":""EV-0072042"",""sourceType"":""peer_feedback"",""influence"":0.514},{""eventId"":""EV-0072016"",""sourceType"":""manager_feedback"",""influence"":0.394}]",
REC-E-0485-execution,E-0485,execution,2026-09-29T00:00:00.000Z,stagnating,practice_gap,0.46,0.218,ACT-0006,mentor: execution #3,0.72,113,"[{""eventId"":""EV-0072161"",""sourceType"":""manager_feedback"",""influence"":0.403},{""eventId"":""EV-0072200"",""sourceType"":""kpi"",""influence"":0.363},{""eventId"":""EV-0072225"",""sourceType"":""manager_feedback"",""influence"":0.314}]",
REC-E-0485-problem_solving,E-0485,problem_solving,2026-09-29T00:00:00.000Z,stagnating,knowledge_gap,0.9,0.467,ACT-0010,stretch assignment: problem solving #1,0.75,103,"[{""eventId"":""EV-0072253"",""sourceType"":""assessment"",""influence"":0.944},{""eventId"":""EV-0072173"",""sourceType"":""assessment"",""influence"":0.29},{""eventId"":""EV-0072155"",""sourceType"":""self_assessment"",""influence"":0.284}]",
REC-E-0486-problem_solving,E-0486,problem_solving,2026-09-29T00:00:00.000Z,stagnating,knowledge_gap,0.49,0.247,ACT-0010,stretch assignment: problem solving #1,0.75,103,"[{""eventId"":""EV-0072316"",""sourceType"":""manager_feedback"",""influence"":1.167},{""eventId"":""EV-0072348"",""sourceType"":""peer_feedback"",""influence"":0.491},{""eventId"":""EV-0072358"",""sourceType"":""assessment"",""influence"":0.467}]",
REC-E-0486-compliance_rigor,E-0486,compliance_rigor,2026-09-29T00:00:00.000Z,insufficient_evidence,observation_gap,-0.18,0,ACT-0046,stretch assignment: compliance rigor #1,0.58,77,"[{""eventId"":""EV-0072352"",""sourceType"":""peer_feedback"",""influence"":0.615},{""eventId"":""EV-0072331"",""sourceType"":""peer_feedback"",""influence"":0.381},{""eventId"":""EV-0072346"",""sourceType"":""manager_feedback"",""influence"":0.232}]",
REC-E-0487-execution,E-0487,execution,2026-09-29T00:00:00.000Z,declining,practice_gap,1.7,1.699,ACT-0006,mentor: execution #3,0.72,113,"[{""eventId"":""EV-0072440"",""sourceType"":""self_assessment"",""influence"":1.446},{""eventId"":""EV-0072472"",""sourceType"":""manager_feedback"",""influence"":0.552},{""eventId"":""EV-0072519"",""sourceType"":""assessment"",""influence"":0.377}]",
REC-E-0487-collaboration,E-0487,collaboration,2026-09-29T00:00:00.000Z,stagnating,knowledge_gap,1.22,0.777,ACT-0007,mentor: collaboration #1,0.62,170,"[{""eventId"":""EV-0072495"",""sourceType"":""manager_feedback"",""influence"":0.45},{""eventId"":""EV-0072448"",""sourceType"":""manager_feedback"",""influence"":0.393},{""eventId"":""EV-0072521"",""sourceType"":""assessment"",""influence"":0.325}]",
REC-E-0487-problem_solving,E-0487,problem_solving,2026-09-29T00:00:00.000Z,insufficient_evidence,observation_gap,1.65,1.522,ACT-0010,stretch assignment: problem solving #1,0.75,103,"[{""eventId"":""EV-0072447"",""sourceType"":""manager_feedback"",""influence"":1.196},{""eventId"":""EV-0072454"",""sourceType"":""assessment"",""influence"":0.315},{""eventId"":""EV-0072523"",""sourceType"":""assessment"",""influence"":0.258}]",
REC-E-0487-talent_assessment,E-0487,talent_assessment,2026-09-29T00:00:00.000Z,stagnating,practice_gap,0.54,0.389,ACT-0051,community: talent assessment #3,0.29,119,"[{""eventId"":""EV-0072474"",""sourceType"":""manager_feedback"",""influence"":0.454},{""eventId"":""EV-0072525"",""sourceType"":""assessment"",""influence"":0.413},{""eventId"":""EV-0072437"",""sourceType"":""kpi"",""influence"":0.353}]",
REC-E-0487-policy_navigation,E-0487,policy_navigation,2026-09-29T00:00:00.000Z,insufficient_evidence,observation_gap,-0.05,0,ACT-0052,mentor: policy navigation #1,0.56,119,"[{""eventId"":""EV-0072571"",""sourceType"":""project"",""influence"":1.274},{""eventId"":""EV-0072444"",""sourceType"":""self_assessment"",""influence"":0.274},{""eventId"":""EV-0072458"",""sourceType"":""assessment"",""influence"":0.192}]",
REC-E-0488-execution,E-0488,execution,2026-09-29T00:00:00.000Z,insufficient_evidence,observation_gap,-1.01,0,ACT-0005,project: execution #2,0.23,120,"[{""eventId"":""EV-0072593"",""sourceType"":""manager_feedback"",""influence"":0.797},{""eventId"":""EV-0072667"",""sourceType"":""assessment"",""influence"":0.308},{""eventId"":""EV-0072609"",""sourceType"":""manager_feedback"",""influence"":0.292}]",
REC-E-0488-collaboration,E-0488,collaboration,2026-09-29T00:00:00.000Z,insufficient_evidence,observation_gap,1.07,0.913,ACT-0009,stretch assignment: collaboration #3,0.37,140,"[{""eventId"":""EV-0072648"",""sourceType"":""manager_feedback"",""influence"":0.382},{""eventId"":""EV-0072737"",""sourceType"":""project"",""influence"":0.287},{""eventId"":""EV-0072617"",""sourceType"":""self_assessment"",""influence"":0.284}]",
REC-E-0488-problem_solving,E-0488,problem_solving,2026-09-29T00:00:00.000Z,insufficient_evidence,observation_gap,-1.46,0,ACT-0010,stretch assignment: problem solving #1,0.75,103,"[{""eventId"":""EV-0072587"",""sourceType"":""self_assessment"",""influence"":0.824},{""eventId"":""EV-0072611"",""sourceType"":""manager_feedback"",""influence"":0.24},{""eventId"":""EV-0072657"",""sourceType"":""self_assessment"",""influence"":0.195}]",
REC-E-0488-customer_resolution,E-0488,customer_resolution,2026-09-29T00:00:00.000Z,declining,knowledge_gap,0.3,0.547,ACT-0055,stretch assignment: customer resolution #1,0.8,73,"[{""eventId"":""EV-0072588"",""sourceType"":""self_assessment"",""influence"":0.839},{""eventId"":""EV-0072610"",""sourceType"":""manager_feedback"",""influence"":0.39},{""eventId"":""EV-0072673"",""sourceType"":""assessment"",""influence"":0.247}]",
REC-E-0489-problem_solving,E-0489,problem_solving,2026-09-29T00:00:00.000Z,insufficient_evidence,observation_gap,-1.92,0,ACT-0010,stretch assignment: problem solving #1,0.75,103,"[{""eventId"":""EV-0072801"",""sourceType"":""assessment"",""influence"":0.474},{""eventId"":""EV-0072763"",""sourceType"":""assessment"",""influence"":0.332},{""eventId"":""EV-0072783"",""sourceType"":""self_assessment"",""influence"":0.296}]",
REC-E-0490-execution,E-0490,execution,2026-09-29T00:00:00.000Z,insufficient_evidence,observation_gap,-0.89,0,ACT-0005,project: execution #2,0.23,120,"[{""eventId"":""EV-0072919"",""sourceType"":""self_assessment"",""influence"":1.369},{""eventId"":""EV-0072949"",""sourceType"":""kpi"",""influence"":0.534},{""eventId"":""EV-0072965"",""sourceType"":""assessment"",""influence"":0.399}]",
REC-E-0491-communication,E-0491,communication,2026-09-29T00:00:00.000Z,stagnating,practice_gap,0.59,0.411,ACT-0001,stretch assignment: communication #1,0.52,81,"[{""eventId"":""EV-0073209"",""sourceType"":""training"",""influence"":0.644},{""eventId"":""EV-0073077"",""sourceType"":""assessment"",""influence"":0.471},{""eventId"":""EV-0073110"",""sourceType"":""assessment"",""influence"":0.375}]",
REC-E-0491-collaboration,E-0491,collaboration,2026-09-29T00:00:00.000Z,stagnating,practice_gap,0.91,0.653,ACT-0007,mentor: collaboration #1,0.62,170,"[{""eventId"":""EV-0073081"",""sourceType"":""assessment"",""influence"":0.462},{""eventId"":""EV-0073089"",""sourceType"":""manager_feedback"",""influence"":0.423},{""eventId"":""EV-0073093"",""sourceType"":""peer_feedback"",""influence"":0.413}]",
REC-E-0491-problem_solving,E-0491,problem_solving,2026-09-29T00:00:00.000Z,insufficient_evidence,observation_gap,-0.35,0,ACT-0010,stretch assignment: problem solving #1,0.75,103,"[{""eventId"":""EV-0073068"",""sourceType"":""manager_feedback"",""influence"":1.197},{""eventId"":""EV-0073210"",""sourceType"":""training"",""influence"":0.581},{""eventId"":""EV-0073215"",""sourceType"":""project"",""influence"":0.221}]",
REC-E-0491-campaign_strategy,E-0491,campaign_strategy,2026-09-29T00:00:00.000Z,stagnating,knowledge_gap,0.38,0.379,ACT-0027,coaching: campaign strategy #3,0.71,65,"[{""eventId"":""EV-0073069"",""sourceType"":""manager_feedback"",""influence"":0.395},{""eventId"":""EV-0073087"",""sourceType"":""kpi"",""influence"":0.324},{""eventId"":""EV-0073098"",""sourceType"":""kpi"",""influence"":0.199}]",
REC-E-0492-communication,E-0492,communication,2026-09-29T00:00:00.000Z,insufficient_evidence,observation_gap,0.59,0.283,ACT-0001,stretch assignment: communication #1,0.52,81,"[{""eventId"":""EV-0073225"",""sourceType"":""peer_feedback"",""influence"":1.554},{""eventId"":""EV-0073223"",""sourceType"":""self_assessment"",""influence"":0.951}]",
REC-E-0492-execution,E-0492,execution,2026-09-29T00:00:00.000Z,declining,knowledge_gap,1.28,1.283,ACT-0006,mentor: execution #3,0.72,113,"[{""eventId"":""EV-0073231"",""sourceType"":""self_assessment"",""influence"":0.804},{""eventId"":""EV-0073280"",""sourceType"":""assessment"",""influence"":0.563},{""eventId"":""EV-0073227"",""sourceType"":""kpi"",""influence"":0.385}]",
REC-E-0492-collaboration,E-0492,collaboration,2026-09-29T00:00:00.000Z,stagnating,practice_gap,1.42,0.838,ACT-0007,mentor: collaboration #1,0.62,170,"[{""eventId"":""EV-0073237"",""sourceType"":""manager_feedback"",""influence"":0.848},{""eventId"":""EV-0073273"",""sourceType"":""manager_feedback"",""influence"":0.442},{""eventId"":""EV-0073232"",""sourceType"":""self_assessment"",""influence"":0.275}]",
REC-E-0492-problem_solving,E-0492,problem_solving,2026-09-29T00:00:00.000Z,declining,practice_gap,0.57,0.575,ACT-0010,stretch assignment: problem solving #1,0.75,103,"[{""eventId"":""EV-0073387"",""sourceType"":""project"",""influence"":2.03},{""eventId"":""EV-0073284"",""sourceType"":""assessment"",""influence"":0.646},{""eventId"":""EV-0073275"",""sourceType"":""manager_feedback"",""influence"":0.321}]",
REC-E-0492-roadmap_prioritization,E-0492,roadmap_prioritization,2026-09-29T00:00:00.000Z,declining,practice_gap,1.27,2.283,ACT-0032,stretch assignment: roadmap prioritization #2,0.77,54,"[{""eventId"":""EV-0073234"",""sourceType"":""self_assessment"",""influence"":0.856},{""eventId"":""EV-0073247"",""sourceType"":""assessment"",""influence"":0.745},{""eventId"":""EV-0073322"",""sourceType"":""assessment"",""influence"":0.601}]",
REC-E-0493-communication,E-0493,communication,2026-09-29T00:00:00.000Z,stagnating,practice_gap,0.64,0.362,ACT-0001,stretch assignment: communication #1,0.52,81,"[{""eventId"":""EV-0073403"",""sourceType"":""peer_feedback"",""influence"":0.339},{""eventId"":""EV-0073529"",""sourceType"":""project"",""influence"":0.166},{""eventId"":""EV-0073409"",""sourceType"":""assessment"",""influence"":0.118}]",
REC-E-0493-execution,E-0493,execution,2026-09-29T00:00:00.000Z,declining,practice_gap,0.74,0.737,ACT-0006,mentor: execution #3,0.72,113,"[{""eventId"":""EV-0073406"",""sourceType"":""peer_feedback"",""influence"":1.072},{""eventId"":""EV-0073399"",""sourceType"":""kpi"",""influence"":0.496},{""eventId"":""EV-0073439"",""sourceType"":""manager_feedback"",""influence"":0.444}]",
REC-E-0493-collaboration,E-0493,collaboration,2026-09-29T00:00:00.000Z,stagnating,knowledge_gap,0.91,0.507,ACT-0007,mentor: collaboration #1,0.62,170,"[{""eventId"":""EV-0073456"",""sourceType"":""manager_feedback"",""influence"":0.642},{""eventId"":""EV-0073445"",""sourceType"":""assessment"",""influence"":0.516},{""eventId"":""EV-0073407"",""sourceType"":""peer_feedback"",""influence"":0.349}]",
REC-E-0493-ux_research,E-0493,ux_research,2026-09-29T00:00:00.000Z,insufficient_evidence,observation_gap,0.59,0.498,ACT-0041,stretch assignment: ux research #2,0.78,110,"[{""eventId"":""EV-0073397"",""sourceType"":""peer_feedback"",""influence"":1.365},{""eventId"":""EV-0073395"",""sourceType"":""self_assessment"",""influence"":0.908}]",
REC-E-0495-talent_assessment,E-0495,talent_assessment,2026-09-29T00:00:00.000Z,stagnating,practice_gap,1.46,1.663,ACT-0051,community: talent assessment #3,0.29,119,"[{""eventId"":""EV-0073715"",""sourceType"":""peer_feedback"",""influence"":0.788},{""eventId"":""EV-0073835"",""sourceType"":""training"",""influence"":0.418},{""eventId"":""EV-0073781"",""sourceType"":""assessment"",""influence"":0.322}]",
REC-E-0495-policy_navigation,E-0495,policy_navigation,2026-09-29T00:00:00.000Z,insufficient_evidence,observation_gap,0.37,0.475,ACT-0052,mentor: policy navigation #1,0.56,119,"[{""eventId"":""EV-0073727"",""sourceType"":""self_assessment"",""influence"":0.488},{""eventId"":""EV-0073691"",""sourceType"":""self_assessment"",""influence"":0.251},{""eventId"":""EV-0073747"",""sourceType"":""assessment"",""influence"":0.157}]",
REC-E-0496-communication,E-0496,communication,2026-09-29T00:00:00.000Z,insufficient_evidence,observation_gap,-0.04,0,ACT-0001,stretch assignment: communication #1,0.52,81,"[{""eventId"":""EV-0073853"",""sourceType"":""peer_feedback"",""influence"":1.022},{""eventId"":""EV-0073991"",""sourceType"":""project"",""influence"":0.307},{""eventId"":""EV-0073889"",""sourceType"":""self_assessment"",""influence"":0.305}]",
REC-E-0496-execution,E-0496,execution,2026-09-29T00:00:00.000Z,stagnating,practice_gap,0.69,0.37,ACT-0006,mentor: execution #3,0.72,113,"[{""eventId"":""EV-0073961"",""sourceType"":""assessment"",""influence"":0.524},{""eventId"":""EV-0073914"",""sourceType"":""kpi"",""influence"":0.328},{""eventId"":""EV-0073885"",""sourceType"":""kpi"",""influence"":0.32}]",
REC-E-0496-collaboration,E-0496,collaboration,2026-09-29T00:00:00.000Z,stagnating,knowledge_gap,0.77,0.286,ACT-0007,mentor: collaboration #1,0.62,170,"[{""eventId"":""EV-0073906"",""sourceType"":""assessment"",""influence"":1.495},{""eventId"":""EV-0073848"",""sourceType"":""self_assessment"",""influence"":0.863},{""eventId"":""EV-0073860"",""sourceType"":""assessment"",""influence"":0.612}]",
REC-E-0496-problem_solving,E-0496,problem_solving,2026-09-29T00:00:00.000Z,stagnating,practice_gap,2.2,0.665,ACT-0010,stretch assignment: problem solving #1,0.75,103,"[{""eventId"":""EV-0073965"",""sourceType"":""assessment"",""influence"":0.781},{""eventId"":""EV-0073933"",""sourceType"":""peer_feedback"",""influence"":0.573},{""eventId"":""EV-0073981"",""sourceType"":""training"",""influence"":0.566}]",
REC-E-0496-troubleshooting,E-0496,troubleshooting,2026-09-29T00:00:00.000Z,improving,consistency_gap,0.53,0,ACT-0060,stretch assignment: troubleshooting #3,0.62,45,"[{""eventId"":""EV-0073854"",""sourceType"":""peer_feedback"",""influence"":1.054},{""eventId"":""EV-0073912"",""sourceType"":""assessment"",""influence"":0.916},{""eventId"":""EV-0073897"",""sourceType"":""peer_feedback"",""influence"":0.349}]",
REC-E-0497-collaboration,E-0497,collaboration,2026-09-29T00:00:00.000Z,stagnating,practice_gap,0.76,0.477,ACT-0007,mentor: collaboration #1,0.62,170,"[{""eventId"":""EV-0074114"",""sourceType"":""assessment"",""influence"":0.783},{""eventId"":""EV-0074002"",""sourceType"":""self_assessment"",""influence"":0.782},{""eventId"":""EV-0074015"",""sourceType"":""assessment"",""influence"":0.6}]",
REC-E-0497-system_design,E-0497,system_design,2026-09-29T00:00:00.000Z,insufficient_evidence,observation_gap,1.24,1.693,ACT-0014,coaching: system design #2,0.59,90,"[{""eventId"":""EV-0073998"",""sourceType"":""kpi"",""influence"":0.771},{""eventId"":""EV-0074083"",""sourceType"":""assessment"",""influence"":0.326},{""eventId"":""EV-0074004"",""sourceType"":""self_assessment"",""influence"":0.263}]",
REC-E-0498-communication,E-0498,communication,2026-09-29T00:00:00.000Z,stagnating,knowledge_gap,0.87,0.527,ACT-0001,stretch assignment: communication #1,0.52,81,"[{""eventId"":""EV-0074156"",""sourceType"":""manager_feedback"",""influence"":0.393},{""eventId"":""EV-0074263"",""sourceType"":""assessment"",""influence"":0.377},{""eventId"":""EV-0074210"",""sourceType"":""self_assessment"",""influence"":0.344}]",
REC-E-0498-collaboration,E-0498,collaboration,2026-09-29T00:00:00.000Z,insufficient_evidence,observation_gap,0.48,0.3,ACT-0009,stretch assignment: collaboration #3,0.37,140,"[{""eventId"":""EV-0074159"",""sourceType"":""peer_feedback"",""influence"":0.333},{""eventId"":""EV-0074169"",""sourceType"":""assessment"",""influence"":0.163},{""eventId"":""EV-0074293"",""sourceType"":""project"",""influence"":0.093}]",
REC-E-0498-problem_solving,E-0498,problem_solving,2026-09-29T00:00:00.000Z,stagnating,practice_gap,1.18,0.703,ACT-0010,stretch assignment: problem solving #1,0.75,103,"[{""eventId"":""EV-0074198"",""sourceType"":""peer_feedback"",""influence"":0.609},{""eventId"":""EV-0074216"",""sourceType"":""manager_feedback"",""influence"":0.487},{""eventId"":""EV-0074157"",""sourceType"":""manager_feedback"",""influence"":0.38}]",
REC-E-0498-negotiation,E-0498,negotiation,2026-09-29T00:00:00.000Z,declining,consistency_gap,0.32,0.57,ACT-0021,coaching: negotiation #3,0.27,87,"[{""eventId"":""EV-0074155"",""sourceType"":""manager_feedback"",""influence"":1.958},{""eventId"":""EV-0074197"",""sourceType"":""peer_feedback"",""influence"":0.201},{""eventId"":""EV-0074269"",""sourceType"":""assessment"",""influence"":0.183}]",
REC-E-0498-pipeline_mgmt,E-0498,pipeline_mgmt,2026-09-29T00:00:00.000Z,stagnating,practice_gap,0.37,0.302,ACT-0022,stretch assignment: pipeline mgmt #1,0.75,154,"[{""eventId"":""EV-0074173"",""sourceType"":""assessment"",""influence"":0.371},{""eventId"":""EV-0074160"",""sourceType"":""peer_feedback"",""influence"":0.357},{""eventId"":""EV-0074284"",""sourceType"":""project"",""influence"":0.218}]",
REC-E-0499-collaboration,E-0499,collaboration,2026-09-29T00:00:00.000Z,insufficient_evidence,observation_gap,0.15,0.099,ACT-0009,stretch assignment: collaboration #3,0.37,140,"[{""eventId"":""EV-0074379"",""sourceType"":""manager_feedback"",""influence"":0.431},{""eventId"":""EV-0074306"",""sourceType"":""manager_feedback"",""influence"":0.41},{""eventId"":""EV-0074317"",""sourceType"":""assessment"",""influence"":0.408}]",